violation type: Min Step
	srcs: net:net100100
	bbox = (2021.2800, 671.6360) - (2021.3080, 671.7160) on Layer M8
violation type: Min Step
	srcs: net:mod_1/_02993_
	bbox = (603.1680, 1268.5160) - (603.1960, 1268.5960) on Layer M8
violation type: Min Step
	srcs: net:mod_1/_02993_
	bbox = (611.9360, 1268.3560) - (611.9640, 1268.5160) on Layer M8
violation type: Min Step
	srcs: net:net22139
	bbox = (642.8480, 1436.2760) - (642.8760, 1436.4360) on Layer M8
violation type: Min Step
	srcs: net:net132617
	bbox = (664.7360, 1285.7160) - (664.7640, 1285.7960) on Layer M8
violation type: Min Step
	srcs: net:net108844
	bbox = (681.3120, 1397.9560) - (681.3400, 1398.1160) on Layer M8
violation type: Min Step
	srcs: net:net92792
	bbox = (1293.2160, 2425.1560) - (1293.2440, 2425.3160) on Layer M8
violation type: Min Step
	srcs: net:net137832
	bbox = (1291.6800, 2485.7160) - (1291.7080, 2485.8760) on Layer M8
violation type: Min Step
	srcs: net:net135350
	bbox = (1307.4240, 2525.7160) - (1307.4520, 2525.8760) on Layer M8
violation type: Min Step
	srcs: net:net28808
	bbox = (1360.9280, 2696.6760) - (1360.9560, 2696.8360) on Layer M8
violation type: Min Step
	srcs: net:net93696
	bbox = (1456.5160, 2622.4360) - (1456.5160, 2622.5160) on Layer M8
violation type: Min Step
	srcs: net:net93696
	bbox = (1456.9280, 2622.5160) - (1456.9560, 2622.5960) on Layer M8
violation type: Min Step
	srcs: net:clknet_10_412_0_clock
	bbox = (1464.6120, 2507.7160) - (1464.6400, 2507.8760) on Layer M8
violation type: Min Step
	srcs: net:net52725
	bbox = (1525.2800, 2485.3160) - (1525.3080, 2485.4760) on Layer M8
violation type: Min Step
	srcs: net:net91131
	bbox = (1573.0240, 2555.7960) - (1573.0520, 2555.9560) on Layer M8
violation type: Min Step
	srcs: net:spad/writer/_11045_
	bbox = (1767.6480, 3001.9560) - (1767.6760, 3002.1160) on Layer M8
violation type: Min Step
	srcs: net:net44018
	bbox = (437.6000, 1687.1560) - (437.6280, 1687.3160) on Layer M8
violation type: Min Step
	srcs: net:net81265
	bbox = (587.3160, 1234.3560) - (587.3160, 1234.4360) on Layer M8
violation type: Min Step
	srcs: net:net60017
	bbox = (687.2000, 1508.1160) - (687.2280, 1508.2760) on Layer M8
violation type: Min Step
	srcs: net:spad/_acc_mems_0_io_adder_op1_7_0\[24\]
	bbox = (1283.6160, 2450.9160) - (1283.6440, 2451.0760) on Layer M8
violation type: Min Step
	srcs: net:spad/_acc_mems_0_io_adder_op1_5_0\[6\]
	bbox = (1291.8080, 2482.1160) - (1291.8360, 2482.2760) on Layer M8
violation type: Min Step
	srcs: net:net101776
	bbox = (1300.9600, 2490.9960) - (1300.9880, 2491.1560) on Layer M8
violation type: Min Step
	srcs: net:spad/_acc_mems_0_io_adder_op1_11_0\[31\]
	bbox = (1300.9600, 2656.9960) - (1300.9880, 2657.1560) on Layer M8
violation type: Min Step
	srcs: net:net93285
	bbox = (1346.0800, 2625.8760) - (1346.1080, 2626.0360) on Layer M8
violation type: Min Step
	srcs: net:net77345
	bbox = (1359.7760, 2625.9560) - (1359.8040, 2626.1160) on Layer M8
violation type: Min Step
	srcs: net:net93785
	bbox = (1360.5440, 2627.9560) - (1360.5720, 2628.1160) on Layer M8
violation type: Min Step
	srcs: net:net93735
	bbox = (1365.9840, 2514.7560) - (1366.0120, 2514.9160) on Layer M8
violation type: Min Step
	srcs: net:net8569
	bbox = (1367.7760, 2639.2360) - (1367.8040, 2639.3960) on Layer M8
violation type: Min Step
	srcs: net:net94100
	bbox = (1365.9840, 2639.5560) - (1366.0120, 2639.7160) on Layer M8
violation type: Min Step
	srcs: net:spad/_11723_
	bbox = (1376.8000, 2717.6360) - (1376.8280, 2717.7960) on Layer M8
violation type: Min Step
	srcs: net:net101614
	bbox = (1398.9440, 2492.0360) - (1398.9720, 2492.1960) on Layer M8
violation type: Min Step
	srcs: net:net94024
	bbox = (1420.2560, 2671.5560) - (1420.2840, 2671.7160) on Layer M8
violation type: Min Step
	srcs: net:net91541
	bbox = (1519.0720, 2483.7960) - (1519.1000, 2483.9560) on Layer M8
violation type: Min Step
	srcs: net:net108256
	bbox = (1532.7560, 2634.9160) - (1532.7560, 2634.9960) on Layer M8
violation type: Min Step
	srcs: net:net134656
	bbox = (1549.4080, 2529.5560) - (1549.4360, 2529.7160) on Layer M8
violation type: Min Step
	srcs: net:net134698
	bbox = (1573.1520, 2536.5160) - (1573.1800, 2536.6760) on Layer M8
violation type: Min Step
	srcs: net:net43312
	bbox = (1767.6480, 3002.6760) - (1767.6760, 3002.8360) on Layer M8
violation type: Min Step
	srcs: net:ex_controller/mesh/mesh/mesh_5_1/tile_0_0/_0607_
	bbox = (2137.5040, 948.7560) - (2137.5320, 948.9160) on Layer M8
violation type: Min Step
	srcs: net:net23789
	bbox = (382.8800, 1701.7160) - (382.9080, 1701.8760) on Layer M8
violation type: Min Step
	srcs: net:net49387
	bbox = (447.2000, 1813.8760) - (447.2000, 1813.9560) on Layer M8
violation type: Min Step
	srcs: net:net49387
	bbox = (448.8640, 1813.9560) - (448.8920, 1814.1160) on Layer M8
violation type: Min Step
	srcs: net:net49387
	bbox = (447.0400, 1814.0360) - (447.0400, 1814.1160) on Layer M8
violation type: Min Step
	srcs: net:net117186
	bbox = (1304.8000, 2410.2760) - (1304.8280, 2410.4360) on Layer M8
violation type: Min Step
	srcs: net:net91920
	bbox = (1327.0240, 2432.1160) - (1327.0240, 2432.1960) on Layer M8
violation type: Min Step
	srcs: net:net8569
	bbox = (1365.7400, 2639.1560) - (1365.7400, 2639.2360) on Layer M8
violation type: Min Step
	srcs: net:net139069
	bbox = (1388.1280, 2432.3560) - (1388.1560, 2432.5160) on Layer M8
violation type: Min Step
	srcs: net:net94113
	bbox = (1437.4000, 2447.1560) - (1437.4000, 2447.2360) on Layer M8
violation type: Min Step
	srcs: net:net94113
	bbox = (1437.5600, 2447.3160) - (1437.5600, 2447.3960) on Layer M8
violation type: Min Step
	srcs: net:net91920
	bbox = (1501.8200, 2431.8760) - (1501.8840, 2432.0360) on Layer M8
violation type: Min Step
	srcs: net:net101918
	bbox = (1508.7040, 2608.5960) - (1508.7320, 2608.7560) on Layer M8
violation type: Min Step
	srcs: net:net52725
	bbox = (1520.9960, 2485.2360) - (1520.9960, 2485.3160) on Layer M8
violation type: Min Step
	srcs: net:net52725
	bbox = (1520.8360, 2485.3960) - (1520.8360, 2485.4760) on Layer M8
violation type: Min Step
	srcs: net:spad/_acc_mems_1_io_adder_op1_5_0\[24\]
	bbox = (1553.7600, 2447.4760) - (1553.7880, 2447.6360) on Layer M8
violation type: Min Step
	srcs: net:net108401
	bbox = (1559.5840, 2418.1960) - (1559.6120, 2418.3560) on Layer M8
violation type: Min Step
	srcs: net:spad/writer/_11045_
	bbox = (1766.4200, 3001.8760) - (1766.4200, 3001.9560) on Layer M8
violation type: Min Step
	srcs: net:spad/writer/_11045_
	bbox = (1766.2600, 3002.0360) - (1766.2600, 3002.1160) on Layer M8
violation type: Min Step
	srcs: net:net112958
	bbox = (1779.9360, 1694.1960) - (1779.9640, 1694.3560) on Layer M8
violation type: Min Step
	srcs: net:net24045
	bbox = (488.7800, 1400.0360) - (488.8280, 1400.1960) on Layer M8
violation type: Min Step
	srcs: net:net10746
	bbox = (593.2480, 1379.4760) - (593.2760, 1379.6360) on Layer M8
violation type: Min Step
	srcs: net:net98997
	bbox = (909.5360, 2649.4760) - (909.5640, 2649.6360) on Layer M8
violation type: Min Step
	srcs: net:net59894
	bbox = (976.4800, 1429.8760) - (976.5080, 1429.9560) on Layer M8
violation type: Min Step
	srcs: net:net34136
	bbox = (1212.3840, 2673.0760) - (1212.4120, 2673.2360) on Layer M8
violation type: Min Step
	srcs: net:net134833
	bbox = (1433.7800, 2496.1960) - (1433.7880, 2496.2760) on Layer M8
violation type: Min Step
	srcs: net:net134833
	bbox = (1437.4000, 2496.1960) - (1437.4000, 2496.2760) on Layer M8
violation type: Min Step
	srcs: net:net134833
	bbox = (1441.2360, 2496.1960) - (1441.2360, 2496.2760) on Layer M8
violation type: Min Step
	srcs: net:net52813
	bbox = (1483.4240, 2587.7160) - (1483.4520, 2587.8760) on Layer M8
violation type: Min Step
	srcs: net:net24092
	bbox = (441.9560, 1694.9160) - (442.0360, 1694.9160) on Layer M9
violation type: Min Step
	srcs: net:net24092
	bbox = (447.4560, 1694.9160) - (447.4840, 1695.0760) on Layer M8
violation type: Min Step
	srcs: net:net23834
	bbox = (680.2880, 1400.1160) - (680.3160, 1400.2760) on Layer M8
violation type: Min Step
	srcs: net:spad/_04568_
	bbox = (1120.6080, 2345.2360) - (1120.6360, 2345.3160) on Layer M8
violation type: Min Step
	srcs: net:spad/_acc_mems_0_io_adder_op1_2_0\[16\]
	bbox = (1211.2320, 2427.5560) - (1211.2600, 2427.7160) on Layer M8
violation type: Min Step
	srcs: net:spad/_acc_mems_0_io_adder_op1_8_0\[11\]
	bbox = (1258.5280, 2663.3160) - (1258.5560, 2663.4760) on Layer M8
violation type: Min Step
	srcs: net:net134517
	bbox = (1266.0160, 2426.9160) - (1266.0440, 2427.0760) on Layer M8
violation type: Min Step
	srcs: net:spad/_acc_mems_0_io_adder_op1_5_0\[10\]
	bbox = (1295.5840, 2482.6760) - (1295.6120, 2482.8360) on Layer M8
violation type: Min Step
	srcs: net:net74321
	bbox = (1309.0240, 1406.5160) - (1309.0520, 1406.6760) on Layer M8
violation type: Min Step
	srcs: net:net51382
	bbox = (1325.3440, 2464.6760) - (1325.3720, 2464.8360) on Layer M8
violation type: Min Step
	srcs: net:net51382
	bbox = (1325.3440, 2481.5560) - (1325.3720, 2481.7160) on Layer M8
violation type: Min Step
	srcs: net:spad/_acc_mems_0_io_adder_op1_7_0\[10\]
	bbox = (1341.7960, 2496.6760) - (1341.8760, 2496.6760) on Layer M9
violation type: Min Step
	srcs: net:net93212
	bbox = (1345.8240, 2595.8760) - (1345.8520, 2596.0360) on Layer M8
violation type: Min Step
	srcs: net:net134889
	bbox = (1379.3160, 2482.1160) - (1379.3960, 2482.1160) on Layer M9
violation type: Min Step
	srcs: net:net134889
	bbox = (1379.4760, 2482.2760) - (1379.5560, 2482.2760) on Layer M9
violation type: Min Step
	srcs: net:net134889
	bbox = (1379.3960, 2482.6760) - (1379.4760, 2482.6760) on Layer M9
violation type: Min Step
	srcs: net:net134889
	bbox = (1379.2360, 2482.5160) - (1379.3160, 2482.5160) on Layer M9
violation type: Min Step
	srcs: net:net91199
	bbox = (1443.8800, 2444.6760) - (1443.8800, 2444.7560) on Layer M8
violation type: Min Step
	srcs: net:net91199
	bbox = (1444.0400, 2444.6760) - (1444.2200, 2444.9160) on Layer M8
violation type: Min Step
	srcs: net:net134881
	bbox = (1447.3280, 2443.4760) - (1447.3560, 2443.6360) on Layer M8
violation type: Min Step
	srcs: net:net91185
	bbox = (1522.9760, 2495.9560) - (1523.0040, 2496.1160) on Layer M8
violation type: Min Step
	srcs: net:net91791
	bbox = (1537.3760, 2540.8360) - (1537.4040, 2540.9960) on Layer M8
violation type: Min Step
	srcs: net:net92187
	bbox = (1544.0960, 2489.6360) - (1544.1240, 2489.7960) on Layer M8
violation type: Min Step
	srcs: net:spad/_acc_mems_1_io_adder_op1_2_0\[18\]
	bbox = (1591.0080, 2427.1560) - (1591.0360, 2427.3160) on Layer M8
violation type: Min Step
	srcs: net:ex_controller/mesh/mesh/mesh_11_4/tile_0_0/_0399_
	bbox = (1967.3280, 1784.4360) - (1967.3560, 1784.5160) on Layer M8
violation type: Min Step
	srcs: net:net19142
	bbox = (2034.2080, 984.5960) - (2034.2360, 984.7560) on Layer M8
violation type: Min Step
	srcs: net:net96951
	bbox = (2103.3920, 1877.1560) - (2103.4200, 1877.3160) on Layer M8
violation type: Min Step
	srcs: net:net23900
	bbox = (439.7120, 1692.9160) - (439.7400, 1693.0760) on Layer M8
violation type: Min Step
	srcs: net:net36389
	bbox = (454.1760, 1788.5960) - (454.2040, 1788.7560) on Layer M8
violation type: Min Step
	srcs: net:net30169
	bbox = (651.4240, 1691.2360) - (651.4520, 1691.3960) on Layer M8
violation type: Min Step
	srcs: net:net59439
	bbox = (827.6160, 1691.9560) - (827.6440, 1692.1160) on Layer M8
violation type: Min Step
	srcs: net:net93655
	bbox = (1203.3280, 2629.7960) - (1203.3280, 2629.8760) on Layer M8
violation type: Min Step
	srcs: net:net93886
	bbox = (1300.4360, 2629.7960) - (1300.4360, 2629.8760) on Layer M8
violation type: Min Step
	srcs: net:net93886
	bbox = (1300.5960, 2629.6360) - (1300.5960, 2629.7160) on Layer M8
violation type: Min Step
	srcs: net:net93886
	bbox = (1332.6400, 2630.7560) - (1332.6680, 2630.9160) on Layer M8
violation type: Min Step
	srcs: net:net93792
	bbox = (1356.8320, 2524.2760) - (1356.8600, 2524.4360) on Layer M8
violation type: Min Step
	srcs: net:net93157
	bbox = (1379.4880, 2493.1560) - (1379.5160, 2493.3160) on Layer M8
violation type: Min Step
	srcs: net:net93725
	bbox = (1379.2960, 2637.9560) - (1379.3240, 2638.1160) on Layer M8
violation type: Min Step
	srcs: net:net20926
	bbox = (1394.3360, 2659.3960) - (1394.3640, 2659.5560) on Layer M8
violation type: Min Step
	srcs: net:net111658
	bbox = (1398.5000, 1411.8760) - (1398.5200, 1411.9560) on Layer M8
violation type: Min Step
	srcs: net:net119493
	bbox = (1415.5840, 2516.3560) - (1415.6120, 2516.5160) on Layer M8
violation type: Min Step
	srcs: net:net135026
	bbox = (1459.1680, 2545.9560) - (1459.1960, 2546.1160) on Layer M8
violation type: Min Step
	srcs: net:net134813
	bbox = (1468.0640, 2507.2360) - (1468.0920, 2507.3960) on Layer M8
violation type: Min Step
	srcs: net:net135132
	bbox = (1496.9960, 2539.3960) - (1496.9960, 2539.4760) on Layer M8
violation type: Min Step
	srcs: net:net134717
	bbox = (1496.8640, 2539.7160) - (1496.8920, 2539.8760) on Layer M8
violation type: Min Step
	srcs: net:net135132
	bbox = (1496.9960, 2539.5560) - (1497.0760, 2539.5560) on Layer M9
violation type: Min Step
	srcs: net:net135132
	bbox = (1496.8360, 2539.3960) - (1496.9160, 2539.3960) on Layer M9
violation type: Min Step
	srcs: net:net93684
	bbox = (1513.1200, 2653.1560) - (1513.1480, 2653.3160) on Layer M8
violation type: Min Step
	srcs: net:spad/_acc_mems_1_io_adder_op1_7_0\[24\]
	bbox = (1553.2480, 2449.5560) - (1553.2760, 2449.7160) on Layer M8
violation type: Min Step
	srcs: net:net92098
	bbox = (1613.7960, 2665.7960) - (1613.7960, 2665.8760) on Layer M8
violation type: Min Step
	srcs: net:net23917
	bbox = (421.7920, 1704.0360) - (421.8200, 1704.1960) on Layer M8
violation type: Min Step
	srcs: net:net24092
	bbox = (442.0360, 1693.6360) - (442.1800, 1693.6360) on Layer M9
violation type: Min Step
	srcs: net:net24092
	bbox = (442.1160, 1695.0760) - (442.1960, 1695.0760) on Layer M9
violation type: Min Step
	srcs: net:net39153
	bbox = (489.1840, 1808.7560) - (489.2120, 1808.9160) on Layer M8
violation type: Min Step
	srcs: net:net127327
	bbox = (571.7440, 1406.6760) - (571.7720, 1406.8360) on Layer M8
violation type: Min Step
	srcs: net:mod/ld_weights/_036681_
	bbox = (1205.9840, 1445.3160) - (1206.0120, 1445.4760) on Layer M8
violation type: Min Step
	srcs: net:net74321
	bbox = (1307.9600, 1406.6760) - (1307.9600, 1406.7560) on Layer M8
violation type: Min Step
	srcs: net:net117174
	bbox = (1304.1800, 2412.5960) - (1304.1800, 2412.6760) on Layer M8
violation type: Min Step
	srcs: net:net117174
	bbox = (1304.0200, 2412.7560) - (1304.0200, 2412.8360) on Layer M8
violation type: Min Step
	srcs: net:net93974
	bbox = (1315.0400, 2633.2360) - (1315.0680, 2633.3160) on Layer M8
violation type: Min Step
	srcs: net:net134889
	bbox = (1380.4480, 2482.5160) - (1380.4760, 2482.6760) on Layer M8
violation type: Min Step
	srcs: net:net134709
	bbox = (1410.9800, 2503.2360) - (1410.9800, 2503.3160) on Layer M8
violation type: Min Step
	srcs: net:net93766
	bbox = (1411.1040, 2632.8360) - (1411.1320, 2632.9960) on Layer M8
violation type: Min Step
	srcs: net:net119446
	bbox = (1421.0880, 2638.9960) - (1421.1160, 2639.1560) on Layer M8
violation type: Min Step
	srcs: net:net134705
	bbox = (1425.2360, 2510.5960) - (1425.2360, 2510.6760) on Layer M8
violation type: Min Step
	srcs: net:net134705
	bbox = (1432.7360, 2510.4360) - (1432.7640, 2510.5960) on Layer M8
violation type: Min Step
	srcs: net:net93847
	bbox = (1487.2640, 2631.5560) - (1487.2920, 2631.7160) on Layer M8
violation type: Min Step
	srcs: net:net8402
	bbox = (1496.4840, 2430.4360) - (1496.5120, 2430.5960) on Layer M8
violation type: Min Step
	srcs: net:spad/_acc_mems_1_io_adder_op1_5_0\[21\]
	bbox = (1555.6160, 2487.0760) - (1555.6440, 2487.2360) on Layer M8
violation type: Min Step
	srcs: net:net134673
	bbox = (1562.1440, 2513.3960) - (1562.1720, 2513.5560) on Layer M8
violation type: Min Step
	srcs: net:net136145
	bbox = (1579.3600, 2526.6760) - (1579.3880, 2526.8360) on Layer M8
violation type: Min Step
	srcs: net:net135307
	bbox = (1638.9440, 2668.9160) - (1638.9720, 2669.0760) on Layer M8
violation type: Min Step
	srcs: net:net18069
	bbox = (1663.0720, 1702.2760) - (1663.1000, 1702.4360) on Layer M8
violation type: Min Step
	srcs: net:net135391
	bbox = (1676.9600, 2664.6760) - (1676.9880, 2664.8360) on Layer M8
violation type: Min Step
	srcs: net:reservation_station/_30981_
	bbox = (467.2320, 1698.8360) - (467.2600, 1698.9960) on Layer M8
violation type: Min Step
	srcs: net:net108942
	bbox = (570.7840, 1405.7960) - (570.8120, 1405.9560) on Layer M8
violation type: Min Step
	srcs: net:net28081
	bbox = (928.3520, 2794.8360) - (928.3800, 2794.9960) on Layer M8
violation type: Min Step
	srcs: net:mod/ld_weights/_024592_
	bbox = (972.8960, 1448.3560) - (972.9240, 1448.5160) on Layer M8
violation type: Min Step
	srcs: net:mod/ld_weights/_026720_
	bbox = (979.0760, 1449.1560) - (979.1560, 1449.2360) on Layer M8
violation type: Min Step
	srcs: net:net59236
	bbox = (1094.2400, 1691.4760) - (1094.2680, 1691.6360) on Layer M8
violation type: Min Step
	srcs: net:clknet_2_1_4_clock
	bbox = (1194.2920, 2630.0360) - (1194.2920, 2630.1160) on Layer M8
violation type: Min Step
	srcs: net:net134985
	bbox = (1267.9360, 2424.1160) - (1267.9640, 2424.2760) on Layer M8
violation type: Min Step
	srcs: net:net14737
	bbox = (1281.3160, 2425.7960) - (1281.3440, 2425.8760) on Layer M8
violation type: Min Step
	srcs: net:net28219
	bbox = (1304.2240, 2426.3560) - (1304.2520, 2426.5160) on Layer M8
violation type: Min Step
	srcs: net:net93886
	bbox = (1304.2240, 2629.7160) - (1304.2520, 2629.8760) on Layer M8
violation type: Min Step
	srcs: net:net93797
	bbox = (1306.4640, 2638.2760) - (1306.4920, 2638.4360) on Layer M8
violation type: Min Step
	srcs: net:net93021
	bbox = (1321.5040, 2630.7560) - (1321.5320, 2630.9160) on Layer M8
violation type: Min Step
	srcs: net:net93021
	bbox = (1319.3000, 2630.2760) - (1319.3960, 2630.3560) on Layer M9
violation type: Min Step
	srcs: net:net93021
	bbox = (1319.1560, 2630.4360) - (1319.2360, 2630.5160) on Layer M9
violation type: Min Step
	srcs: net:net93145
	bbox = (1326.8160, 2440.1960) - (1326.8440, 2440.3560) on Layer M8
violation type: Min Step
	srcs: net:net93886
	bbox = (1330.1960, 2630.7560) - (1330.2760, 2630.8000) on Layer M8
violation type: Min Step
	srcs: net:net93886
	bbox = (1330.0360, 2630.9160) - (1330.0360, 2630.9600) on Layer M8
violation type: Min Step
	srcs: net:net101991
	bbox = (1336.1600, 2529.5560) - (1336.1880, 2529.7160) on Layer M8
violation type: Min Step
	srcs: net:spad/acc_adders/m_6/_144_
	bbox = (1336.6080, 2598.6760) - (1336.6360, 2598.8360) on Layer M8
violation type: Min Step
	srcs: net:net139281
	bbox = (1344.2880, 2462.2760) - (1344.3160, 2462.4360) on Layer M8
violation type: Min Step
	srcs: net:net139281
	bbox = (1341.9560, 2462.2760) - (1342.0360, 2462.2760) on Layer M9
violation type: Min Step
	srcs: net:net119668
	bbox = (1349.5360, 2430.7560) - (1349.5640, 2430.9160) on Layer M8
violation type: Min Step
	srcs: net:net93810
	bbox = (1391.0720, 2652.5160) - (1391.1000, 2652.6760) on Layer M8
violation type: Min Step
	srcs: net:net134816
	bbox = (1395.9360, 2432.3560) - (1395.9640, 2432.5160) on Layer M8
violation type: Min Step
	srcs: net:mod/_25649_
	bbox = (1413.5360, 610.9960) - (1413.5640, 611.1560) on Layer M8
violation type: Min Step
	srcs: net:net102003
	bbox = (1420.3840, 2477.3960) - (1420.4120, 2477.5560) on Layer M8
violation type: Min Step
	srcs: net:net93640
	bbox = (1421.1520, 2514.9960) - (1421.1800, 2515.1560) on Layer M8
violation type: Min Step
	srcs: net:net94153
	bbox = (1417.6320, 2672.2760) - (1417.6600, 2672.4360) on Layer M8
violation type: Min Step
	srcs: net:net71823
	bbox = (1428.5120, 617.7960) - (1428.5400, 617.9560) on Layer M8
violation type: Min Step
	srcs: net:net134816
	bbox = (1428.5120, 2432.2760) - (1428.5400, 2432.4360) on Layer M8
violation type: Min Step
	srcs: net:net94113
	bbox = (1440.0320, 2447.1560) - (1440.0600, 2447.3160) on Layer M8
violation type: Min Step
	srcs: net:net91929
	bbox = (1440.2240, 2493.1560) - (1440.2520, 2493.3160) on Layer M8
violation type: Min Step
	srcs: net:net135463
	bbox = (1466.4000, 2660.7560) - (1466.4280, 2660.9160) on Layer M8
violation type: Min Step
	srcs: net:net135471
	bbox = (1486.8800, 2440.1960) - (1486.9080, 2440.3560) on Layer M8
violation type: Min Step
	srcs: net:net93064
	bbox = (1534.7520, 2432.3560) - (1534.7800, 2432.5160) on Layer M8
violation type: Min Step
	srcs: net:net94108
	bbox = (1557.4080, 2668.1160) - (1557.4360, 2668.2760) on Layer M8
violation type: Min Step
	srcs: net:net91254
	bbox = (1563.1040, 2554.2760) - (1563.1320, 2554.4360) on Layer M8
violation type: Min Step
	srcs: net:net92098
	bbox = (1614.0480, 2665.6360) - (1614.0760, 2665.8760) on Layer M8
violation type: Min Step
	srcs: net:net135078
	bbox = (1616.9920, 2666.2760) - (1617.0200, 2666.4360) on Layer M8
violation type: Min Step
	srcs: net:net93685
	bbox = (1630.4960, 2666.9960) - (1630.5240, 2667.1560) on Layer M8
violation type: Min Step
	srcs: net:net63610
	bbox = (2229.7960, 684.1000) - (2229.7960, 684.1160) on Layer M8
violation type: Min Step
	srcs: net:spad/acc_scale_unit/activated_data_e_scaled_muladder_10/mulAddRecFNToRaw_postMul/_0733_
	bbox = (2275.3960, 2651.6360) - (2275.5200, 2651.7160) on Layer M8
violation type: Min Step
	srcs: net:ex_controller/mesh/mesh/mesh_6_6/tile_0_0/_0231_
	bbox = (2521.3160, 1623.6360) - (2521.3400, 1623.6360) on Layer M8
violation type: Min Step
	srcs: net:net23969
	bbox = (433.1200, 1693.6360) - (433.1480, 1693.7960) on Layer M8
violation type: Min Step
	srcs: net:net62100
	bbox = (462.5000, 1693.7160) - (462.5280, 1693.8760) on Layer M8
violation type: Min Step
	srcs: net:net62046
	bbox = (499.1040, 1671.1560) - (499.1320, 1671.3160) on Layer M8
violation type: Min Step
	srcs: net:net62267
	bbox = (500.2560, 1816.5960) - (500.2840, 1816.7560) on Layer M8
violation type: Min Step
	srcs: net:net23664
	bbox = (592.0320, 1694.9960) - (592.0600, 1695.1560) on Layer M8
violation type: Min Step
	srcs: net:spad/_01894_
	bbox = (1333.3440, 1406.8360) - (1333.3720, 1406.9960) on Layer M8
violation type: Min Step
	srcs: net:clknet_2_1_4_clock
	bbox = (1376.6760, 2630.1960) - (1376.6760, 2630.2760) on Layer M8
violation type: Min Step
	srcs: net:net135270
	bbox = (1386.6560, 2670.5160) - (1386.6840, 2670.6760) on Layer M8
violation type: Min Step
	srcs: net:net93766
	bbox = (1399.3960, 2634.1960) - (1399.3960, 2634.2760) on Layer M8
violation type: Min Step
	srcs: net:net93766
	bbox = (1399.7160, 2634.1960) - (1399.7160, 2634.2760) on Layer M8
violation type: Min Step
	srcs: net:net135208
	bbox = (1408.5440, 2449.9560) - (1408.5720, 2450.1160) on Layer M8
violation type: Min Step
	srcs: net:net134568
	bbox = (1421.9840, 2548.6760) - (1422.0120, 2548.8360) on Layer M8
violation type: Min Step
	srcs: net:net93150
	bbox = (1421.7920, 2556.5160) - (1421.8200, 2556.6760) on Layer M8
violation type: Min Step
	srcs: net:net91856
	bbox = (1466.2080, 2444.7560) - (1466.2360, 2444.9160) on Layer M8
violation type: Min Step
	srcs: net:net134519
	bbox = (1481.3120, 2420.1960) - (1481.3400, 2420.3560) on Layer M8
violation type: Min Step
	srcs: net:net135634
	bbox = (1496.2760, 2437.1560) - (1496.2760, 2437.2360) on Layer M8
violation type: Min Step
	srcs: net:net135132
	bbox = (1504.6080, 2539.4760) - (1504.6360, 2539.6360) on Layer M8
violation type: Min Step
	srcs: net:net91972
	bbox = (1543.8400, 2655.1560) - (1543.8680, 2655.3160) on Layer M8
violation type: Min Step
	srcs: net:spad/_acc_mems_1_io_adder_op1_8_0\[11\]
	bbox = (1551.0080, 2668.8360) - (1551.0360, 2668.9960) on Layer M8
violation type: Min Step
	srcs: net:net91462
	bbox = (1573.7920, 2647.0760) - (1573.8200, 2647.2360) on Layer M8
violation type: Min Step
	srcs: net:net134606
	bbox = (1580.4520, 2406.9160) - (1580.4800, 2407.0760) on Layer M8
violation type: Min Step
	srcs: net:net52798
	bbox = (1610.5960, 2663.5560) - (1610.6760, 2663.5560) on Layer M8
violation type: Min Step
	srcs: net:net101908
	bbox = (1610.8520, 2663.1560) - (1610.8800, 2663.3160) on Layer M8
violation type: Min Step
	srcs: net:net134618
	bbox = (1746.6560, 2534.9960) - (1746.6840, 2535.1560) on Layer M8
violation type: Min Step
	srcs: net:net130720
	bbox = (2540.8960, 256.9160) - (2540.9240, 256.9960) on Layer M8
violation type: Min Step
	srcs: net:net26855
	bbox = (2543.4560, 1693.3160) - (2543.4840, 1693.4760) on Layer M8
violation type: Min Step
	srcs: net:reservation_station/_30981_
	bbox = (464.4800, 1698.5960) - (464.4800, 1698.6760) on Layer M8
violation type: Min Step
	srcs: net:net21809
	bbox = (476.3880, 1697.0760) - (476.4160, 1697.2360) on Layer M8
violation type: Min Step
	srcs: net:net21809
	bbox = (476.3600, 1696.6760) - (476.4360, 1696.7600) on Layer M9
violation type: Min Step
	srcs: net:net56035
	bbox = (494.4320, 1669.3160) - (494.4600, 1669.4760) on Layer M8
violation type: Min Step
	srcs: net:net39044
	bbox = (490.8480, 1697.9560) - (490.8760, 1698.1160) on Layer M8
violation type: Min Step
	srcs: net:net66203
	bbox = (1090.8480, 1691.7960) - (1090.8760, 1691.9560) on Layer M8
violation type: Min Step
	srcs: net:spad/_acc_mems_0_io_adder_op1_12_0\[11\]
	bbox = (1234.9760, 2674.4360) - (1235.0040, 2674.5160) on Layer M8
violation type: Min Step
	srcs: net:net135633
	bbox = (1316.7680, 2483.3960) - (1316.7960, 2483.5560) on Layer M8
violation type: Min Step
	srcs: net:net101951
	bbox = (1325.7920, 2529.0760) - (1325.8200, 2529.2360) on Layer M8
violation type: Min Step
	srcs: net:net119668
	bbox = (1354.2720, 2430.4360) - (1354.3000, 2430.5960) on Layer M8
violation type: Min Step
	srcs: net:net119668
	bbox = (1352.6200, 2430.9960) - (1352.6760, 2430.9960) on Layer M9
violation type: Min Step
	srcs: net:net119668
	bbox = (1352.7800, 2431.1560) - (1352.8360, 2431.1560) on Layer M9
violation type: Min Step
	srcs: net:spad/acc_mems_1/pipelined_writes_1_bits_mask_54
	bbox = (1363.5520, 2649.1560) - (1363.5800, 2649.3160) on Layer M8
violation type: Min Step
	srcs: net:net134928
	bbox = (1382.8600, 2431.4760) - (1382.8600, 2431.5560) on Layer M8
violation type: Min Step
	srcs: net:net134928
	bbox = (1385.0560, 2431.4760) - (1385.0840, 2431.6360) on Layer M8
violation type: Min Step
	srcs: net:net134928
	bbox = (1383.0200, 2431.6360) - (1383.0200, 2431.7160) on Layer M8
violation type: Min Step
	srcs: net:net134436
	bbox = (1393.3760, 2402.9960) - (1393.4040, 2403.1560) on Layer M8
violation type: Min Step
	srcs: net:net91475
	bbox = (1401.8880, 2530.7560) - (1401.9160, 2530.9160) on Layer M8
violation type: Min Step
	srcs: net:net134820
	bbox = (1408.8640, 2501.2360) - (1408.8920, 2501.3960) on Layer M8
violation type: Min Step
	srcs: net:mod/_00794_
	bbox = (1414.5600, 616.1160) - (1414.5880, 616.2760) on Layer M8
violation type: Min Step
	srcs: net:net102003
	bbox = (1416.8800, 2476.8360) - (1416.8800, 2476.9160) on Layer M8
violation type: Min Step
	srcs: net:net134903
	bbox = (1422.2760, 2477.8760) - (1422.2760, 2477.9560) on Layer M8
violation type: Min Step
	srcs: net:net134903
	bbox = (1423.5840, 2477.9560) - (1423.6120, 2478.1160) on Layer M8
violation type: Min Step
	srcs: net:net134903
	bbox = (1422.1160, 2478.0360) - (1422.1160, 2478.1160) on Layer M8
violation type: Min Step
	srcs: net:net91787
	bbox = (1483.6800, 2408.4360) - (1483.7080, 2408.5960) on Layer M8
violation type: Min Step
	srcs: net:net91920
	bbox = (1512.2240, 2431.5560) - (1512.2520, 2431.7160) on Layer M8
violation type: Min Step
	srcs: net:net36021
	bbox = (1573.0880, 392.6760) - (1573.1160, 392.8360) on Layer M8
violation type: Min Step
	srcs: net:net135154
	bbox = (1643.2320, 2667.3160) - (1643.2600, 2667.4760) on Layer M8
violation type: Min Step
	srcs: net:net79494
	bbox = (2215.9680, 669.7960) - (2215.9960, 669.9560) on Layer M8
violation type: Min Step
	srcs: net:ex_controller/mesh/mesh/mesh_1_1_io_in_control_0_shift_pipe_b\[3\]
	bbox = (2472.5160, 731.6360) - (2472.5160, 731.7160) on Layer M8
violation type: Min Step
	srcs: net:ex_controller/mesh/mesh/mesh_1_1_io_in_control_0_shift_pipe_b\[3\]
	bbox = (2473.1840, 731.7160) - (2473.2120, 731.8760) on Layer M8
violation type: Min Step
	srcs: net:ex_controller/mesh/mesh/mesh_1_1_io_in_control_0_shift_pipe_b\[3\]
	bbox = (2472.3560, 731.7960) - (2472.3560, 731.8760) on Layer M8
violation type: Min Step
	srcs: net:net139043
	bbox = (2709.4720, 1396.5160) - (2709.5000, 1396.6760) on Layer M8
violation type: Min Step
	srcs: net:net26374
	bbox = (2709.1520, 1699.0760) - (2709.1800, 1699.2360) on Layer M8
violation type: Min Step
	srcs: net:net36372
	bbox = (445.5560, 1671.9560) - (445.6360, 1672.0360) on Layer M8
violation type: Min Step
	srcs: net:net131997
	bbox = (594.7200, 1408.6760) - (594.7480, 1408.8360) on Layer M8
violation type: Min Step
	srcs: net:mod/ld_weights/_018851_
	bbox = (850.0800, 1438.7560) - (850.1080, 1438.9160) on Layer M8
violation type: Min Step
	srcs: net:net30080
	bbox = (1170.9760, 2435.2360) - (1171.0040, 2435.3960) on Layer M8
violation type: Min Step
	srcs: net:net13524
	bbox = (1207.3840, 574.7560) - (1207.3840, 574.8360) on Layer M8
violation type: Min Step
	srcs: net:spad/_acc_mems_0_io_adder_op1_0_0\[6\]
	bbox = (1283.6160, 2427.7160) - (1283.6440, 2427.8760) on Layer M8
violation type: Min Step
	srcs: net:net137744
	bbox = (1292.2560, 2527.0760) - (1292.2840, 2527.2360) on Layer M8
violation type: Min Step
	srcs: net:spad/vsm_1/_0423_
	bbox = (1290.9760, 2653.0760) - (1291.0040, 2653.2360) on Layer M8
violation type: Min Step
	srcs: net:net51671
	bbox = (1359.9040, 2632.0360) - (1359.9320, 2632.1960) on Layer M8
violation type: Min Step
	srcs: net:net135675
	bbox = (1366.3040, 2487.1560) - (1366.3320, 2487.3160) on Layer M8
violation type: Min Step
	srcs: net:net52982
	bbox = (1420.1280, 2541.6360) - (1420.1560, 2541.7960) on Layer M8
violation type: Min Step
	srcs: net:net104103
	bbox = (1424.9280, 635.0760) - (1424.9560, 635.2360) on Layer M8
violation type: Min Step
	srcs: net:net135634
	bbox = (1501.2200, 2433.9560) - (1501.2480, 2434.1160) on Layer M8
violation type: Min Step
	srcs: net:net134821
	bbox = (1556.0640, 2495.2360) - (1556.0920, 2495.3160) on Layer M8
violation type: Min Step
	srcs: net:net116727
	bbox = (1560.6080, 2550.9960) - (1560.6360, 2551.1560) on Layer M8
violation type: Min Step
	srcs: net:net92034
	bbox = (1562.5920, 2556.5960) - (1562.6200, 2556.7560) on Layer M8
violation type: Min Step
	srcs: net:net134538
	bbox = (1569.6320, 2420.6760) - (1569.6600, 2420.8360) on Layer M8
violation type: Min Step
	srcs: net:net92003
	bbox = (1570.8480, 2670.2760) - (1570.8760, 2670.4360) on Layer M8
violation type: Min Step
	srcs: net:spad/_acc_mems_1_io_adder_op1_7_0\[9\]
	bbox = (1583.2360, 2486.6200) - (1583.3160, 2486.6200) on Layer M9
violation type: Min Step
	srcs: net:net135391
	bbox = (1660.5760, 2664.4360) - (1660.6040, 2664.5960) on Layer M8
violation type: Min Step
	srcs: net:ex_controller/mesh/mesh/pipe_b_29_0\[3\]
	bbox = (1719.2640, 1519.1560) - (1719.2920, 1519.3160) on Layer M8
violation type: Min Step
	srcs: net:net61454
	bbox = (2101.2360, 1491.7960) - (2101.3080, 1491.8760) on Layer M8
violation type: Min Step
	srcs: net:ex_controller/mesh/mesh/mesh_1_1/tile_0_0/_0464_
	bbox = (2476.8320, 726.2760) - (2476.8600, 726.4360) on Layer M8
violation type: Min Step
	srcs: net:ex_controller/mesh/mesh/mesh_1_1/tile_0_0/_0394_
	bbox = (2491.5520, 725.1560) - (2491.5800, 725.3160) on Layer M8
violation type: Min Step
	srcs: net:ex_controller/mesh/mesh/r_32_0\[4\]
	bbox = (2501.7160, 642.8360) - (2501.7600, 642.9160) on Layer M8
violation type: Min Step
	srcs: net:mod_1/ldB/_05426_
	bbox = (662.0480, 1274.5160) - (662.0760, 1274.6760) on Layer M8
violation type: Min Step
	srcs: net:net59856
	bbox = (1003.0400, 1689.5560) - (1003.0680, 1689.7160) on Layer M8
violation type: Min Step
	srcs: net:spad/_acc_mems_0_io_adder_op1_8_0\[11\]
	bbox = (1237.0880, 2665.2360) - (1237.1160, 2665.3160) on Layer M8
violation type: Min Step
	srcs: net:net134890
	bbox = (1298.8480, 2425.5560) - (1298.8760, 2425.7160) on Layer M8
violation type: Min Step
	srcs: net:net35131
	bbox = (1306.2080, 2400.9960) - (1306.2360, 2401.1560) on Layer M8
violation type: Min Step
	srcs: net:spad/_acc_mems_0_io_adder_op1_6_0\[7\]
	bbox = (1305.2480, 2660.0360) - (1305.2760, 2660.1960) on Layer M8
violation type: Min Step
	srcs: net:net91541
	bbox = (1329.5560, 2483.0000) - (1329.5560, 2483.0760) on Layer M8
violation type: Min Step
	srcs: net:net28185
	bbox = (1367.0720, 2454.9960) - (1367.1000, 2455.1560) on Layer M8
violation type: Min Step
	srcs: net:net135411
	bbox = (1364.4480, 2454.9960) - (1364.4760, 2455.1560) on Layer M8
violation type: Min Step
	srcs: net:net93735
	bbox = (1379.1560, 2513.9560) - (1379.1560, 2514.0360) on Layer M8
violation type: Min Step
	srcs: net:net93735
	bbox = (1382.1120, 2513.9560) - (1382.1400, 2514.1160) on Layer M8
violation type: Min Step
	srcs: net:net93735
	bbox = (1379.3160, 2514.1160) - (1379.3160, 2514.1960) on Layer M8
violation type: Min Step
	srcs: net:spad/vsm_1/in_bits_in_8\[17\]
	bbox = (1395.4880, 2386.9960) - (1395.5160, 2387.1560) on Layer M8
violation type: Min Step
	srcs: net:net134880
	bbox = (1402.3000, 2439.1560) - (1402.3000, 2439.2360) on Layer M8
violation type: Min Step
	srcs: net:net135404
	bbox = (1401.9560, 2667.9560) - (1401.9560, 2668.0360) on Layer M8
violation type: Min Step
	srcs: net:net14732
	bbox = (1449.0560, 2439.3160) - (1449.0840, 2439.4760) on Layer M8
violation type: Min Step
	srcs: net:net93969
	bbox = (1454.9440, 2460.1160) - (1454.9720, 2460.2760) on Layer M8
violation type: Min Step
	srcs: net:net135019
	bbox = (1473.6960, 2628.7560) - (1473.7240, 2628.9160) on Layer M8
violation type: Min Step
	srcs: net:net135634
	bbox = (1500.2000, 2437.6360) - (1500.3560, 2437.6360) on Layer M9
violation type: Min Step
	srcs: net:net93665
	bbox = (1515.2960, 2463.8760) - (1515.3240, 2464.0360) on Layer M8
violation type: Min Step
	srcs: net:net134530
	bbox = (1530.2760, 2438.4360) - (1530.3040, 2438.5160) on Layer M8
violation type: Min Step
	srcs: net:net91791
	bbox = (1533.6640, 2539.3160) - (1533.6920, 2539.4760) on Layer M8
violation type: Min Step
	srcs: net:net132676
	bbox = (1553.4400, 966.9160) - (1553.4680, 967.0760) on Layer M8
violation type: Min Step
	srcs: net:net134450
	bbox = (1579.1680, 2407.0760) - (1579.1960, 2407.2360) on Layer M8
violation type: Min Step
	srcs: net:ex_controller/mesh/mesh/mesh_10_1/tile_0_0/_0259_
	bbox = (1904.5440, 1394.9960) - (1904.5720, 1395.1560) on Layer M8
violation type: Min Step
	srcs: net:ex_controller/mesh/mesh/mesh_11_4/tile_0_0/_0256_
	bbox = (1961.3600, 1780.9160) - (1961.3600, 1780.9960) on Layer M8
violation type: Min Step
	srcs: net:ex_controller/mesh/mesh/mesh_1_1/tile_0_0/_0402_
	bbox = (2470.8160, 732.1160) - (2470.8440, 732.2760) on Layer M8
violation type: Min Step
	srcs: net:net73569
	bbox = (2475.7480, 724.9160) - (2475.7760, 725.0760) on Layer M8
violation type: Min Step
	srcs: net:net128435
	bbox = (2475.3600, 725.0760) - (2475.3880, 725.2360) on Layer M8
violation type: Min Step
	srcs: net:net23687
	bbox = (599.3920, 1404.9960) - (599.4200, 1405.1560) on Layer M8
violation type: Min Step
	srcs: net:net108857
	bbox = (690.3360, 1412.5160) - (690.3640, 1412.6760) on Layer M8
violation type: Min Step
	srcs: net:net66895
	bbox = (703.9680, 1435.8760) - (703.9960, 1436.0360) on Layer M8
violation type: Min Step
	srcs: net:net24011
	bbox = (740.7040, 1401.2360) - (740.7320, 1401.3960) on Layer M8
violation type: Min Step
	srcs: net:net39670
	bbox = (928.9960, 2887.7160) - (929.0240, 2887.8760) on Layer M8
violation type: Min Step
	srcs: net:net13405
	bbox = (944.4800, 1692.1960) - (944.5080, 1692.3560) on Layer M8
violation type: Min Step
	srcs: net:net137032
	bbox = (1157.2800, 1700.7560) - (1157.3080, 1700.9160) on Layer M8
violation type: Min Step
	srcs: net:net27768
	bbox = (1254.7520, 362.2760) - (1254.7800, 362.4360) on Layer M8
violation type: Min Step
	srcs: net:net8552
	bbox = (1284.4480, 2564.1960) - (1284.4760, 2564.3560) on Layer M8
violation type: Min Step
	srcs: net:net138965
	bbox = (1293.4720, 2518.9160) - (1293.5000, 2519.0760) on Layer M8
violation type: Min Step
	srcs: net:net102000
	bbox = (1299.8720, 2481.8760) - (1299.9000, 2482.0360) on Layer M8
violation type: Min Step
	srcs: net:spad/_acc_mems_0_io_adder_op1_2_0\[14\]
	bbox = (1308.0000, 2463.9560) - (1308.0280, 2464.1160) on Layer M8
violation type: Min Step
	srcs: net:net8749
	bbox = (1330.9760, 2428.4360) - (1331.0040, 2428.5960) on Layer M8
violation type: Min Step
	srcs: net:net137480
	bbox = (1345.7600, 2464.3560) - (1345.7880, 2464.5160) on Layer M8
violation type: Min Step
	srcs: net:net117229
	bbox = (1361.8280, 2493.5560) - (1361.8560, 2493.7160) on Layer M8
violation type: Min Step
	srcs: net:net117229
	bbox = (1361.6360, 2493.5560) - (1361.6360, 2493.6400) on Layer M9
violation type: Min Step
	srcs: net:net117229
	bbox = (1361.7960, 2493.7160) - (1361.7960, 2493.8000) on Layer M9
violation type: Min Step
	srcs: net:net8569
	bbox = (1363.5560, 2639.3160) - (1363.5800, 2639.3160) on Layer M9
violation type: Min Step
	srcs: net:net139069
	bbox = (1383.0200, 2433.1560) - (1383.0200, 2433.1600) on Layer M8
violation type: Min Step
	srcs: net:net139069
	bbox = (1383.0200, 2433.3200) - (1383.0200, 2433.4760) on Layer M8
violation type: Min Step
	srcs: net:net91879
	bbox = (1392.9960, 2661.6360) - (1393.0240, 2661.7960) on Layer M8
violation type: Min Step
	srcs: net:spad/_11851_
	bbox = (1461.2160, 2616.4360) - (1461.2440, 2616.5960) on Layer M8
violation type: Min Step
	srcs: net:net108243
	bbox = (1496.0360, 2700.6760) - (1496.1880, 2700.8360) on Layer M8
violation type: Min Step
	srcs: net:spad/_acc_mems_1_io_adder_op1_2_0\[24\]
	bbox = (1527.3920, 2420.0360) - (1527.4200, 2420.1960) on Layer M8
violation type: Min Step
	srcs: net:spad/_acc_mems_1_io_adder_op1_10_0\[28\]
	bbox = (1567.6480, 2458.2760) - (1567.6760, 2458.4360) on Layer M8
violation type: Min Step
	srcs: net:net134673
	bbox = (1564.3200, 2512.5960) - (1564.3480, 2512.7560) on Layer M8
violation type: Min Step
	srcs: net:net10321
	bbox = (1579.3600, 2549.4760) - (1579.3880, 2549.6360) on Layer M8
violation type: Min Step
	srcs: net:spad/_acc_mems_1_io_adder_op1_6_0\[28\]
	bbox = (1590.3680, 2450.4360) - (1590.3960, 2450.5960) on Layer M8
violation type: Min Step
	srcs: net:net21657
	bbox = (1587.2960, 2448.7560) - (1587.3240, 2448.9160) on Layer M8
violation type: Min Step
	srcs: net:net12649
	bbox = (1693.7920, 2942.7560) - (1693.8200, 2942.9160) on Layer M8
violation type: Min Step
	srcs: net:net139268
	bbox = (1708.5160, 2456.2760) - (1708.5160, 2456.3560) on Layer M8
violation type: Min Step
	srcs: net:net45215
	bbox = (446.9440, 1713.3960) - (446.9720, 1713.5560) on Layer M8
violation type: Min Step
	srcs: net:net81609
	bbox = (561.7600, 1275.7960) - (561.7880, 1275.9560) on Layer M8
violation type: Min Step
	srcs: net:net28068
	bbox = (907.2320, 2830.7560) - (907.2600, 2830.9160) on Layer M8
violation type: Min Step
	srcs: net:spad/reader/beatPacker/_01049_
	bbox = (922.2720, 2756.0360) - (922.3000, 2756.1960) on Layer M8
violation type: Min Step
	srcs: net:net39670
	bbox = (929.3120, 2876.6760) - (929.3400, 2876.8360) on Layer M8
violation type: Min Step
	srcs: net:net30112
	bbox = (947.1040, 2831.4760) - (947.1320, 2831.6360) on Layer M8
violation type: Min Step
	srcs: net:net28999
	bbox = (952.8640, 2780.6760) - (952.8920, 2780.8360) on Layer M8
violation type: Min Step
	srcs: net:spad/vsm/_01562_
	bbox = (990.9440, 2323.8760) - (990.9720, 2324.0360) on Layer M8
violation type: Min Step
	srcs: net:spad/_acc_mems_0_io_adder_op1_10_0\[22\]
	bbox = (1293.3440, 2515.8760) - (1293.3720, 2516.0360) on Layer M8
violation type: Min Step
	srcs: net:net93608
	bbox = (1301.7280, 2470.5160) - (1301.7560, 2470.6760) on Layer M8
violation type: Min Step
	srcs: net:spad/_acc_mems_0_io_adder_op1_9_0\[0\]
	bbox = (1310.2400, 2431.0760) - (1310.2680, 2431.2360) on Layer M8
violation type: Min Step
	srcs: net:net91247
	bbox = (1310.3680, 2491.6360) - (1310.3960, 2491.7960) on Layer M8
violation type: Min Step
	srcs: net:net134847
	bbox = (1315.4880, 2417.1560) - (1315.5160, 2417.3160) on Layer M8
violation type: Min Step
	srcs: net:net57196
	bbox = (1323.8760, 2430.0360) - (1323.9040, 2430.1960) on Layer M8
violation type: Min Step
	srcs: net:net59754
	bbox = (1325.3440, 2491.6360) - (1325.3720, 2491.7960) on Layer M8
violation type: Min Step
	srcs: net:net92013
	bbox = (1331.6800, 2636.9960) - (1331.7080, 2637.1560) on Layer M8
violation type: Min Step
	srcs: net:net93938
	bbox = (1346.5920, 2633.9560) - (1346.6200, 2634.1160) on Layer M8
violation type: Min Step
	srcs: net:net8433
	bbox = (1355.8080, 2476.0360) - (1355.8360, 2476.1960) on Layer M8
violation type: Min Step
	srcs: net:net135590
	bbox = (1367.8400, 2453.0760) - (1367.8680, 2453.2360) on Layer M8
violation type: Min Step
	srcs: net:net93696
	bbox = (1405.8560, 2622.2760) - (1405.8840, 2622.4360) on Layer M8
violation type: Min Step
	srcs: net:net82691
	bbox = (1420.9600, 638.1960) - (1420.9880, 638.3560) on Layer M8
violation type: Min Step
	srcs: net:net134881
	bbox = (1445.0240, 2451.8760) - (1445.0520, 2452.0360) on Layer M8
violation type: Min Step
	srcs: net:net134853
	bbox = (1443.2360, 2484.4360) - (1443.2360, 2484.5160) on Layer M8
violation type: Min Step
	srcs: net:net93658
	bbox = (1452.7560, 2626.4360) - (1452.7560, 2626.4800) on Layer M8
violation type: Min Step
	srcs: net:net93658
	bbox = (1450.6560, 2627.3960) - (1450.6840, 2627.4760) on Layer M8
violation type: Min Step
	srcs: net:mod/_25705_
	bbox = (1482.1440, 611.2360) - (1482.1720, 611.3960) on Layer M8
violation type: Min Step
	srcs: net:net93690
	bbox = (1527.7120, 2461.2360) - (1527.7400, 2461.3960) on Layer M8
violation type: Min Step
	srcs: net:spad/_acc_mems_1_io_adder_op1_1_0\[29\]
	bbox = (1557.9840, 2462.3560) - (1558.0120, 2462.5160) on Layer M8
violation type: Min Step
	srcs: net:spad/_acc_mems_1_io_adder_op1_6_0\[3\]
	bbox = (1602.9120, 2657.5560) - (1602.9400, 2657.7160) on Layer M8
violation type: Min Step
	srcs: net:ex_controller/mesh/mesh/mesh_15_3/tile_0_0/_0510_
	bbox = (1609.9520, 1780.2760) - (1609.9800, 1780.4360) on Layer M8
violation type: Min Step
	srcs: net:net44771
	bbox = (1763.8120, 2999.9560) - (1763.8400, 3000.1160) on Layer M8
violation type: Min Step
	srcs: net:ex_controller/mesh/mesh/mesh_10_1/tile_0_0/_0047_
	bbox = (1919.4560, 1394.8360) - (1919.4840, 1394.9960) on Layer M8
violation type: Min Step
	srcs: net:mod_1/ex/_02330_
	bbox = (603.6800, 1400.5120) - (603.7080, 1400.6760) on Layer M8
violation type: Min Step
	srcs: net:net65593
	bbox = (701.6000, 1437.5560) - (701.6280, 1437.7160) on Layer M8
violation type: Min Step
	srcs: net:spad/reader/beatPacker/_09301_
	bbox = (928.7360, 2887.5560) - (928.7640, 2887.7160) on Layer M8
violation type: Min Step
	srcs: net:net60379
	bbox = (978.8000, 1693.2360) - (978.8000, 1693.3160) on Layer M8
violation type: Min Step
	srcs: net:net39747
	bbox = (1100.5120, 2736.8360) - (1100.5400, 2736.9960) on Layer M8
violation type: Min Step
	srcs: net:net54402
	bbox = (1168.8640, 1686.2760) - (1168.8920, 1686.4360) on Layer M8
violation type: Min Step
	srcs: net:net135010
	bbox = (1238.6880, 2442.9160) - (1238.7160, 2443.0760) on Layer M8
violation type: Min Step
	srcs: net:clknet_10_404_0_clock
	bbox = (1306.5280, 2526.1160) - (1306.5560, 2526.2760) on Layer M8
violation type: Min Step
	srcs: net:net34048
	bbox = (1303.7760, 2683.3960) - (1303.8040, 2683.5560) on Layer M8
violation type: Min Step
	srcs: net:net93054
	bbox = (1348.4480, 2586.1160) - (1348.4760, 2586.2760) on Layer M8
violation type: Min Step
	srcs: net:net102109
	bbox = (1350.8160, 2699.7160) - (1350.8440, 2699.8760) on Layer M8
violation type: Min Step
	srcs: net:net8577
	bbox = (1364.3840, 2647.7960) - (1364.4120, 2647.9560) on Layer M8
violation type: Min Step
	srcs: net:net134889
	bbox = (1374.9440, 2481.0760) - (1374.9720, 2481.2360) on Layer M8
violation type: Min Step
	srcs: net:net92998
	bbox = (1372.8960, 2509.8760) - (1372.9240, 2510.0360) on Layer M8
violation type: Min Step
	srcs: net:net119479
	bbox = (1374.8160, 2631.8760) - (1374.8440, 2632.0360) on Layer M8
violation type: Min Step
	srcs: net:net95052
	bbox = (1379.2400, 713.4200) - (1379.2400, 713.5560) on Layer M8
violation type: Min Step
	srcs: net:net20926
	bbox = (1394.2080, 2655.4760) - (1394.2360, 2655.6360) on Layer M8
violation type: Min Step
	srcs: net:net134763
	bbox = (1408.8640, 2466.7560) - (1408.8920, 2466.9160) on Layer M8
violation type: Min Step
	srcs: net:net8432
	bbox = (1432.2880, 2474.9160) - (1432.3160, 2475.0760) on Layer M8
violation type: Min Step
	srcs: net:net108514
	bbox = (1440.2880, 2396.6760) - (1440.3160, 2396.8360) on Layer M8
violation type: Min Step
	srcs: net:net108379
	bbox = (1464.4800, 2508.9160) - (1464.5080, 2509.0760) on Layer M8
violation type: Min Step
	srcs: net:net135026
	bbox = (1472.9160, 2548.1160) - (1473.0400, 2548.2760) on Layer M8
violation type: Min Step
	srcs: net:net135026
	bbox = (1473.0760, 2548.2760) - (1473.2360, 2548.4360) on Layer M8
violation type: Min Step
	srcs: net:net135491
	bbox = (1480.4800, 2647.9560) - (1480.5080, 2648.1160) on Layer M8
violation type: Min Step
	srcs: net:net134445
	bbox = (1485.6640, 2419.4760) - (1485.6920, 2419.6360) on Layer M8
violation type: Min Step
	srcs: net:spad/_acc_mems_1_io_adder_op1_5_0\[4\]
	bbox = (1493.9840, 2448.2760) - (1494.0120, 2448.4360) on Layer M8
violation type: Min Step
	srcs: net:spad/_11943_
	bbox = (1508.0000, 2584.2760) - (1508.0280, 2584.4360) on Layer M8
violation type: Min Step
	srcs: net:spad/_acc_mems_1_io_adder_op1_3_0\[11\]
	bbox = (1507.2200, 2653.6360) - (1507.2360, 2653.6360) on Layer M9
violation type: Min Step
	srcs: net:net91145
	bbox = (1523.5520, 2402.9960) - (1523.5800, 2403.1560) on Layer M8
violation type: Min Step
	srcs: net:net92238
	bbox = (1555.6160, 2463.8760) - (1555.6440, 2464.0360) on Layer M8
violation type: Min Step
	srcs: net:net65701
	bbox = (1569.8760, 1510.7560) - (1569.8760, 1510.8360) on Layer M8
violation type: Min Step
	srcs: net:net92197
	bbox = (1571.1040, 2646.0360) - (1571.1320, 2646.1960) on Layer M8
violation type: Min Step
	srcs: net:net139177
	bbox = (1579.0400, 2433.6360) - (1579.0680, 2433.7960) on Layer M8
violation type: Min Step
	srcs: net:net135044
	bbox = (1583.1360, 2546.9160) - (1583.1640, 2547.0760) on Layer M8
violation type: Min Step
	srcs: net:spad/_acc_mems_1_io_adder_op1_11_0\[31\]
	bbox = (1594.0160, 2655.6360) - (1594.0440, 2655.7960) on Layer M8
violation type: Min Step
	srcs: net:net101693
	bbox = (1703.5840, 2518.4360) - (1703.6120, 2518.5960) on Layer M8
violation type: Min Step
	srcs: net:net26632
	bbox = (1925.3440, 1398.2760) - (1925.3720, 1398.3560) on Layer M8
violation type: Min Step
	srcs: net:net96978
	bbox = (1923.8080, 1534.9960) - (1923.8360, 1535.1560) on Layer M8
violation type: Min Step
	srcs: net:ex_controller/mesh/mesh/mesh_1_1/tile_0_0/_0426_
	bbox = (2467.3400, 720.7560) - (2467.3960, 720.7560) on Layer M8
violation type: Min Step
	srcs: net:net26708
	bbox = (2629.8800, 1397.9560) - (2629.8800, 1398.0360) on Layer M8
violation type: Min Step
	srcs: net:net57657
	bbox = (443.1560, 1705.6360) - (443.3240, 1705.8760) on Layer M8
violation type: Min Step
	srcs: net:net57657
	bbox = (442.9960, 1705.7960) - (442.9960, 1705.8760) on Layer M8
violation type: Min Step
	srcs: net:net16883
	bbox = (490.0800, 1692.1160) - (490.1080, 1692.2760) on Layer M8
violation type: Min Step
	srcs: net:net74708
	bbox = (520.2880, 1698.5160) - (520.3160, 1698.6760) on Layer M8
violation type: Min Step
	srcs: net:net131376
	bbox = (603.7960, 1401.7160) - (603.7960, 1401.7960) on Layer M8
violation type: Min Step
	srcs: net:net27517
	bbox = (685.1520, 1434.3560) - (685.1800, 1434.5160) on Layer M8
violation type: Min Step
	srcs: net:net17472
	bbox = (838.1160, 1688.7560) - (838.1600, 1688.9160) on Layer M8
violation type: Min Step
	srcs: net:spad/_02182_
	bbox = (1295.9720, 2535.1560) - (1296.0000, 2535.3160) on Layer M8
violation type: Min Step
	srcs: net:spad/_acc_mems_0_io_adder_op1_14_0\[2\]
	bbox = (1318.3560, 2536.2760) - (1318.3560, 2536.3560) on Layer M8
violation type: Min Step
	srcs: net:spad/_acc_mems_0_io_adder_op1_14_0\[2\]
	bbox = (1318.1960, 2536.4360) - (1318.1960, 2536.5160) on Layer M8
violation type: Min Step
	srcs: net:spad/_acc_mems_0_io_adder_op1_5_0\[6\]
	bbox = (1334.5600, 2483.2360) - (1334.5880, 2483.3960) on Layer M8
violation type: Min Step
	srcs: net:net93146
	bbox = (1366.9440, 2446.0360) - (1366.9720, 2446.1960) on Layer M8
violation type: Min Step
	srcs: net:net134880
	bbox = (1408.9400, 2438.8360) - (1408.9400, 2438.9160) on Layer M8
violation type: Min Step
	srcs: net:net134880
	bbox = (1412.1920, 2438.9160) - (1412.2200, 2439.0760) on Layer M8
violation type: Min Step
	srcs: net:mod/_07045_
	bbox = (1426.3360, 639.2360) - (1426.3640, 639.3960) on Layer M8
violation type: Min Step
	srcs: net:net135708
	bbox = (1439.9680, 2462.2760) - (1439.9960, 2462.4360) on Layer M8
violation type: Min Step
	srcs: net:net135270
	bbox = (1449.3760, 2672.8360) - (1449.4040, 2672.9960) on Layer M8
violation type: Min Step
	srcs: net:net91898
	bbox = (1469.2800, 2501.3160) - (1469.3080, 2501.4760) on Layer M8
violation type: Min Step
	srcs: net:net91425
	bbox = (1479.0120, 2512.7560) - (1479.0400, 2512.9160) on Layer M8
violation type: Min Step
	srcs: net:net93799
	bbox = (1508.1280, 2642.2760) - (1508.1560, 2642.4360) on Layer M8
violation type: Min Step
	srcs: net:net139214
	bbox = (1545.2360, 2543.5560) - (1545.2360, 2543.6360) on Layer M8
violation type: Min Step
	srcs: net:net139214
	bbox = (1544.9160, 2543.5560) - (1544.9160, 2543.6360) on Layer M8
violation type: Min Step
	srcs: net:net14064
	bbox = (1544.8000, 2552.5160) - (1544.8280, 2552.6760) on Layer M8
violation type: Min Step
	srcs: net:net131015
	bbox = (1553.6960, 978.8360) - (1553.7240, 978.9960) on Layer M8
violation type: Min Step
	srcs: net:spad/_acc_mems_1_io_adder_op1_2_0\[7\]
	bbox = (1592.0320, 2659.1560) - (1592.0600, 2659.3160) on Layer M8
violation type: Min Step
	srcs: net:spad/acc_mems_1/_0245_
	bbox = (1592.9920, 2659.5560) - (1593.0200, 2659.7160) on Layer M8
violation type: Min Step
	srcs: net:spad/acc_mems_1/_0245_
	bbox = (1590.5960, 2660.0360) - (1590.5960, 2660.1200) on Layer M8
violation type: Min Step
	srcs: net:spad/acc_mems_1/_0245_
	bbox = (1590.2760, 2660.0360) - (1590.3560, 2660.1200) on Layer M8
violation type: Min Step
	srcs: net:spad/_acc_mems_1_io_adder_op1_9_0\[12\]
	bbox = (1742.1760, 2452.7560) - (1742.2040, 2452.9160) on Layer M8
violation type: Min Step
	srcs: net:ex_controller/mesh/mesh/mesh_1_1/tile_0_0/_0426_
	bbox = (2468.0040, 720.7560) - (2468.0320, 720.9160) on Layer M8
violation type: Min Step
	srcs: net:ex_controller/mesh/mesh/mesh_3_7/tile_0_0/_0030_
	bbox = (2705.0760, 1396.9280) - (2705.0760, 1396.9960) on Layer M8
violation type: Min Step
	srcs: net:ex_controller/mesh/mesh/mesh_3_7/tile_0_0/_0030_
	bbox = (2705.3120, 1396.9280) - (2705.3400, 1397.1560) on Layer M8
violation type: Min Step
	srcs: net:ex_controller/mesh/mesh/mesh_3_9/tile_0_0/_0253_
	bbox = (2937.2480, 1455.2360) - (2937.2760, 1455.3960) on Layer M8
violation type: Min Step
	srcs: net:net36345
	bbox = (453.7280, 1784.6760) - (453.7560, 1784.8360) on Layer M8
violation type: Min Step
	srcs: net:net23579
	bbox = (483.4240, 1684.5160) - (483.4520, 1684.6760) on Layer M8
violation type: Min Step
	srcs: net:net81252
	bbox = (604.5120, 1233.7160) - (604.5400, 1233.8760) on Layer M8
violation type: Min Step
	srcs: net:net24111
	bbox = (650.9760, 1695.5560) - (651.0040, 1695.7160) on Layer M8
violation type: Min Step
	srcs: net:net67064
	bbox = (703.8400, 1407.7960) - (703.8680, 1407.9560) on Layer M8
violation type: Min Step
	srcs: net:net102694
	bbox = (701.9840, 1407.9560) - (702.0120, 1408.1160) on Layer M8
violation type: Min Step
	srcs: net:net29753
	bbox = (938.7200, 2829.5560) - (938.7480, 2829.7160) on Layer M8
violation type: Min Step
	srcs: net:net95079
	bbox = (1102.4960, 703.6360) - (1102.5240, 703.7960) on Layer M8
violation type: Min Step
	srcs: net:net92911
	bbox = (1200.9160, 2534.7560) - (1200.9160, 2534.8360) on Layer M8
violation type: Min Step
	srcs: net:spad/_03893_
	bbox = (1270.9440, 2690.2760) - (1270.9720, 2690.4360) on Layer M8
violation type: Min Step
	srcs: net:spad/_acc_mems_0_io_adder_op1_3_0\[22\]
	bbox = (1308.0640, 2472.6760) - (1308.0920, 2472.8360) on Layer M8
violation type: Min Step
	srcs: net:net135601
	bbox = (1322.7200, 2458.5160) - (1322.7480, 2458.6760) on Layer M8
violation type: Min Step
	srcs: net:net134688
	bbox = (1330.4640, 2448.8360) - (1330.4920, 2448.9960) on Layer M8
violation type: Min Step
	srcs: net:net134815
	bbox = (1330.5600, 2488.9960) - (1330.5600, 2489.0760) on Layer M8
violation type: Min Step
	srcs: net:net135675
	bbox = (1344.2880, 2488.5960) - (1344.3160, 2488.7560) on Layer M8
violation type: Min Step
	srcs: net:net102005
	bbox = (1361.1200, 2418.1160) - (1361.1480, 2418.2760) on Layer M8
violation type: Min Step
	srcs: net:net91112
	bbox = (1376.2880, 2676.9160) - (1376.3160, 2677.0760) on Layer M8
violation type: Min Step
	srcs: net:net135704
	bbox = (1382.3680, 2451.7160) - (1382.3960, 2451.8760) on Layer M8
violation type: Min Step
	srcs: net:net111658
	bbox = (1398.6800, 1411.8760) - (1398.7160, 1412.1160) on Layer M8
violation type: Min Step
	srcs: net:net91899
	bbox = (1413.5360, 2470.6760) - (1413.5640, 2470.8360) on Layer M8
violation type: Min Step
	srcs: net:clknet_10_406_0_clock
	bbox = (1444.4480, 2509.3960) - (1444.4760, 2509.5560) on Layer M8
violation type: Min Step
	srcs: net:net101894
	bbox = (1445.4080, 2630.9160) - (1445.4360, 2631.0760) on Layer M8
violation type: Min Step
	srcs: net:net135390
	bbox = (1453.6640, 2450.0360) - (1453.6920, 2450.1960) on Layer M8
violation type: Min Step
	srcs: net:net92115
	bbox = (1475.0400, 2675.7960) - (1475.0680, 2675.9560) on Layer M8
violation type: Min Step
	srcs: net:net91977
	bbox = (1481.8880, 2488.3560) - (1481.9160, 2488.5160) on Layer M8
violation type: Min Step
	srcs: net:spad/_acc_mems_1_io_adder_op1_5_0\[29\]
	bbox = (1481.4400, 2487.7160) - (1481.4680, 2487.8760) on Layer M8
violation type: Min Step
	srcs: net:net135245
	bbox = (1513.0560, 2456.0360) - (1513.0840, 2456.1960) on Layer M8
violation type: Min Step
	srcs: net:net93057
	bbox = (1520.8640, 2458.9160) - (1520.8920, 2459.0760) on Layer M8
violation type: Min Step
	srcs: net:net135019
	bbox = (1527.0080, 2637.7960) - (1527.0360, 2637.9560) on Layer M8
violation type: Min Step
	srcs: net:spad/_acc_mems_1_io_adder_op1_8_0\[13\]
	bbox = (1534.8160, 2503.6360) - (1534.8440, 2503.7960) on Layer M8
violation type: Min Step
	srcs: net:net27621
	bbox = (1542.1120, 1399.2360) - (1542.1400, 1399.3960) on Layer M8
violation type: Min Step
	srcs: net:net135304
	bbox = (1566.7520, 2441.9560) - (1566.7800, 2442.1160) on Layer M8
violation type: Min Step
	srcs: net:spad/_acc_mems_1_io_adder_op1_8_0\[14\]
	bbox = (1572.8320, 2502.1160) - (1572.8600, 2502.2760) on Layer M8
violation type: Min Step
	srcs: net:net117300
	bbox = (1581.0880, 2405.8760) - (1581.1160, 2406.0360) on Layer M8
violation type: Min Step
	srcs: net:net91273
	bbox = (1582.1120, 2457.3160) - (1582.1400, 2457.4760) on Layer M8
violation type: Min Step
	srcs: net:net27618
	bbox = (1725.8560, 1398.5960) - (1725.8840, 1398.7560) on Layer M8
violation type: Min Step
	srcs: net:spad/writer/_03246_
	bbox = (1769.1840, 2923.9560) - (1769.2120, 2924.1160) on Layer M8
violation type: Min Step
	srcs: net:ex_controller/mesh/mesh/mesh_4_5/tile_0_0/_0674_
	bbox = (2455.7120, 1404.7560) - (2455.7400, 1404.9160) on Layer M8
violation type: Min Step
	srcs: net:ex_controller/mesh/mesh/mesh_15_13/tile_0_0/_0804_
	bbox = (2608.1600, 2833.6360) - (2608.1880, 2833.7960) on Layer M8
violation type: Min Step
	srcs: net:net128008
	bbox = (2683.5520, 3159.5560) - (2683.5800, 3159.7160) on Layer M8
violation type: Min Step
	srcs: net:ex_controller/mesh/mesh/mesh_4_8/tile_0_0/_0246_
	bbox = (2759.8400, 1564.7560) - (2759.8680, 1564.9160) on Layer M8
violation type: Min Step
	srcs: net:ex_controller/mesh/mesh/mesh_2_15/tile_0_0/_0256_
	bbox = (3279.9680, 1593.9560) - (3279.9960, 1594.0360) on Layer M8
violation type: Min Step
	srcs: net:net41540
	bbox = (508.3200, 1582.8360) - (508.3480, 1582.9960) on Layer M8
violation type: Min Step
	srcs: net:net23596
	bbox = (523.2960, 1703.7160) - (523.3240, 1703.8760) on Layer M8
violation type: Min Step
	srcs: net:net56138
	bbox = (530.9120, 1744.8360) - (530.9400, 1744.9960) on Layer M8
violation type: Min Step
	srcs: net:net62065
	bbox = (538.5280, 1818.3560) - (538.5560, 1818.5160) on Layer M8
violation type: Min Step
	srcs: net:net62065
	bbox = (536.8000, 1820.1960) - (536.8280, 1820.3560) on Layer M8
violation type: Min Step
	srcs: net:net23664
	bbox = (588.5120, 1696.4360) - (588.5400, 1696.5960) on Layer M8
violation type: Min Step
	srcs: net:net120447
	bbox = (686.8800, 1447.4760) - (686.9080, 1447.6360) on Layer M8
violation type: Min Step
	srcs: net:net59881
	bbox = (839.8400, 1441.3160) - (839.8680, 1441.4760) on Layer M8
violation type: Min Step
	srcs: net:mod/ld_weights/_019344_
	bbox = (883.8080, 1404.2760) - (883.8360, 1404.4360) on Layer M8
violation type: Min Step
	srcs: net:net29789
	bbox = (936.9320, 2846.1960) - (936.9600, 2846.3560) on Layer M8
violation type: Min Step
	srcs: net:net59302
	bbox = (1051.6800, 1681.7160) - (1051.7080, 1681.8760) on Layer M8
violation type: Min Step
	srcs: net:spad/acc_adders/_0300_
	bbox = (1285.0240, 2618.0360) - (1285.0520, 2618.1960) on Layer M8
violation type: Min Step
	srcs: net:spad/_acc_mems_0_io_adder_op1_14_0\[2\]
	bbox = (1308.5120, 2535.4760) - (1308.5400, 2535.6360) on Layer M8
violation type: Min Step
	srcs: net:spad/_acc_mems_0_io_adder_op1_14_0\[2\]
	bbox = (1323.3600, 2536.5160) - (1323.3880, 2536.6760) on Layer M8
violation type: Min Step
	srcs: net:net51840
	bbox = (1329.0560, 2664.9960) - (1329.0840, 2665.1560) on Layer M8
violation type: Min Step
	srcs: net:net139086
	bbox = (1345.1840, 2651.9560) - (1345.2120, 2652.1160) on Layer M8
violation type: Min Step
	srcs: net:net92995
	bbox = (1354.0800, 2490.6760) - (1354.1080, 2490.8360) on Layer M8
violation type: Min Step
	srcs: net:net93877
	bbox = (1352.1600, 2504.4360) - (1352.1880, 2504.5960) on Layer M8
violation type: Min Step
	srcs: net:net135148
	bbox = (1360.8360, 2538.2760) - (1360.8360, 2538.3560) on Layer M8
violation type: Min Step
	srcs: net:net91993
	bbox = (1368.2880, 2492.8360) - (1368.3160, 2492.9960) on Layer M8
violation type: Min Step
	srcs: net:net91835
	bbox = (1414.9160, 2534.6800) - (1414.9960, 2534.7560) on Layer M8
violation type: Min Step
	srcs: net:mod/_07140_
	bbox = (1481.3760, 622.4360) - (1481.4040, 622.5960) on Layer M8
violation type: Min Step
	srcs: net:net139183
	bbox = (1491.2960, 2444.8360) - (1491.3240, 2444.9960) on Layer M8
violation type: Min Step
	srcs: net:net108408
	bbox = (1495.3920, 2512.4360) - (1495.4200, 2512.5960) on Layer M8
violation type: Min Step
	srcs: net:net134748
	bbox = (1504.4800, 2455.0760) - (1504.5080, 2455.2360) on Layer M8
violation type: Min Step
	srcs: net:net139214
	bbox = (1550.4320, 2542.9160) - (1550.4600, 2543.0760) on Layer M8
violation type: Min Step
	srcs: net:net14097
	bbox = (1579.8080, 2482.4360) - (1579.8360, 2482.5960) on Layer M8
violation type: Min Step
	srcs: net:net55903
	bbox = (1587.6800, 2402.3560) - (1587.7080, 2402.5160) on Layer M8
violation type: Min Step
	srcs: net:net126913
	bbox = (1616.3560, 972.6760) - (1616.5080, 972.8360) on Layer M8
violation type: Min Step
	srcs: net:spad/acc_scale_unit/activated_data_e_scaled_muladder_7/mulAddRecFNToRaw_postMul/_0802_
	bbox = (1700.3200, 2135.0760) - (1700.3480, 2135.2360) on Layer M8
violation type: Min Step
	srcs: net:net26387
	bbox = (1738.4640, 1410.5160) - (1738.4920, 1410.6760) on Layer M8
violation type: Min Step
	srcs: net:ex_controller/mesh/mesh/mesh_11_0/tile_0_0/_0426_
	bbox = (1760.6720, 1320.4360) - (1760.7000, 1320.5960) on Layer M8
violation type: Min Step
	srcs: net:clknet_10_498_0_clock
	bbox = (1770.9120, 2968.5960) - (1770.9400, 2968.7560) on Layer M8
violation type: Min Step
	srcs: net:ex_controller/mesh/mesh_io_in_control_10_0_shift_r\[0\]
	bbox = (2488.9280, 722.9160) - (2488.9560, 723.0760) on Layer M8
violation type: Min Step
	srcs: net:net73971
	bbox = (2495.5200, 652.1160) - (2495.5480, 652.2760) on Layer M8
violation type: Min Step
	srcs: net:ex_controller/mesh/mesh/mesh_9_9/tile_0_0/_0820_
	bbox = (2675.4240, 2081.9560) - (2675.4520, 2082.1160) on Layer M8
violation type: Min Step
	srcs: net:ex_controller/mesh/mesh/mesh_13_12_io_in_control_0_shift_pipe_b\[4\]
	bbox = (2714.0800, 2685.7160) - (2714.1080, 2685.8760) on Layer M8
violation type: Min Step
	srcs: net:net23934
	bbox = (421.6000, 1699.1560) - (421.6280, 1699.3160) on Layer M8
violation type: Min Step
	srcs: net:net16873
	bbox = (465.3120, 1701.6360) - (465.3400, 1701.7960) on Layer M8
violation type: Min Step
	srcs: net:reservation_station/_40994_
	bbox = (474.6560, 1702.6760) - (474.6840, 1702.8360) on Layer M8
violation type: Min Step
	srcs: net:net24059
	bbox = (472.6080, 1701.5560) - (472.6360, 1701.7160) on Layer M8
violation type: Min Step
	srcs: net:reservation_station/_40983_
	bbox = (594.1440, 1707.0760) - (594.1720, 1707.2360) on Layer M8
violation type: Min Step
	srcs: net:net131211
	bbox = (662.6880, 1436.1160) - (662.7800, 1436.2760) on Layer M8
violation type: Min Step
	srcs: net:net16877
	bbox = (721.5680, 1701.7160) - (721.5960, 1701.8760) on Layer M8
violation type: Min Step
	srcs: net:net59665
	bbox = (842.5280, 1542.5960) - (842.5560, 1542.7560) on Layer M8
violation type: Min Step
	srcs: net:spad/reader/beatPacker/_08375_
	bbox = (925.3440, 2903.3960) - (925.3720, 2903.5560) on Layer M8
violation type: Min Step
	srcs: net:spad/vsm_1/in_bits_in_4\[1\]
	bbox = (1128.9920, 2298.7560) - (1129.0200, 2298.9160) on Layer M8
violation type: Min Step
	srcs: net:net101591
	bbox = (1279.8800, 2697.8760) - (1280.0600, 2698.0360) on Layer M8
violation type: Min Step
	srcs: net:net134505
	bbox = (1332.7680, 2434.6760) - (1332.7960, 2434.8360) on Layer M8
violation type: Min Step
	srcs: net:net134936
	bbox = (1335.5200, 2526.3560) - (1335.5480, 2526.5160) on Layer M8
violation type: Min Step
	srcs: net:net92975
	bbox = (1332.7040, 2540.6760) - (1332.7320, 2540.8360) on Layer M8
violation type: Min Step
	srcs: net:net135439
	bbox = (1359.1360, 2441.7160) - (1359.1640, 2441.8760) on Layer M8
violation type: Min Step
	srcs: net:net135676
	bbox = (1355.4240, 2662.4360) - (1355.4520, 2662.5960) on Layer M8
violation type: Min Step
	srcs: net:net134828
	bbox = (1366.6920, 2669.8760) - (1366.7200, 2670.0360) on Layer M8
violation type: Min Step
	srcs: net:spad/vsm_1/_0284_
	bbox = (1366.8160, 2676.7560) - (1366.8440, 2676.9160) on Layer M8
violation type: Min Step
	srcs: net:net108413
	bbox = (1370.6560, 2555.3960) - (1370.6840, 2555.5560) on Layer M8
violation type: Min Step
	srcs: net:net134757
	bbox = (1378.1600, 2661.7160) - (1378.3000, 2661.8760) on Layer M8
violation type: Min Step
	srcs: net:net92911
	bbox = (1388.7040, 2534.4360) - (1388.7320, 2534.5960) on Layer M8
violation type: Min Step
	srcs: net:net13524
	bbox = (1393.1200, 574.7560) - (1393.1480, 574.8360) on Layer M8
violation type: Min Step
	srcs: net:spad/acc_mems_0/_0278_
	bbox = (1396.8320, 2456.5960) - (1396.8600, 2456.7560) on Layer M8
violation type: Min Step
	srcs: net:net20926
	bbox = (1394.3360, 2669.3160) - (1394.3640, 2669.4760) on Layer M8
violation type: Min Step
	srcs: net:spad/_acc_mems_0_io_adder_op1_9_0\[14\]
	bbox = (1409.7600, 2509.5560) - (1409.7880, 2509.7160) on Layer M8
violation type: Min Step
	srcs: net:net55621
	bbox = (1409.3760, 2510.0360) - (1409.4040, 2510.1960) on Layer M8
violation type: Min Step
	srcs: net:net134709
	bbox = (1416.0320, 2503.1560) - (1416.0600, 2503.3160) on Layer M8
violation type: Min Step
	srcs: net:net134833
	bbox = (1446.0480, 2496.9160) - (1446.0760, 2497.0760) on Layer M8
violation type: Min Step
	srcs: net:net8568
	bbox = (1464.2880, 2630.5160) - (1464.3160, 2630.6760) on Layer M8
violation type: Min Step
	srcs: net:net56638
	bbox = (1485.2160, 1427.8760) - (1485.2440, 1428.0360) on Layer M8
violation type: Min Step
	srcs: net:spad/_acc_mems_1_io_adder_op1_5_0\[1\]
	bbox = (1500.3200, 2474.3560) - (1500.3480, 2474.5160) on Layer M8
violation type: Min Step
	srcs: net:net126455
	bbox = (1506.5320, 1178.5160) - (1506.5600, 1178.5960) on Layer M8
violation type: Min Step
	srcs: net:net91920
	bbox = (1545.6960, 2433.3160) - (1545.7240, 2433.4760) on Layer M8
violation type: Min Step
	srcs: net:net135019
	bbox = (1545.6320, 2637.4760) - (1545.6600, 2637.6360) on Layer M8
violation type: Min Step
	srcs: net:net134962
	bbox = (1561.8240, 2389.3960) - (1561.8520, 2389.5560) on Layer M8
violation type: Min Step
	srcs: net:net52704
	bbox = (1560.5440, 2477.9560) - (1560.5720, 2478.1160) on Layer M8
violation type: Min Step
	srcs: net:net8508
	bbox = (1574.8800, 2644.7560) - (1574.9080, 2644.9160) on Layer M8
violation type: Min Step
	srcs: net:net91975
	bbox = (1582.1160, 2472.6760) - (1582.1440, 2472.7560) on Layer M8
violation type: Min Step
	srcs: net:net10330
	bbox = (1620.1280, 2435.0760) - (1620.1560, 2435.2360) on Layer M8
violation type: Min Step
	srcs: net:net94134
	bbox = (1636.6400, 2698.1160) - (1636.6680, 2698.1960) on Layer M8
violation type: Min Step
	srcs: net:net55957
	bbox = (1729.5040, 2554.5160) - (1729.5320, 2554.6760) on Layer M8
violation type: Min Step
	srcs: net:ex_controller/mesh/mesh/mesh_11_4/tile_0_0/_0468_
	bbox = (1961.5040, 1790.9160) - (1961.5320, 1791.0760) on Layer M8
violation type: Min Step
	srcs: net:ex_controller/mesh/mesh/mesh_10_7/tile_0_0/_0266_
	bbox = (2391.7120, 2009.7960) - (2391.7400, 2009.9560) on Layer M8
violation type: Min Step
	srcs: net:ex_controller/mesh/mesh/mesh_15_11/tile_0_0/_0438_
	bbox = (2467.8080, 2592.0360) - (2467.8360, 2592.1960) on Layer M8
violation type: Min Step
	srcs: net:net73492
	bbox = (2505.3760, 717.1560) - (2505.4040, 717.3160) on Layer M8
violation type: Min Step
	srcs: net:ex_controller/mesh/mesh/mesh_13_15/tile_0_0/_0367_
	bbox = (2875.0400, 3100.6760) - (2875.1320, 3100.8360) on Layer M8
violation type: Min Step
	srcs: net:net114363
	bbox = (3087.2040, 1578.1960) - (3087.2320, 1578.3560) on Layer M8
violation type: Min Step
	srcs: net:mod_1/arb/_0726_
	bbox = (397.7920, 1176.8360) - (397.8200, 1176.9960) on Layer M8
violation type: Min Step
	srcs: net:net23579
	bbox = (464.2880, 1688.4360) - (464.3160, 1688.5960) on Layer M8
violation type: Min Step
	srcs: net:net23579
	bbox = (463.2360, 1688.5960) - (463.2360, 1688.6760) on Layer M8
violation type: Min Step
	srcs: net:net23579
	bbox = (463.2360, 1689.2360) - (463.2400, 1689.2360) on Layer M9
violation type: Min Step
	srcs: net:net23579
	bbox = (463.2400, 1689.3960) - (463.2400, 1689.4760) on Layer M9
violation type: Min Step
	srcs: net:net45495
	bbox = (486.3040, 1712.5160) - (486.3320, 1712.6760) on Layer M8
violation type: Min Step
	srcs: net:net32202
	bbox = (502.4320, 1727.4760) - (502.4600, 1727.6360) on Layer M8
violation type: Min Step
	srcs: net:net29855
	bbox = (518.1120, 1703.6360) - (518.1400, 1703.7960) on Layer M8
violation type: Min Step
	srcs: net:net108859
	bbox = (585.5040, 1363.0760) - (585.5320, 1363.2360) on Layer M8
violation type: Min Step
	srcs: net:net120421
	bbox = (690.9120, 1411.8760) - (690.9400, 1412.0360) on Layer M8
violation type: Min Step
	srcs: net:net59786
	bbox = (1205.0240, 1712.7560) - (1205.0520, 1712.9160) on Layer M8
violation type: Min Step
	srcs: net:spad/_acc_mems_0_io_adder_op1_8_0\[11\]
	bbox = (1267.6160, 2664.5960) - (1267.6440, 2664.7560) on Layer M8
violation type: Min Step
	srcs: net:spad/_acc_mems_0_io_adder_op1_0_0\[6\]
	bbox = (1283.6160, 2446.3560) - (1283.6440, 2446.5160) on Layer M8
violation type: Min Step
	srcs: net:spad/_acc_mems_0_io_adder_op1_9_0\[11\]
	bbox = (1295.9680, 2635.3160) - (1295.9960, 2635.4760) on Layer M8
violation type: Min Step
	srcs: net:spad/_acc_mems_0_io_adder_op1_15_0\[16\]
	bbox = (1319.9680, 2453.7160) - (1319.9960, 2453.8760) on Layer M8
violation type: Min Step
	srcs: net:net8433
	bbox = (1341.2800, 2476.9960) - (1341.3080, 2477.1560) on Layer M8
violation type: Min Step
	srcs: net:spad/_acc_mems_0_io_adder_op1_7_0\[10\]
	bbox = (1341.6360, 2496.8360) - (1341.7160, 2496.8360) on Layer M9
violation type: Min Step
	srcs: net:net28157
	bbox = (1395.7960, 2443.9600) - (1395.7960, 2444.0360) on Layer M8
violation type: Min Step
	srcs: net:net28157
	bbox = (1396.0360, 2443.9600) - (1396.0920, 2444.1960) on Layer M8
violation type: Min Step
	srcs: net:net135331
	bbox = (1397.0240, 2452.8360) - (1397.0520, 2452.9960) on Layer M8
violation type: Min Step
	srcs: net:net94107
	bbox = (1393.6960, 2663.1560) - (1393.7240, 2663.3160) on Layer M8
violation type: Min Step
	srcs: net:net84614
	bbox = (1401.9520, 600.5960) - (1401.9800, 600.7560) on Layer M8
violation type: Min Step
	srcs: net:mod/_28422_
	bbox = (1408.3520, 599.2360) - (1408.3800, 599.3960) on Layer M8
violation type: Min Step
	srcs: net:net134887
	bbox = (1423.3280, 2438.8360) - (1423.3560, 2438.9960) on Layer M8
violation type: Min Step
	srcs: net:net135026
	bbox = (1453.6360, 2545.5560) - (1453.6360, 2545.6360) on Layer M8
violation type: Min Step
	srcs: net:net135026
	bbox = (1453.7960, 2545.3960) - (1453.8760, 2545.5560) on Layer M8
violation type: Min Step
	srcs: net:net135026
	bbox = (1455.3280, 2545.5560) - (1455.3560, 2545.6360) on Layer M8
violation type: Min Step
	srcs: net:net135026
	bbox = (1461.1600, 2544.5960) - (1461.1600, 2544.6760) on Layer M8
violation type: Min Step
	srcs: net:net135026
	bbox = (1464.6080, 2544.5960) - (1464.6360, 2544.6760) on Layer M8
violation type: Min Step
	srcs: net:net43653
	bbox = (1493.1520, 2543.7160) - (1493.1800, 2543.8760) on Layer M8
violation type: Min Step
	srcs: net:net108408
	bbox = (1499.4240, 2515.3160) - (1499.4520, 2515.4760) on Layer M8
violation type: Min Step
	srcs: net:net135540
	bbox = (1507.6800, 2505.3960) - (1507.7080, 2505.5560) on Layer M8
violation type: Min Step
	srcs: net:net52699
	bbox = (1521.8000, 2506.0360) - (1521.8000, 2506.1160) on Layer M8
violation type: Min Step
	srcs: net:net52699
	bbox = (1524.9600, 2506.1160) - (1524.9880, 2506.2760) on Layer M8
violation type: Min Step
	srcs: net:net52699
	bbox = (1521.6400, 2506.1960) - (1521.6400, 2506.2760) on Layer M8
violation type: Min Step
	srcs: net:spad/_acc_mems_1_io_adder_op1_15_0\[13\]
	bbox = (1521.7880, 2544.5160) - (1521.7880, 2544.5960) on Layer M8
violation type: Min Step
	srcs: net:spad/vsm_1/in_bits_in_10\[2\]
	bbox = (1540.7040, 2416.8360) - (1540.7320, 2416.9960) on Layer M8
violation type: Min Step
	srcs: net:net91888
	bbox = (1540.7040, 2511.7960) - (1540.7320, 2511.9560) on Layer M8
violation type: Min Step
	srcs: net:net134799
	bbox = (1544.3520, 2672.6760) - (1544.3800, 2672.8360) on Layer M8
violation type: Min Step
	srcs: net:net117304
	bbox = (1560.2240, 2386.5960) - (1560.2520, 2386.7560) on Layer M8
violation type: Min Step
	srcs: net:net134462
	bbox = (1560.4800, 2469.2360) - (1560.5080, 2469.3960) on Layer M8
violation type: Min Step
	srcs: net:net139214
	bbox = (1569.5040, 2542.5160) - (1569.5320, 2542.6760) on Layer M8
violation type: Min Step
	srcs: net:net8478
	bbox = (1574.6240, 2635.3160) - (1574.6520, 2635.3960) on Layer M8
violation type: Min Step
	srcs: net:spad/_acc_mems_1_io_adder_op1_2_0\[13\]
	bbox = (1582.8160, 2467.7960) - (1582.8440, 2467.9560) on Layer M8
violation type: Min Step
	srcs: net:spad/_acc_mems_1_io_adder_op1_2_0\[25\]
	bbox = (1582.1120, 2468.1160) - (1582.1400, 2468.2760) on Layer M8
violation type: Min Step
	srcs: net:net52169
	bbox = (1582.1800, 2542.8360) - (1582.2080, 2542.9960) on Layer M8
violation type: Min Step
	srcs: net:net92359
	bbox = (1582.8160, 2552.4360) - (1582.8440, 2552.5960) on Layer M8
violation type: Min Step
	srcs: net:ex_controller/mesh/mesh/mesh_12_0_io_in_control_0_shift_pipe_b\[2\]
	bbox = (1721.8920, 1395.5560) - (1721.9200, 1395.7160) on Layer M8
violation type: Min Step
	srcs: net:spad/acc_adders/_0679_
	bbox = (1722.1160, 2514.1160) - (1722.1960, 2514.1160) on Layer M8
violation type: Min Step
	srcs: net:net134589
	bbox = (1743.4560, 2536.1960) - (1743.4840, 2536.3560) on Layer M8
violation type: Min Step
	srcs: net:spad/writer/_05022_
	bbox = (1756.6400, 2989.6360) - (1756.6680, 2989.7960) on Layer M8
violation type: Min Step
	srcs: net:spad/writer/_13165_
	bbox = (1756.0640, 2997.2360) - (1756.0920, 2997.3960) on Layer M8
violation type: Min Step
	srcs: net:net98441
	bbox = (1773.3440, 1699.4760) - (1773.3720, 1699.6360) on Layer M8
violation type: Min Step
	srcs: net:net43311
	bbox = (1782.5960, 2976.8360) - (1782.6760, 2976.8360) on Layer M8
violation type: Min Step
	srcs: net:net24210
	bbox = (1808.9320, 1281.5560) - (1808.9600, 1281.6360) on Layer M8
violation type: Min Step
	srcs: net:ex_controller/mesh/mesh/mesh_8_3/tile_0_0/_0325_
	bbox = (2175.7120, 1517.8760) - (2175.7400, 1518.0360) on Layer M8
violation type: Min Step
	srcs: net:net16338
	bbox = (2490.6560, 722.2760) - (2490.6840, 722.4360) on Layer M8
violation type: Min Step
	srcs: net:net73801
	bbox = (2491.5520, 729.9560) - (2491.5800, 730.1160) on Layer M8
violation type: Min Step
	srcs: net:ex_controller/mesh/mesh/mesh_11_9/tile_0_0/_0199_
	bbox = (2553.6320, 2224.5960) - (2553.6600, 2224.7560) on Layer M8
violation type: Min Step
	srcs: net:net63067
	bbox = (2936.4800, 1606.9960) - (2936.5080, 1607.1560) on Layer M8
violation type: Min Step
	srcs: net:net105743
	bbox = (232.7360, 1904.0360) - (232.7640, 1904.1960) on Layer M8
violation type: Min Step
	srcs: net:net70054
	bbox = (476.4480, 1669.8760) - (476.4760, 1670.0360) on Layer M8
violation type: Min Step
	srcs: net:net30126
	bbox = (512.6080, 1669.9560) - (512.6360, 1670.1160) on Layer M8
violation type: Min Step
	srcs: net:net23970
	bbox = (513.8880, 1692.8360) - (513.9160, 1692.9960) on Layer M8
violation type: Min Step
	srcs: net:clknet_8_26_0_clock
	bbox = (557.2800, 1427.1560) - (557.3080, 1427.3160) on Layer M8
violation type: Min Step
	srcs: net:net108898
	bbox = (598.9440, 1404.5960) - (598.9720, 1404.7560) on Layer M8
violation type: Min Step
	srcs: net:net23754
	bbox = (680.6720, 1691.6360) - (680.7000, 1691.7960) on Layer M8
violation type: Min Step
	srcs: net:net39670
	bbox = (929.1240, 2871.8760) - (929.1520, 2872.0360) on Layer M8
violation type: Min Step
	srcs: net:net109754
	bbox = (936.8000, 1464.9960) - (936.8280, 1465.1560) on Layer M8
violation type: Min Step
	srcs: net:mod/ld_weights/_024980_
	bbox = (944.8640, 1465.9560) - (944.8920, 1466.1160) on Layer M8
violation type: Min Step
	srcs: net:net59931
	bbox = (1127.7120, 1684.8360) - (1127.7400, 1684.9960) on Layer M8
violation type: Min Step
	srcs: net:net98356
	bbox = (1180.7680, 1707.3960) - (1180.7960, 1707.5560) on Layer M8
violation type: Min Step
	srcs: net:net84662
	bbox = (1240.4160, 582.8360) - (1240.4440, 582.9960) on Layer M8
violation type: Min Step
	srcs: net:net55747
	bbox = (1277.0240, 2321.3960) - (1277.0520, 2321.5560) on Layer M8
violation type: Min Step
	srcs: net:net134504
	bbox = (1285.1520, 2411.2360) - (1285.1800, 2411.3960) on Layer M8
violation type: Min Step
	srcs: net:net51616
	bbox = (1284.1920, 2508.0360) - (1284.2200, 2508.1960) on Layer M8
violation type: Min Step
	srcs: net:net117174
	bbox = (1307.4240, 2411.5560) - (1307.4520, 2411.7160) on Layer M8
violation type: Min Step
	srcs: net:net93207
	bbox = (1306.8480, 2420.8360) - (1306.8760, 2420.9960) on Layer M8
violation type: Min Step
	srcs: net:net92814
	bbox = (1307.4240, 2494.1960) - (1307.4520, 2494.3560) on Layer M8
violation type: Min Step
	srcs: net:net51667
	bbox = (1308.9600, 2531.7960) - (1308.9880, 2531.9560) on Layer M8
violation type: Min Step
	srcs: net:spad/_acc_mems_0_io_adder_op1_9_0\[7\]
	bbox = (1324.2560, 2654.2760) - (1324.2840, 2654.4360) on Layer M8
violation type: Min Step
	srcs: net:spad/acc_scale_unit/activated_data_e_scaled_muladder_2/mulAddRecFNToRaw_postMul/_0388_
	bbox = (1343.7120, 1700.8360) - (1343.7400, 1700.9960) on Layer M8
violation type: Min Step
	srcs: net:net94051
	bbox = (1354.9760, 2592.5960) - (1355.0040, 2592.7560) on Layer M8
violation type: Min Step
	srcs: net:net135480
	bbox = (1361.7600, 2511.4760) - (1361.7880, 2511.6360) on Layer M8
violation type: Min Step
	srcs: net:net94007
	bbox = (1360.6080, 2691.7960) - (1360.6360, 2691.9560) on Layer M8
violation type: Min Step
	srcs: net:net96559
	bbox = (1367.5840, 1527.7960) - (1367.6120, 1527.9560) on Layer M8
violation type: Min Step
	srcs: net:net135342
	bbox = (1367.7760, 2659.8760) - (1367.8040, 2660.0360) on Layer M8
violation type: Min Step
	srcs: net:net20787
	bbox = (1384.6720, 2517.5560) - (1384.7000, 2517.7160) on Layer M8
violation type: Min Step
	srcs: net:mod/_26511_
	bbox = (1390.6280, 565.3960) - (1390.6560, 565.5560) on Layer M8
violation type: Min Step
	srcs: net:net50433
	bbox = (1397.0240, 566.6760) - (1397.0520, 566.8360) on Layer M8
violation type: Min Step
	srcs: net:net94186
	bbox = (1398.4320, 2698.2760) - (1398.4600, 2698.4360) on Layer M8
violation type: Min Step
	srcs: net:net134709
	bbox = (1414.1800, 2503.0760) - (1414.2080, 2503.1560) on Layer M8
violation type: Min Step
	srcs: net:net134709
	bbox = (1415.3160, 2503.0760) - (1415.3160, 2503.1560) on Layer M8
violation type: Min Step
	srcs: net:net13524
	bbox = (1421.0240, 574.6760) - (1421.0520, 574.8360) on Layer M8
violation type: Min Step
	srcs: net:net119446
	bbox = (1429.9840, 2638.8360) - (1430.0120, 2638.9960) on Layer M8
violation type: Min Step
	srcs: net:net119446
	bbox = (1435.8080, 2638.9160) - (1435.8360, 2639.0760) on Layer M8
violation type: Min Step
	srcs: net:net91637
	bbox = (1442.9760, 2484.9160) - (1443.0040, 2485.0760) on Layer M8
violation type: Min Step
	srcs: net:net108379
	bbox = (1453.1560, 2509.2360) - (1453.2200, 2509.2360) on Layer M8
violation type: Min Step
	srcs: net:net135653
	bbox = (1467.4880, 2410.4360) - (1467.5160, 2410.5960) on Layer M8
violation type: Min Step
	srcs: net:net71806
	bbox = (1473.6320, 634.3560) - (1473.6600, 634.5160) on Layer M8
violation type: Min Step
	srcs: net:ex_controller/mesh/mesh/mesh_14_0/tile_0_0/_0377_
	bbox = (1472.8640, 1481.1560) - (1472.8920, 1481.3160) on Layer M8
violation type: Min Step
	srcs: net:net134530
	bbox = (1481.4400, 2425.7960) - (1481.4680, 2425.9560) on Layer M8
violation type: Min Step
	srcs: net:net91425
	bbox = (1480.4800, 2509.7160) - (1480.5080, 2509.8760) on Layer M8
violation type: Min Step
	srcs: net:net134885
	bbox = (1505.8240, 2479.2360) - (1505.8520, 2479.3960) on Layer M8
violation type: Min Step
	srcs: net:net134765
	bbox = (1505.6320, 2652.2760) - (1505.6600, 2652.4360) on Layer M8
violation type: Min Step
	srcs: net:spad/_acc_mems_1_io_adder_op1_3_0\[11\]
	bbox = (1520.9920, 2653.1560) - (1521.0200, 2653.3160) on Layer M8
violation type: Min Step
	srcs: net:spad/_acc_mems_1_io_adder_op1_3_0\[11\]
	bbox = (1519.5560, 2653.3160) - (1519.6360, 2653.3160) on Layer M9
violation type: Min Step
	srcs: net:net93714
	bbox = (1525.0760, 2510.6760) - (1525.2440, 2510.8360) on Layer M8
violation type: Min Step
	srcs: net:net134732
	bbox = (1525.2800, 2653.2360) - (1525.3080, 2653.3960) on Layer M8
violation type: Min Step
	srcs: net:net91250
	bbox = (1541.0880, 2426.5960) - (1541.1160, 2426.7560) on Layer M8
violation type: Min Step
	srcs: net:spad/_acc_mems_1_io_adder_op1_0_0\[3\]
	bbox = (1542.3040, 2676.7560) - (1542.3320, 2676.9160) on Layer M8
violation type: Min Step
	srcs: net:net91622
	bbox = (1550.7520, 2651.5560) - (1550.7800, 2651.7160) on Layer M8
violation type: Min Step
	srcs: net:net135474
	bbox = (1548.6400, 2651.2360) - (1548.6680, 2651.3960) on Layer M8
violation type: Min Step
	srcs: net:net134462
	bbox = (1558.7520, 2470.5160) - (1558.7800, 2470.6760) on Layer M8
violation type: Min Step
	srcs: net:net91945
	bbox = (1571.6160, 2624.9160) - (1571.6440, 2625.0760) on Layer M8
violation type: Min Step
	srcs: net:net78375
	bbox = (1580.0640, 2645.3160) - (1580.0920, 2645.4760) on Layer M8
violation type: Min Step
	srcs: net:net134473
	bbox = (1593.8240, 2386.5960) - (1593.8520, 2386.7560) on Layer M8
violation type: Min Step
	srcs: net:net74258
	bbox = (1608.6720, 1404.9160) - (1608.7000, 1405.0760) on Layer M8
violation type: Min Step
	srcs: net:net59557
	bbox = (1684.3840, 1518.4360) - (1684.4120, 1518.5960) on Layer M8
violation type: Min Step
	srcs: net:spad/_acc_mems_1_io_adder_op1_11_0\[16\]
	bbox = (1693.5360, 2455.3960) - (1693.5640, 2455.5560) on Layer M8
violation type: Min Step
	srcs: net:clknet_10_498_0_clock
	bbox = (1769.6320, 2970.1960) - (1769.6600, 2970.3560) on Layer M8
violation type: Min Step
	srcs: net:net44814
	bbox = (1776.6080, 2955.1560) - (1776.6360, 2955.3160) on Layer M8
violation type: Min Step
	srcs: net:net44782
	bbox = (1776.4160, 2970.2760) - (1776.4440, 2970.4360) on Layer M8
violation type: Min Step
	srcs: net:spad/writer/_09867_
	bbox = (1774.3680, 2970.6760) - (1774.3960, 2970.8360) on Layer M8
violation type: Min Step
	srcs: net:ex_controller/mesh/mesh/mesh_15_5/tile_0_0/_0763_
	bbox = (1783.4560, 1985.8760) - (1783.4840, 1986.0360) on Layer M8
violation type: Min Step
	srcs: net:net38086
	bbox = (1790.5960, 1479.4760) - (1790.6560, 1479.5200) on Layer M8
violation type: Min Step
	srcs: net:net26567
	bbox = (1964.4480, 1699.4760) - (1964.4760, 1699.6360) on Layer M8
violation type: Min Step
	srcs: net:ex_controller/mesh/mesh/mesh_12_5/tile_0_0/_0402_
	bbox = (2017.3800, 1911.9560) - (2017.4080, 1912.1160) on Layer M8
violation type: Min Step
	srcs: net:net67995
	bbox = (2035.3600, 975.0760) - (2035.3880, 975.2360) on Layer M8
violation type: Min Step
	srcs: net:ex_controller/mesh/mesh/mesh_10_3/tile_0_0/_0336_
	bbox = (2070.3040, 1609.9560) - (2070.3320, 1610.1160) on Layer M8
violation type: Min Step
	srcs: net:ex_controller/mesh/mesh/mesh_14_9/tile_0_0/_0340_
	bbox = (2357.7920, 2366.1160) - (2357.8200, 2366.2760) on Layer M8
violation type: Min Step
	srcs: net:ex_controller/mesh/mesh/mesh_1_1/tile_0_0/_0210_
	bbox = (2486.1760, 719.7960) - (2486.2040, 719.9560) on Layer M8
violation type: Min Step
	srcs: net:ex_controller/mesh/mesh/mesh_10_9/tile_0_0/_0256_
	bbox = (2636.8960, 2162.8360) - (2636.9240, 2162.9960) on Layer M8
violation type: Min Step
	srcs: net:net26708
	bbox = (2643.9360, 1398.6760) - (2643.9640, 1398.7560) on Layer M8
violation type: Min Step
	srcs: net:ex_controller/mesh/mesh/mesh_5_8/tile_0_0/_0483_
	bbox = (2712.7360, 1700.2760) - (2712.7640, 1700.4360) on Layer M8
violation type: Min Step
	srcs: net:ex_controller/mesh/mesh/mesh_5_9/tile_0_0/_0355_
	bbox = (2879.1360, 1753.1560) - (2879.1640, 1753.3160) on Layer M8
violation type: Min Step
	srcs: net:net95941
	bbox = (3121.6320, 1965.1560) - (3121.6600, 1965.3160) on Layer M8
violation type: Min Step
	srcs: net:net16872
	bbox = (362.7200, 1689.5560) - (362.7480, 1689.7160) on Layer M8
violation type: Min Step
	srcs: net:net23899
	bbox = (383.7160, 1690.9160) - (383.7160, 1690.9960) on Layer M8
violation type: Min Step
	srcs: net:net23899
	bbox = (383.8760, 1690.9160) - (384.0600, 1691.1560) on Layer M8
violation type: Min Step
	srcs: net:net23614
	bbox = (409.5560, 1689.7400) - (409.5560, 1689.8760) on Layer M8
violation type: Min Step
	srcs: net:reservation_station/_00570_
	bbox = (459.3600, 1810.6760) - (459.3880, 1810.8360) on Layer M8
violation type: Min Step
	srcs: net:net56894
	bbox = (467.7440, 2059.3160) - (467.7720, 2059.4760) on Layer M8
violation type: Min Step
	srcs: net:net45495
	bbox = (500.0640, 1712.7560) - (500.0920, 1712.9160) on Layer M8
violation type: Min Step
	srcs: net:net45550
	bbox = (519.3960, 1819.1560) - (519.4240, 1819.2360) on Layer M8
violation type: Min Step
	srcs: net:net62219
	bbox = (520.3520, 1817.7160) - (520.3800, 1817.8760) on Layer M8
violation type: Min Step
	srcs: net:net81573
	bbox = (529.1840, 1287.4760) - (529.2120, 1287.6360) on Layer M8
violation type: Min Step
	srcs: net:mod_1/_00464_
	bbox = (528.0960, 1296.3560) - (528.1240, 1296.5160) on Layer M8
violation type: Min Step
	srcs: net:net75426
	bbox = (528.6720, 1887.8760) - (528.7000, 1888.0360) on Layer M8
violation type: Min Step
	srcs: net:mod_1/arb/_0387_
	bbox = (573.9200, 1295.4760) - (573.9480, 1295.6360) on Layer M8
violation type: Min Step
	srcs: net:spad/vsm/pipe_2/out_bits_data_muladder/mulAddRecFNToRaw_preMul/mainAlignedSigC\[8\]
	bbox = (701.7920, 2261.8760) - (701.8200, 2262.0360) on Layer M8
violation type: Min Step
	srcs: net:net58222
	bbox = (867.4880, 1432.4360) - (867.5160, 1432.5960) on Layer M8
violation type: Min Step
	srcs: net:spad/reader/beatPacker/_09128_
	bbox = (936.4160, 2852.5160) - (936.4440, 2852.6760) on Layer M8
violation type: Min Step
	srcs: net:net66436
	bbox = (1102.3040, 1702.4360) - (1102.3320, 1702.5960) on Layer M8
violation type: Min Step
	srcs: net:spad/_04059_
	bbox = (1263.3960, 2672.5960) - (1263.4240, 2672.7560) on Layer M8
violation type: Min Step
	srcs: net:net61803
	bbox = (1276.7040, 1402.2760) - (1276.7320, 1402.4360) on Layer M8
violation type: Min Step
	srcs: net:net83133
	bbox = (1284.5760, 609.9560) - (1284.6040, 610.1160) on Layer M8
violation type: Min Step
	srcs: net:net66754
	bbox = (1285.9200, 1402.2760) - (1285.9480, 1402.4360) on Layer M8
violation type: Min Step
	srcs: net:spad/_acc_mems_0_io_adder_op1_2_0\[18\]
	bbox = (1285.1520, 2428.1160) - (1285.1800, 2428.2760) on Layer M8
violation type: Min Step
	srcs: net:net78082
	bbox = (1285.2160, 2560.7560) - (1285.2440, 2560.9160) on Layer M8
violation type: Min Step
	srcs: net:net139285
	bbox = (1284.8320, 2657.0760) - (1284.8600, 2657.2360) on Layer M8
violation type: Min Step
	srcs: net:spad/_acc_mems_0_io_adder_op1_10_0\[9\]
	bbox = (1292.8960, 2513.3960) - (1292.9240, 2513.5560) on Layer M8
violation type: Min Step
	srcs: net:net93363
	bbox = (1290.5280, 2651.3960) - (1290.5560, 2651.5560) on Layer M8
violation type: Min Step
	srcs: net:net52640
	bbox = (1291.4880, 2647.3960) - (1291.5160, 2647.5560) on Layer M8
violation type: Min Step
	srcs: net:net101962
	bbox = (1292.9600, 2662.7560) - (1292.9880, 2662.9160) on Layer M8
violation type: Min Step
	srcs: net:spad/_acc_mems_0_io_adder_op1_5_0\[29\]
	bbox = (1307.6160, 2506.3560) - (1307.6440, 2506.5160) on Layer M8
violation type: Min Step
	srcs: net:spad/_acc_mems_0_io_adder_op1_11_0\[18\]
	bbox = (1306.9760, 2521.7960) - (1307.0040, 2521.9560) on Layer M8
violation type: Min Step
	srcs: net:net137744
	bbox = (1314.5920, 2519.2360) - (1314.6200, 2519.3960) on Layer M8
violation type: Min Step
	srcs: net:net134732
	bbox = (1315.9400, 2650.2760) - (1315.9400, 2650.3560) on Layer M8
violation type: Min Step
	srcs: net:spad/_acc_mems_0_io_adder_op1_7_0\[0\]
	bbox = (1320.8640, 2438.4360) - (1320.8920, 2438.5960) on Layer M8
violation type: Min Step
	srcs: net:net94209
	bbox = (1324.1920, 2680.3560) - (1324.2200, 2680.5160) on Layer M8
violation type: Min Step
	srcs: net:net106114
	bbox = (1322.0160, 2757.2360) - (1322.0440, 2757.3960) on Layer M8
violation type: Min Step
	srcs: net:net77447
	bbox = (1338.9120, 2648.4360) - (1338.9400, 2648.5960) on Layer M8
violation type: Min Step
	srcs: net:net65882
	bbox = (1344.2880, 1492.1160) - (1344.3160, 1492.2760) on Layer M8
violation type: Min Step
	srcs: net:spad/_acc_mems_0_io_adder_op1_7_0\[10\]
	bbox = (1345.7600, 2499.2360) - (1345.7880, 2499.3960) on Layer M8
violation type: Min Step
	srcs: net:net101764
	bbox = (1344.8040, 2590.8360) - (1344.8320, 2590.9960) on Layer M8
violation type: Min Step
	srcs: net:net93643
	bbox = (1360.6720, 2620.8360) - (1360.7000, 2620.9960) on Layer M8
violation type: Min Step
	srcs: net:net94007
	bbox = (1361.3760, 2687.8760) - (1361.4040, 2688.0360) on Layer M8
violation type: Min Step
	srcs: net:net92646
	bbox = (1366.8160, 2596.7560) - (1366.8440, 2596.9160) on Layer M8
violation type: Min Step
	srcs: net:net93730
	bbox = (1367.2640, 2680.2760) - (1367.2920, 2680.4360) on Layer M8
violation type: Min Step
	srcs: net:net135342
	bbox = (1382.2720, 2662.6600) - (1382.2720, 2662.6760) on Layer M8
violation type: Min Step
	srcs: net:net135342
	bbox = (1382.4360, 2662.6600) - (1382.4600, 2662.8360) on Layer M8
violation type: Min Step
	srcs: net:spad/acc_adders/m_6/_031_
	bbox = (1391.5240, 2498.1160) - (1391.5520, 2498.2760) on Layer M8
violation type: Min Step
	srcs: net:mod/_25680_
	bbox = (1404.0000, 585.7960) - (1404.0280, 585.9560) on Layer M8
violation type: Min Step
	srcs: net:net93116
	bbox = (1420.7680, 2604.1960) - (1420.7960, 2604.3560) on Layer M8
violation type: Min Step
	srcs: net:net71925
	bbox = (1430.2400, 652.6760) - (1430.2680, 652.8360) on Layer M8
violation type: Min Step
	srcs: net:net83181
	bbox = (1436.9600, 609.9560) - (1436.9880, 610.1160) on Layer M8
violation type: Min Step
	srcs: net:net14732
	bbox = (1434.3560, 2439.1560) - (1434.4920, 2439.3160) on Layer M8
violation type: Min Step
	srcs: net:net91321
	bbox = (1437.4080, 2473.4760) - (1437.4360, 2473.6360) on Layer M8
violation type: Min Step
	srcs: net:net134833
	bbox = (1437.5600, 2496.3560) - (1437.5600, 2496.4360) on Layer M8
violation type: Min Step
	srcs: net:net135626
	bbox = (1444.5760, 2438.0360) - (1444.6040, 2438.1960) on Layer M8
violation type: Min Step
	srcs: net:net119179
	bbox = (1441.9520, 2588.0360) - (1441.9800, 2588.1960) on Layer M8
violation type: Min Step
	srcs: net:net135219
	bbox = (1464.8680, 2452.8360) - (1464.8960, 2452.9960) on Layer M8
violation type: Min Step
	srcs: net:net134469
	bbox = (1466.7200, 2565.5560) - (1466.7480, 2565.7160) on Layer M8
violation type: Min Step
	srcs: net:net93999
	bbox = (1464.6720, 2685.3160) - (1464.7000, 2685.4760) on Layer M8
violation type: Min Step
	srcs: net:mod/_27305_
	bbox = (1473.9520, 591.0760) - (1473.9800, 591.2360) on Layer M8
violation type: Min Step
	srcs: net:net8502
	bbox = (1489.3760, 2497.3160) - (1489.4040, 2497.4760) on Layer M8
violation type: Min Step
	srcs: net:spad/_acc_mems_1_io_adder_op1_5_0\[23\]
	bbox = (1490.9760, 2657.8760) - (1491.0040, 2658.0360) on Layer M8
violation type: Min Step
	srcs: net:net135475
	bbox = (1489.4400, 2656.5160) - (1489.4680, 2656.6760) on Layer M8
violation type: Min Step
	srcs: net:spad/acc_mems_1/_1839_
	bbox = (1517.5360, 2454.6760) - (1517.5640, 2454.8360) on Layer M8
violation type: Min Step
	srcs: net:net52699
	bbox = (1519.1000, 2506.1960) - (1519.1000, 2506.2760) on Layer M8
violation type: Min Step
	srcs: net:net52699
	bbox = (1518.9400, 2505.9560) - (1518.9400, 2506.0360) on Layer M8
violation type: Min Step
	srcs: net:net52699
	bbox = (1519.2360, 2505.9560) - (1519.2360, 2506.0360) on Layer M8
violation type: Min Step
	srcs: net:net8420
	bbox = (1534.3040, 2506.3560) - (1534.3320, 2506.5160) on Layer M8
violation type: Min Step
	srcs: net:net52814
	bbox = (1548.6440, 2643.9560) - (1548.6720, 2644.0360) on Layer M8
violation type: Min Step
	srcs: net:net52814
	bbox = (1548.8360, 2643.9560) - (1548.8600, 2644.1960) on Layer M8
violation type: Min Step
	srcs: net:spad/_acc_mems_1_io_adder_op1_6_0\[7\]
	bbox = (1547.7440, 2655.1560) - (1547.7720, 2655.3160) on Layer M8
violation type: Min Step
	srcs: net:ex_controller/mesh/mesh/mesh_14_1/tile_0_0/_0262_
	bbox = (1558.6240, 1529.5560) - (1558.6520, 1529.7160) on Layer M8
violation type: Min Step
	srcs: net:net108244
	bbox = (1556.3840, 2628.6760) - (1556.4120, 2628.8360) on Layer M8
violation type: Min Step
	srcs: net:net8431
	bbox = (1562.8480, 2474.9160) - (1562.8760, 2475.0760) on Layer M8
violation type: Min Step
	srcs: net:net139214
	bbox = (1566.6200, 2542.9960) - (1566.6200, 2543.0760) on Layer M8
violation type: Min Step
	srcs: net:net135481
	bbox = (1578.2720, 2416.1160) - (1578.3000, 2416.2760) on Layer M8
violation type: Min Step
	srcs: net:spad/_acc_mems_1_io_adder_op1_10_0\[29\]
	bbox = (1580.9000, 2534.5160) - (1580.9280, 2534.6760) on Layer M8
violation type: Min Step
	srcs: net:net108430
	bbox = (1579.4240, 2658.8360) - (1579.4520, 2658.9960) on Layer M8
violation type: Min Step
	srcs: net:net108430
	bbox = (1578.1440, 2658.9960) - (1578.1440, 2659.0400) on Layer M8
violation type: Min Step
	srcs: net:spad/_acc_mems_1_io_adder_op1_2_0\[7\]
	bbox = (1580.8960, 2657.0760) - (1580.9240, 2657.2360) on Layer M8
violation type: Min Step
	srcs: net:net92152
	bbox = (1589.3440, 2513.3160) - (1589.3720, 2513.4760) on Layer M8
violation type: Min Step
	srcs: net:net14084
	bbox = (1585.3800, 2534.5160) - (1585.4080, 2534.6760) on Layer M8
violation type: Min Step
	srcs: net:net135084
	bbox = (1585.9520, 2541.8760) - (1585.9800, 2542.0360) on Layer M8
violation type: Min Step
	srcs: net:net93839
	bbox = (1693.9840, 2664.0360) - (1694.0120, 2664.1960) on Layer M8
violation type: Min Step
	srcs: net:mod/ld_input/_03534_
	bbox = (1723.3600, 238.2760) - (1723.3880, 238.4360) on Layer M8
violation type: Min Step
	srcs: net:net42218
	bbox = (1759.5240, 2996.1160) - (1759.5520, 2996.2760) on Layer M8
violation type: Min Step
	srcs: net:net38396
	bbox = (1782.6240, 3002.6760) - (1782.6520, 3002.8360) on Layer M8
violation type: Min Step
	srcs: net:clknet_10_498_0_clock
	bbox = (1784.4800, 3003.6360) - (1784.5080, 3003.7960) on Layer M8
violation type: Min Step
	srcs: net:spad/writer/_00049_
	bbox = (1785.1840, 3002.7560) - (1785.2120, 3002.9160) on Layer M8
violation type: Min Step
	srcs: net:ex_controller/mesh/mesh/mesh_9_0/tile_0_0/_0256_
	bbox = (1837.7280, 1204.9960) - (1837.7560, 1205.1560) on Layer M8
violation type: Min Step
	srcs: net:ex_controller/mesh/mesh/mesh_12_4/tile_0_0/_0246_
	bbox = (1860.1280, 1817.5560) - (1860.1560, 1817.7160) on Layer M8
violation type: Min Step
	srcs: net:ex_controller/mesh/mesh/mesh_12_3/tile_0_0/_0286_
	bbox = (1873.4400, 1704.7560) - (1873.4680, 1704.9160) on Layer M8
violation type: Min Step
	srcs: net:ex_controller/_05547_
	bbox = (2138.0800, 645.4760) - (2138.1080, 645.6360) on Layer M8
violation type: Min Step
	srcs: net:net79355
	bbox = (2139.0400, 728.5160) - (2139.0680, 728.6760) on Layer M8
violation type: Min Step
	srcs: net:net113630
	bbox = (2138.7840, 932.1160) - (2138.8120, 932.2760) on Layer M8
violation type: Min Step
	srcs: net:spad/acc_scale_unit/activated_data_e_scaled_muladder_9/mulAddRecFNToRaw_postMul/_1259_
	bbox = (2138.9120, 2468.4360) - (2138.9400, 2468.5960) on Layer M8
violation type: Min Step
	srcs: net:spad/acc_scale_unit/activated_data_e_scaled_muladder_10/_0007_
	bbox = (2160.1600, 2673.7960) - (2160.1880, 2673.9560) on Layer M8
violation type: Min Step
	srcs: net:ex_controller/mesh/mesh/mesh_8_3/tile_0_0/_0820_
	bbox = (2183.2640, 1531.0760) - (2183.2920, 1531.2360) on Layer M8
violation type: Min Step
	srcs: net:ex_controller/mesh/mesh/mesh_6_3/tile_0_0/_0383_
	bbox = (2206.8800, 1370.6760) - (2206.9080, 1370.8360) on Layer M8
violation type: Min Step
	srcs: net:spad/acc_scale_unit/activated_data_e_scaled_muladder_10/roundRawFNToRecFN/roundAnyRawFNToRecFN/_0217_
	bbox = (2260.1280, 2619.1560) - (2260.1560, 2619.3160) on Layer M8
violation type: Min Step
	srcs: net:ex_controller/mesh/mesh/mesh_5_4/tile_0_0/_0653_
	bbox = (2313.8880, 1440.5160) - (2313.9160, 1440.6760) on Layer M8
violation type: Min Step
	srcs: net:net98459
	bbox = (2312.4160, 1691.0760) - (2312.4440, 1691.2360) on Layer M8
violation type: Min Step
	srcs: net:ex_controller/mesh/mesh/mesh_9_6/tile_0_0/_0286_
	bbox = (2379.4880, 1854.1960) - (2379.5160, 1854.3560) on Layer M8
violation type: Min Step
	srcs: net:spad/acc_scale_unit/activated_data_e_scaled_rec_fn_to_in_12/_0164_
	bbox = (2412.4520, 2689.2360) - (2412.4800, 2689.3960) on Layer M8
violation type: Min Step
	srcs: net:ex_controller/mesh/mesh/mesh_1_1/tile_0_0/_0314_
	bbox = (2472.6720, 731.2360) - (2472.7000, 731.3960) on Layer M8
violation type: Min Step
	srcs: net:net73611
	bbox = (2501.9840, 654.5960) - (2502.0120, 654.7560) on Layer M8
violation type: Min Step
	srcs: net:net16008
	bbox = (2515.4880, 1691.3160) - (2515.5160, 1691.4760) on Layer M8
violation type: Min Step
	srcs: net:ex_controller/mesh/mesh/mesh_1_5/tile_0_0/_0417_
	bbox = (2556.6400, 1196.9160) - (2556.6680, 1197.0760) on Layer M8
violation type: Min Step
	srcs: net:ex_controller/mesh/mesh/mesh_0_2/tile_0_0/_0426_
	bbox = (2564.0640, 880.6760) - (2564.0920, 880.8360) on Layer M8
violation type: Min Step
	srcs: net:ex_controller/mesh/mesh/mesh_15_13/tile_0_0/_0336_
	bbox = (2607.7120, 2832.9160) - (2607.7400, 2833.0760) on Layer M8
violation type: Min Step
	srcs: net:ex_controller/mesh/mesh/mesh_0_6/tile_0_0/_0240_
	bbox = (2698.4000, 1009.6360) - (2698.4280, 1009.7960) on Layer M8
violation type: Min Step
	srcs: net:ex_controller/mesh/mesh/mesh_5_8/tile_0_0/_0199_
	bbox = (2727.3920, 1690.1960) - (2727.4200, 1690.3560) on Layer M8
violation type: Min Step
	srcs: net:net105140
	bbox = (2766.7520, 3162.7560) - (2766.7800, 3162.9160) on Layer M8
violation type: Min Step
	srcs: net:ex_controller/mesh/mesh/mesh_0_12/tile_0_0/_0056_
	bbox = (3152.0320, 1150.5160) - (3152.0600, 1150.6760) on Layer M8
violation type: Min Step
	srcs: net:net40344
	bbox = (443.4880, 1687.0760) - (443.5160, 1687.2360) on Layer M8
violation type: Min Step
	srcs: net:net17020
	bbox = (447.7120, 1675.8760) - (447.7400, 1676.0360) on Layer M8
violation type: Min Step
	srcs: net:net45266
	bbox = (455.5200, 1815.9560) - (455.5480, 1816.1160) on Layer M8
violation type: Min Step
	srcs: net:net57589
	bbox = (478.3680, 1709.2360) - (478.3960, 1709.3960) on Layer M8
violation type: Min Step
	srcs: net:net102843
	bbox = (523.9360, 1389.3960) - (523.9640, 1389.5560) on Layer M8
violation type: Min Step
	srcs: net:net131377
	bbox = (523.6160, 1442.8360) - (523.6440, 1442.9960) on Layer M8
violation type: Min Step
	srcs: net:net45096
	bbox = (541.0880, 1769.8760) - (541.1160, 1770.0360) on Layer M8
violation type: Min Step
	srcs: net:net24024
	bbox = (595.0000, 1699.7160) - (595.0000, 1699.7960) on Layer M8
violation type: Min Step
	srcs: net:net37494
	bbox = (636.7680, 1572.1960) - (636.7960, 1572.3560) on Layer M8
violation type: Min Step
	srcs: net:net8776
	bbox = (746.4000, 2631.1560) - (746.4280, 2631.3160) on Layer M8
violation type: Min Step
	srcs: net:net66896
	bbox = (768.9920, 1435.3960) - (769.0200, 1435.5560) on Layer M8
violation type: Min Step
	srcs: net:mod/ld_weights/_042903_
	bbox = (843.4880, 1224.6760) - (843.5160, 1224.8360) on Layer M8
violation type: Min Step
	srcs: net:net37597
	bbox = (865.1840, 1686.5960) - (865.2120, 1686.7560) on Layer M8
violation type: Min Step
	srcs: net:net29030
	bbox = (955.6160, 2903.4760) - (955.6440, 2903.6360) on Layer M8
violation type: Min Step
	srcs: net:net98469
	bbox = (1053.6640, 1701.3960) - (1053.6920, 1701.5560) on Layer M8
violation type: Min Step
	srcs: net:spad/acc_scale_unit/activated_data_e_scaled_muladder/_0015_
	bbox = (1076.0640, 2138.8360) - (1076.0920, 2138.9960) on Layer M8
violation type: Min Step
	srcs: net:spad/_vsm_in_q_1_io_deq_bits_in_11\[22\]
	bbox = (1101.6640, 2652.8360) - (1101.6920, 2652.9960) on Layer M8
violation type: Min Step
	srcs: net:net94578
	bbox = (1124.3840, 725.1560) - (1124.4120, 725.3160) on Layer M8
violation type: Min Step
	srcs: net:net90475
	bbox = (1177.1840, 1685.7960) - (1177.2120, 1685.9560) on Layer M8
violation type: Min Step
	srcs: net:net134884
	bbox = (1265.6680, 2480.1160) - (1265.6680, 2480.1960) on Layer M8
violation type: Min Step
	srcs: net:net101756
	bbox = (1287.3280, 2495.5560) - (1287.3560, 2495.7160) on Layer M8
violation type: Min Step
	srcs: net:spad/_acc_mems_0_io_adder_op1_7_0\[20\]
	bbox = (1294.8400, 2500.2760) - (1294.8400, 2500.3560) on Layer M8
violation type: Min Step
	srcs: net:net77380
	bbox = (1294.3680, 2684.5960) - (1294.3960, 2684.7560) on Layer M8
violation type: Min Step
	srcs: net:net35134
	bbox = (1305.2480, 2450.3560) - (1305.2760, 2450.5160) on Layer M8
violation type: Min Step
	srcs: net:net135603
	bbox = (1318.4320, 2645.0760) - (1318.4600, 2645.2360) on Layer M8
violation type: Min Step
	srcs: net:net51856
	bbox = (1334.3680, 2531.4760) - (1334.3960, 2531.6360) on Layer M8
violation type: Min Step
	srcs: net:net82571
	bbox = (1363.3600, 1209.3160) - (1363.3880, 1209.4760) on Layer M8
violation type: Min Step
	srcs: net:net93792
	bbox = (1365.4720, 2533.3160) - (1365.5000, 2533.4760) on Layer M8
violation type: Min Step
	srcs: net:net93022
	bbox = (1371.1680, 2602.1160) - (1371.1960, 2602.2760) on Layer M8
violation type: Min Step
	srcs: net:net94143
	bbox = (1378.9760, 2683.6360) - (1379.0040, 2683.7960) on Layer M8
violation type: Min Step
	srcs: net:net84000
	bbox = (1400.2240, 602.4360) - (1400.2520, 602.5960) on Layer M8
violation type: Min Step
	srcs: net:mod/_05343_
	bbox = (1417.2480, 642.4360) - (1417.2760, 642.5960) on Layer M8
violation type: Min Step
	srcs: net:net91321
	bbox = (1430.5600, 2473.3960) - (1430.5880, 2473.5560) on Layer M8
violation type: Min Step
	srcs: net:net95014
	bbox = (1440.9280, 642.0360) - (1440.9560, 642.1960) on Layer M8
violation type: Min Step
	srcs: net:net134463
	bbox = (1439.9680, 2410.1160) - (1439.9960, 2410.2760) on Layer M8
violation type: Min Step
	srcs: net:net101766
	bbox = (1470.4960, 2410.5160) - (1470.5240, 2410.6760) on Layer M8
violation type: Min Step
	srcs: net:net134421
	bbox = (1469.6640, 2471.9560) - (1469.6920, 2472.1160) on Layer M8
violation type: Min Step
	srcs: net:net130998
	bbox = (1484.3200, 967.3960) - (1484.3480, 967.5560) on Layer M8
violation type: Min Step
	srcs: net:net134628
	bbox = (1501.4080, 2396.8360) - (1501.4360, 2396.9960) on Layer M8
violation type: Min Step
	srcs: net:net134720
	bbox = (1506.6560, 2502.2760) - (1506.6840, 2502.4360) on Layer M8
violation type: Min Step
	srcs: net:net134756
	bbox = (1515.6160, 2456.7560) - (1515.6440, 2456.9160) on Layer M8
violation type: Min Step
	srcs: net:net134824
	bbox = (1523.5520, 2456.0360) - (1523.5800, 2456.1960) on Layer M8
violation type: Min Step
	srcs: net:net101940
	bbox = (1521.8240, 2690.9160) - (1521.8520, 2691.0760) on Layer M8
violation type: Min Step
	srcs: net:net91683
	bbox = (1532.1280, 2435.3960) - (1532.1560, 2435.5560) on Layer M8
violation type: Min Step
	srcs: net:net139268
	bbox = (1531.8880, 2456.4360) - (1531.8880, 2456.5160) on Layer M8
violation type: Min Step
	srcs: net:net91380
	bbox = (1529.2480, 2485.3960) - (1529.2760, 2485.5560) on Layer M8
violation type: Min Step
	srcs: net:net135564
	bbox = (1543.9040, 2424.5160) - (1543.9320, 2424.6760) on Layer M8
violation type: Min Step
	srcs: net:net134742
	bbox = (1547.7440, 2494.1960) - (1547.7720, 2494.3560) on Layer M8
violation type: Min Step
	srcs: net:net135627
	bbox = (1545.0560, 2623.8760) - (1545.0840, 2624.0360) on Layer M8
violation type: Min Step
	srcs: net:net91902
	bbox = (1559.7760, 2403.3960) - (1559.8040, 2403.5560) on Layer M8
violation type: Min Step
	srcs: net:net14040
	bbox = (1560.4800, 2493.3960) - (1560.5080, 2493.5560) on Layer M8
violation type: Min Step
	srcs: net:net91888
	bbox = (1559.1560, 2511.3960) - (1559.2280, 2511.5560) on Layer M8
violation type: Min Step
	srcs: net:net8531
	bbox = (1567.0720, 2411.5560) - (1567.1000, 2411.7160) on Layer M8
violation type: Min Step
	srcs: net:net93828
	bbox = (1576.3520, 2517.0760) - (1576.3800, 2517.2360) on Layer M8
violation type: Min Step
	srcs: net:net108430
	bbox = (1577.8760, 2658.9960) - (1577.8760, 2659.0400) on Layer M8
violation type: Min Step
	srcs: net:net91934
	bbox = (1584.7360, 2441.1560) - (1584.7640, 2441.3160) on Layer M8
violation type: Min Step
	srcs: net:spad/acc_scale_unit/pipe_out_p/_17433_
	bbox = (1585.1200, 2532.1160) - (1585.1480, 2532.2760) on Layer M8
violation type: Min Step
	srcs: net:spad/acc_scale_unit/pipe_out_p/_17424_
	bbox = (1584.4800, 2555.6360) - (1584.5080, 2555.7960) on Layer M8
violation type: Min Step
	srcs: net:net16018
	bbox = (1706.0800, 1687.1560) - (1706.1080, 1687.3160) on Layer M8
violation type: Min Step
	srcs: net:net14227
	bbox = (1721.5040, 2525.2360) - (1721.5320, 2525.3960) on Layer M8
violation type: Min Step
	srcs: net:ex_controller/mesh/mesh/mesh_15_5/tile_0_0/_0367_
	bbox = (1793.2520, 1981.1560) - (1793.2800, 1981.3160) on Layer M8
violation type: Min Step
	srcs: net:net73504
	bbox = (1808.5440, 559.0760) - (1808.5720, 559.2360) on Layer M8
violation type: Min Step
	srcs: net:ex_controller/mesh/mesh/mesh_9_1/tile_0_0/_0204_
	bbox = (1960.3520, 1322.5960) - (1960.3800, 1322.7560) on Layer M8
violation type: Min Step
	srcs: net:ex_controller/mesh/mesh/mesh_11_3/tile_0_0/_0827_
	bbox = (1984.3520, 1662.0360) - (1984.3800, 1662.1960) on Layer M8
violation type: Min Step
	srcs: net:ex_controller/mesh/mesh/mesh_8_1/tile_0_0/_0399_
	bbox = (2006.1760, 1268.6760) - (2006.2040, 1268.8360) on Layer M8
violation type: Min Step
	srcs: net:ex_controller/mesh/mesh/mesh_7_0/tile_0_0/_0843_
	bbox = (2164.3240, 950.1960) - (2164.3520, 950.3560) on Layer M8
violation type: Min Step
	srcs: net:ex_controller/mesh/mesh/mesh_12_7/tile_0_0/_0827_
	bbox = (2194.9760, 2109.0760) - (2195.0040, 2109.2360) on Layer M8
violation type: Min Step
	srcs: net:net95784
	bbox = (2209.4400, 1368.4360) - (2209.4680, 1368.5960) on Layer M8
violation type: Min Step
	srcs: net:ex_controller/mesh/mesh/mesh_6_3/tile_0_0/_0452_
	bbox = (2210.3360, 1366.4360) - (2210.3640, 1366.5960) on Layer M8
violation type: Min Step
	srcs: net:net95295
	bbox = (2239.4560, 747.7960) - (2239.4840, 747.9560) on Layer M8
violation type: Min Step
	srcs: net:net16626
	bbox = (2485.0880, 726.2760) - (2485.1160, 726.4360) on Layer M8
violation type: Min Step
	srcs: net:ex_controller/mesh/mesh/mesh_1_5/tile_0_0/_0495_
	bbox = (2565.8560, 1187.6360) - (2565.8840, 1187.7960) on Layer M8
violation type: Min Step
	srcs: net:ex_controller/mesh/mesh/mesh_4_7/tile_0_0/_0454_
	bbox = (2688.0960, 1517.1560) - (2688.1240, 1517.3160) on Layer M8
violation type: Min Step
	srcs: net:ex_controller/mesh/mesh/mesh_14_15/tile_0_0/_0030_
	bbox = (2776.9280, 3151.1560) - (2776.9560, 3151.3160) on Layer M8
violation type: Min Step
	srcs: net:ex_controller/mesh/mesh/mesh_3_9/tile_0_0/_0402_
	bbox = (2936.0960, 1452.9160) - (2936.1240, 1453.0760) on Layer M8
violation type: Min Step
	srcs: net:ex_controller/mesh/mesh/mesh_0_12/tile_0_0/_0210_
	bbox = (3148.2560, 1169.3960) - (3148.2840, 1169.5560) on Layer M8
violation type: Min Step
	srcs: net:net70512
	bbox = (3215.3280, 1881.3960) - (3215.3560, 1881.5560) on Layer M8
violation type: Min Step
	srcs: net:net128902
	bbox = (292.5120, 1892.6760) - (292.5400, 1892.8360) on Layer M8
violation type: Min Step
	srcs: net:net29189
	bbox = (427.6800, 1826.5160) - (427.7080, 1826.6760) on Layer M8
violation type: Min Step
	srcs: net:net108630
	bbox = (432.5440, 1350.8360) - (432.5720, 1350.9960) on Layer M8
violation type: Min Step
	srcs: net:net37331
	bbox = (441.5040, 1691.3160) - (441.5320, 1691.4760) on Layer M8
violation type: Min Step
	srcs: net:net42682
	bbox = (455.2640, 1810.3560) - (455.2920, 1810.5160) on Layer M8
violation type: Min Step
	srcs: net:net32202
	bbox = (486.3680, 1726.7560) - (486.3960, 1726.9160) on Layer M8
violation type: Min Step
	srcs: net:net75097
	bbox = (515.5520, 1823.6360) - (515.5800, 1823.7960) on Layer M8
violation type: Min Step
	srcs: net:net40446
	bbox = (540.5760, 1726.7560) - (540.6040, 1726.9160) on Layer M8
violation type: Min Step
	srcs: net:net120364
	bbox = (639.0080, 1456.2760) - (639.0360, 1456.4360) on Layer M8
violation type: Min Step
	srcs: net:reservation_station/_39716_
	bbox = (660.6400, 1811.9560) - (660.6680, 1812.1160) on Layer M8
violation type: Min Step
	srcs: net:spad/_01562_
	bbox = (668.9600, 1438.2760) - (668.9880, 1438.4360) on Layer M8
violation type: Min Step
	srcs: net:net108986
	bbox = (773.2800, 433.8760) - (773.3080, 434.0360) on Layer M8
violation type: Min Step
	srcs: net:net137119
	bbox = (810.8480, 1697.2360) - (810.8760, 1697.3960) on Layer M8
violation type: Min Step
	srcs: net:net61805
	bbox = (827.3600, 1400.5160) - (827.3880, 1400.6760) on Layer M8
violation type: Min Step
	srcs: net:spad/reader/beatPacker/_08845_
	bbox = (917.8560, 2837.2360) - (917.8840, 2837.3960) on Layer M8
violation type: Min Step
	srcs: net:net100754
	bbox = (924.4480, 2704.1160) - (924.4760, 2704.2760) on Layer M8
violation type: Min Step
	srcs: net:spad/reader/beatPacker/_09127_
	bbox = (935.3920, 2847.0760) - (935.4200, 2847.2360) on Layer M8
violation type: Min Step
	srcs: net:net28682
	bbox = (935.2640, 2854.8360) - (935.2920, 2854.9960) on Layer M8
violation type: Min Step
	srcs: net:net123240
	bbox = (942.9440, 1151.3960) - (942.9720, 1151.5560) on Layer M8
violation type: Min Step
	srcs: net:net50260
	bbox = (1017.1840, 678.3560) - (1017.2120, 678.5160) on Layer M8
violation type: Min Step
	srcs: net:net109958
	bbox = (1105.5040, 1092.4360) - (1105.5320, 1092.5960) on Layer M8
violation type: Min Step
	srcs: net:net66558
	bbox = (1107.7440, 1440.5960) - (1107.7720, 1440.7560) on Layer M8
violation type: Min Step
	srcs: net:net59869
	bbox = (1128.9920, 1404.0360) - (1129.0200, 1404.1960) on Layer M8
violation type: Min Step
	srcs: net:net65648
	bbox = (1130.4640, 1536.1160) - (1130.4920, 1536.2760) on Layer M8
violation type: Min Step
	srcs: net:net60335
	bbox = (1167.7760, 1402.9160) - (1167.8040, 1403.0760) on Layer M8
violation type: Min Step
	srcs: net:net30080
	bbox = (1167.5840, 2437.3160) - (1167.6120, 2437.4760) on Layer M8
violation type: Min Step
	srcs: net:net125058
	bbox = (1220.7680, 350.2760) - (1220.7960, 350.4360) on Layer M8
violation type: Min Step
	srcs: net:net91176
	bbox = (1226.4640, 2409.4760) - (1226.4920, 2409.6360) on Layer M8
violation type: Min Step
	srcs: net:net8412
	bbox = (1286.8160, 2685.5560) - (1286.8440, 2685.7160) on Layer M8
violation type: Min Step
	srcs: net:net118569
	bbox = (1295.3280, 2436.1160) - (1295.3560, 2436.2760) on Layer M8
violation type: Min Step
	srcs: net:spad/_acc_mems_0_io_adder_op1_8_0\[31\]
	bbox = (1295.5200, 2657.6360) - (1295.5480, 2657.7960) on Layer M8
violation type: Min Step
	srcs: net:net14716
	bbox = (1304.0960, 2431.8760) - (1304.1240, 2432.0360) on Layer M8
violation type: Min Step
	srcs: net:net92762
	bbox = (1320.8640, 2431.2360) - (1320.8920, 2431.3960) on Layer M8
violation type: Min Step
	srcs: net:net94039
	bbox = (1325.9840, 2678.3560) - (1326.0120, 2678.5160) on Layer M8
violation type: Min Step
	srcs: net:net94119
	bbox = (1336.0320, 2640.8360) - (1336.0600, 2640.9960) on Layer M8
violation type: Min Step
	srcs: net:net135403
	bbox = (1340.0000, 2435.7160) - (1340.0280, 2435.8760) on Layer M8
violation type: Min Step
	srcs: net:net134753
	bbox = (1343.1360, 2529.3160) - (1343.1640, 2529.4760) on Layer M8
violation type: Min Step
	srcs: net:net91428
	bbox = (1356.2560, 2398.7560) - (1356.2840, 2398.9160) on Layer M8
violation type: Min Step
	srcs: net:net93945
	bbox = (1354.9120, 2436.2760) - (1354.9400, 2436.4360) on Layer M8
violation type: Min Step
	srcs: net:net135675
	bbox = (1364.1280, 2491.6360) - (1364.1560, 2491.7960) on Layer M8
violation type: Min Step
	srcs: net:net135190
	bbox = (1387.0400, 2694.6760) - (1387.0680, 2694.8360) on Layer M8
violation type: Min Step
	srcs: net:mod/_26511_
	bbox = (1392.5440, 564.2760) - (1392.5720, 564.4360) on Layer M8
violation type: Min Step
	srcs: net:spad/acc_adders/m_6/_090_
	bbox = (1396.4480, 2476.9960) - (1396.4760, 2477.1560) on Layer M8
violation type: Min Step
	srcs: net:net91441
	bbox = (1396.5120, 2490.6760) - (1396.5400, 2490.8360) on Layer M8
violation type: Min Step
	srcs: net:net94149
	bbox = (1393.2480, 2671.2360) - (1393.2760, 2671.3960) on Layer M8
violation type: Min Step
	srcs: net:mod/_06827_
	bbox = (1408.8640, 631.0760) - (1408.8920, 631.2360) on Layer M8
violation type: Min Step
	srcs: net:spad/acc_adders/_0497_
	bbox = (1410.7200, 2572.3560) - (1410.7480, 2572.5160) on Layer M8
violation type: Min Step
	srcs: net:spad/acc_mems_0/_0128_
	bbox = (1408.4160, 2574.4360) - (1408.4440, 2574.5960) on Layer M8
violation type: Min Step
	srcs: net:net121817
	bbox = (1416.0960, 616.8360) - (1416.1240, 616.9960) on Layer M8
violation type: Min Step
	srcs: net:net134759
	bbox = (1426.6560, 2566.1160) - (1426.6840, 2566.2760) on Layer M8
violation type: Min Step
	srcs: net:net135167
	bbox = (1423.0760, 2704.0360) - (1423.1040, 2704.1960) on Layer M8
violation type: Min Step
	srcs: net:mod/_06507_
	bbox = (1439.4560, 640.2760) - (1439.4840, 640.4360) on Layer M8
violation type: Min Step
	srcs: net:net93165
	bbox = (1445.7160, 2482.4360) - (1445.8840, 2482.6760) on Layer M8
violation type: Min Step
	srcs: net:net93165
	bbox = (1445.5560, 2482.5960) - (1445.5560, 2482.6760) on Layer M8
violation type: Min Step
	srcs: net:net91929
	bbox = (1446.5600, 2492.1960) - (1446.5880, 2492.3560) on Layer M8
violation type: Min Step
	srcs: net:net119481
	bbox = (1455.2640, 2640.0360) - (1455.2920, 2640.1960) on Layer M8
violation type: Min Step
	srcs: net:net91856
	bbox = (1470.0480, 2443.5560) - (1470.0760, 2443.7160) on Layer M8
violation type: Min Step
	srcs: net:net135592
	bbox = (1468.5760, 2498.4360) - (1468.6040, 2498.5960) on Layer M8
violation type: Min Step
	srcs: net:spad/acc_mems_1/_0270_
	bbox = (1479.4560, 2530.0360) - (1479.4840, 2530.1960) on Layer M8
violation type: Min Step
	srcs: net:ex_controller/mesh/mesh/mesh_14_0/tile_0_0/_0052_
	bbox = (1485.1520, 1483.9560) - (1485.1800, 1484.1160) on Layer M8
violation type: Min Step
	srcs: net:net42098
	bbox = (1485.1520, 1486.5960) - (1485.1800, 1486.7560) on Layer M8
violation type: Min Step
	srcs: net:net92078
	bbox = (1485.6000, 2438.0360) - (1485.6280, 2438.1960) on Layer M8
violation type: Min Step
	srcs: net:net135089
	bbox = (1501.3440, 2452.2760) - (1501.3720, 2452.4360) on Layer M8
violation type: Min Step
	srcs: net:spad/acc_scale_unit/activated_data_e_scaled_muladder_3/_0035_
	bbox = (1523.7440, 1879.9560) - (1523.7720, 1880.1160) on Layer M8
violation type: Min Step
	srcs: net:net91592
	bbox = (1523.4240, 2499.9560) - (1523.4520, 2500.1160) on Layer M8
violation type: Min Step
	srcs: net:net91185
	bbox = (1524.3200, 2498.5960) - (1524.3480, 2498.7560) on Layer M8
violation type: Min Step
	srcs: net:clknet_8_103_0_clock
	bbox = (1523.8720, 2519.7160) - (1523.9000, 2519.8760) on Layer M8
violation type: Min Step
	srcs: net:net91856
	bbox = (1529.8880, 2446.3560) - (1529.9160, 2446.5160) on Layer M8
violation type: Min Step
	srcs: net:spad/_acc_mems_1_io_adder_op1_6_0\[9\]
	bbox = (1530.4640, 2489.3160) - (1530.4920, 2489.4760) on Layer M8
violation type: Min Step
	srcs: net:net97289
	bbox = (1528.6760, 2708.5960) - (1528.7040, 2708.7560) on Layer M8
violation type: Min Step
	srcs: net:net60723
	bbox = (1537.0560, 2377.5560) - (1537.0840, 2377.7160) on Layer M8
violation type: Min Step
	srcs: net:net108256
	bbox = (1539.9560, 2632.9160) - (1540.0360, 2632.9160) on Layer M9
violation type: Min Step
	srcs: net:net108256
	bbox = (1540.0360, 2634.8360) - (1540.1600, 2634.8360) on Layer M9
violation type: Min Step
	srcs: net:net108256
	bbox = (1539.7960, 2633.0760) - (1539.8760, 2633.0760) on Layer M9
violation type: Min Step
	srcs: net:spad/_acc_mems_1_io_adder_op1_3_0\[7\]
	bbox = (1538.1440, 2640.2760) - (1538.1720, 2640.4360) on Layer M8
violation type: Min Step
	srcs: net:spad/_acc_mems_1_io_adder_op1_8_0\[4\]
	bbox = (1560.8640, 2453.6360) - (1560.8920, 2453.7960) on Layer M8
violation type: Min Step
	srcs: net:net91646
	bbox = (1560.4160, 2566.6760) - (1560.4440, 2566.8360) on Layer M8
violation type: Min Step
	srcs: net:net78374
	bbox = (1568.7360, 2461.1560) - (1568.7640, 2461.3160) on Layer M8
violation type: Min Step
	srcs: net:net124509
	bbox = (1575.5200, 386.9160) - (1575.5480, 387.0760) on Layer M8
violation type: Min Step
	srcs: net:spad/acc_adders/_0393_
	bbox = (1575.9040, 2445.2360) - (1575.9320, 2445.3960) on Layer M8
violation type: Min Step
	srcs: net:net92150
	bbox = (1577.7600, 2484.0360) - (1577.7880, 2484.1960) on Layer M8
violation type: Min Step
	srcs: net:net93079
	bbox = (1583.8400, 2407.5560) - (1583.8680, 2407.7160) on Layer M8
violation type: Min Step
	srcs: net:spad/_acc_mems_1_io_adder_op1_9_0\[20\]
	bbox = (1582.4960, 2454.1160) - (1582.5240, 2454.2760) on Layer M8
violation type: Min Step
	srcs: net:net101877
	bbox = (1584.6080, 2461.2360) - (1584.6360, 2461.3960) on Layer M8
violation type: Min Step
	srcs: net:spad/_acc_mems_1_io_adder_op1_8_0\[22\]
	bbox = (1582.4960, 2504.8360) - (1582.5240, 2504.9960) on Layer M8
violation type: Min Step
	srcs: net:net133966
	bbox = (1589.9840, 382.2760) - (1590.0120, 382.4360) on Layer M8
violation type: Min Step
	srcs: net:net92041
	bbox = (1614.3040, 2446.4360) - (1614.3320, 2446.5960) on Layer M8
violation type: Min Step
	srcs: net:net92472
	bbox = (1612.5760, 2686.1960) - (1612.6040, 2686.3560) on Layer M8
violation type: Min Step
	srcs: net:spad/_acc_mems_1_io_adder_op1_13_0\[15\]
	bbox = (1619.5520, 2711.4760) - (1619.5800, 2711.6360) on Layer M8
violation type: Min Step
	srcs: net:net15979
	bbox = (1711.5200, 1698.4360) - (1711.5480, 1698.5960) on Layer M8
violation type: Min Step
	srcs: net:net125656
	bbox = (1727.5200, 675.7960) - (1727.5480, 675.9560) on Layer M8
violation type: Min Step
	srcs: net:net98391
	bbox = (1744.0960, 1687.5560) - (1744.1240, 1687.7160) on Layer M8
violation type: Min Step
	srcs: net:net12563
	bbox = (1740.3400, 2966.7560) - (1740.3400, 2966.8360) on Layer M8
violation type: Min Step
	srcs: net:net12563
	bbox = (1744.2800, 2966.7560) - (1744.2800, 2966.8360) on Layer M8
violation type: Min Step
	srcs: net:net12563
	bbox = (1748.7680, 2968.9160) - (1748.7960, 2969.0760) on Layer M8
violation type: Min Step
	srcs: net:ex_controller/mesh/mesh/mesh_15_5/tile_0_0/_0426_
	bbox = (1780.7040, 1976.1960) - (1780.7320, 1976.3560) on Layer M8
violation type: Min Step
	srcs: net:net12549
	bbox = (1779.7440, 2912.8360) - (1779.7720, 2912.9960) on Layer M8
violation type: Min Step
	srcs: net:ex_controller/mesh/mesh/mesh_12_3/tile_0_0/_0695_
	bbox = (1871.7760, 1713.7160) - (1871.8040, 1713.8760) on Layer M8
violation type: Min Step
	srcs: net:net66980
	bbox = (1878.6880, 1712.8360) - (1878.7160, 1712.9960) on Layer M8
violation type: Min Step
	srcs: net:ex_controller/mesh/mesh/mesh_14_5/tile_0_0/_0203_
	bbox = (1879.9040, 1968.0360) - (1879.9320, 1968.1960) on Layer M8
violation type: Min Step
	srcs: net:net26386
	bbox = (1907.9360, 1407.8760) - (1907.9640, 1408.0360) on Layer M8
violation type: Min Step
	srcs: net:ex_controller/mesh/mesh/mesh_7_0/tile_0_0/_0286_
	bbox = (2023.8440, 987.9560) - (2023.8720, 988.1160) on Layer M8
violation type: Min Step
	srcs: net:net99740
	bbox = (2042.8480, 495.4760) - (2042.8760, 495.6360) on Layer M8
violation type: Min Step
	srcs: net:ex_controller/mesh/mesh/mesh_10_3/tile_0_0/_0336_
	bbox = (2069.3160, 1607.9560) - (2069.3160, 1608.0400) on Layer M8
violation type: Min Step
	srcs: net:net7309
	bbox = (2135.0720, 2475.3960) - (2135.1000, 2475.5560) on Layer M8
violation type: Min Step
	srcs: net:net79358
	bbox = (2149.6000, 707.4760) - (2149.6280, 707.6360) on Layer M8
violation type: Min Step
	srcs: net:spad/acc_scale_unit/activated_data_e_scaled_muladder_9/mulAddRecFNToRaw_postMul/_0766_
	bbox = (2149.2200, 2458.3560) - (2149.2480, 2458.5160) on Layer M8
violation type: Min Step
	srcs: net:net116959
	bbox = (2346.1440, 773.8760) - (2346.1720, 774.0360) on Layer M8
violation type: Min Step
	srcs: net:ex_controller/mesh/mesh/mesh_2_2/tile_0_0/_0250_
	bbox = (2348.7560, 935.3600) - (2348.8360, 935.3600) on Layer M8
violation type: Min Step
	srcs: net:net26458
	bbox = (2361.1840, 1689.9560) - (2361.2120, 1690.1160) on Layer M8
violation type: Min Step
	srcs: net:ex_controller/mesh/mesh/mesh_3_4/tile_0_0/_0278_
	bbox = (2392.7360, 1320.4360) - (2392.7640, 1320.5960) on Layer M8
violation type: Min Step
	srcs: net:ex_controller/mesh/mesh/mesh_11_8/tile_0_0/_0534_
	bbox = (2391.9680, 2135.7160) - (2391.9960, 2135.8760) on Layer M8
violation type: Min Step
	srcs: net:ex_controller/mesh/mesh/mesh_2_1/tile_0_0/_0314_
	bbox = (2417.1200, 765.2360) - (2417.1200, 765.2600) on Layer M8
violation type: Min Step
	srcs: net:ex_controller/mesh/mesh/_11825_
	bbox = (2467.2320, 2602.0360) - (2467.2600, 2602.1960) on Layer M8
violation type: Min Step
	srcs: net:net26877
	bbox = (2543.0720, 1690.1160) - (2543.1000, 1690.2760) on Layer M8
violation type: Min Step
	srcs: net:ex_controller/mesh/mesh/mesh_11_10/tile_0_0/_0246_
	bbox = (2634.0840, 2339.7960) - (2634.1120, 2339.9560) on Layer M8
violation type: Min Step
	srcs: net:ex_controller/mesh/mesh/mesh_0_6/tile_0_0/_0060_
	bbox = (2708.7040, 1008.9160) - (2708.7320, 1009.0760) on Layer M8
violation type: Min Step
	srcs: net:ex_controller/mesh/mesh/mesh_3_7/tile_0_0/_0602_
	bbox = (2715.5560, 1409.9560) - (2715.5840, 1410.0360) on Layer M8
violation type: Min Step
	srcs: net:ex_controller/mesh/mesh/mesh_5_9/tile_0_0/_0256_
	bbox = (2869.3440, 1749.7960) - (2869.3720, 1749.9560) on Layer M8
violation type: Min Step
	srcs: net:ex_controller/mesh/mesh/mesh_3_10/tile_0_0/_0296_
	bbox = (3026.9760, 1509.6360) - (3027.0040, 1509.7960) on Layer M8
violation type: Min Step
	srcs: net:ex_controller/mesh/mesh/mesh_4_11/tile_0_0/_0336_
	bbox = (3081.5680, 1706.5160) - (3081.5960, 1706.6760) on Layer M8
violation type: Min Step
	srcs: net:ex_controller/mesh/mesh/mesh_7_14_io_in_control_0_shift_pipe_b\[3\]
	bbox = (3245.4720, 2469.3960) - (3245.5000, 2469.5560) on Layer M8
violation type: Min Step
	srcs: net:net118793
	bbox = (262.8800, 2418.0360) - (262.9080, 2418.1960) on Layer M8
violation type: Min Step
	srcs: net:net70704
	bbox = (307.6160, 1278.1160) - (307.6440, 1278.2760) on Layer M8
violation type: Min Step
	srcs: net:net119796
	bbox = (324.3200, 1404.1160) - (324.3480, 1404.2760) on Layer M8
violation type: Min Step
	srcs: net:net128988
	bbox = (362.9760, 1897.5560) - (363.0040, 1897.7160) on Layer M8
violation type: Min Step
	srcs: net:net24113
	bbox = (415.1360, 1399.7160) - (415.1640, 1399.8760) on Layer M8
violation type: Min Step
	srcs: net:reservation_station/_34961_
	bbox = (430.6240, 1813.3960) - (430.6520, 1813.5560) on Layer M8
violation type: Min Step
	srcs: net:reservation_station/_35169_
	bbox = (429.5360, 1812.7560) - (429.5640, 1812.9160) on Layer M8
violation type: Min Step
	srcs: net:net45653
	bbox = (443.9360, 1806.9960) - (443.9640, 1807.1560) on Layer M8
violation type: Min Step
	srcs: net:net53007
	bbox = (450.7840, 1676.2760) - (450.8120, 1676.4360) on Layer M8
violation type: Min Step
	srcs: net:mod_1/_ex_io_i\[6\]
	bbox = (483.1680, 1418.4360) - (483.1960, 1418.5960) on Layer M8
violation type: Min Step
	srcs: net:net23913
	bbox = (481.5040, 1489.6360) - (481.5320, 1489.7960) on Layer M8
violation type: Min Step
	srcs: net:mod_1/stC_spad/_2286_
	bbox = (491.8080, 1426.0360) - (491.8360, 1426.1960) on Layer M8
violation type: Min Step
	srcs: net:net33538
	bbox = (490.0800, 1684.7560) - (490.1080, 1684.9160) on Layer M8
violation type: Min Step
	srcs: net:net45107
	bbox = (491.5520, 1716.1160) - (491.5800, 1716.2760) on Layer M8
violation type: Min Step
	srcs: net:net42682
	bbox = (490.4640, 1813.5560) - (490.4920, 1813.7160) on Layer M8
violation type: Min Step
	srcs: net:net75174
	bbox = (513.7600, 1814.3560) - (513.7880, 1814.5160) on Layer M8
violation type: Min Step
	srcs: net:net23630
	bbox = (528.1600, 1701.6360) - (528.1880, 1701.7960) on Layer M8
violation type: Min Step
	srcs: net:net40466
	bbox = (534.5600, 1660.2760) - (534.5880, 1660.4360) on Layer M8
violation type: Min Step
	srcs: net:net37379
	bbox = (535.5840, 1867.4760) - (535.6120, 1867.6360) on Layer M8
violation type: Min Step
	srcs: net:net70772
	bbox = (543.9680, 1222.9960) - (543.9960, 1223.1560) on Layer M8
violation type: Min Step
	srcs: net:mod_1/_01079_
	bbox = (543.8400, 1233.1560) - (543.8680, 1233.3160) on Layer M8
violation type: Min Step
	srcs: net:net70772
	bbox = (544.2880, 1254.3560) - (544.3160, 1254.5160) on Layer M8
violation type: Min Step
	srcs: net:mod_1/ex/_07188_
	bbox = (544.0960, 1390.8360) - (544.1240, 1390.9960) on Layer M8
violation type: Min Step
	srcs: net:spad/vsm/pipe/out_bits_data_muladder/mulAddRecFNToRaw_postMul/_0540_
	bbox = (558.0480, 2319.7160) - (558.0760, 2319.8760) on Layer M8
violation type: Min Step
	srcs: net:net81671
	bbox = (564.3240, 1276.7560) - (564.3520, 1276.9160) on Layer M8
violation type: Min Step
	srcs: net:net102792
	bbox = (564.3840, 1404.1960) - (564.4120, 1404.3560) on Layer M8
violation type: Min Step
	srcs: net:net61951
	bbox = (564.5760, 1708.9160) - (564.6040, 1709.0760) on Layer M8
violation type: Min Step
	srcs: net:net75554
	bbox = (573.3440, 1820.4360) - (573.3720, 1820.5960) on Layer M8
violation type: Min Step
	srcs: net:net131603
	bbox = (588.1280, 1230.8360) - (588.1560, 1230.9960) on Layer M8
violation type: Min Step
	srcs: net:net131246
	bbox = (589.6640, 1254.4360) - (589.6920, 1254.5960) on Layer M8
violation type: Min Step
	srcs: net:net75600
	bbox = (587.2320, 1820.4360) - (587.2600, 1820.5960) on Layer M8
violation type: Min Step
	srcs: net:net75600
	bbox = (587.6800, 1829.6360) - (587.7080, 1829.7960) on Layer M8
violation type: Min Step
	srcs: net:net75645
	bbox = (595.9360, 1799.6360) - (595.9640, 1799.7960) on Layer M8
violation type: Min Step
	srcs: net:net131107
	bbox = (604.0640, 1459.4760) - (604.0920, 1459.6360) on Layer M8
violation type: Min Step
	srcs: net:mod_1/ldA/_00887_
	bbox = (634.4640, 988.4360) - (634.4920, 988.5960) on Layer M8
violation type: Min Step
	srcs: net:mod_1/ex/_01242_
	bbox = (634.3360, 1406.4360) - (634.3640, 1406.5960) on Layer M8
violation type: Min Step
	srcs: net:clknet_3_0_0_clock
	bbox = (642.9120, 1707.3160) - (642.9400, 1707.4760) on Layer M8
violation type: Min Step
	srcs: net:net10925
	bbox = (665.9520, 1110.7560) - (665.9800, 1110.9160) on Layer M8
violation type: Min Step
	srcs: net:net31300
	bbox = (696.0320, 2260.1960) - (696.0600, 2260.3560) on Layer M8
violation type: Min Step
	srcs: net:net17004
	bbox = (724.2560, 1692.9160) - (724.2840, 1693.0760) on Layer M8
violation type: Min Step
	srcs: net:net23815
	bbox = (741.2800, 1404.0360) - (741.3080, 1404.1960) on Layer M8
violation type: Min Step
	srcs: net:net7591
	bbox = (739.2360, 2614.6760) - (739.2640, 2614.8360) on Layer M8
violation type: Min Step
	srcs: net:net12032
	bbox = (821.9200, 1297.8760) - (821.9480, 1298.0360) on Layer M8
violation type: Min Step
	srcs: net:net17298
	bbox = (890.2080, 1397.4760) - (890.2360, 1397.6360) on Layer M8
violation type: Min Step
	srcs: net:net40088
	bbox = (898.0160, 2123.1560) - (898.0440, 2123.3160) on Layer M8
violation type: Min Step
	srcs: net:mod/st/_20504_
	bbox = (907.8080, 369.6360) - (907.8360, 369.7960) on Layer M8
violation type: Min Step
	srcs: net:net66557
	bbox = (906.2720, 1436.2760) - (906.3000, 1436.4360) on Layer M8
violation type: Min Step
	srcs: net:net106896
	bbox = (907.8720, 2644.9960) - (907.9000, 2645.1560) on Layer M8
violation type: Min Step
	srcs: net:net98405
	bbox = (920.4160, 1699.2360) - (920.4440, 1699.3960) on Layer M8
violation type: Min Step
	srcs: net:spad/reader/beatPacker/_07852_
	bbox = (920.2920, 2895.8760) - (920.3200, 2896.0360) on Layer M8
violation type: Min Step
	srcs: net:net118495
	bbox = (919.7760, 2894.9160) - (919.8040, 2895.0760) on Layer M8
violation type: Min Step
	srcs: net:spad/reader/beatPacker/_00221_
	bbox = (929.1200, 2757.9560) - (929.1480, 2758.1160) on Layer M8
violation type: Min Step
	srcs: net:spad/reader/beatPacker/_09301_
	bbox = (928.4160, 2895.3960) - (928.4440, 2895.5560) on Layer M8
violation type: Min Step
	srcs: net:net123192
	bbox = (937.5680, 1406.5160) - (937.5960, 1406.6760) on Layer M8
violation type: Min Step
	srcs: net:net29789
	bbox = (935.9040, 2834.3560) - (935.9320, 2834.5160) on Layer M8
violation type: Min Step
	srcs: net:spad/reader/beatPacker/_08826_
	bbox = (935.0080, 2842.5160) - (935.0360, 2842.6760) on Layer M8
violation type: Min Step
	srcs: net:net28649
	bbox = (945.8880, 2826.9160) - (945.9160, 2827.0760) on Layer M8
violation type: Min Step
	srcs: net:net28603
	bbox = (942.8160, 2833.7960) - (942.8440, 2833.9560) on Layer M8
violation type: Min Step
	srcs: net:net28606
	bbox = (966.9440, 2864.1160) - (966.9720, 2864.2760) on Layer M8
violation type: Min Step
	srcs: net:net100731
	bbox = (968.5440, 2865.7960) - (968.5720, 2865.9560) on Layer M8
violation type: Min Step
	srcs: net:net61495
	bbox = (974.3040, 2411.9560) - (974.3320, 2412.1160) on Layer M8
violation type: Min Step
	srcs: net:spad/reader/beatPacker/_11172_
	bbox = (972.5760, 2855.9560) - (972.6040, 2856.1160) on Layer M8
violation type: Min Step
	srcs: net:spad/reader/beatPacker/_11909_
	bbox = (989.3440, 2858.0360) - (989.3720, 2858.1960) on Layer M8
violation type: Min Step
	srcs: net:net111008
	bbox = (1011.1040, 709.8760) - (1011.1320, 710.0360) on Layer M8
violation type: Min Step
	srcs: net:net64765
	bbox = (1012.9600, 753.0760) - (1012.9880, 753.2360) on Layer M8
violation type: Min Step
	srcs: net:net123191
	bbox = (1012.1280, 1429.1560) - (1012.1560, 1429.3160) on Layer M8
violation type: Min Step
	srcs: net:mod/_09494_
	bbox = (1019.4240, 687.7960) - (1019.4520, 687.9560) on Layer M8
violation type: Min Step
	srcs: net:net94607
	bbox = (1035.3600, 617.6360) - (1035.3880, 617.7960) on Layer M8
violation type: Min Step
	srcs: net:spad/_write_issue_q_io_deq_bits_laddr_data\[8\]
	bbox = (1036.4480, 2048.4360) - (1036.4760, 2048.5960) on Layer M8
violation type: Min Step
	srcs: net:net10207
	bbox = (1050.4640, 1448.9960) - (1050.4920, 1449.1560) on Layer M8
violation type: Min Step
	srcs: net:net66564
	bbox = (1097.0560, 1441.5560) - (1097.0840, 1441.7160) on Layer M8
violation type: Min Step
	srcs: net:net44803
	bbox = (1102.6240, 2900.1960) - (1102.6520, 2900.3560) on Layer M8
violation type: Min Step
	srcs: net:mod/ld_weights/_064814_
	bbox = (1117.9840, 1071.7160) - (1118.0120, 1071.8760) on Layer M8
violation type: Min Step
	srcs: net:mod/arb/_0697_
	bbox = (1125.3440, 695.8760) - (1125.3720, 696.0360) on Layer M8
violation type: Min Step
	srcs: net:net59869
	bbox = (1126.4960, 1398.9160) - (1126.5240, 1399.0760) on Layer M8
violation type: Min Step
	srcs: net:net50376
	bbox = (1133.1520, 688.3560) - (1133.1800, 688.5160) on Layer M8
violation type: Min Step
	srcs: net:net29078
	bbox = (1141.2160, 2471.5560) - (1141.2440, 2471.7160) on Layer M8
violation type: Min Step
	srcs: net:net60335
	bbox = (1147.3600, 1404.0360) - (1147.3880, 1404.1960) on Layer M8
violation type: Min Step
	srcs: net:net66395
	bbox = (1161.6960, 1404.8360) - (1161.7240, 1404.9960) on Layer M8
violation type: Min Step
	srcs: net:ex_controller/_mesh_io_tags_in_progress_1_addr_data\[1\]
	bbox = (1163.0400, 1675.4760) - (1163.0680, 1675.6360) on Layer M8
violation type: Min Step
	srcs: net:net137051
	bbox = (1172.1920, 2514.6760) - (1172.2200, 2514.8360) on Layer M8
violation type: Min Step
	srcs: net:net111000
	bbox = (1207.7120, 437.3960) - (1207.7400, 437.5560) on Layer M8
violation type: Min Step
	srcs: net:net67017
	bbox = (1208.7360, 1534.5160) - (1208.7640, 1534.6760) on Layer M8
violation type: Min Step
	srcs: net:net134245
	bbox = (1214.7520, 453.9560) - (1214.7800, 454.1160) on Layer M8
violation type: Min Step
	srcs: net:mod/_30273_
	bbox = (1246.1760, 581.9560) - (1246.2040, 582.1160) on Layer M8
violation type: Min Step
	srcs: net:net135324
	bbox = (1245.0240, 2320.9960) - (1245.0520, 2321.1560) on Layer M8
violation type: Min Step
	srcs: net:spad/acc_adders/_0229_
	bbox = (1269.4720, 2441.2360) - (1269.5000, 2441.3960) on Layer M8
violation type: Min Step
	srcs: net:spad/_acc_mems_0_io_adder_op1_15_0\[31\]
	bbox = (1269.5360, 2668.8360) - (1269.5640, 2668.9960) on Layer M8
violation type: Min Step
	srcs: net:spad/_acc_mems_0_io_adder_op1_12_0\[11\]
	bbox = (1269.9840, 2677.3160) - (1270.0120, 2677.4760) on Layer M8
violation type: Min Step
	srcs: net:net108384
	bbox = (1284.2560, 2419.7960) - (1284.2840, 2419.9560) on Layer M8
violation type: Min Step
	srcs: net:net134846
	bbox = (1291.6360, 2418.8360) - (1291.6360, 2418.9160) on Layer M8
violation type: Min Step
	srcs: net:net134846
	bbox = (1293.0880, 2418.9160) - (1293.1160, 2419.0760) on Layer M8
violation type: Min Step
	srcs: net:net134846
	bbox = (1291.4760, 2418.9960) - (1291.4760, 2419.0760) on Layer M8
violation type: Min Step
	srcs: net:mod/_01632_
	bbox = (1313.8880, 589.8760) - (1313.9160, 590.0360) on Layer M8
violation type: Min Step
	srcs: net:net51639
	bbox = (1314.1440, 2518.5960) - (1314.1720, 2518.7560) on Layer M8
violation type: Min Step
	srcs: net:net101991
	bbox = (1315.4240, 2540.1960) - (1315.4520, 2540.3560) on Layer M8
violation type: Min Step
	srcs: net:net125848
	bbox = (1321.8240, 982.9160) - (1321.8520, 983.0760) on Layer M8
violation type: Min Step
	srcs: net:net102059
	bbox = (1323.8080, 2601.5560) - (1323.8360, 2601.7160) on Layer M8
violation type: Min Step
	srcs: net:net93482
	bbox = (1329.8240, 2613.3960) - (1329.8520, 2613.5560) on Layer M8
violation type: Min Step
	srcs: net:net8456
	bbox = (1330.4000, 2742.5160) - (1330.4280, 2742.6760) on Layer M8
violation type: Min Step
	srcs: net:mod/ld_bias/_01871_
	bbox = (1344.0960, 407.4760) - (1344.1240, 407.6360) on Layer M8
violation type: Min Step
	srcs: net:spad/_acc_mems_0_io_adder_op1_3_0\[14\]
	bbox = (1344.7360, 2471.5560) - (1344.7640, 2471.7160) on Layer M8
violation type: Min Step
	srcs: net:spad/_acc_mems_0_io_adder_op1_3_0\[14\]
	bbox = (1342.9160, 2472.5960) - (1342.9160, 2472.6760) on Layer M8
violation type: Min Step
	srcs: net:net10248
	bbox = (1361.5680, 1412.5960) - (1361.5960, 1412.7560) on Layer M8
violation type: Min Step
	srcs: net:net134861
	bbox = (1359.3920, 2425.2360) - (1359.4200, 2425.3960) on Layer M8
violation type: Min Step
	srcs: net:net8638
	bbox = (1361.5680, 2480.4360) - (1361.5960, 2480.5960) on Layer M8
violation type: Min Step
	srcs: net:net91966
	bbox = (1359.7760, 2563.1560) - (1359.8040, 2563.3160) on Layer M8
violation type: Min Step
	srcs: net:net84398
	bbox = (1368.3520, 604.8360) - (1368.3800, 604.9960) on Layer M8
violation type: Min Step
	srcs: net:ex_controller/mesh/mesh/mesh_15_0/tile_0_0/_0256_
	bbox = (1366.9440, 1520.1160) - (1366.9720, 1520.2760) on Layer M8
violation type: Min Step
	srcs: net:ex_controller/mesh/mesh/mesh_15_0/tile_0_0/_0400_
	bbox = (1367.7760, 1534.1960) - (1367.8040, 1534.3560) on Layer M8
violation type: Min Step
	srcs: net:net35146
	bbox = (1366.3680, 2681.4760) - (1366.3960, 2681.6360) on Layer M8
violation type: Min Step
	srcs: net:ex_controller/mesh/mesh/mesh_15_0/tile_0_0/_0286_
	bbox = (1374.6240, 1519.4760) - (1374.6520, 1519.6360) on Layer M8
violation type: Min Step
	srcs: net:clknet_2_1_4_clock
	bbox = (1381.7280, 2631.9560) - (1381.7560, 2632.1160) on Layer M8
violation type: Min Step
	srcs: net:net93655
	bbox = (1391.3280, 2631.2360) - (1391.3560, 2631.3960) on Layer M8
violation type: Min Step
	srcs: net:net94168
	bbox = (1391.8400, 2682.2760) - (1391.8680, 2682.4360) on Layer M8
violation type: Min Step
	srcs: net:mod/_29215_
	bbox = (1398.6880, 648.8360) - (1398.7160, 648.9960) on Layer M8
violation type: Min Step
	srcs: net:spad/_acc_mems_0_io_adder_op1_12_0\[2\]
	bbox = (1396.6400, 2568.0360) - (1396.6680, 2568.1960) on Layer M8
violation type: Min Step
	srcs: net:net119495
	bbox = (1398.1760, 2593.5560) - (1398.2040, 2593.7160) on Layer M8
violation type: Min Step
	srcs: net:net84650
	bbox = (1405.2800, 582.4360) - (1405.3080, 582.5960) on Layer M8
violation type: Min Step
	srcs: net:mod/_28391_
	bbox = (1405.1560, 580.8360) - (1405.1840, 580.9960) on Layer M8
violation type: Min Step
	srcs: net:mod/_25689_
	bbox = (1406.1120, 632.9160) - (1406.1400, 633.0760) on Layer M8
violation type: Min Step
	srcs: net:net71845
	bbox = (1412.1920, 619.3160) - (1412.2200, 619.4760) on Layer M8
violation type: Min Step
	srcs: net:net93637
	bbox = (1414.1120, 2669.1560) - (1414.1400, 2669.3160) on Layer M8
violation type: Min Step
	srcs: net:mod/_25858_
	bbox = (1420.8960, 587.2360) - (1420.9240, 587.3960) on Layer M8
violation type: Min Step
	srcs: net:mod/_26473_
	bbox = (1421.2160, 609.3960) - (1421.2440, 609.5560) on Layer M8
violation type: Min Step
	srcs: net:net52982
	bbox = (1420.1280, 2525.0760) - (1420.1560, 2525.2360) on Layer M8
violation type: Min Step
	srcs: net:net93783
	bbox = (1428.3200, 2666.2760) - (1428.3480, 2666.4360) on Layer M8
violation type: Min Step
	srcs: net:net102001
	bbox = (1426.4640, 2706.1960) - (1426.4920, 2706.3560) on Layer M8
violation type: Min Step
	srcs: net:net135698
	bbox = (1436.7680, 2478.3560) - (1436.7960, 2478.5160) on Layer M8
violation type: Min Step
	srcs: net:net135072
	bbox = (1435.6160, 2568.7560) - (1435.6440, 2568.9160) on Layer M8
violation type: Min Step
	srcs: net:net80950
	bbox = (1444.5760, 2516.1160) - (1444.6040, 2516.2760) on Layer M8
violation type: Min Step
	srcs: net:net135072
	bbox = (1442.6560, 2568.5960) - (1442.6840, 2568.7560) on Layer M8
violation type: Min Step
	srcs: net:net134884
	bbox = (1451.7960, 2479.3960) - (1451.7960, 2479.4760) on Layer M8
violation type: Min Step
	srcs: net:net134884
	bbox = (1451.9560, 2479.3960) - (1452.0280, 2479.6360) on Layer M8
violation type: Min Step
	srcs: net:net91898
	bbox = (1467.7960, 2501.3160) - (1467.8000, 2501.3160) on Layer M9
violation type: Min Step
	srcs: net:net104112
	bbox = (1474.4000, 596.0360) - (1474.4280, 596.1960) on Layer M8
violation type: Min Step
	srcs: net:ex_controller/mesh/mesh/mesh_15_1/tile_0_0/_0260_
	bbox = (1472.4160, 1562.0360) - (1472.4440, 1562.1960) on Layer M8
violation type: Min Step
	srcs: net:net134708
	bbox = (1474.1440, 2500.6760) - (1474.1720, 2500.8360) on Layer M8
violation type: Min Step
	srcs: net:net135337
	bbox = (1473.7600, 2522.9160) - (1473.7880, 2523.0760) on Layer M8
violation type: Min Step
	srcs: net:net8673
	bbox = (1480.2240, 2570.5960) - (1480.2520, 2570.7560) on Layer M8
violation type: Min Step
	srcs: net:net124541
	bbox = (1512.6080, 309.9560) - (1512.6360, 310.1160) on Layer M8
violation type: Min Step
	srcs: net:net65223
	bbox = (1511.9680, 611.7960) - (1511.9960, 611.9560) on Layer M8
violation type: Min Step
	srcs: net:net66998
	bbox = (1509.4720, 1406.7560) - (1509.5000, 1406.9160) on Layer M8
violation type: Min Step
	srcs: net:net134453
	bbox = (1510.3680, 2380.8360) - (1510.3960, 2380.9960) on Layer M8
violation type: Min Step
	srcs: net:net119521
	bbox = (1512.6080, 2615.5560) - (1512.6360, 2615.7160) on Layer M8
violation type: Min Step
	srcs: net:net124669
	bbox = (1525.2160, 285.9560) - (1525.2440, 286.1160) on Layer M8
violation type: Min Step
	srcs: net:net55833
	bbox = (1524.3240, 2514.9160) - (1524.3520, 2514.9960) on Layer M8
violation type: Min Step
	srcs: net:net125709
	bbox = (1534.4320, 756.5960) - (1534.4600, 756.7560) on Layer M8
violation type: Min Step
	srcs: net:net134485
	bbox = (1533.3440, 2395.8760) - (1533.3720, 2396.0360) on Layer M8
violation type: Min Step
	srcs: net:net134655
	bbox = (1535.2000, 2660.5960) - (1535.2280, 2660.7560) on Layer M8
violation type: Min Step
	srcs: net:net92567
	bbox = (1532.3200, 2699.5560) - (1532.3480, 2699.7160) on Layer M8
violation type: Min Step
	srcs: net:net135205
	bbox = (1541.5360, 2570.1160) - (1541.5640, 2570.2760) on Layer M8
violation type: Min Step
	srcs: net:net135039
	bbox = (1548.5120, 2395.5560) - (1548.5400, 2395.7160) on Layer M8
violation type: Min Step
	srcs: net:net91150
	bbox = (1548.5120, 2510.1960) - (1548.5400, 2510.3560) on Layer M8
violation type: Min Step
	srcs: net:net91209
	bbox = (1547.1680, 2540.1960) - (1547.1960, 2540.3560) on Layer M8
violation type: Min Step
	srcs: net:net135148
	bbox = (1549.0760, 2538.3560) - (1549.0760, 2538.4360) on Layer M8
violation type: Min Step
	srcs: net:ex_controller/mesh/mesh/mesh_14_1/tile_0_0/_0255_
	bbox = (1558.0480, 1527.4760) - (1558.0760, 1527.6360) on Layer M8
violation type: Min Step
	srcs: net:spad/_acc_mems_1_io_adder_op1_9_0\[21\]
	bbox = (1556.0000, 2508.8360) - (1556.0280, 2508.9960) on Layer M8
violation type: Min Step
	srcs: net:net93597
	bbox = (1555.3600, 2620.9160) - (1555.3880, 2620.9960) on Layer M8
violation type: Min Step
	srcs: net:net91463
	bbox = (1557.5360, 2637.8760) - (1557.5640, 2638.0360) on Layer M8
violation type: Min Step
	srcs: net:net135653
	bbox = (1563.7440, 2404.1960) - (1563.7720, 2404.3560) on Layer M8
violation type: Min Step
	srcs: net:net135088
	bbox = (1565.5360, 2462.7560) - (1565.5640, 2462.9160) on Layer M8
violation type: Min Step
	srcs: net:net134885
	bbox = (1562.2720, 2479.8760) - (1562.3000, 2480.0360) on Layer M8
violation type: Min Step
	srcs: net:spad/_acc_adders_io_out_7_0\[20\]
	bbox = (1563.8720, 2540.1160) - (1563.9000, 2540.2760) on Layer M8
violation type: Min Step
	srcs: net:net108386
	bbox = (1570.9760, 2418.1960) - (1571.0040, 2418.3560) on Layer M8
violation type: Min Step
	srcs: net:spad/_acc_mems_1_io_adder_op1_1_0\[5\]
	bbox = (1572.6400, 2424.1160) - (1572.6680, 2424.2760) on Layer M8
violation type: Min Step
	srcs: net:net91823
	bbox = (1570.9760, 2431.8760) - (1571.0040, 2432.0360) on Layer M8
violation type: Min Step
	srcs: net:net92066
	bbox = (1570.4640, 2456.6760) - (1570.4920, 2456.8360) on Layer M8
violation type: Min Step
	srcs: net:spad/_acc_mems_1_io_adder_op1_2_0\[22\]
	bbox = (1571.7440, 2463.5560) - (1571.7720, 2463.7160) on Layer M8
violation type: Min Step
	srcs: net:spad/_02432_
	bbox = (1573.0880, 2562.5160) - (1573.1160, 2562.6760) on Layer M8
violation type: Min Step
	srcs: net:net93597
	bbox = (1569.8880, 2620.7560) - (1569.9160, 2620.9160) on Layer M8
violation type: Min Step
	srcs: net:net119497
	bbox = (1570.9760, 2623.5560) - (1571.0040, 2623.7160) on Layer M8
violation type: Min Step
	srcs: net:net78375
	bbox = (1580.0000, 2637.8760) - (1580.0280, 2638.0360) on Layer M8
violation type: Min Step
	srcs: net:net93987
	bbox = (1580.1280, 2705.9560) - (1580.1560, 2706.1160) on Layer M8
violation type: Min Step
	srcs: net:net137539
	bbox = (1588.0640, 247.3160) - (1588.0920, 247.4760) on Layer M8
violation type: Min Step
	srcs: net:net28977
	bbox = (1586.2720, 703.3160) - (1586.3000, 703.4760) on Layer M8
violation type: Min Step
	srcs: net:spad/_acc_mems_1_io_adder_op1_4_0\[26\]
	bbox = (1588.7680, 2480.4360) - (1588.7960, 2480.5960) on Layer M8
violation type: Min Step
	srcs: net:net108389
	bbox = (1587.3600, 2545.5560) - (1587.3880, 2545.7160) on Layer M8
violation type: Min Step
	srcs: net:net91741
	bbox = (1585.9520, 2629.0760) - (1585.9800, 2629.2360) on Layer M8
violation type: Min Step
	srcs: net:net110585
	bbox = (1592.9920, 272.3560) - (1593.0200, 272.5160) on Layer M8
violation type: Min Step
	srcs: net:spad/_acc_mems_1_io_adder_op1_1_0\[28\]
	bbox = (1593.9520, 2448.9960) - (1593.9800, 2449.1560) on Layer M8
violation type: Min Step
	srcs: net:spad/_acc_mems_1_io_adder_op1_3_0\[5\]
	bbox = (1593.3760, 2471.5560) - (1593.4040, 2471.7160) on Layer M8
violation type: Min Step
	srcs: net:net92328
	bbox = (1595.5520, 2637.4760) - (1595.5800, 2637.6360) on Layer M8
violation type: Min Step
	srcs: net:net52749
	bbox = (1592.9920, 2644.0360) - (1593.0200, 2644.1960) on Layer M8
violation type: Min Step
	srcs: net:spad/_acc_mems_1_io_adder_op1_6_0\[7\]
	bbox = (1594.0800, 2653.3960) - (1594.1080, 2653.5560) on Layer M8
violation type: Min Step
	srcs: net:ex_controller/mesh/mesh/mesh_15_3/tile_0_0/_0408_
	bbox = (1601.6320, 1781.2360) - (1601.6600, 1781.3960) on Layer M8
violation type: Min Step
	srcs: net:net135049
	bbox = (1602.7200, 2439.7160) - (1602.7480, 2439.8760) on Layer M8
violation type: Min Step
	srcs: net:net91944
	bbox = (1601.5680, 2620.8360) - (1601.5960, 2620.9960) on Layer M8
violation type: Min Step
	srcs: net:net91819
	bbox = (1602.9120, 2653.4760) - (1602.9400, 2653.6360) on Layer M8
violation type: Min Step
	srcs: net:net111233
	bbox = (1609.1840, 1397.0760) - (1609.2120, 1397.2360) on Layer M8
violation type: Min Step
	srcs: net:net60061
	bbox = (1608.1600, 1791.5560) - (1608.1880, 1791.7160) on Layer M8
violation type: Min Step
	srcs: net:net92135
	bbox = (1607.9680, 2426.2760) - (1607.9960, 2426.4360) on Layer M8
violation type: Min Step
	srcs: net:net91653
	bbox = (1608.9920, 2659.5560) - (1609.0200, 2659.7160) on Layer M8
violation type: Min Step
	srcs: net:spad/_acc_mems_1_io_adder_op1_3_0\[27\]
	bbox = (1609.3120, 2675.6360) - (1609.3400, 2675.7960) on Layer M8
violation type: Min Step
	srcs: net:net135401
	bbox = (1616.6720, 2404.0360) - (1616.7000, 2404.1960) on Layer M8
violation type: Min Step
	srcs: net:net26431
	bbox = (1624.4800, 1396.9160) - (1624.5080, 1397.0760) on Layer M8
violation type: Min Step
	srcs: net:net119445
	bbox = (1623.3280, 2675.7960) - (1623.3560, 2675.9560) on Layer M8
violation type: Min Step
	srcs: net:ex_controller/mesh/mesh/mesh_13_0/tile_0_0/_0045_
	bbox = (1647.2000, 1428.5160) - (1647.2280, 1428.6760) on Layer M8
violation type: Min Step
	srcs: net:net36873
	bbox = (1654.1120, 1427.6360) - (1654.1400, 1427.7960) on Layer M8
violation type: Min Step
	srcs: net:net26508
	bbox = (1655.7760, 1433.5560) - (1655.8040, 1433.7160) on Layer M8
violation type: Min Step
	srcs: net:ex_controller/mesh/mesh/mesh_13_0/tile_0_0/_0060_
	bbox = (1656.2240, 1442.7560) - (1656.2520, 1442.9160) on Layer M8
violation type: Min Step
	srcs: net:spad/_acc_mems_1_io_adder_op1_15_0\[4\]
	bbox = (1654.4960, 2448.9960) - (1654.5240, 2449.1560) on Layer M8
violation type: Min Step
	srcs: net:net98440
	bbox = (1664.3600, 1701.2360) - (1664.4440, 1701.3960) on Layer M8
violation type: Min Step
	srcs: net:net135221
	bbox = (1662.0480, 2667.5560) - (1662.0760, 2667.7160) on Layer M8
violation type: Min Step
	srcs: net:ex_controller/mesh/mesh/mesh_13_2/tile_0_0/_0695_
	bbox = (1675.8720, 1603.1560) - (1675.9000, 1603.3160) on Layer M8
violation type: Min Step
	srcs: net:net98455
	bbox = (1678.8800, 1693.2360) - (1678.9080, 1693.3960) on Layer M8
violation type: Min Step
	srcs: net:spad/acc_scale_unit/activated_data_e_scaled_muladder_7/mulAddRecFNToRaw_preMul/_0610_
	bbox = (1686.3040, 2085.9560) - (1686.3320, 2086.1160) on Layer M8
violation type: Min Step
	srcs: net:spad/acc_mems_1/pipelined_writes_1_bits_mask_3
	bbox = (1694.2400, 2555.3960) - (1694.2680, 2555.5560) on Layer M8
violation type: Min Step
	srcs: net:net98440
	bbox = (1699.8080, 1701.3160) - (1699.8360, 1701.4760) on Layer M8
violation type: Min Step
	srcs: net:net12542
	bbox = (1700.9600, 2984.4360) - (1700.9880, 2984.5960) on Layer M8
violation type: Min Step
	srcs: net:net124512
	bbox = (1707.4240, 469.0760) - (1707.4520, 469.2360) on Layer M8
violation type: Min Step
	srcs: net:net134674
	bbox = (1707.6800, 2516.1960) - (1707.7080, 2516.3560) on Layer M8
violation type: Min Step
	srcs: net:ex_controller/mesh/mesh/mesh_12_0/tile_0_0/_0701_
	bbox = (1715.4240, 1406.5160) - (1715.4520, 1406.6760) on Layer M8
violation type: Min Step
	srcs: net:net110611
	bbox = (1724.2560, 205.3160) - (1724.2840, 205.4760) on Layer M8
violation type: Min Step
	srcs: net:net58328
	bbox = (1731.0400, 1404.0360) - (1731.0680, 1404.1960) on Layer M8
violation type: Min Step
	srcs: net:ex_controller/mesh/mesh/mesh_12_0/tile_0_0/_0664_
	bbox = (1737.7600, 1388.9960) - (1737.7880, 1389.1560) on Layer M8
violation type: Min Step
	srcs: net:net12563
	bbox = (1747.4760, 2969.0760) - (1747.5200, 2969.0760) on Layer M9
violation type: Min Step
	srcs: net:spad/writer/_13165_
	bbox = (1754.8480, 2992.1160) - (1754.8760, 2992.2760) on Layer M8
violation type: Min Step
	srcs: net:spad/writer/tlb_arb/_0828_
	bbox = (1753.9520, 3007.2360) - (1753.9800, 3007.3960) on Layer M8
violation type: Min Step
	srcs: net:ex_controller/mesh/mesh/mesh_11_0/tile_0_0/_0653_
	bbox = (1760.6080, 1337.4760) - (1760.6360, 1337.6360) on Layer M8
violation type: Min Step
	srcs: net:net26632
	bbox = (1760.2760, 1398.4360) - (1760.2760, 1398.5160) on Layer M8
violation type: Min Step
	srcs: net:net44774
	bbox = (1759.0720, 2971.5560) - (1759.1000, 2971.7160) on Layer M8
violation type: Min Step
	srcs: net:spad/writer/_02935_
	bbox = (1769.6320, 2947.7960) - (1769.6600, 2947.9560) on Layer M8
violation type: Min Step
	srcs: net:clknet_10_498_0_clock
	bbox = (1769.8240, 2978.3560) - (1769.8520, 2978.5160) on Layer M8
violation type: Min Step
	srcs: net:spad/writer/_13629_
	bbox = (1776.2240, 2940.2760) - (1776.2520, 2940.4360) on Layer M8
violation type: Min Step
	srcs: net:spad/writer/_04186_
	bbox = (1774.8160, 2962.9160) - (1774.8440, 2963.0760) on Layer M8
violation type: Min Step
	srcs: net:net43291
	bbox = (1783.8400, 2992.5960) - (1783.8680, 2992.7560) on Layer M8
violation type: Min Step
	srcs: net:ex_controller/mesh/mesh/mesh_12_1/tile_0_0/_0286_
	bbox = (1796.9600, 1481.7160) - (1796.9880, 1481.8760) on Layer M8
violation type: Min Step
	srcs: net:spad/_01911_
	bbox = (1842.7840, 1398.6760) - (1842.8120, 1398.8360) on Layer M8
violation type: Min Step
	srcs: net:net98441
	bbox = (1850.3360, 1699.8760) - (1850.3640, 1700.0360) on Layer M8
violation type: Min Step
	srcs: net:net55536
	bbox = (1852.1280, 2802.6760) - (1852.1560, 2802.8360) on Layer M8
violation type: Min Step
	srcs: net:ex_controller/mesh/mesh/mesh_12_4/tile_0_0/_0040_
	bbox = (1857.5680, 1815.5560) - (1857.5960, 1815.7160) on Layer M8
violation type: Min Step
	srcs: net:ex_controller/mesh/mesh/mesh_11_1/tile_0_0/_0047_
	bbox = (1867.1040, 1436.4360) - (1867.1320, 1436.5960) on Layer M8
violation type: Min Step
	srcs: net:ex_controller/mesh/mesh/mesh_12_3/tile_0_0/_0571_
	bbox = (1866.2080, 1698.6760) - (1866.2360, 1698.8360) on Layer M8
violation type: Min Step
	srcs: net:ex_controller/mesh/mesh/mesh_14_5/tile_0_0/_0530_
	bbox = (1875.0400, 1972.8360) - (1875.0680, 1972.9960) on Layer M8
violation type: Min Step
	srcs: net:ex_controller/mesh/mesh/mesh_12_3/tile_0_0/_0812_
	bbox = (1888.6720, 1686.0360) - (1888.7000, 1686.1960) on Layer M8
violation type: Min Step
	srcs: net:net26150
	bbox = (1928.1600, 1694.2760) - (1928.1880, 1694.4360) on Layer M8
violation type: Min Step
	srcs: net:ex_controller/mesh/mesh/mesh_9_1_io_in_control_0_shift_pipe_b\[3\]
	bbox = (1949.4720, 1320.8360) - (1949.5000, 1320.9960) on Layer M8
violation type: Min Step
	srcs: net:net58314
	bbox = (1948.8960, 2100.9960) - (1948.9240, 2101.1560) on Layer M8
violation type: Min Step
	srcs: net:net114671
	bbox = (1955.6160, 1179.7160) - (1955.6440, 1179.8760) on Layer M8
violation type: Min Step
	srcs: net:ex_controller/mesh/mesh/mesh_9_1/tile_0_0/_0059_
	bbox = (1956.0680, 1323.2360) - (1956.0960, 1323.3960) on Layer M8
violation type: Min Step
	srcs: net:net16015
	bbox = (1958.4960, 1690.9160) - (1958.5240, 1691.0760) on Layer M8
violation type: Min Step
	srcs: net:ex_controller/mesh/mesh/mesh_10_2/tile_0_0/_0204_
	bbox = (2003.2960, 1489.2360) - (2003.3240, 1489.3960) on Layer M8
violation type: Min Step
	srcs: net:ex_controller/mesh/mesh/mesh_8_1/tile_0_0/_0668_
	bbox = (2008.9920, 1270.5960) - (2009.0200, 1270.7560) on Layer M8
violation type: Min Step
	srcs: net:ex_controller/mesh/mesh/mesh_10_2/tile_0_0/_0314_
	bbox = (2010.4640, 1510.1960) - (2010.4920, 1510.3560) on Layer M8
violation type: Min Step
	srcs: net:ex_controller/mesh/mesh/mesh_8_1_io_in_control_0_shift_pipe_b\[1\]
	bbox = (2018.8480, 1269.7960) - (2018.8760, 1269.9560) on Layer M8
violation type: Min Step
	srcs: net:ex_controller/mesh/mesh/mesh_13_6/tile_0_0/_0458_
	bbox = (2024.8000, 2062.8360) - (2024.8280, 2062.9960) on Layer M8
violation type: Min Step
	srcs: net:ex_controller/mesh/mesh/mesh_13_6/tile_0_0/_0047_
	bbox = (2023.7120, 2068.5960) - (2023.7400, 2068.7560) on Layer M8
violation type: Min Step
	srcs: net:ex_controller/mesh/mesh/mesh_14_7/tile_0_0/_0056_
	bbox = (2025.8240, 2228.0360) - (2025.8520, 2228.1960) on Layer M8
violation type: Min Step
	srcs: net:net46756
	bbox = (2077.8560, 2787.4760) - (2077.8840, 2787.6360) on Layer M8
violation type: Min Step
	srcs: net:ex_controller/mesh/mesh/mesh_8_2/tile_0_0/_0426_
	bbox = (2085.6000, 1382.9160) - (2085.6280, 1383.0760) on Layer M8
violation type: Min Step
	srcs: net:net85947
	bbox = (2116.6400, 741.2360) - (2116.6680, 741.3960) on Layer M8
violation type: Min Step
	srcs: net:ex_controller/mesh/mesh/mesh_9_3/tile_0_0/_0222_
	bbox = (2124.1280, 1586.3560) - (2124.1560, 1586.5160) on Layer M8
violation type: Min Step
	srcs: net:net58389
	bbox = (2131.0400, 521.9560) - (2131.0680, 522.1160) on Layer M8
violation type: Min Step
	srcs: net:net128426
	bbox = (2139.0400, 679.2360) - (2139.0680, 679.3960) on Layer M8
violation type: Min Step
	srcs: net:ex_controller/mesh/mesh/mesh_9_3/tile_0_0/_0210_
	bbox = (2137.3120, 1594.7560) - (2137.3400, 1594.9160) on Layer M8
violation type: Min Step
	srcs: net:net99275
	bbox = (2144.9280, 718.5160) - (2144.9560, 718.6760) on Layer M8
violation type: Min Step
	srcs: net:ex_controller/mesh/mesh/mesh_8_3_io_in_control_0_shift_pipe_b\[3\]
	bbox = (2184.0960, 1533.7160) - (2184.1240, 1533.8760) on Layer M8
violation type: Min Step
	srcs: net:ex_controller/mesh/mesh/mesh_7_3/tile_0_0/_0246_
	bbox = (2193.1840, 1451.6360) - (2193.2120, 1451.7960) on Layer M8
violation type: Min Step
	srcs: net:ex_controller/mesh/mesh/mesh_12_7/tile_0_0/_0325_
	bbox = (2190.7520, 2116.4360) - (2190.7800, 2116.5960) on Layer M8
violation type: Min Step
	srcs: net:ex_controller/mesh/mesh/mesh_14_8/tile_0_0/_0834_
	bbox = (2193.0560, 2266.8360) - (2193.0840, 2266.9960) on Layer M8
violation type: Min Step
	srcs: net:ex_controller/mesh/mesh/mesh_14_8/tile_0_0/_0653_
	bbox = (2190.2440, 2274.8360) - (2190.2720, 2274.9960) on Layer M8
violation type: Min Step
	srcs: net:spad/acc_scale_unit/activated_data_e_scaled_muladder_10/mulAddRecFNToRaw_preMul/_0760_
	bbox = (2190.5600, 2706.8360) - (2190.5880, 2706.9960) on Layer M8
violation type: Min Step
	srcs: net:spad/acc_scale_unit/activated_data_e_scaled_muladder_10/mulAddRecFNToRaw_preMul/mainAlignedSigC\[33\]
	bbox = (2214.9440, 2714.5160) - (2214.9720, 2714.6760) on Layer M8
violation type: Min Step
	srcs: net:ex_controller/mesh/mesh/pipe_b_21_0\[6\]
	bbox = (2221.6640, 928.3560) - (2221.6920, 928.5160) on Layer M8
violation type: Min Step
	srcs: net:ex_controller/mesh/mesh/mesh_6_3/tile_0_0/_0386_
	bbox = (2220.2560, 1361.3160) - (2220.2840, 1361.4760) on Layer M8
violation type: Min Step
	srcs: net:ex_controller/mesh/_09065_
	bbox = (2237.3440, 756.5960) - (2237.3720, 756.7560) on Layer M8
violation type: Min Step
	srcs: net:spad/acc_scale_unit/activated_data_e_scaled_muladder_10/mulAddRecFNToRaw_postMul/_0525_
	bbox = (2235.6800, 2645.1560) - (2235.7080, 2645.3160) on Layer M8
violation type: Min Step
	srcs: net:net99296
	bbox = (2261.1520, 854.1160) - (2261.1800, 854.2760) on Layer M8
violation type: Min Step
	srcs: net:ex_controller/mesh/mesh/_13992_
	bbox = (2274.4640, 847.0760) - (2274.4920, 847.2360) on Layer M8
violation type: Min Step
	srcs: net:ex_controller/mesh/mesh/mesh_15_9/tile_0_0/_0300_
	bbox = (2274.2080, 2372.1160) - (2274.2360, 2372.2760) on Layer M8
violation type: Min Step
	srcs: net:spad/acc_scale_unit/activated_data_e_scaled_muladder_10/roundRawFNToRecFN/roundAnyRawFNToRecFN/_0196_
	bbox = (2273.1840, 2615.5560) - (2273.2120, 2615.7160) on Layer M8
violation type: Min Step
	srcs: net:net54079
	bbox = (2289.6320, 881.6360) - (2289.6600, 881.7960) on Layer M8
violation type: Min Step
	srcs: net:net54205
	bbox = (2305.1840, 673.5560) - (2305.2120, 673.7160) on Layer M8
violation type: Min Step
	srcs: net:net26394
	bbox = (2305.5680, 1449.7160) - (2305.5960, 1449.8760) on Layer M8
violation type: Min Step
	srcs: net:ex_controller/mesh/mesh/mesh_5_4/tile_0_0/_0408_
	bbox = (2312.4160, 1459.4760) - (2312.4440, 1459.6360) on Layer M8
violation type: Min Step
	srcs: net:ex_controller/mesh/mesh/_14104_
	bbox = (2341.2160, 778.8360) - (2341.2440, 778.9960) on Layer M8
violation type: Min Step
	srcs: net:ex_controller/mesh/mesh/mesh_14_9/tile_0_0/_0804_
	bbox = (2365.2160, 2379.3160) - (2365.2440, 2379.4760) on Layer M8
violation type: Min Step
	srcs: net:ex_controller/mesh/mesh/mesh_15_10/tile_0_0/_0782_
	bbox = (2366.2400, 2517.1560) - (2366.2680, 2517.3160) on Layer M8
violation type: Min Step
	srcs: net:ex_controller/mesh/mesh/mesh_15_10/tile_0_0/_0782_
	bbox = (2366.2400, 2523.8760) - (2366.2680, 2524.0360) on Layer M8
violation type: Min Step
	srcs: net:ex_controller/mesh/_01096_
	bbox = (2396.5760, 634.5160) - (2396.6040, 634.6760) on Layer M8
violation type: Min Step
	srcs: net:net16053
	bbox = (2417.6960, 1699.4760) - (2417.7240, 1699.6360) on Layer M8
violation type: Min Step
	srcs: net:ex_controller/mesh/mesh/mesh_1_3/tile_0_0/_0246_
	bbox = (2435.2320, 995.3960) - (2435.2600, 995.5560) on Layer M8
violation type: Min Step
	srcs: net:ex_controller/mesh/mesh/mesh_13_9/tile_0_0/_0210_
	bbox = (2440.5440, 2336.4360) - (2440.5720, 2336.5960) on Layer M8
violation type: Min Step
	srcs: net:ex_controller/mesh/mesh/mesh_15_11/tile_0_0/_0674_
	bbox = (2477.7280, 2600.2760) - (2477.7560, 2600.4360) on Layer M8
violation type: Min Step
	srcs: net:net73703
	bbox = (2487.8400, 665.1560) - (2487.8680, 665.3160) on Layer M8
violation type: Min Step
	srcs: net:ex_controller/mesh/mesh/mesh_6_0/tile_0_0/_0056_
	bbox = (2487.4560, 846.9960) - (2487.4840, 847.1560) on Layer M8
violation type: Min Step
	srcs: net:ex_controller/mesh/mesh/mesh_0_1/tile_0_0/_0634_
	bbox = (2495.6480, 655.9560) - (2495.6760, 656.1160) on Layer M8
violation type: Min Step
	srcs: net:ex_controller/mesh/mesh/mesh_0_0/tile_0_0/_0340_
	bbox = (2501.7920, 202.9160) - (2501.8200, 203.0760) on Layer M8
violation type: Min Step
	srcs: net:net25485
	bbox = (2500.8320, 756.4360) - (2500.8600, 756.5960) on Layer M8
violation type: Min Step
	srcs: net:ex_controller/mesh/mesh/mesh_7_6/tile_0_0/_0047_
	bbox = (2503.0080, 1713.9560) - (2503.0360, 1714.1160) on Layer M8
violation type: Min Step
	srcs: net:ex_controller/mesh/mesh/mesh_6_6/tile_0_0/_0231_
	bbox = (2523.2960, 1623.8760) - (2523.3240, 1624.0360) on Layer M8
violation type: Min Step
	srcs: net:ex_controller/mesh/mesh/mesh_5_6/tile_0_0/_0317_
	bbox = (2547.5520, 1540.1160) - (2547.5800, 1540.2760) on Layer M8
violation type: Min Step
	srcs: net:ex_controller/mesh/mesh/mesh_9_8/tile_0_0/_0820_
	bbox = (2554.7840, 2001.2360) - (2554.8120, 2001.3960) on Layer M8
violation type: Min Step
	srcs: net:ex_controller/mesh/mesh/mesh_1_5/tile_0_0/_0426_
	bbox = (2561.8240, 1195.0760) - (2561.8520, 1195.2360) on Layer M8
violation type: Min Step
	srcs: net:ex_controller/mesh/mesh/mesh_4_6/tile_0_0/_0246_
	bbox = (2562.7840, 1442.8360) - (2562.8120, 1442.9960) on Layer M8
violation type: Min Step
	srcs: net:ex_controller/mesh/mesh/mesh_2_0/tile_0_0/_0413_
	bbox = (2570.3360, 416.0360) - (2570.3640, 416.1960) on Layer M8
violation type: Min Step
	srcs: net:net96328
	bbox = (2569.6360, 437.1560) - (2569.6640, 437.3160) on Layer M8
violation type: Min Step
	srcs: net:net128629
	bbox = (2569.1840, 746.7560) - (2569.2120, 746.9160) on Layer M8
violation type: Min Step
	srcs: net:ex_controller/mesh/mesh/mesh_4_6/tile_0_0/_0832_
	bbox = (2584.8640, 1451.9560) - (2584.8920, 1452.1160) on Layer M8
violation type: Min Step
	srcs: net:net114106
	bbox = (2592.8640, 1366.5160) - (2592.8920, 1366.6760) on Layer M8
violation type: Min Step
	srcs: net:ex_controller/mesh/mesh/mesh_0_5/tile_0_0/_0402_
	bbox = (2609.1200, 1087.8760) - (2609.1480, 1088.0360) on Layer M8
violation type: Min Step
	srcs: net:ex_controller/mesh/mesh/mesh_15_13/tile_0_0/_0294_
	bbox = (2608.1600, 2818.1160) - (2608.1880, 2818.2760) on Layer M8
violation type: Min Step
	srcs: net:net95968
	bbox = (2638.4320, 801.5560) - (2638.4600, 801.7160) on Layer M8
violation type: Min Step
	srcs: net:net105231
	bbox = (2637.3440, 2539.6360) - (2637.3720, 2539.7960) on Layer M8
violation type: Min Step
	srcs: net:ex_controller/mesh/mesh/mesh_13_11/tile_0_0/_0325_
	bbox = (2646.3040, 2563.2360) - (2646.3320, 2563.3960) on Layer M8
violation type: Min Step
	srcs: net:ex_controller/mesh/mesh/mesh_4_7/tile_0_0/_0317_
	bbox = (2668.4480, 1509.0760) - (2668.4760, 1509.2360) on Layer M8
violation type: Min Step
	srcs: net:ex_controller/mesh/mesh/mesh_1_6/tile_0_0/_0463_
	bbox = (2675.4880, 1178.1160) - (2675.5160, 1178.2760) on Layer M8
violation type: Min Step
	srcs: net:ex_controller/mesh/mesh/mesh_4_7/tile_0_0/_0355_
	bbox = (2683.4880, 1504.1960) - (2683.5160, 1504.3560) on Layer M8
violation type: Min Step
	srcs: net:ex_controller/mesh/mesh/mesh_14_13/tile_0_0/_0470_
	bbox = (2682.3360, 2824.9160) - (2682.3640, 2825.0760) on Layer M8
violation type: Min Step
	srcs: net:net95627
	bbox = (2689.5040, 1873.7160) - (2689.5320, 1873.8760) on Layer M8
violation type: Min Step
	srcs: net:ex_controller/mesh/mesh/mesh_5_8/tile_0_0/_0692_
	bbox = (2720.2880, 1700.8360) - (2720.3160, 1700.9960) on Layer M8
violation type: Min Step
	srcs: net:ex_controller/mesh/mesh/mesh_6_8/tile_0_0/_0552_
	bbox = (2721.3120, 1798.8360) - (2721.3400, 1798.9960) on Layer M8
violation type: Min Step
	srcs: net:ex_controller/mesh/mesh/mesh_2_7/tile_0_0/_0779_
	bbox = (2727.8400, 1291.3160) - (2727.8680, 1291.4760) on Layer M8
violation type: Min Step
	srcs: net:net137737
	bbox = (2771.8080, 2613.8760) - (2771.8360, 2614.0360) on Layer M8
violation type: Min Step
	srcs: net:net26349
	bbox = (2781.6000, 1396.2760) - (2781.6280, 1396.4360) on Layer M8
violation type: Min Step
	srcs: net:ex_controller/mesh/mesh/mesh_14_15/tile_0_0/_0060_
	bbox = (2781.3440, 3160.5960) - (2781.3720, 3160.7560) on Layer M8
violation type: Min Step
	srcs: net:ex_controller/mesh/mesh/mesh_2_8/tile_0_0/_0228_
	bbox = (2826.1440, 1270.6760) - (2826.1720, 1270.8360) on Layer M8
violation type: Min Step
	srcs: net:ex_controller/mesh/mesh/mesh_1_8/tile_0_0/_0829_
	bbox = (2841.5040, 1147.3960) - (2841.5320, 1147.5560) on Layer M8
violation type: Min Step
	srcs: net:ex_controller/mesh/mesh/mesh_13_15/tile_0_0/_0391_
	bbox = (2880.8640, 3104.8360) - (2880.8920, 3104.9960) on Layer M8
violation type: Min Step
	srcs: net:ex_controller/mesh/mesh/mesh_13_15/tile_0_0/_0366_
	bbox = (2886.7520, 3099.3960) - (2886.7800, 3099.5560) on Layer M8
violation type: Min Step
	srcs: net:ex_controller/mesh/mesh/mesh_13_15/tile_0_0/_0544_
	bbox = (2896.2240, 3099.5560) - (2896.2520, 3099.7160) on Layer M8
violation type: Min Step
	srcs: net:ex_controller/mesh/mesh/mesh_9_11/tile_0_0/_0240_
	bbox = (2908.8320, 2326.7560) - (2908.8600, 2326.9160) on Layer M8
violation type: Min Step
	srcs: net:ex_controller/mesh/mesh/mesh_7_11/tile_0_0/_0272_
	bbox = (2984.4160, 2115.5560) - (2984.4440, 2115.7160) on Layer M8
violation type: Min Step
	srcs: net:ex_controller/mesh/mesh/mesh_4_10/tile_0_0/_0240_
	bbox = (3015.9040, 1654.2760) - (3015.9320, 1654.4360) on Layer M8
violation type: Min Step
	srcs: net:ex_controller/mesh/mesh/mesh_4_10/tile_0_0/_0255_
	bbox = (3016.2240, 1652.6760) - (3016.2520, 1652.8360) on Layer M8
violation type: Min Step
	srcs: net:ex_controller/mesh/mesh/mesh_7_12/tile_0_0/_0686_
	bbox = (3069.0240, 2200.7560) - (3069.0520, 2200.9160) on Layer M8
violation type: Min Step
	srcs: net:net104988
	bbox = (3150.3040, 1338.5960) - (3150.3320, 1338.7560) on Layer M8
violation type: Min Step
	srcs: net:ex_controller/mesh/mesh/mesh_9_14/tile_0_0/_0210_
	bbox = (3157.9200, 2827.6360) - (3157.9480, 2827.7960) on Layer M8
violation type: Min Step
	srcs: net:ex_controller/mesh/mesh/_07811_
	bbox = (3234.6800, 1399.7960) - (3234.7560, 1399.8760) on Layer M8
violation type: Min Step
	srcs: net:ex_controller/mesh/mesh/mesh_7_14/tile_0_0/_0050_
	bbox = (3234.0800, 2448.1160) - (3234.1080, 2448.2760) on Layer M8
violation type: Min Step
	srcs: net:ex_controller/mesh/mesh/mesh_1_13/tile_0_0/_0231_
	bbox = (3265.4400, 1297.3960) - (3265.4680, 1297.5560) on Layer M8
violation type: Min Step
	srcs: net:ex_controller/mesh/mesh/mesh_4_15/tile_0_0/_0286_
	bbox = (3301.5360, 1950.9160) - (3301.5640, 1951.0760) on Layer M8
violation type: Min Step
	srcs: net:ex_controller/mesh/mesh/mesh_1_14_io_in_control_0_shift_pipe_b\[2\]
	bbox = (3326.4320, 1373.7960) - (3326.4600, 1373.9560) on Layer M8
violation type: Min Step
	srcs: net:ex_controller/mesh/mesh/_41351_
	bbox = (3333.5360, 2040.5960) - (3333.5640, 2040.7560) on Layer M8
violation type: Min Step
	srcs: net:ex_controller/mesh/mesh/mesh_4_14/tile_0_0/_0402_
	bbox = (3339.6800, 1880.2760) - (3339.7080, 1880.4360) on Layer M8
violation type: Min Step
	srcs: net:spad/vsm/pipe_1/out_bits_data_muladder/mulAddRecFNToRaw_postMul/_0445_
	bbox = (203.8720, 2450.9160) - (203.9000, 2451.0760) on Layer M8
violation type: Min Step
	srcs: net:net128948
	bbox = (249.9520, 1900.1160) - (249.9800, 1900.2760) on Layer M8
violation type: Min Step
	srcs: net:net108604
	bbox = (316.2560, 1235.2360) - (316.2840, 1235.3960) on Layer M8
violation type: Min Step
	srcs: net:net128854
	bbox = (332.7720, 2006.3560) - (332.8000, 2006.5160) on Layer M8
violation type: Min Step
	srcs: net:net16872
	bbox = (385.5040, 1689.7160) - (385.5320, 1689.8760) on Layer M8
violation type: Min Step
	srcs: net:net73162
	bbox = (398.5600, 2142.0360) - (398.5880, 2142.1960) on Layer M8
violation type: Min Step
	srcs: net:reservation_station/_33153_
	bbox = (422.5600, 1845.4760) - (422.5880, 1845.6360) on Layer M8
violation type: Min Step
	srcs: net:net36372
	bbox = (438.3040, 1664.0360) - (438.3320, 1664.1960) on Layer M8
violation type: Min Step
	srcs: net:net130991
	bbox = (453.9200, 1500.5160) - (453.9480, 1500.6760) on Layer M8
violation type: Min Step
	srcs: net:net131621
	bbox = (452.7080, 1521.2360) - (452.7360, 1521.3960) on Layer M8
violation type: Min Step
	srcs: net:net37341
	bbox = (468.5120, 1787.2360) - (468.5400, 1787.3960) on Layer M8
violation type: Min Step
	srcs: net:net62266
	bbox = (484.0000, 1788.8360) - (484.0280, 1788.9960) on Layer M8
violation type: Min Step
	srcs: net:net137328
	bbox = (481.9520, 1802.8360) - (481.9800, 1802.9960) on Layer M8
violation type: Min Step
	srcs: net:net57643
	bbox = (496.8000, 1784.9960) - (496.8280, 1785.1560) on Layer M8
violation type: Min Step
	srcs: net:net43844
	bbox = (497.5040, 1786.7560) - (497.5320, 1786.9160) on Layer M8
violation type: Min Step
	srcs: net:reservation_station/_41562_
	bbox = (499.8080, 1785.7160) - (499.8360, 1785.8760) on Layer M8
violation type: Min Step
	srcs: net:reservation_station/_38008_
	bbox = (506.2080, 1675.4760) - (506.2360, 1675.6360) on Layer M8
violation type: Min Step
	srcs: net:net40523
	bbox = (512.8000, 1582.8360) - (512.8280, 1582.9960) on Layer M8
violation type: Min Step
	srcs: net:net132324
	bbox = (527.9680, 1220.9160) - (527.9960, 1221.0760) on Layer M8
violation type: Min Step
	srcs: net:net13400
	bbox = (528.4800, 1681.6360) - (528.5080, 1681.7960) on Layer M8
violation type: Min Step
	srcs: net:net68228
	bbox = (535.1360, 1202.9160) - (535.1640, 1203.0760) on Layer M8
violation type: Min Step
	srcs: net:mod_1/_05316_
	bbox = (535.5840, 1225.5560) - (535.6120, 1225.7160) on Layer M8
violation type: Min Step
	srcs: net:net42905
	bbox = (537.3760, 1265.9560) - (537.4040, 1266.1160) on Layer M8
violation type: Min Step
	srcs: net:net136802
	bbox = (536.0960, 1683.1560) - (536.1240, 1683.3160) on Layer M8
violation type: Min Step
	srcs: net:net37372
	bbox = (535.8400, 1771.2360) - (535.8680, 1771.3960) on Layer M8
violation type: Min Step
	srcs: net:net53334
	bbox = (541.6640, 1249.9560) - (541.6920, 1250.1160) on Layer M8
violation type: Min Step
	srcs: net:net21971
	bbox = (550.9440, 1349.3960) - (550.9720, 1349.5560) on Layer M8
violation type: Min Step
	srcs: net:net136260
	bbox = (550.4960, 1795.7960) - (550.5240, 1795.9560) on Layer M8
violation type: Min Step
	srcs: net:net68286
	bbox = (557.2840, 1263.3960) - (557.3120, 1263.5560) on Layer M8
violation type: Min Step
	srcs: net:net75664
	bbox = (559.1360, 1748.3560) - (559.1640, 1748.5160) on Layer M8
violation type: Min Step
	srcs: net:net23709
	bbox = (574.8160, 1452.9160) - (574.8440, 1453.0760) on Layer M8
violation type: Min Step
	srcs: net:net29457
	bbox = (574.3680, 1478.2760) - (574.3960, 1478.4360) on Layer M8
violation type: Min Step
	srcs: net:mod_1/_ex_io_i\[6\]
	bbox = (580.7040, 1394.1960) - (580.7320, 1394.3560) on Layer M8
violation type: Min Step
	srcs: net:net62137
	bbox = (579.7440, 1818.0360) - (579.7720, 1818.1960) on Layer M8
violation type: Min Step
	srcs: net:net75600
	bbox = (587.2320, 1825.3160) - (587.2600, 1825.4760) on Layer M8
violation type: Min Step
	srcs: net:net35800
	bbox = (590.4320, 1823.4760) - (590.4600, 1823.6360) on Layer M8
violation type: Min Step
	srcs: net:net16894
	bbox = (594.7200, 1696.6760) - (594.7480, 1696.8360) on Layer M8
violation type: Min Step
	srcs: net:net120333
	bbox = (610.6560, 1363.3160) - (610.6840, 1363.4760) on Layer M8
violation type: Min Step
	srcs: net:net131551
	bbox = (612.1280, 1452.5160) - (612.1560, 1452.6760) on Layer M8
violation type: Min Step
	srcs: net:net75421
	bbox = (612.1280, 1720.1960) - (612.1560, 1720.3560) on Layer M8
violation type: Min Step
	srcs: net:net98568
	bbox = (619.2320, 1683.1560) - (619.2600, 1683.3160) on Layer M8
violation type: Min Step
	srcs: net:net62123
	bbox = (619.6800, 1733.7960) - (619.7080, 1733.9560) on Layer M8
violation type: Min Step
	srcs: net:net37323
	bbox = (618.9120, 1826.3560) - (618.9400, 1826.5160) on Layer M8
violation type: Min Step
	srcs: net:net24060
	bbox = (633.1200, 1689.3960) - (633.1480, 1689.5560) on Layer M8
violation type: Min Step
	srcs: net:net108690
	bbox = (664.2240, 1256.3560) - (664.2520, 1256.5160) on Layer M8
violation type: Min Step
	srcs: net:net108839
	bbox = (664.5440, 1363.3960) - (664.5720, 1363.5560) on Layer M8
violation type: Min Step
	srcs: net:mod_1/ex/_03700_
	bbox = (679.4560, 1414.5160) - (679.4840, 1414.6760) on Layer M8
violation type: Min Step
	srcs: net:spad/vsm/pipe_3/out_bits_data_muladder/roundRawFNToRecFN/roundAnyRawFNToRecFN/_0064_
	bbox = (718.0480, 2664.3560) - (718.0760, 2664.5160) on Layer M8
violation type: Min Step
	srcs: net:net23797
	bbox = (740.5760, 1409.1560) - (740.6040, 1409.3160) on Layer M8
violation type: Min Step
	srcs: net:spad/vsm/pipe_2/out_bits_data_muladder/mulAddRecFNToRaw_postMul/_0828_
	bbox = (738.4640, 2224.0360) - (738.4920, 2224.1960) on Layer M8
violation type: Min Step
	srcs: net:spad/vsm/_03224_
	bbox = (762.1440, 2385.7960) - (762.1720, 2385.9560) on Layer M8
violation type: Min Step
	srcs: net:net65694
	bbox = (823.0720, 1507.5560) - (823.1000, 1507.7160) on Layer M8
violation type: Min Step
	srcs: net:net65694
	bbox = (838.3040, 1508.3560) - (838.3320, 1508.5160) on Layer M8
violation type: Min Step
	srcs: net:net98424
	bbox = (853.0240, 1698.0360) - (853.0520, 1698.1960) on Layer M8
violation type: Min Step
	srcs: net:net41350
	bbox = (869.9200, 1765.3160) - (869.9480, 1765.4760) on Layer M8
violation type: Min Step
	srcs: net:net65741
	bbox = (875.5520, 1703.0760) - (875.5800, 1703.2360) on Layer M8
violation type: Min Step
	srcs: net:net122660
	bbox = (898.1440, 1364.2760) - (898.1720, 1364.4360) on Layer M8
violation type: Min Step
	srcs: net:net17247
	bbox = (897.5040, 1395.3160) - (897.5320, 1395.4760) on Layer M8
violation type: Min Step
	srcs: net:net66558
	bbox = (920.6880, 1440.9160) - (920.6880, 1440.9960) on Layer M8
violation type: Min Step
	srcs: net:net38643
	bbox = (920.8640, 2647.5560) - (920.8920, 2647.7160) on Layer M8
violation type: Min Step
	srcs: net:spad/reader/beatPacker/_00221_
	bbox = (929.5680, 2761.9560) - (929.5960, 2762.1160) on Layer M8
violation type: Min Step
	srcs: net:spad/reader/beatPacker/_09128_
	bbox = (936.4160, 2837.5560) - (936.4440, 2837.7160) on Layer M8
violation type: Min Step
	srcs: net:spad/reader/beatPacker/_09128_
	bbox = (934.6280, 2861.7960) - (934.6560, 2861.9560) on Layer M8
violation type: Min Step
	srcs: net:net42307
	bbox = (938.0160, 2875.3960) - (938.0440, 2875.5560) on Layer M8
violation type: Min Step
	srcs: net:spad/reader/beatPacker/_09128_
	bbox = (936.4160, 2876.0360) - (936.4440, 2876.1960) on Layer M8
violation type: Min Step
	srcs: net:net136960
	bbox = (942.8160, 1437.3960) - (942.8440, 1437.5560) on Layer M8
violation type: Min Step
	srcs: net:net123240
	bbox = (951.2000, 1152.8360) - (951.2280, 1152.9960) on Layer M8
violation type: Min Step
	srcs: net:net28073
	bbox = (952.4160, 2822.9960) - (952.4440, 2823.1560) on Layer M8
violation type: Min Step
	srcs: net:spad/reader/beatPacker/_00175_
	bbox = (952.0960, 2858.5160) - (952.1240, 2858.6760) on Layer M8
violation type: Min Step
	srcs: net:net58965
	bbox = (966.4960, 2316.0360) - (966.5240, 2316.1960) on Layer M8
violation type: Min Step
	srcs: net:net109513
	bbox = (974.7520, 1070.5960) - (974.7800, 1070.7560) on Layer M8
violation type: Min Step
	srcs: net:spad/reader/beatPacker/_17306_
	bbox = (981.5360, 2838.6760) - (981.5640, 2838.8360) on Layer M8
violation type: Min Step
	srcs: net:net100750
	bbox = (981.2160, 2869.0760) - (981.2440, 2869.2360) on Layer M8
violation type: Min Step
	srcs: net:net66600
	bbox = (988.9600, 1431.3160) - (988.9880, 1431.4760) on Layer M8
violation type: Min Step
	srcs: net:spad/reader/beatPacker/_02438_
	bbox = (988.4480, 2885.1560) - (988.4760, 2885.3160) on Layer M8
violation type: Min Step
	srcs: net:net44937
	bbox = (990.3680, 2913.8760) - (990.3960, 2914.0360) on Layer M8
violation type: Min Step
	srcs: net:net65595
	bbox = (1005.1520, 1438.1160) - (1005.1800, 1438.2760) on Layer M8
violation type: Min Step
	srcs: net:net58642
	bbox = (1005.8560, 2309.5560) - (1005.8840, 2309.7160) on Layer M8
violation type: Min Step
	srcs: net:spad/reader/beatPacker/_17301_
	bbox = (1005.2800, 2831.5560) - (1005.3080, 2831.7160) on Layer M8
violation type: Min Step
	srcs: net:net83708
	bbox = (1018.0800, 730.2760) - (1018.1080, 730.4360) on Layer M8
violation type: Min Step
	srcs: net:net59786
	bbox = (1018.9200, 1712.9160) - (1018.9200, 1712.9960) on Layer M8
violation type: Min Step
	srcs: net:net106577
	bbox = (1018.7840, 2618.4360) - (1018.8120, 2618.5960) on Layer M8
violation type: Min Step
	srcs: net:spad/_reader_io_resp_bits_data\[92\]
	bbox = (1034.5280, 2718.1960) - (1034.5560, 2718.3560) on Layer M8
violation type: Min Step
	srcs: net:net103031
	bbox = (1049.0560, 1371.3960) - (1049.0840, 1371.5560) on Layer M8
violation type: Min Step
	srcs: net:net123261
	bbox = (1065.2480, 1362.5960) - (1065.2760, 1362.7560) on Layer M8
violation type: Min Step
	srcs: net:spad/_01484_
	bbox = (1064.0960, 1679.9560) - (1064.1240, 1680.1160) on Layer M8
violation type: Min Step
	srcs: net:mod/ld_weights/_013230_
	bbox = (1081.4400, 774.6760) - (1081.4680, 774.8360) on Layer M8
violation type: Min Step
	srcs: net:mod/ld_weights/_031420_
	bbox = (1103.3280, 1463.1560) - (1103.3560, 1463.3160) on Layer M8
violation type: Min Step
	srcs: net:spad/reader/beatPacker/_12472_
	bbox = (1102.8160, 2821.5560) - (1102.8440, 2821.7160) on Layer M8
violation type: Min Step
	srcs: net:net65373
	bbox = (1112.1600, 1649.1560) - (1112.1880, 1649.3160) on Layer M8
violation type: Min Step
	srcs: net:spad/acc_mems_0/pipelined_writes_1_bits_addr\[8\]
	bbox = (1239.2000, 2414.4360) - (1239.2280, 2414.5960) on Layer M8
violation type: Min Step
	srcs: net:net29381
	bbox = (1247.4560, 356.1960) - (1247.4840, 356.3560) on Layer M8
violation type: Min Step
	srcs: net:net60227
	bbox = (1246.9440, 1445.6360) - (1246.9720, 1445.7960) on Layer M8
violation type: Min Step
	srcs: net:net59484
	bbox = (1263.1360, 1712.8360) - (1263.1640, 1712.9960) on Layer M8
violation type: Min Step
	srcs: net:spad/acc_adders/_0225_
	bbox = (1268.1920, 2429.3160) - (1268.2200, 2429.4760) on Layer M8
violation type: Min Step
	srcs: net:net67889
	bbox = (1276.8960, 2686.9160) - (1276.9240, 2687.0760) on Layer M8
violation type: Min Step
	srcs: net:spad/_acc_mems_0_io_adder_op1_3_0\[2\]
	bbox = (1283.3600, 2408.1960) - (1283.3880, 2408.3560) on Layer M8
violation type: Min Step
	srcs: net:net101756
	bbox = (1290.9120, 2468.5160) - (1290.9400, 2468.6760) on Layer M8
violation type: Min Step
	srcs: net:net8650
	bbox = (1298.9120, 2543.3960) - (1298.9400, 2543.5560) on Layer M8
violation type: Min Step
	srcs: net:net39224
	bbox = (1320.9920, 351.3960) - (1321.0200, 351.5560) on Layer M8
violation type: Min Step
	srcs: net:net137800
	bbox = (1320.8640, 2522.2760) - (1320.8920, 2522.4360) on Layer M8
violation type: Min Step
	srcs: net:net93515
	bbox = (1321.5680, 2611.9560) - (1321.5960, 2612.0360) on Layer M8
violation type: Min Step
	srcs: net:spad/_acc_mems_0_io_adder_op1_15_0\[24\]
	bbox = (1330.1440, 2459.7160) - (1330.1720, 2459.8760) on Layer M8
violation type: Min Step
	srcs: net:net93515
	bbox = (1330.2720, 2612.7560) - (1330.3000, 2612.9160) on Layer M8
violation type: Min Step
	srcs: net:net119569
	bbox = (1329.5040, 2688.6760) - (1329.5320, 2688.8360) on Layer M8
violation type: Min Step
	srcs: net:spad/acc_scale_unit/activated_data_e_scaled_muladder_6/mulAddRecFNToRaw_postMul/_0766_
	bbox = (1328.2880, 3244.6760) - (1328.3160, 3244.8360) on Layer M8
violation type: Min Step
	srcs: net:net134575
	bbox = (1336.9280, 2392.9160) - (1336.9560, 2393.0760) on Layer M8
violation type: Min Step
	srcs: net:net139080
	bbox = (1338.0160, 2656.1960) - (1338.0440, 2656.3560) on Layer M8
violation type: Min Step
	srcs: net:spad/_acc_mems_0_io_adder_op1_2_0\[7\]
	bbox = (1337.9520, 2664.4360) - (1337.9800, 2664.5960) on Layer M8
violation type: Min Step
	srcs: net:mod/ex/_026843_
	bbox = (1345.1840, 1206.9960) - (1345.2120, 1207.1560) on Layer M8
violation type: Min Step
	srcs: net:net61449
	bbox = (1346.5280, 2423.5560) - (1346.5560, 2423.7160) on Layer M8
violation type: Min Step
	srcs: net:spad/acc_mems_0/_0205_
	bbox = (1344.2880, 2442.6760) - (1344.3160, 2442.8360) on Layer M8
violation type: Min Step
	srcs: net:spad/_vsm_in_q_1_io_deq_bits_in_15\[0\]
	bbox = (1344.4160, 2692.3560) - (1344.4440, 2692.5160) on Layer M8
violation type: Min Step
	srcs: net:net94073
	bbox = (1344.8000, 2724.7560) - (1344.8280, 2724.9160) on Layer M8
violation type: Min Step
	srcs: net:net117217
	bbox = (1352.1600, 2460.1960) - (1352.1880, 2460.3560) on Layer M8
violation type: Min Step
	srcs: net:net93149
	bbox = (1351.0720, 2573.7960) - (1351.1000, 2573.9560) on Layer M8
violation type: Min Step
	srcs: net:net26390
	bbox = (1358.9440, 1409.0760) - (1358.9720, 1409.2360) on Layer M8
violation type: Min Step
	srcs: net:net93146
	bbox = (1361.9600, 2445.9560) - (1361.9600, 2446.0360) on Layer M8
violation type: Min Step
	srcs: net:spad/_acc_mems_1_io_read_resp_bits_data_6_0\[4\]
	bbox = (1361.5680, 2460.1160) - (1361.5960, 2460.2760) on Layer M8
violation type: Min Step
	srcs: net:spad/acc_mems_0/_0229_
	bbox = (1358.6240, 2459.3160) - (1358.6520, 2459.4760) on Layer M8
violation type: Min Step
	srcs: net:spad/acc_adders/_0319_
	bbox = (1359.0720, 2476.0360) - (1359.1000, 2476.1960) on Layer M8
violation type: Min Step
	srcs: net:net94007
	bbox = (1360.3520, 2695.3960) - (1360.3800, 2695.5560) on Layer M8
violation type: Min Step
	srcs: net:net84053
	bbox = (1375.4560, 579.3160) - (1375.4840, 579.4760) on Layer M8
violation type: Min Step
	srcs: net:net66487
	bbox = (1373.4720, 1400.6760) - (1373.5000, 1400.8360) on Layer M8
violation type: Min Step
	srcs: net:net83135
	bbox = (1383.4560, 593.9560) - (1383.4840, 594.1160) on Layer M8
violation type: Min Step
	srcs: net:net93456
	bbox = (1383.7120, 2602.2760) - (1383.7400, 2602.4360) on Layer M8
violation type: Min Step
	srcs: net:net93725
	bbox = (1384.0960, 2639.3160) - (1384.1240, 2639.4760) on Layer M8
violation type: Min Step
	srcs: net:net93927
	bbox = (1381.5360, 2701.8760) - (1381.5640, 2702.0360) on Layer M8
violation type: Min Step
	srcs: net:net68900
	bbox = (1391.4600, 570.9960) - (1391.4880, 571.1560) on Layer M8
violation type: Min Step
	srcs: net:mod/_25755_
	bbox = (1390.1760, 592.1160) - (1390.2040, 592.2760) on Layer M8
violation type: Min Step
	srcs: net:net71771
	bbox = (1388.8960, 608.5160) - (1388.9240, 608.6760) on Layer M8
violation type: Min Step
	srcs: net:net93810
	bbox = (1392.1600, 2665.3960) - (1392.1880, 2665.5560) on Layer M8
violation type: Min Step
	srcs: net:net121795
	bbox = (1398.8160, 614.4360) - (1398.8440, 614.5960) on Layer M8
violation type: Min Step
	srcs: net:net60177
	bbox = (1397.4080, 1439.9560) - (1397.4360, 1440.1160) on Layer M8
violation type: Min Step
	srcs: net:net101989
	bbox = (1398.0480, 2550.5160) - (1398.0760, 2550.6760) on Layer M8
violation type: Min Step
	srcs: net:spad/acc_adders/_0492_
	bbox = (1396.5760, 2662.0360) - (1396.6040, 2662.1960) on Layer M8
violation type: Min Step
	srcs: net:clknet_10_449_0_clock
	bbox = (1397.0240, 2694.1960) - (1397.0520, 2694.3560) on Layer M8
violation type: Min Step
	srcs: net:mod/ld_input/_28098_
	bbox = (1405.4080, 366.8360) - (1405.4360, 366.9960) on Layer M8
violation type: Min Step
	srcs: net:net33139
	bbox = (1405.0240, 530.3560) - (1405.0520, 530.5160) on Layer M8
violation type: Min Step
	srcs: net:mod/_06181_
	bbox = (1404.3840, 681.5560) - (1404.4120, 681.7160) on Layer M8
violation type: Min Step
	srcs: net:net93766
	bbox = (1403.4760, 2634.1960) - (1403.5560, 2634.2760) on Layer M8
violation type: Min Step
	srcs: net:net93766
	bbox = (1407.1600, 2634.1960) - (1407.1600, 2634.2760) on Layer M8
violation type: Min Step
	srcs: net:net93766
	bbox = (1407.3200, 2634.1960) - (1407.3200, 2634.2760) on Layer M8
violation type: Min Step
	srcs: net:net94146
	bbox = (1404.8480, 2692.2760) - (1404.8480, 2692.3560) on Layer M8
violation type: Min Step
	srcs: net:net83134
	bbox = (1412.5120, 593.7960) - (1412.5400, 593.9560) on Layer M8
violation type: Min Step
	srcs: net:net72308
	bbox = (1413.2160, 713.6360) - (1413.2440, 713.7960) on Layer M8
violation type: Min Step
	srcs: net:spad/acc_mems_0/_0120_
	bbox = (1419.8720, 2490.3560) - (1419.9000, 2490.5160) on Layer M8
violation type: Min Step
	srcs: net:net135233
	bbox = (1421.6000, 2664.4360) - (1421.6280, 2664.5960) on Layer M8
violation type: Min Step
	srcs: net:net135076
	bbox = (1426.4640, 2390.6760) - (1426.4920, 2390.8360) on Layer M8
violation type: Min Step
	srcs: net:mod/_26511_
	bbox = (1435.6800, 578.3560) - (1435.7080, 578.5160) on Layer M8
violation type: Min Step
	srcs: net:net83999
	bbox = (1435.2320, 600.2760) - (1435.2600, 600.4360) on Layer M8
violation type: Min Step
	srcs: net:mod/_26035_
	bbox = (1436.5120, 615.4760) - (1436.5400, 615.6360) on Layer M8
violation type: Min Step
	srcs: net:mod/_25749_
	bbox = (1433.5680, 623.7960) - (1433.5960, 623.9560) on Layer M8
violation type: Min Step
	srcs: net:net127040
	bbox = (1435.9400, 1062.5160) - (1435.9680, 1062.6760) on Layer M8
violation type: Min Step
	srcs: net:net134503
	bbox = (1449.8240, 2466.2760) - (1449.8520, 2466.4360) on Layer M8
violation type: Min Step
	srcs: net:net134853
	bbox = (1449.3760, 2484.5160) - (1449.4040, 2484.6760) on Layer M8
violation type: Min Step
	srcs: net:net34578
	bbox = (1457.5680, 652.3560) - (1457.5960, 652.5160) on Layer M8
violation type: Min Step
	srcs: net:net91514
	bbox = (1458.6560, 2559.4760) - (1458.6840, 2559.6360) on Layer M8
violation type: Min Step
	srcs: net:net93658
	bbox = (1456.4600, 2625.3960) - (1456.5960, 2625.4760) on Layer M8
violation type: Min Step
	srcs: net:net93986
	bbox = (1458.2080, 2701.5560) - (1458.2360, 2701.7160) on Layer M8
violation type: Min Step
	srcs: net:net51891
	bbox = (1465.9520, 2664.7560) - (1465.9800, 2664.9160) on Layer M8
violation type: Min Step
	srcs: net:net71922
	bbox = (1472.8640, 599.7960) - (1472.8920, 599.9560) on Layer M8
violation type: Min Step
	srcs: net:mod/_11985_
	bbox = (1471.7120, 720.9160) - (1471.7400, 721.0760) on Layer M8
violation type: Min Step
	srcs: net:ex_controller/mesh/mesh/mesh_14_0/tile_0_0/_0042_
	bbox = (1474.9760, 1491.3960) - (1475.0040, 1491.5560) on Layer M8
violation type: Min Step
	srcs: net:net36844
	bbox = (1473.4400, 1494.1160) - (1473.4680, 1494.2760) on Layer M8
violation type: Min Step
	srcs: net:net52771
	bbox = (1474.3360, 2533.7960) - (1474.3640, 2533.9560) on Layer M8
violation type: Min Step
	srcs: net:mod/_27306_
	bbox = (1480.9280, 585.2360) - (1480.9560, 585.3960) on Layer M8
violation type: Min Step
	srcs: net:mod/_05799_
	bbox = (1481.0560, 608.1160) - (1481.0840, 608.2760) on Layer M8
violation type: Min Step
	srcs: net:net84525
	bbox = (1482.6560, 652.7560) - (1482.6840, 652.9160) on Layer M8
violation type: Min Step
	srcs: net:net54546
	bbox = (1481.7600, 1561.1560) - (1481.7880, 1561.3160) on Layer M8
violation type: Min Step
	srcs: net:net134949
	bbox = (1480.9920, 2518.9960) - (1481.0200, 2519.1560) on Layer M8
violation type: Min Step
	srcs: net:net135484
	bbox = (1480.9920, 2632.1160) - (1481.0200, 2632.2760) on Layer M8
violation type: Min Step
	srcs: net:mod/_25306_
	bbox = (1488.5440, 600.0360) - (1488.5720, 600.1960) on Layer M8
violation type: Min Step
	srcs: net:mod/_01079_
	bbox = (1486.5600, 624.1960) - (1486.5880, 624.3560) on Layer M8
violation type: Min Step
	srcs: net:ex_controller/mesh/mesh/_mesh_14_0_io_out_b_0\[11\]
	bbox = (1496.0960, 1500.5960) - (1496.1240, 1500.7560) on Layer M8
violation type: Min Step
	srcs: net:net59693
	bbox = (1497.1840, 2400.9160) - (1497.2120, 2401.0760) on Layer M8
violation type: Min Step
	srcs: net:net135703
	bbox = (1495.0080, 2473.6360) - (1495.0360, 2473.7960) on Layer M8
violation type: Min Step
	srcs: net:spad/_acc_adders_io_out_9_0\[29\]
	bbox = (1495.5840, 2474.0360) - (1495.6120, 2474.1960) on Layer M8
violation type: Min Step
	srcs: net:mod/ex/_047339_
	bbox = (1504.5440, 1409.8760) - (1504.5720, 1410.0360) on Layer M8
violation type: Min Step
	srcs: net:net135050
	bbox = (1504.2240, 2408.1160) - (1504.2520, 2408.2760) on Layer M8
violation type: Min Step
	srcs: net:net8386
	bbox = (1503.3920, 2575.2360) - (1503.4200, 2575.3960) on Layer M8
violation type: Min Step
	srcs: net:net111300
	bbox = (1512.2280, 1402.1160) - (1512.2560, 1402.2760) on Layer M8
violation type: Min Step
	srcs: net:mod/ld_input/_25832_
	bbox = (1517.4080, 304.8360) - (1517.4360, 304.9960) on Layer M8
violation type: Min Step
	srcs: net:net24905
	bbox = (1518.6880, 1446.5960) - (1518.7160, 1446.7560) on Layer M8
violation type: Min Step
	srcs: net:net134609
	bbox = (1518.0360, 2414.1960) - (1518.0360, 2414.2760) on Layer M8
violation type: Min Step
	srcs: net:net134609
	bbox = (1518.4320, 2414.2760) - (1518.4600, 2414.4360) on Layer M8
violation type: Min Step
	srcs: net:net134609
	bbox = (1517.8760, 2414.3560) - (1517.8760, 2414.4360) on Layer M8
violation type: Min Step
	srcs: net:net135631
	bbox = (1519.0080, 2427.8760) - (1519.0360, 2428.0360) on Layer M8
violation type: Min Step
	srcs: net:net91767
	bbox = (1517.0240, 2492.0360) - (1517.0520, 2492.1960) on Layer M8
violation type: Min Step
	srcs: net:net93302
	bbox = (1518.1760, 2589.8760) - (1518.2040, 2590.0360) on Layer M8
violation type: Min Step
	srcs: net:net108256
	bbox = (1518.6240, 2632.5160) - (1518.6520, 2632.6760) on Layer M8
violation type: Min Step
	srcs: net:net52866
	bbox = (1518.5600, 2702.4360) - (1518.5880, 2702.5960) on Layer M8
violation type: Min Step
	srcs: net:net111545
	bbox = (1533.6640, 955.9560) - (1533.6920, 956.1160) on Layer M8
violation type: Min Step
	srcs: net:spad/_acc_mems_1_io_adder_op1_6_0\[12\]
	bbox = (1533.4720, 2466.0360) - (1533.5000, 2466.1960) on Layer M8
violation type: Min Step
	srcs: net:mod/ld_input/_24424_
	bbox = (1540.0640, 318.8360) - (1540.0920, 318.9960) on Layer M8
violation type: Min Step
	srcs: net:net125656
	bbox = (1540.1440, 676.1160) - (1540.1440, 676.1960) on Layer M8
violation type: Min Step
	srcs: net:net92332
	bbox = (1540.0000, 2612.7560) - (1540.0280, 2612.9160) on Layer M8
violation type: Min Step
	srcs: net:net8420
	bbox = (1547.2320, 2503.7960) - (1547.2600, 2503.9560) on Layer M8
violation type: Min Step
	srcs: net:net134673
	bbox = (1558.4360, 2513.7960) - (1558.5200, 2513.7960) on Layer M9
violation type: Min Step
	srcs: net:net134673
	bbox = (1558.3560, 2514.4360) - (1558.4360, 2514.4360) on Layer M9
violation type: Min Step
	srcs: net:net134673
	bbox = (1558.1960, 2514.2760) - (1558.2760, 2514.2760) on Layer M9
violation type: Min Step
	srcs: net:net92367
	bbox = (1558.2400, 2582.3560) - (1558.2680, 2582.5160) on Layer M8
violation type: Min Step
	srcs: net:ex_controller/mesh/mesh/mesh_14_1/tile_0_0/_0355_
	bbox = (1563.1680, 1531.8760) - (1563.1960, 1532.0360) on Layer M8
violation type: Min Step
	srcs: net:net91145
	bbox = (1564.2560, 2408.4360) - (1564.2840, 2408.5960) on Layer M8
violation type: Min Step
	srcs: net:net93521
	bbox = (1565.2800, 2503.7960) - (1565.3080, 2503.9560) on Layer M8
violation type: Min Step
	srcs: net:net93084
	bbox = (1565.4720, 2518.7560) - (1565.5000, 2518.9160) on Layer M8
violation type: Min Step
	srcs: net:net61801
	bbox = (1570.9760, 1401.7960) - (1571.0040, 1401.9560) on Layer M8
violation type: Min Step
	srcs: net:net114962
	bbox = (1572.0000, 1606.8360) - (1572.0280, 1606.9960) on Layer M8
violation type: Min Step
	srcs: net:net93772
	bbox = (1572.1920, 2680.7560) - (1572.2200, 2680.9160) on Layer M8
violation type: Min Step
	srcs: net:spad/acc_mems_1/pipelined_writes_1_bits_mask_13
	bbox = (1580.1920, 2437.2360) - (1580.2200, 2437.3960) on Layer M8
violation type: Min Step
	srcs: net:net91961
	bbox = (1580.0640, 2445.7160) - (1580.0920, 2445.8760) on Layer M8
violation type: Min Step
	srcs: net:net92554
	bbox = (1578.5280, 2695.1560) - (1578.5560, 2695.3160) on Layer M8
violation type: Min Step
	srcs: net:net134606
	bbox = (1588.0640, 2406.9160) - (1588.0920, 2407.0760) on Layer M8
violation type: Min Step
	srcs: net:net101801
	bbox = (1588.3200, 2438.0360) - (1588.3480, 2438.1960) on Layer M8
violation type: Min Step
	srcs: net:net92185
	bbox = (1585.5680, 2580.0360) - (1585.5960, 2580.1960) on Layer M8
violation type: Min Step
	srcs: net:net61841
	bbox = (1586.6560, 2626.5960) - (1586.6840, 2626.7560) on Layer M8
violation type: Min Step
	srcs: net:net124159
	bbox = (1594.0800, 252.6760) - (1594.1080, 252.8360) on Layer M8
violation type: Min Step
	srcs: net:ex_controller/mesh/mesh/mesh_15_3/tile_0_0/_0201_
	bbox = (1592.7360, 1788.3560) - (1592.7640, 1788.5160) on Layer M8
violation type: Min Step
	srcs: net:spad/_acc_mems_1_io_adder_op1_0_0\[18\]
	bbox = (1595.7440, 2459.1560) - (1595.7720, 2459.3160) on Layer M8
violation type: Min Step
	srcs: net:spad/_acc_mems_1_io_adder_op1_7_0\[27\]
	bbox = (1595.8080, 2632.9160) - (1595.8360, 2633.0760) on Layer M8
violation type: Min Step
	srcs: net:net94146
	bbox = (1593.8240, 2692.1960) - (1593.8520, 2692.3560) on Layer M8
violation type: Min Step
	srcs: net:net139057
	bbox = (1601.8240, 2399.1560) - (1601.8520, 2399.3160) on Layer M8
violation type: Min Step
	srcs: net:net106649
	bbox = (1602.7200, 2415.7160) - (1602.7480, 2415.8760) on Layer M8
violation type: Min Step
	srcs: net:net135278
	bbox = (1601.6960, 2481.5560) - (1601.7240, 2481.7160) on Layer M8
violation type: Min Step
	srcs: net:spad/_acc_mems_1_io_adder_op1_4_0\[29\]
	bbox = (1600.6080, 2490.5160) - (1600.6360, 2490.6760) on Layer M8
violation type: Min Step
	srcs: net:net135401
	bbox = (1609.2480, 2405.8760) - (1609.2760, 2406.0360) on Layer M8
violation type: Min Step
	srcs: net:net94180
	bbox = (1615.0080, 2687.7960) - (1615.0360, 2687.9560) on Layer M8
violation type: Min Step
	srcs: net:net98455
	bbox = (1625.8880, 1695.2360) - (1625.9160, 1695.3960) on Layer M8
violation type: Min Step
	srcs: net:net70031
	bbox = (1623.9040, 2022.8360) - (1623.9320, 2022.9960) on Layer M8
violation type: Min Step
	srcs: net:ex_controller/mesh/mesh/mesh_15_4/tile_0_0/_0325_
	bbox = (1631.6480, 2005.7160) - (1631.6760, 2005.8760) on Layer M8
violation type: Min Step
	srcs: net:ex_controller/mesh/mesh/mesh_13_0/tile_0_0/_0383_
	bbox = (1638.5600, 1454.4360) - (1638.5880, 1454.5960) on Layer M8
violation type: Min Step
	srcs: net:mod/ld_input/_39377_
	bbox = (1648.4800, 409.5560) - (1648.5080, 409.7160) on Layer M8
violation type: Min Step
	srcs: net:net133867
	bbox = (1647.6480, 472.9960) - (1647.6760, 473.1560) on Layer M8
violation type: Min Step
	srcs: net:net127684
	bbox = (1647.1360, 1437.3960) - (1647.1640, 1437.5560) on Layer M8
violation type: Min Step
	srcs: net:net134351
	bbox = (1654.4960, 487.8760) - (1654.5240, 488.0360) on Layer M8
violation type: Min Step
	srcs: net:ex_controller/mesh/mesh/mesh_13_0/tile_0_0/_0463_
	bbox = (1653.9840, 1447.2360) - (1654.0120, 1447.3960) on Layer M8
violation type: Min Step
	srcs: net:net96777
	bbox = (1664.0960, 1516.1160) - (1664.1240, 1516.2760) on Layer M8
violation type: Min Step
	srcs: net:net16018
	bbox = (1661.3440, 1688.8360) - (1661.3720, 1688.9960) on Layer M8
violation type: Min Step
	srcs: net:ex_controller/mesh/mesh/mesh_14_3/tile_0_0/_0367_
	bbox = (1670.9440, 1748.2760) - (1670.9720, 1748.4360) on Layer M8
violation type: Min Step
	srcs: net:net94092
	bbox = (1668.7680, 2443.4760) - (1668.7960, 2443.6360) on Layer M8
violation type: Min Step
	srcs: net:net18069
	bbox = (1676.2560, 1703.8760) - (1676.2840, 1704.0360) on Layer M8
violation type: Min Step
	srcs: net:ex_controller/mesh/mesh/mesh_13_1/tile_0_0/_0665_
	bbox = (1685.7920, 1516.1160) - (1685.8200, 1516.2760) on Layer M8
violation type: Min Step
	srcs: net:spad/acc_scale_unit/activated_data_e_scaled_muladder_7/mulAddRecFNToRaw_preMul/_0721_
	bbox = (1685.4080, 2079.7960) - (1685.4360, 2079.9560) on Layer M8
violation type: Min Step
	srcs: net:net110621
	bbox = (1692.2560, 175.2360) - (1692.2840, 175.3960) on Layer M8
violation type: Min Step
	srcs: net:net65961
	bbox = (1693.0880, 1508.3560) - (1693.1160, 1508.5160) on Layer M8
violation type: Min Step
	srcs: net:net52241
	bbox = (1692.1280, 2527.6360) - (1692.1560, 2527.7960) on Layer M8
violation type: Min Step
	srcs: net:net124882
	bbox = (1700.8320, 236.3560) - (1700.8600, 236.5160) on Layer M8
violation type: Min Step
	srcs: net:net133235
	bbox = (1700.8960, 492.4360) - (1700.9240, 492.5960) on Layer M8
violation type: Min Step
	srcs: net:ex_controller/mesh/mesh/mesh_13_1/tile_0_0/_0344_
	bbox = (1700.9600, 1515.4760) - (1700.9880, 1515.6360) on Layer M8
violation type: Min Step
	srcs: net:spad/_acc_mems_1_io_adder_op1_10_0\[30\]
	bbox = (1708.3200, 2527.0760) - (1708.3480, 2527.2360) on Layer M8
violation type: Min Step
	srcs: net:spad/_acc_mems_1_io_adder_op1_15_0\[13\]
	bbox = (1706.2720, 2544.1960) - (1706.3000, 2544.3560) on Layer M8
violation type: Min Step
	srcs: net:net116728
	bbox = (1707.8080, 2551.2360) - (1707.8360, 2551.3960) on Layer M8
violation type: Min Step
	srcs: net:net93839
	bbox = (1708.3840, 2665.5560) - (1708.4120, 2665.7160) on Layer M8
violation type: Min Step
	srcs: net:net110620
	bbox = (1716.1920, 261.7160) - (1716.2200, 261.8760) on Layer M8
violation type: Min Step
	srcs: net:ex_controller/mesh/mesh/mesh_14_4/tile_0_0/_0336_
	bbox = (1713.5680, 1943.7960) - (1713.5960, 1943.9560) on Layer M8
violation type: Min Step
	srcs: net:net110620
	bbox = (1721.8880, 212.5960) - (1721.9160, 212.7560) on Layer M8
violation type: Min Step
	srcs: net:net132623
	bbox = (1721.8240, 979.2360) - (1721.8520, 979.3960) on Layer M8
violation type: Min Step
	srcs: net:spad/acc_adders/_0679_
	bbox = (1722.1160, 2526.1160) - (1722.1960, 2526.1160) on Layer M8
violation type: Min Step
	srcs: net:net14227
	bbox = (1721.5040, 2528.2760) - (1721.5320, 2528.4360) on Layer M8
violation type: Min Step
	srcs: net:net134625
	bbox = (1723.2320, 2540.9960) - (1723.2600, 2541.1560) on Layer M8
violation type: Min Step
	srcs: net:net6404
	bbox = (1722.1440, 2820.7560) - (1722.1720, 2820.9160) on Layer M8
violation type: Min Step
	srcs: net:ex_controller/mesh/mesh/mesh_12_0/tile_0_0/_0408_
	bbox = (1731.3600, 1387.5560) - (1731.3880, 1387.7160) on Layer M8
violation type: Min Step
	srcs: net:spad/_acc_mems_1_io_adder_op1_11_0\[3\]
	bbox = (1729.3760, 2649.7160) - (1729.4040, 2649.8760) on Layer M8
violation type: Min Step
	srcs: net:net124665
	bbox = (1737.1840, 206.5160) - (1737.2120, 206.6760) on Layer M8
violation type: Min Step
	srcs: net:net134674
	bbox = (1738.1440, 2518.4360) - (1738.1720, 2518.5960) on Layer M8
violation type: Min Step
	srcs: net:ex_controller/mesh/mesh/mesh_13_3/tile_0_0/_0442_
	bbox = (1745.0560, 1720.4360) - (1745.0840, 1720.5960) on Layer M8
violation type: Min Step
	srcs: net:net44812
	bbox = (1760.0960, 2971.8760) - (1760.1240, 2972.0360) on Layer M8
violation type: Min Step
	srcs: net:net44774
	bbox = (1759.0720, 2974.1160) - (1759.1000, 2974.2760) on Layer M8
violation type: Min Step
	srcs: net:net42218
	bbox = (1760.3520, 2988.8360) - (1760.3800, 2988.9960) on Layer M8
violation type: Min Step
	srcs: net:ex_controller/mesh/mesh/mesh_13_3/tile_0_0/_0495_
	bbox = (1768.1600, 1705.6360) - (1768.1880, 1705.7960) on Layer M8
violation type: Min Step
	srcs: net:ex_controller/mesh/mesh/mesh_13_3/tile_0_0/_0490_
	bbox = (1768.6080, 1710.2760) - (1768.6360, 1710.4360) on Layer M8
violation type: Min Step
	srcs: net:ex_controller/mesh/mesh/mesh_13_3/tile_0_0/_0692_
	bbox = (1768.7360, 1720.9960) - (1768.7640, 1721.1560) on Layer M8
violation type: Min Step
	srcs: net:spad/writer/_02935_
	bbox = (1769.6320, 2936.6760) - (1769.6600, 2936.8360) on Layer M8
violation type: Min Step
	srcs: net:spad/writer/_02935_
	bbox = (1769.6320, 2950.9960) - (1769.6600, 2951.1560) on Layer M8
violation type: Min Step
	srcs: net:net67146
	bbox = (1777.3120, 1702.3560) - (1777.3400, 1702.5160) on Layer M8
violation type: Min Step
	srcs: net:spad/writer/_13161_
	bbox = (1774.9440, 2937.1560) - (1774.9720, 2937.3160) on Layer M8
violation type: Min Step
	srcs: net:spad/writer/_04186_
	bbox = (1776.1600, 2957.8760) - (1776.1880, 2958.0360) on Layer M8
violation type: Min Step
	srcs: net:clknet_10_498_0_clock
	bbox = (1776.8000, 2980.2760) - (1776.8280, 2980.4360) on Layer M8
violation type: Min Step
	srcs: net:net97158
	bbox = (1783.3920, 1264.8360) - (1783.4200, 1264.9960) on Layer M8
violation type: Min Step
	srcs: net:ex_controller/mesh/mesh/mesh_12_1/tile_0_0/_0423_
	bbox = (1784.0960, 1470.7560) - (1784.1240, 1470.9160) on Layer M8
violation type: Min Step
	srcs: net:net6523
	bbox = (1781.9200, 2807.3160) - (1781.9480, 2807.4760) on Layer M8
violation type: Min Step
	srcs: net:net44766
	bbox = (1784.9280, 2891.1560) - (1784.9560, 2891.3160) on Layer M8
violation type: Min Step
	srcs: net:net44746
	bbox = (1784.2280, 2960.1160) - (1784.2560, 2960.2760) on Layer M8
violation type: Min Step
	srcs: net:net41009
	bbox = (1783.8400, 2966.7560) - (1783.8680, 2966.9160) on Layer M8
violation type: Min Step
	srcs: net:spad/writer/_00149_
	bbox = (1783.8400, 3012.5160) - (1783.8680, 3012.6760) on Layer M8
violation type: Min Step
	srcs: net:net40275
	bbox = (1782.7520, 3169.6360) - (1782.7800, 3169.7960) on Layer M8
violation type: Min Step
	srcs: net:ex_controller/mesh/mesh/mesh_12_1/tile_0_0/_0037_
	bbox = (1792.4160, 1482.5960) - (1792.4440, 1482.7560) on Layer M8
violation type: Min Step
	srcs: net:net130764
	bbox = (1815.2000, 970.5160) - (1815.2280, 970.6760) on Layer M8
violation type: Min Step
	srcs: net:ex_controller/mesh/mesh/mesh_12_2/tile_0_0/_0067_
	bbox = (1820.9600, 1551.9560) - (1820.9880, 1552.1160) on Layer M8
violation type: Min Step
	srcs: net:net61799
	bbox = (1852.8320, 1400.7560) - (1852.8600, 1400.9160) on Layer M8
violation type: Min Step
	srcs: net:spad/writer/_09073_
	bbox = (1850.3360, 2967.4760) - (1850.3640, 2967.6360) on Layer M8
violation type: Min Step
	srcs: net:net98494
	bbox = (1857.8240, 1690.3560) - (1857.8520, 1690.5160) on Layer M8
violation type: Min Step
	srcs: net:net117421
	bbox = (1895.2640, 2571.3160) - (1895.2920, 2571.4760) on Layer M8
violation type: Min Step
	srcs: net:net15073
	bbox = (1904.6720, 940.6760) - (1904.7000, 940.8360) on Layer M8
violation type: Min Step
	srcs: net:ex_controller/mesh/mesh/mesh_11_2_io_in_control_0_shift_pipe_b\[2\]
	bbox = (1925.6000, 1529.3160) - (1925.6280, 1529.4760) on Layer M8
violation type: Min Step
	srcs: net:ex_controller/mesh/mesh/mesh_11_2/tile_0_0/_0260_
	bbox = (1926.6880, 1536.9960) - (1926.7160, 1537.1560) on Layer M8
violation type: Min Step
	srcs: net:ex_controller/mesh/mesh/mesh_9_1/tile_0_0/_0199_
	bbox = (1965.1520, 1334.6760) - (1965.1800, 1334.8360) on Layer M8
violation type: Min Step
	srcs: net:net16140
	bbox = (1964.4480, 1689.6360) - (1964.4760, 1689.7960) on Layer M8
violation type: Min Step
	srcs: net:ex_controller/mesh/mesh/mesh_15_7_io_in_control_0_shift_pipe_b\[2\]
	bbox = (1965.5360, 2293.8760) - (1965.5640, 2294.0360) on Layer M8
violation type: Min Step
	srcs: net:ex_controller/mesh/mesh/mesh_11_3/tile_0_0/_0839_
	bbox = (1980.5760, 1675.3960) - (1980.6040, 1675.5560) on Layer M8
violation type: Min Step
	srcs: net:net19020
	bbox = (1996.4480, 1274.1160) - (1996.4760, 1274.2760) on Layer M8
violation type: Min Step
	srcs: net:ex_controller/mesh/mesh/mesh_10_2/tile_0_0/_0203_
	bbox = (2010.0160, 1513.0760) - (2010.0440, 1513.2360) on Layer M8
violation type: Min Step
	srcs: net:ex_controller/mesh/mesh/mesh_8_1_io_in_control_0_shift_pipe_b\[1\]
	bbox = (2018.0160, 1273.3160) - (2018.0440, 1273.4760) on Layer M8
violation type: Min Step
	srcs: net:ex_controller/mesh/mesh/mesh_7_0/tile_0_0/_0286_
	bbox = (2023.8440, 980.1960) - (2023.8720, 980.3560) on Layer M8
violation type: Min Step
	srcs: net:ex_controller/mesh/mesh/mesh_12_5/tile_0_0/_0050_
	bbox = (2032.5440, 1899.9560) - (2032.5720, 1900.1160) on Layer M8
violation type: Min Step
	srcs: net:ex_controller/mesh/mesh/mesh_13_6/tile_0_0/_0272_
	bbox = (2032.1600, 2058.8360) - (2032.1880, 2058.9960) on Layer M8
violation type: Min Step
	srcs: net:spad/_01995_
	bbox = (2046.4960, 494.6760) - (2046.5240, 494.8360) on Layer M8
violation type: Min Step
	srcs: net:ex_controller/mesh/mesh/mesh_9_2/tile_0_0/_0490_
	bbox = (2055.2040, 1455.2360) - (2055.2320, 1455.3960) on Layer M8
violation type: Min Step
	srcs: net:net66669
	bbox = (2054.1760, 1620.4360) - (2054.2040, 1620.5960) on Layer M8
violation type: Min Step
	srcs: net:ex_controller/mesh/mesh/mesh_9_2/tile_0_0/_0804_
	bbox = (2071.2000, 1446.3560) - (2071.2280, 1446.5160) on Layer M8
violation type: Min Step
	srcs: net:ex_controller/mesh/mesh/mesh_6_1/tile_0_0/_0664_
	bbox = (2084.7040, 1037.3960) - (2084.7320, 1037.5560) on Layer M8
violation type: Min Step
	srcs: net:ex_controller/mesh/mesh/mesh_13_7/tile_0_0/_0691_
	bbox = (2110.1120, 2179.8760) - (2110.1400, 2180.0360) on Layer M8
violation type: Min Step
	srcs: net:ex_controller/mesh/mesh/mesh_7_2/tile_0_0/_0804_
	bbox = (2115.0400, 1280.5960) - (2115.0680, 1280.7560) on Layer M8
violation type: Min Step
	srcs: net:net114907
	bbox = (2117.3440, 1296.4360) - (2117.3720, 1296.5960) on Layer M8
violation type: Min Step
	srcs: net:ex_controller/mesh/mesh/mesh_11_5_io_in_control_0_shift_pipe_b\[3\]
	bbox = (2116.5120, 1877.5560) - (2116.5400, 1877.7160) on Layer M8
violation type: Min Step
	srcs: net:ex_controller/mesh/mesh/mesh_11_5/tile_0_0/_0067_
	bbox = (2116.2600, 1900.9960) - (2116.2880, 1901.1560) on Layer M8
violation type: Min Step
	srcs: net:net113626
	bbox = (2138.4000, 925.8760) - (2138.4280, 926.0360) on Layer M8
violation type: Min Step
	srcs: net:net56646
	bbox = (2159.7760, 681.3160) - (2159.8040, 681.4760) on Layer M8
violation type: Min Step
	srcs: net:net99365
	bbox = (2168.2240, 699.9560) - (2168.2520, 700.1160) on Layer M8
violation type: Min Step
	srcs: net:ex_controller/mesh/mesh/mesh_8_3/tile_0_0/_0278_
	bbox = (2176.8640, 1522.1960) - (2176.8920, 1522.3560) on Layer M8
violation type: Min Step
	srcs: net:ex_controller/mesh/mesh/mesh_8_3/tile_0_0/_0286_
	bbox = (2175.7800, 1530.5160) - (2175.8080, 1530.6760) on Layer M8
violation type: Min Step
	srcs: net:ex_controller/mesh/mesh/mesh_12_7/tile_0_0/_0253_
	bbox = (2176.5440, 2110.1160) - (2176.5720, 2110.2760) on Layer M8
violation type: Min Step
	srcs: net:clknet_10_569_0_clock
	bbox = (2197.7280, 691.6360) - (2197.7560, 691.7960) on Layer M8
violation type: Min Step
	srcs: net:net26395
	bbox = (2200.5440, 1447.4760) - (2200.5720, 1447.6360) on Layer M8
violation type: Min Step
	srcs: net:ex_controller/mesh/mesh/mesh_11_6/tile_0_0/_0336_
	bbox = (2214.8160, 1970.5160) - (2214.8440, 1970.6760) on Layer M8
violation type: Min Step
	srcs: net:net25039
	bbox = (2228.8960, 908.3560) - (2228.9240, 908.5160) on Layer M8
violation type: Min Step
	srcs: net:ex_controller/mesh/mesh/mesh_4_1/tile_0_0/_0574_
	bbox = (2251.7440, 870.2760) - (2251.7720, 870.4360) on Layer M8
violation type: Min Step
	srcs: net:ex_controller/mesh/mesh/mesh_13_8/tile_0_0/_0530_
	bbox = (2260.0000, 2232.5160) - (2260.0280, 2232.6760) on Layer M8
violation type: Min Step
	srcs: net:ex_controller/mesh/RegShifted_r_29_0\[4\]
	bbox = (2266.8480, 653.6360) - (2266.8760, 653.7960) on Layer M8
violation type: Min Step
	srcs: net:ex_controller/mesh/_01194_
	bbox = (2275.0400, 684.5960) - (2275.0680, 684.7560) on Layer M8
violation type: Min Step
	srcs: net:ex_controller/mesh/mesh/mesh_11_7/tile_0_0/_0692_
	bbox = (2281.9520, 2067.3960) - (2281.9800, 2067.5560) on Layer M8
violation type: Min Step
	srcs: net:ex_controller/mesh/mesh/mesh_5_4/tile_0_0/_0686_
	bbox = (2304.4800, 1447.1560) - (2304.5080, 1447.3160) on Layer M8
violation type: Min Step
	srcs: net:ex_controller/mesh/mesh/mesh_5_4/tile_0_0/_0408_
	bbox = (2312.1160, 1459.9560) - (2312.2760, 1460.0360) on Layer M8
violation type: Min Step
	srcs: net:ex_controller/mesh/mesh/_13883_
	bbox = (2343.1360, 775.0760) - (2343.1640, 775.2360) on Layer M8
violation type: Min Step
	srcs: net:ex_controller/mesh/mesh/mesh_3_1/tile_0_0/_0217_
	bbox = (2341.7280, 790.4360) - (2341.7560, 790.5960) on Layer M8
violation type: Min Step
	srcs: net:ex_controller/mesh/mesh/mesh_2_2/tile_0_0/_0514_
	bbox = (2344.3520, 926.7560) - (2344.3800, 926.9160) on Layer M8
violation type: Min Step
	srcs: net:ex_controller/mesh/mesh/mesh_15_10_io_in_control_0_shift_pipe_b\[2\]
	bbox = (2372.8960, 2520.8360) - (2372.9240, 2520.9960) on Layer M8
violation type: Min Step
	srcs: net:net114991
	bbox = (2380.7680, 1092.8360) - (2380.7960, 1092.9960) on Layer M8
violation type: Min Step
	srcs: net:ex_controller/mesh/mesh/mesh_3_4/tile_0_0/_0240_
	bbox = (2381.1560, 1317.8760) - (2381.1840, 1318.0360) on Layer M8
violation type: Min Step
	srcs: net:ex_controller/mesh/mesh/mesh_2_3/tile_0_0/_0063_
	bbox = (2387.2960, 1084.4360) - (2387.3240, 1084.5960) on Layer M8
violation type: Min Step
	srcs: net:ex_controller/mesh/mesh/mesh_2_1/tile_0_0/_0197_
	bbox = (2425.9520, 760.8360) - (2425.9800, 760.9960) on Layer M8
violation type: Min Step
	srcs: net:ex_controller/mesh/mesh/mesh_5_5/tile_0_0/_0402_
	bbox = (2434.0800, 1493.2360) - (2434.1080, 1493.3960) on Layer M8
violation type: Min Step
	srcs: net:ex_controller/mesh/mesh/mesh_5_5/tile_0_0/_0253_
	bbox = (2433.3120, 1500.2760) - (2433.3400, 1500.4360) on Layer M8
violation type: Min Step
	srcs: net:ex_controller/mesh/mesh/mesh_1_3/tile_0_0/_0313_
	bbox = (2441.8880, 1002.7560) - (2441.9160, 1002.9160) on Layer M8
violation type: Min Step
	srcs: net:net128527
	bbox = (2454.5600, 675.6360) - (2454.5880, 675.7960) on Layer M8
violation type: Min Step
	srcs: net:ex_controller/mesh/mesh/mesh_15_11/tile_0_0/_0346_
	bbox = (2472.8000, 2604.7560) - (2472.8280, 2604.9160) on Layer M8
violation type: Min Step
	srcs: net:ex_controller/mesh/mesh/pipe_b_262_0\[8\]
	bbox = (2478.3680, 825.7160) - (2478.3960, 825.8760) on Layer M8
violation type: Min Step
	srcs: net:net26726
	bbox = (2480.2240, 1403.4760) - (2480.2520, 1403.6360) on Layer M8
violation type: Min Step
	srcs: net:net25695
	bbox = (2492.6400, 757.3960) - (2492.6680, 757.5560) on Layer M8
violation type: Min Step
	srcs: net:net16255
	bbox = (2493.5360, 1680.1960) - (2493.5640, 1680.3560) on Layer M8
violation type: Min Step
	srcs: net:net25354
	bbox = (2501.4080, 677.1560) - (2501.4360, 677.3160) on Layer M8
violation type: Min Step
	srcs: net:ex_controller/mesh/mesh/mesh_15_12/tile_0_0/_0208_
	bbox = (2507.9360, 2707.5560) - (2507.9640, 2707.7160) on Layer M8
violation type: Min Step
	srcs: net:ex_controller/mesh/mesh/r_80_0\[1\]
	bbox = (2516.0640, 752.7560) - (2516.0920, 752.9160) on Layer M8
violation type: Min Step
	srcs: net:ex_controller/mesh/mesh/mesh_8_7/tile_0_0/_0039_
	bbox = (2532.9600, 1863.8760) - (2532.9880, 1864.0360) on Layer M8
violation type: Min Step
	srcs: net:ex_controller/mesh/mesh/mesh_5_6/tile_0_0/_0782_
	bbox = (2554.1440, 1514.5960) - (2554.1720, 1514.7560) on Layer M8
violation type: Min Step
	srcs: net:ex_controller/mesh/mesh/_14301_
	bbox = (2561.5680, 1205.8760) - (2561.5960, 1206.0360) on Layer M8
violation type: Min Step
	srcs: net:ex_controller/mesh/mesh/mesh_12_10/tile_0_0/_0756_
	bbox = (2561.4400, 2392.1960) - (2561.4680, 2392.3560) on Layer M8
violation type: Min Step
	srcs: net:ex_controller/mesh/mesh/mesh_0_2/tile_0_0/_0495_
	bbox = (2570.7840, 871.5560) - (2570.8120, 871.7160) on Layer M8
violation type: Min Step
	srcs: net:ex_controller/mesh/mesh/mesh_4_6/tile_0_0/_0240_
	bbox = (2569.6960, 1424.8360) - (2569.7240, 1424.9960) on Layer M8
violation type: Min Step
	srcs: net:ex_controller/mesh/mesh/mesh_12_10/tile_0_0/_0210_
	bbox = (2577.3120, 2385.4760) - (2577.3400, 2385.6360) on Layer M8
violation type: Min Step
	srcs: net:net95968
	bbox = (2638.4320, 796.9960) - (2638.4600, 797.1560) on Layer M8
violation type: Min Step
	srcs: net:ex_controller/mesh/mesh/mesh_4_0/tile_0_0/_0272_
	bbox = (2652.4480, 666.9960) - (2652.4760, 667.1560) on Layer M8
violation type: Min Step
	srcs: net:net50523
	bbox = (2669.0240, 1182.1960) - (2669.0520, 1182.3560) on Layer M8
violation type: Min Step
	srcs: net:ex_controller/mesh/mesh/mesh_4_7/tile_0_0/_0250_
	bbox = (2666.4000, 1515.3160) - (2666.4280, 1515.4760) on Layer M8
violation type: Min Step
	srcs: net:ex_controller/mesh/mesh/mesh_7_8/tile_0_0/_0228_
	bbox = (2676.5760, 1871.5560) - (2676.6040, 1871.7160) on Layer M8
violation type: Min Step
	srcs: net:ex_controller/mesh/mesh/mesh_4_7/tile_0_0/_0210_
	bbox = (2684.3840, 1513.6360) - (2684.4120, 1513.7960) on Layer M8
violation type: Min Step
	srcs: net:net114151
	bbox = (2711.7760, 1395.2360) - (2711.8040, 1395.3960) on Layer M8
violation type: Min Step
	srcs: net:net115481
	bbox = (2714.7840, 1400.6760) - (2714.8120, 1400.8360) on Layer M8
violation type: Min Step
	srcs: net:ex_controller/mesh/mesh/mesh_13_13/tile_0_0/_0307_
	bbox = (2772.1920, 2816.4360) - (2772.2200, 2816.5960) on Layer M8
violation type: Min Step
	srcs: net:ex_controller/mesh/mesh/mesh_11_11/tile_0_0/_0365_
	bbox = (2781.0880, 2446.7560) - (2781.1160, 2446.9160) on Layer M8
violation type: Min Step
	srcs: net:ex_controller/mesh/mesh/mesh_14_15/tile_0_0/_0782_
	bbox = (2780.7040, 3149.4760) - (2780.7320, 3149.6360) on Layer M8
violation type: Min Step
	srcs: net:ex_controller/mesh/mesh/mesh_13_13/tile_0_0/_0246_
	bbox = (2787.4280, 2799.4760) - (2787.4560, 2799.6360) on Layer M8
violation type: Min Step
	srcs: net:net95622
	bbox = (2796.8960, 1939.4760) - (2796.9240, 1939.6360) on Layer M8
violation type: Min Step
	srcs: net:ex_controller/mesh/mesh/mesh_2_8/tile_0_0/_0346_
	bbox = (2834.7840, 1266.5960) - (2834.8120, 1266.7560) on Layer M8
violation type: Min Step
	srcs: net:ex_controller/mesh/mesh/mesh_10_12/tile_0_0/_0408_
	bbox = (2911.4560, 2468.5160) - (2911.4840, 2468.6760) on Layer M8
violation type: Min Step
	srcs: net:ex_controller/mesh/mesh/_mesh_1_9_io_out_b_0\[14\]
	bbox = (2924.4480, 1183.7960) - (2924.4760, 1183.9560) on Layer M8
violation type: Min Step
	srcs: net:ex_controller/mesh/mesh/mesh_4_9/tile_0_0/_0592_
	bbox = (2938.3400, 1597.1560) - (2938.3680, 1597.3160) on Layer M8
violation type: Min Step
	srcs: net:ex_controller/mesh/mesh/mesh_11_13/tile_0_0/_0201_
	bbox = (2939.9360, 2737.5560) - (2939.9640, 2737.7160) on Layer M8
violation type: Min Step
	srcs: net:ex_controller/mesh/mesh/mesh_3_11/tile_0_0/_0278_
	bbox = (3098.9120, 1568.6760) - (3098.9400, 1568.8360) on Layer M8
violation type: Min Step
	srcs: net:ex_controller/mesh/mesh/mesh_6_12/tile_0_0/_0668_
	bbox = (3098.3360, 2074.0360) - (3098.3640, 2074.1960) on Layer M8
violation type: Min Step
	srcs: net:ex_controller/mesh/mesh/mesh_3_12/tile_0_0/_0317_
	bbox = (3160.0960, 1622.4360) - (3160.1240, 1622.5960) on Layer M8
violation type: Min Step
	srcs: net:ex_controller/mesh/mesh/mesh_2_12_io_in_control_0_shift_pipe_b\[3\]
	bbox = (3173.4760, 1477.1560) - (3173.5040, 1477.3160) on Layer M8
violation type: Min Step
	srcs: net:ex_controller/mesh/mesh/mesh_10_15/tile_0_0/_0210_
	bbox = (3181.5360, 3017.7160) - (3181.5640, 3017.8760) on Layer M8
violation type: Min Step
	srcs: net:net116439
	bbox = (3189.2800, 1280.4360) - (3189.3080, 1280.5960) on Layer M8
violation type: Min Step
	srcs: net:ex_controller/mesh/mesh/mesh_8_14/tile_0_0/_0057_
	bbox = (3204.7720, 2670.1160) - (3204.8000, 2670.2760) on Layer M8
violation type: Min Step
	srcs: net:ex_controller/mesh/mesh/mesh_9_15/tile_0_0/_0281_
	bbox = (3242.6560, 2913.7160) - (3242.6840, 2913.8760) on Layer M8
violation type: Min Step
	srcs: net:ex_controller/mesh/mesh/mesh_8_15/tile_0_0/_0410_
	bbox = (3272.3520, 2710.9160) - (3272.3800, 2711.0760) on Layer M8
violation type: Min Step
	srcs: net:ex_controller/mesh/mesh/mesh_4_14/tile_0_0/_0812_
	bbox = (3332.8320, 1870.8360) - (3332.8600, 1870.9960) on Layer M8
violation type: Min Step
	srcs: net:ex_controller/mesh/mesh/_41351_
	bbox = (3333.5360, 2051.3960) - (3333.5640, 2051.5560) on Layer M8
violation type: Min Step
	srcs: net:spad/reader/_xactTracker_io_peek_entry_repeats\[10\]
	bbox = (140.5120, 2608.5160) - (140.5400, 2608.6760) on Layer M8
violation type: Min Step
	srcs: net:net128986
	bbox = (185.7600, 1928.1160) - (185.7880, 1928.2760) on Layer M8
violation type: Min Step
	srcs: net:spad/vsm/pipe_1/out_bits_data_muladder/mulAddRecFNToRaw_postMul/_1169_
	bbox = (201.3120, 2448.1960) - (201.3400, 2448.3560) on Layer M8
violation type: Min Step
	srcs: net:net24026
	bbox = (379.1040, 1398.5160) - (379.1320, 1398.6760) on Layer M8
violation type: Min Step
	srcs: net:net29189
	bbox = (449.6960, 1828.5960) - (449.7240, 1828.7560) on Layer M8
violation type: Min Step
	srcs: net:net61954
	bbox = (457.6960, 1799.2360) - (457.7240, 1799.3960) on Layer M8
violation type: Min Step
	srcs: net:net56219
	bbox = (502.1760, 1685.7160) - (502.2040, 1685.8760) on Layer M8
violation type: Min Step
	srcs: net:net37391
	bbox = (502.1760, 1694.4360) - (502.2040, 1694.5960) on Layer M8
violation type: Min Step
	srcs: net:net28462
	bbox = (531.6800, 1236.9160) - (531.7080, 1237.0760) on Layer M8
violation type: Min Step
	srcs: net:reservation_station/_36944_
	bbox = (530.2720, 1716.4360) - (530.3000, 1716.5960) on Layer M8
violation type: Min Step
	srcs: net:net33564
	bbox = (539.2960, 1828.9960) - (539.3240, 1829.1560) on Layer M8
violation type: Min Step
	srcs: net:net23195
	bbox = (549.2160, 1216.5160) - (549.2440, 1216.6760) on Layer M8
violation type: Min Step
	srcs: net:net23195
	bbox = (549.2160, 1247.3960) - (549.2440, 1247.5560) on Layer M8
violation type: Min Step
	srcs: net:net62065
	bbox = (546.4640, 1819.6360) - (546.4920, 1819.7960) on Layer M8
violation type: Min Step
	srcs: net:net70854
	bbox = (554.5280, 1260.7560) - (554.5560, 1260.9160) on Layer M8
violation type: Min Step
	srcs: net:net57661
	bbox = (563.1680, 1760.4360) - (563.1960, 1760.5960) on Layer M8
violation type: Min Step
	srcs: net:reservation_station/_33130_
	bbox = (563.4240, 1819.0760) - (563.4520, 1819.2360) on Layer M8
violation type: Min Step
	srcs: net:spad/vsm/pipe/out_bits_data_muladder/mulAddRecFNToRaw_postMul/_0731_
	bbox = (564.3200, 2312.2760) - (564.3480, 2312.4360) on Layer M8
violation type: Min Step
	srcs: net:net132111
	bbox = (568.9280, 1278.2760) - (568.9560, 1278.4360) on Layer M8
violation type: Min Step
	srcs: net:net81746
	bbox = (578.9120, 1285.0760) - (578.9400, 1285.2360) on Layer M8
violation type: Min Step
	srcs: net:net81746
	bbox = (578.5960, 1291.4760) - (578.6240, 1291.6360) on Layer M8
violation type: Min Step
	srcs: net:net23624
	bbox = (578.5920, 1442.8360) - (578.6200, 1442.9960) on Layer M8
violation type: Min Step
	srcs: net:net24093
	bbox = (575.6520, 1700.5960) - (575.6800, 1700.7560) on Layer M8
violation type: Min Step
	srcs: net:mod_1/ldA/_02264_
	bbox = (593.7600, 1072.7560) - (593.7880, 1072.9160) on Layer M8
violation type: Min Step
	srcs: net:net70762
	bbox = (590.6920, 1178.8360) - (590.7200, 1178.9160) on Layer M8
violation type: Min Step
	srcs: net:net68217
	bbox = (593.6960, 1231.8760) - (593.7240, 1232.0360) on Layer M8
violation type: Min Step
	srcs: net:net23614
	bbox = (594.5920, 1686.5160) - (594.6200, 1686.6760) on Layer M8
violation type: Min Step
	srcs: net:net33541
	bbox = (593.3120, 1724.7560) - (593.3400, 1724.9160) on Layer M8
violation type: Min Step
	srcs: net:mod_1/ex/_00040_
	bbox = (599.5840, 1358.7560) - (599.6120, 1358.9160) on Layer M8
violation type: Min Step
	srcs: net:mod_1/ex/_02984_
	bbox = (599.0720, 1413.1560) - (599.1000, 1413.3160) on Layer M8
violation type: Min Step
	srcs: net:net37318
	bbox = (598.6920, 1706.8360) - (598.7200, 1706.9960) on Layer M8
violation type: Min Step
	srcs: net:net35812
	bbox = (602.2120, 1746.7560) - (602.2400, 1746.9160) on Layer M8
violation type: Min Step
	srcs: net:net22574
	bbox = (609.4400, 1261.4760) - (609.4680, 1261.6360) on Layer M8
violation type: Min Step
	srcs: net:net120437
	bbox = (605.7280, 1443.5560) - (605.7560, 1443.7160) on Layer M8
violation type: Min Step
	srcs: net:reservation_station/_33185_
	bbox = (608.4800, 1829.8760) - (608.5080, 1830.0360) on Layer M8
violation type: Min Step
	srcs: net:net108774
	bbox = (616.4160, 1269.6360) - (616.4440, 1269.7960) on Layer M8
violation type: Min Step
	srcs: net:net41309
	bbox = (616.4800, 1804.7560) - (616.5080, 1804.9160) on Layer M8
violation type: Min Step
	srcs: net:net120350
	bbox = (621.4720, 1411.9560) - (621.5000, 1412.1160) on Layer M8
violation type: Min Step
	srcs: net:net40500
	bbox = (623.9680, 1806.2760) - (623.9960, 1806.4360) on Layer M8
violation type: Min Step
	srcs: net:net75876
	bbox = (622.9440, 1812.1160) - (622.9720, 1812.2760) on Layer M8
violation type: Min Step
	srcs: net:net109222
	bbox = (629.2800, 277.1560) - (629.3080, 277.3160) on Layer M8
violation type: Min Step
	srcs: net:net81265
	bbox = (628.5800, 1232.6760) - (628.6080, 1232.8360) on Layer M8
violation type: Min Step
	srcs: net:net131551
	bbox = (632.4160, 1451.3160) - (632.4440, 1451.4760) on Layer M8
violation type: Min Step
	srcs: net:net41856
	bbox = (628.5120, 1812.7560) - (628.5400, 1812.9160) on Layer M8
violation type: Min Step
	srcs: net:net108731
	bbox = (639.3280, 1298.4360) - (639.3560, 1298.5960) on Layer M8
violation type: Min Step
	srcs: net:net24024
	bbox = (636.7680, 1699.5560) - (636.7960, 1699.7160) on Layer M8
violation type: Min Step
	srcs: net:net75732
	bbox = (636.1920, 1821.7160) - (636.2200, 1821.8760) on Layer M8
violation type: Min Step
	srcs: net:spad/vsm/pipe_3/_0277_
	bbox = (638.0480, 2462.4360) - (638.0760, 2462.5960) on Layer M8
violation type: Min Step
	srcs: net:net108848
	bbox = (652.4480, 1413.3160) - (652.4760, 1413.4760) on Layer M8
violation type: Min Step
	srcs: net:net33016
	bbox = (651.8720, 1753.3160) - (651.9000, 1753.4760) on Layer M8
violation type: Min Step
	srcs: net:mod_1/ldB/_05426_
	bbox = (661.6000, 1283.9560) - (661.6280, 1284.1160) on Layer M8
violation type: Min Step
	srcs: net:net60017
	bbox = (666.5280, 1509.7160) - (666.5560, 1509.8760) on Layer M8
violation type: Min Step
	srcs: net:net131484
	bbox = (675.0400, 1397.0760) - (675.0680, 1397.2360) on Layer M8
violation type: Min Step
	srcs: net:net132818
	bbox = (675.2320, 1411.1560) - (675.2600, 1411.3160) on Layer M8
violation type: Min Step
	srcs: net:net120458
	bbox = (700.3840, 1458.1160) - (700.4120, 1458.2760) on Layer M8
violation type: Min Step
	srcs: net:net105791
	bbox = (737.8240, 1555.3960) - (737.8520, 1555.5560) on Layer M8
violation type: Min Step
	srcs: net:spad/vsm/pipe_3/out_bits_data_muladder/mulAddRecFNToRaw_postMul/_0469_
	bbox = (735.5840, 2615.6360) - (735.6120, 2615.7960) on Layer M8
violation type: Min Step
	srcs: net:store_controller/_06282_
	bbox = (745.8240, 2002.4360) - (745.8520, 2002.5960) on Layer M8
violation type: Min Step
	srcs: net:net130889
	bbox = (826.3360, 1397.7960) - (826.3640, 1397.9560) on Layer M8
violation type: Min Step
	srcs: net:mod/ld_weights/_022606_
	bbox = (835.0400, 1481.4760) - (835.0680, 1481.6360) on Layer M8
violation type: Min Step
	srcs: net:store_controller/_00652_
	bbox = (841.6960, 1904.8360) - (841.7240, 1904.9960) on Layer M8
violation type: Min Step
	srcs: net:mod/ld_weights/_019379_
	bbox = (866.4000, 1434.8360) - (866.4280, 1434.9960) on Layer M8
violation type: Min Step
	srcs: net:mod/ld_weights/_018435_
	bbox = (870.4360, 1482.1960) - (870.4640, 1482.3560) on Layer M8
violation type: Min Step
	srcs: net:spad/reader/beatPacker/_08551_
	bbox = (915.8720, 2833.5560) - (915.9000, 2833.7160) on Layer M8
violation type: Min Step
	srcs: net:spad/acc_scale_unit/activated_data_e_scaled_rec_fn_to_in_4/_0280_
	bbox = (918.8840, 3001.6360) - (918.9120, 3001.7960) on Layer M8
violation type: Min Step
	srcs: net:spad/reader/beatPacker/_09133_
	bbox = (926.8160, 2818.6760) - (926.8440, 2818.8360) on Layer M8
violation type: Min Step
	srcs: net:spad/reader/beatPacker/_08994_
	bbox = (947.2960, 2871.2360) - (947.3240, 2871.3960) on Layer M8
violation type: Min Step
	srcs: net:spad/reader/beatPacker/_00505_
	bbox = (956.0000, 2774.7560) - (956.0280, 2774.9160) on Layer M8
violation type: Min Step
	srcs: net:spad/reader/beatPacker/_06861_
	bbox = (955.6160, 2888.5160) - (955.6440, 2888.6760) on Layer M8
violation type: Min Step
	srcs: net:net39674
	bbox = (969.1200, 2864.2760) - (969.1480, 2864.4360) on Layer M8
violation type: Min Step
	srcs: net:net100683
	bbox = (991.9680, 2788.0360) - (991.9960, 2788.1960) on Layer M8
violation type: Min Step
	srcs: net:net100689
	bbox = (995.2320, 2835.2360) - (995.2600, 2835.3960) on Layer M8
violation type: Min Step
	srcs: net:spad/reader/beatPacker/_11557_
	bbox = (992.6720, 2931.3160) - (992.7000, 2931.4760) on Layer M8
violation type: Min Step
	srcs: net:net109514
	bbox = (999.6480, 1072.5160) - (999.6760, 1072.6760) on Layer M8
violation type: Min Step
	srcs: net:net109961
	bbox = (1007.2640, 1133.1560) - (1007.2920, 1133.3160) on Layer M8
violation type: Min Step
	srcs: net:net58642
	bbox = (1016.5440, 2310.4360) - (1016.5720, 2310.5960) on Layer M8
violation type: Min Step
	srcs: net:net90898
	bbox = (1015.5840, 2850.3560) - (1015.6120, 2850.5160) on Layer M8
violation type: Min Step
	srcs: net:net60291
	bbox = (1025.5040, 1457.9560) - (1025.5320, 1458.1160) on Layer M8
violation type: Min Step
	srcs: net:net59801
	bbox = (1033.0560, 2404.1960) - (1033.0840, 2404.3560) on Layer M8
violation type: Min Step
	srcs: net:mod/ld_weights/_027358_
	bbox = (1040.3520, 1361.1560) - (1040.3800, 1361.3160) on Layer M8
violation type: Min Step
	srcs: net:net133517
	bbox = (1045.3440, 376.9160) - (1045.3720, 377.0760) on Layer M8
violation type: Min Step
	srcs: net:mod/ld_weights/_080807_
	bbox = (1052.7680, 997.0760) - (1052.7960, 997.2360) on Layer M8
violation type: Min Step
	srcs: net:spad/_reader_io_resp_bits_data\[126\]
	bbox = (1059.8720, 2661.8760) - (1059.9000, 2662.0360) on Layer M8
violation type: Min Step
	srcs: net:net84139
	bbox = (1089.7600, 726.0360) - (1089.7880, 726.1960) on Layer M8
violation type: Min Step
	srcs: net:net53738
	bbox = (1097.3120, 724.5960) - (1097.3400, 724.7560) on Layer M8
violation type: Min Step
	srcs: net:net46668
	bbox = (1100.0000, 2742.4360) - (1100.0280, 2742.5960) on Layer M8
violation type: Min Step
	srcs: net:net68394
	bbox = (1113.7600, 610.6760) - (1113.7880, 610.8360) on Layer M8
violation type: Min Step
	srcs: net:net45974
	bbox = (1120.8000, 1656.1960) - (1120.8280, 1656.3560) on Layer M8
violation type: Min Step
	srcs: net:spad/_vsm_in_q_1_io_deq_bits_in_11\[22\]
	bbox = (1122.3360, 2654.1960) - (1122.3640, 2654.3560) on Layer M8
violation type: Min Step
	srcs: net:net50279
	bbox = (1128.7360, 702.8360) - (1128.7640, 702.9960) on Layer M8
violation type: Min Step
	srcs: net:net10022
	bbox = (1128.6080, 1602.5160) - (1128.6360, 1602.6760) on Layer M8
violation type: Min Step
	srcs: net:ex_controller/_04024_
	bbox = (1129.1840, 1599.7960) - (1129.2120, 1599.9560) on Layer M8
violation type: Min Step
	srcs: net:net27646
	bbox = (1146.5280, 1632.2760) - (1146.5560, 1632.4360) on Layer M8
violation type: Min Step
	srcs: net:spad/reader/beatPacker/_03985_
	bbox = (1143.7760, 2751.7960) - (1143.8040, 2751.9560) on Layer M8
violation type: Min Step
	srcs: net:mod/ld_weights/_013979_
	bbox = (1158.9440, 733.3160) - (1158.9720, 733.4760) on Layer M8
violation type: Min Step
	srcs: net:net60081
	bbox = (1167.7760, 1449.9560) - (1167.8040, 1450.1160) on Layer M8
violation type: Min Step
	srcs: net:ex_controller/mesh/_06541_
	bbox = (1169.1840, 1618.0360) - (1169.2120, 1618.1960) on Layer M8
violation type: Min Step
	srcs: net:net60379
	bbox = (1169.1560, 1693.1560) - (1169.2360, 1693.1560) on Layer M8
violation type: Min Step
	srcs: net:net90467
	bbox = (1174.1760, 1646.5960) - (1174.2040, 1646.7560) on Layer M8
violation type: Min Step
	srcs: net:mod/ld_weights/_013981_
	bbox = (1189.6000, 731.0760) - (1189.6280, 731.2360) on Layer M8
violation type: Min Step
	srcs: net:ex_controller/_mesh_io_tags_in_progress_0_addr_data\[13\]
	bbox = (1196.0640, 1708.1960) - (1196.0920, 1708.3560) on Layer M8
violation type: Min Step
	srcs: net:net107136
	bbox = (1198.3680, 2669.2360) - (1198.3960, 2669.3960) on Layer M8
violation type: Min Step
	srcs: net:spad/acc_scale_unit/pipe_out_p/_24763_
	bbox = (1206.3680, 2237.0760) - (1206.3960, 2237.2360) on Layer M8
violation type: Min Step
	srcs: net:net119615
	bbox = (1204.3840, 2667.0760) - (1204.4120, 2667.2360) on Layer M8
violation type: Min Step
	srcs: net:net16293
	bbox = (1210.7200, 1624.0360) - (1210.7480, 1624.1960) on Layer M8
violation type: Min Step
	srcs: net:net57220
	bbox = (1227.4240, 1638.3560) - (1227.4520, 1638.5160) on Layer M8
violation type: Min Step
	srcs: net:net38515
	bbox = (1226.1440, 2320.5160) - (1226.1720, 2320.6760) on Layer M8
violation type: Min Step
	srcs: net:net98437
	bbox = (1244.5760, 1700.4360) - (1244.6040, 1700.5960) on Layer M8
violation type: Min Step
	srcs: net:net125059
	bbox = (1250.4640, 301.9560) - (1250.4920, 302.1160) on Layer M8
violation type: Min Step
	srcs: net:mod/ld_bias/_00724_
	bbox = (1258.5960, 481.7160) - (1258.6240, 481.8760) on Layer M8
violation type: Min Step
	srcs: net:net134256
	bbox = (1271.2000, 491.4760) - (1271.2280, 491.6360) on Layer M8
violation type: Min Step
	srcs: net:net60270
	bbox = (1274.9760, 2321.0760) - (1275.0040, 2321.2360) on Layer M8
violation type: Min Step
	srcs: net:net92999
	bbox = (1286.4320, 2605.2360) - (1286.4600, 2605.3960) on Layer M8
violation type: Min Step
	srcs: net:spad/_acc_mems_0_io_adder_op1_8_0\[8\]
	bbox = (1294.6920, 2454.5160) - (1294.7200, 2454.6760) on Layer M8
violation type: Min Step
	srcs: net:net91258
	bbox = (1296.9920, 2485.3160) - (1297.0200, 2485.4760) on Layer M8
violation type: Min Step
	srcs: net:net92776
	bbox = (1304.0320, 2418.7560) - (1304.0600, 2418.9160) on Layer M8
violation type: Min Step
	srcs: net:net102009
	bbox = (1304.0320, 2416.2760) - (1304.0600, 2416.4360) on Layer M8
violation type: Min Step
	srcs: net:spad/acc_mems_0/_0143_
	bbox = (1310.2400, 2574.9960) - (1310.2680, 2575.1560) on Layer M8
violation type: Min Step
	srcs: net:net135132
	bbox = (1319.1720, 2539.5560) - (1319.1720, 2539.6360) on Layer M8
violation type: Min Step
	srcs: net:net92910
	bbox = (1317.2800, 2553.8760) - (1317.3080, 2554.0360) on Layer M8
violation type: Min Step
	srcs: net:net93278
	bbox = (1318.3040, 2600.8360) - (1318.3320, 2600.9960) on Layer M8
violation type: Min Step
	srcs: net:spad/acc_mems_1/pipelined_writes_1_bits_mask_50
	bbox = (1317.4720, 2653.1560) - (1317.5000, 2653.3160) on Layer M8
violation type: Min Step
	srcs: net:spad/_acc_mems_0_io_adder_op1_5_0\[10\]
	bbox = (1325.3440, 2485.3160) - (1325.3720, 2485.4760) on Layer M8
violation type: Min Step
	srcs: net:net135675
	bbox = (1327.0720, 2485.4760) - (1327.1000, 2485.6360) on Layer M8
violation type: Min Step
	srcs: net:net82823
	bbox = (1331.4880, 718.5960) - (1331.5160, 718.7560) on Layer M8
violation type: Min Step
	srcs: net:net135735
	bbox = (1335.4560, 2393.8760) - (1335.4840, 2394.0360) on Layer M8
violation type: Min Step
	srcs: net:net108409
	bbox = (1332.7680, 2485.6360) - (1332.7960, 2485.7960) on Layer M8
violation type: Min Step
	srcs: net:net119455
	bbox = (1333.0240, 2623.4760) - (1333.0520, 2623.6360) on Layer M8
violation type: Min Step
	srcs: net:spad/_acc_mems_0_io_adder_op1_10_0\[3\]
	bbox = (1334.6240, 2661.5560) - (1334.6520, 2661.7160) on Layer M8
violation type: Min Step
	srcs: net:spad/acc_mems_0/_0217_
	bbox = (1333.4720, 2673.3160) - (1333.5000, 2673.4760) on Layer M8
violation type: Min Step
	srcs: net:net34072
	bbox = (1334.3040, 2714.3560) - (1334.3320, 2714.5160) on Layer M8
violation type: Min Step
	srcs: net:net51720
	bbox = (1341.9200, 2591.6360) - (1341.9480, 2591.7960) on Layer M8
violation type: Min Step
	srcs: net:spad/acc_adders/_0285_
	bbox = (1349.7280, 2577.3960) - (1349.7560, 2577.5560) on Layer M8
violation type: Min Step
	srcs: net:net26390
	bbox = (1357.1520, 1413.7960) - (1357.1800, 1413.9560) on Layer M8
violation type: Min Step
	srcs: net:net55714
	bbox = (1357.0240, 2457.7160) - (1357.0520, 2457.8760) on Layer M8
violation type: Min Step
	srcs: net:net84398
	bbox = (1365.7400, 604.9960) - (1365.7400, 605.0760) on Layer M8
violation type: Min Step
	srcs: net:net134924
	bbox = (1364.8960, 2471.4760) - (1364.9240, 2471.6360) on Layer M8
violation type: Min Step
	srcs: net:net93894
	bbox = (1361.9520, 2554.5160) - (1361.9800, 2554.6760) on Layer M8
violation type: Min Step
	srcs: net:net93623
	bbox = (1361.9520, 2645.8760) - (1361.9800, 2646.0360) on Layer M8
violation type: Min Step
	srcs: net:net72465
	bbox = (1370.5960, 603.9560) - (1370.5960, 604.0360) on Layer M8
violation type: Min Step
	srcs: net:net72465
	bbox = (1371.2960, 604.0360) - (1371.3240, 604.1960) on Layer M8
violation type: Min Step
	srcs: net:net72465
	bbox = (1370.4360, 604.1160) - (1370.4360, 604.1960) on Layer M8
violation type: Min Step
	srcs: net:net111321
	bbox = (1371.4240, 1405.3960) - (1371.4520, 1405.5560) on Layer M8
violation type: Min Step
	srcs: net:ex_controller/mesh/mesh/mesh_15_0/tile_0_0/_0240_
	bbox = (1369.5040, 1542.4360) - (1369.5320, 1542.5960) on Layer M8
violation type: Min Step
	srcs: net:ex_controller/mesh/mesh/pipe_b_15_0\[6\]
	bbox = (1377.1200, 1481.7960) - (1377.1480, 1481.9560) on Layer M8
violation type: Min Step
	srcs: net:net135184
	bbox = (1379.2320, 2533.3160) - (1379.2600, 2533.4760) on Layer M8
violation type: Min Step
	srcs: net:net51774
	bbox = (1376.9960, 2592.1160) - (1377.1560, 2592.2760) on Layer M8
violation type: Min Step
	srcs: net:clknet_2_1_4_clock
	bbox = (1377.0800, 2630.1960) - (1377.1560, 2630.1960) on Layer M8
violation type: Min Step
	srcs: net:net72465
	bbox = (1384.6760, 604.5160) - (1384.6760, 604.5960) on Layer M8
violation type: Min Step
	srcs: net:net72465
	bbox = (1387.9360, 604.2760) - (1387.9640, 604.4360) on Layer M8
violation type: Min Step
	srcs: net:net72465
	bbox = (1384.5160, 604.6760) - (1384.5160, 604.7560) on Layer M8
violation type: Min Step
	srcs: net:net135175
	bbox = (1387.1680, 2727.2360) - (1387.1960, 2727.3960) on Layer M8
violation type: Min Step
	srcs: net:net82676
	bbox = (1392.1600, 619.8760) - (1392.1880, 620.0360) on Layer M8
violation type: Min Step
	srcs: net:ex_controller/mesh/mesh/pipe_b_15_0\[6\]
	bbox = (1392.8000, 1482.5160) - (1392.8280, 1482.6760) on Layer M8
violation type: Min Step
	srcs: net:net135433
	bbox = (1393.8240, 2524.5960) - (1393.8520, 2524.7560) on Layer M8
violation type: Min Step
	srcs: net:net84605
	bbox = (1407.2680, 529.5560) - (1407.3960, 529.7160) on Layer M8
violation type: Min Step
	srcs: net:net71883
	bbox = (1409.4400, 618.5960) - (1409.4680, 618.7560) on Layer M8
violation type: Min Step
	srcs: net:net134884
	bbox = (1410.9960, 2479.5200) - (1410.9960, 2479.5560) on Layer M8
violation type: Min Step
	srcs: net:net135404
	bbox = (1407.3920, 2668.1160) - (1407.4200, 2668.2760) on Layer M8
violation type: Min Step
	srcs: net:net135404
	bbox = (1410.9120, 2669.4760) - (1410.9400, 2669.6360) on Layer M8
violation type: Min Step
	srcs: net:net83892
	bbox = (1415.8400, 567.5560) - (1415.8680, 567.7160) on Layer M8
violation type: Min Step
	srcs: net:net134523
	bbox = (1422.4400, 2464.6760) - (1422.4400, 2464.7560) on Layer M8
violation type: Min Step
	srcs: net:net134523
	bbox = (1424.3520, 2464.7560) - (1424.3800, 2464.9160) on Layer M8
violation type: Min Step
	srcs: net:net134523
	bbox = (1422.2800, 2464.8360) - (1422.2800, 2464.9160) on Layer M8
violation type: Min Step
	srcs: net:net54037
	bbox = (1433.5680, 634.8360) - (1433.5960, 634.9960) on Layer M8
violation type: Min Step
	srcs: net:mod/_25551_
	bbox = (1432.6720, 641.0760) - (1432.7000, 641.2360) on Layer M8
violation type: Min Step
	srcs: net:net135318
	bbox = (1431.9680, 2388.1960) - (1431.9960, 2388.3560) on Layer M8
violation type: Min Step
	srcs: net:net68976
	bbox = (1438.0480, 635.4760) - (1438.0760, 635.6360) on Layer M8
violation type: Min Step
	srcs: net:net134884
	bbox = (1453.6640, 2479.2360) - (1453.6920, 2479.3960) on Layer M8
violation type: Min Step
	srcs: net:net134943
	bbox = (1456.0320, 2476.8360) - (1456.0600, 2476.9960) on Layer M8
violation type: Min Step
	srcs: net:net135311
	bbox = (1454.5600, 2523.9560) - (1454.5880, 2524.1160) on Layer M8
violation type: Min Step
	srcs: net:ex_controller/mesh/mesh/mesh_15_1/tile_0_0/_0253_
	bbox = (1461.5360, 1556.6760) - (1461.5640, 1556.8360) on Layer M8
violation type: Min Step
	srcs: net:ex_controller/mesh/mesh/mesh_15_1/tile_0_0/_0426_
	bbox = (1462.3040, 1563.7160) - (1462.3320, 1563.8760) on Layer M8
violation type: Min Step
	srcs: net:net134833
	bbox = (1462.6240, 2492.9160) - (1462.6520, 2493.0760) on Layer M8
violation type: Min Step
	srcs: net:net134833
	bbox = (1460.7040, 2493.8760) - (1460.7320, 2494.0360) on Layer M8
violation type: Min Step
	srcs: net:net72504
	bbox = (1471.5200, 581.2360) - (1471.5480, 581.3960) on Layer M8
violation type: Min Step
	srcs: net:net43171
	bbox = (1470.1120, 1496.0360) - (1470.1400, 1496.1960) on Layer M8
violation type: Min Step
	srcs: net:ex_controller/mesh/mesh/mesh_15_2/tile_0_0/mac_unit/_0308_
	bbox = (1469.6640, 1678.2760) - (1469.6920, 1678.4360) on Layer M8
violation type: Min Step
	srcs: net:net52691
	bbox = (1467.6160, 2461.9560) - (1467.6440, 2462.1160) on Layer M8
violation type: Min Step
	srcs: net:spad/acc_adders/_0126_
	bbox = (1476.3840, 2380.4360) - (1476.4120, 2380.5960) on Layer M8
violation type: Min Step
	srcs: net:mod/_00841_
	bbox = (1484.3200, 603.5560) - (1484.3480, 603.7160) on Layer M8
violation type: Min Step
	srcs: net:mod/_00841_
	bbox = (1484.3200, 624.5960) - (1484.3480, 624.7560) on Layer M8
violation type: Min Step
	srcs: net:mod/_27318_
	bbox = (1482.7200, 640.9160) - (1482.7480, 641.0760) on Layer M8
violation type: Min Step
	srcs: net:net92050
	bbox = (1492.1280, 2553.3160) - (1492.1560, 2553.4760) on Layer M8
violation type: Min Step
	srcs: net:ex_controller/mesh/mesh/mesh_14_0/tile_0_0/_0054_
	bbox = (1497.8240, 1497.1560) - (1497.8520, 1497.3160) on Layer M8
violation type: Min Step
	srcs: net:ex_controller/mesh/mesh/mesh_15_2/tile_0_0/_0867_
	bbox = (1501.2160, 1655.3960) - (1501.2440, 1655.5560) on Layer M8
violation type: Min Step
	srcs: net:_ex_controller_io_acc_write_0_bits_data_8_0\[15\]
	bbox = (1500.4480, 2411.8760) - (1500.4760, 2412.0360) on Layer M8
violation type: Min Step
	srcs: net:net134834
	bbox = (1499.3600, 2479.5560) - (1499.3880, 2479.7160) on Layer M8
violation type: Min Step
	srcs: net:net111326
	bbox = (1507.5520, 1403.2360) - (1507.5800, 1403.3960) on Layer M8
violation type: Min Step
	srcs: net:spad/vsm_1/in_bits_in_10\[2\]
	bbox = (1508.6400, 2418.5960) - (1508.6680, 2418.7560) on Layer M8
violation type: Min Step
	srcs: net:net135458
	bbox = (1507.7440, 2532.8360) - (1507.7720, 2532.9960) on Layer M8
violation type: Min Step
	srcs: net:net111986
	bbox = (1514.4640, 754.5960) - (1514.4920, 754.7560) on Layer M8
violation type: Min Step
	srcs: net:mod/ex/_061596_
	bbox = (1512.9280, 1413.2360) - (1512.9560, 1413.3960) on Layer M8
violation type: Min Step
	srcs: net:spad/_acc_mems_1_io_adder_op1_0_0\[3\]
	bbox = (1516.8960, 2683.3960) - (1516.9240, 2683.5560) on Layer M8
violation type: Min Step
	srcs: net:net94004
	bbox = (1515.3600, 2698.1160) - (1515.3880, 2698.2760) on Layer M8
violation type: Min Step
	srcs: net:net134640
	bbox = (1521.8240, 2388.5160) - (1521.8520, 2388.6760) on Layer M8
violation type: Min Step
	srcs: net:net119333
	bbox = (1521.5720, 2448.4360) - (1521.6000, 2448.5960) on Layer M8
violation type: Min Step
	srcs: net:net91848
	bbox = (1522.7840, 2577.2360) - (1522.8120, 2577.3960) on Layer M8
violation type: Min Step
	srcs: net:net52670
	bbox = (1529.5040, 2516.6760) - (1529.5320, 2516.8360) on Layer M8
violation type: Min Step
	srcs: net:net50980
	bbox = (1539.4880, 2880.8360) - (1539.5160, 2880.9960) on Layer M8
violation type: Min Step
	srcs: net:spad/_acc_mems_1_io_adder_op1_12_0\[29\]
	bbox = (1543.3920, 2531.1560) - (1543.4200, 2531.3160) on Layer M8
violation type: Min Step
	srcs: net:net135026
	bbox = (1545.2480, 2546.6760) - (1545.2760, 2546.8360) on Layer M8
violation type: Min Step
	srcs: net:net93738
	bbox = (1544.5440, 2598.6760) - (1544.5720, 2598.8360) on Layer M8
violation type: Min Step
	srcs: net:net134799
	bbox = (1544.3520, 2682.6760) - (1544.3800, 2682.8360) on Layer M8
violation type: Min Step
	srcs: net:net67020
	bbox = (1560.6720, 1534.3560) - (1560.7000, 1534.5160) on Layer M8
violation type: Min Step
	srcs: net:net94180
	bbox = (1561.0560, 2713.3160) - (1561.0840, 2713.4760) on Layer M8
violation type: Min Step
	srcs: net:net92066
	bbox = (1568.4800, 2449.9560) - (1568.5080, 2450.1160) on Layer M8
violation type: Min Step
	srcs: net:net134314
	bbox = (1575.4560, 460.6760) - (1575.4840, 460.8360) on Layer M8
violation type: Min Step
	srcs: net:spad/_acc_mems_1_io_adder_op1_0_0\[29\]
	bbox = (1575.3920, 2458.1960) - (1575.4200, 2458.3560) on Layer M8
violation type: Min Step
	srcs: net:net135557
	bbox = (1576.1600, 2674.0360) - (1576.1880, 2674.1960) on Layer M8
violation type: Min Step
	srcs: net:net91677
	bbox = (1582.1120, 2464.4360) - (1582.1400, 2464.5960) on Layer M8
violation type: Min Step
	srcs: net:spad/_acc_mems_1_io_adder_op1_8_0\[9\]
	bbox = (1582.3040, 2501.8760) - (1582.3320, 2502.0360) on Layer M8
violation type: Min Step
	srcs: net:net14113
	bbox = (1582.1760, 2524.4360) - (1582.2040, 2524.5960) on Layer M8
violation type: Min Step
	srcs: net:net14097
	bbox = (1582.8800, 2523.2360) - (1582.9080, 2523.3960) on Layer M8
violation type: Min Step
	srcs: net:net134577
	bbox = (1591.2000, 2408.7560) - (1591.2280, 2408.9160) on Layer M8
violation type: Min Step
	srcs: net:net134804
	bbox = (1590.6240, 2433.3960) - (1590.6520, 2433.5560) on Layer M8
violation type: Min Step
	srcs: net:spad/acc_scale_unit/_1134_
	bbox = (1590.4320, 2472.5160) - (1590.4600, 2472.6760) on Layer M8
violation type: Min Step
	srcs: net:net91909
	bbox = (1590.4960, 2544.9160) - (1590.5240, 2545.0760) on Layer M8
violation type: Min Step
	srcs: net:net61790
	bbox = (1589.9200, 2584.2760) - (1589.9480, 2584.4360) on Layer M8
violation type: Min Step
	srcs: net:net14096
	bbox = (1591.0720, 2592.9960) - (1591.1000, 2593.1560) on Layer M8
violation type: Min Step
	srcs: net:net124563
	bbox = (1597.6640, 385.9560) - (1597.6920, 386.1160) on Layer M8
violation type: Min Step
	srcs: net:net92177
	bbox = (1596.9600, 2403.3960) - (1596.9880, 2403.5560) on Layer M8
violation type: Min Step
	srcs: net:net134431
	bbox = (1596.2560, 2418.0360) - (1596.2840, 2418.1960) on Layer M8
violation type: Min Step
	srcs: net:spad/_acc_mems_1_io_adder_op1_1_0\[10\]
	bbox = (1598.1120, 2432.5160) - (1598.1400, 2432.6760) on Layer M8
violation type: Min Step
	srcs: net:net91100
	bbox = (1596.3200, 2620.4360) - (1596.3480, 2620.5960) on Layer M8
violation type: Min Step
	srcs: net:net139057
	bbox = (1613.4080, 2404.4360) - (1613.4360, 2404.5960) on Layer M8
violation type: Min Step
	srcs: net:net93435
	bbox = (1613.3440, 2424.4360) - (1613.3720, 2424.5960) on Layer M8
violation type: Min Step
	srcs: net:net74330
	bbox = (1644.2560, 1443.3160) - (1644.2840, 1443.4760) on Layer M8
violation type: Min Step
	srcs: net:mod/ex/_080369_
	bbox = (1672.4160, 966.8360) - (1672.4440, 966.9960) on Layer M8
violation type: Min Step
	srcs: net:ex_controller/mesh/mesh/mesh_13_1/tile_0_0/_0340_
	bbox = (1671.8400, 1495.5560) - (1671.8680, 1495.7160) on Layer M8
violation type: Min Step
	srcs: net:ex_controller/mesh/mesh/mesh_13_2/tile_0_0/_0203_
	bbox = (1674.0160, 1600.5960) - (1674.0440, 1600.7560) on Layer M8
violation type: Min Step
	srcs: net:net34571
	bbox = (1680.6080, 620.3560) - (1680.6360, 620.5160) on Layer M8
violation type: Min Step
	srcs: net:net66708
	bbox = (1679.2640, 1502.2760) - (1679.2920, 1502.4360) on Layer M8
violation type: Min Step
	srcs: net:net52217
	bbox = (1681.3120, 2666.9160) - (1681.3400, 2667.0760) on Layer M8
violation type: Min Step
	srcs: net:net36869
	bbox = (1689.5040, 1495.2360) - (1689.5320, 1495.3960) on Layer M8
violation type: Min Step
	srcs: net:net67094
	bbox = (1688.5440, 1510.0360) - (1688.5720, 1510.1960) on Layer M8
violation type: Min Step
	srcs: net:net92525
	bbox = (1690.7840, 2537.3160) - (1690.8120, 2537.4760) on Layer M8
violation type: Min Step
	srcs: net:net135457
	bbox = (1695.6360, 2548.0360) - (1695.7400, 2548.1960) on Layer M8
violation type: Min Step
	srcs: net:ex_controller/mesh/mesh/mesh_13_1/tile_0_0/_0036_
	bbox = (1709.6640, 1509.6360) - (1709.6920, 1509.7960) on Layer M8
violation type: Min Step
	srcs: net:net138944
	bbox = (1709.6040, 2517.7160) - (1709.6320, 2517.8760) on Layer M8
violation type: Min Step
	srcs: net:net135131
	bbox = (1712.8640, 2540.1160) - (1712.8920, 2540.2760) on Layer M8
violation type: Min Step
	srcs: net:ex_controller/mesh/mesh/mesh_12_0/tile_0_0/_0402_
	bbox = (1718.7520, 1405.5560) - (1718.7800, 1405.7160) on Layer M8
violation type: Min Step
	srcs: net:net133269
	bbox = (1732.3840, 512.4360) - (1732.4120, 512.5960) on Layer M8
violation type: Min Step
	srcs: net:net138946
	bbox = (1740.9600, 2553.0760) - (1740.9880, 2553.2360) on Layer M8
violation type: Min Step
	srcs: net:net12531
	bbox = (1748.9600, 2832.5960) - (1748.9880, 2832.7560) on Layer M8
violation type: Min Step
	srcs: net:net41007
	bbox = (1748.1920, 3006.0360) - (1748.2200, 3006.1960) on Layer M8
violation type: Min Step
	srcs: net:spad/writer/_04715_
	bbox = (1749.0880, 3016.8360) - (1749.1160, 3016.9960) on Layer M8
violation type: Min Step
	srcs: net:spad/writer/_10195_
	bbox = (1748.5120, 3028.6760) - (1748.5400, 3028.8360) on Layer M8
violation type: Min Step
	srcs: net:spad/writer/_02943_
	bbox = (1757.4080, 2911.3160) - (1757.4360, 2911.4760) on Layer M8
violation type: Min Step
	srcs: net:net52029
	bbox = (1770.8480, 2524.2760) - (1770.8760, 2524.4360) on Layer M8
violation type: Min Step
	srcs: net:net34513
	bbox = (1778.3360, 937.9560) - (1778.3640, 938.1160) on Layer M8
violation type: Min Step
	srcs: net:ex_controller/mesh/mesh/mesh_12_1/tile_0_0/_0253_
	bbox = (1779.8080, 1467.0760) - (1779.8360, 1467.2360) on Layer M8
violation type: Min Step
	srcs: net:net37074
	bbox = (1779.3600, 2826.2760) - (1779.3880, 2826.4360) on Layer M8
violation type: Min Step
	srcs: net:spad/writer/_03258_
	bbox = (1780.0640, 2947.7960) - (1780.0920, 2947.9560) on Layer M8
violation type: Min Step
	srcs: net:ex_controller/mesh/mesh/mesh_10_0/tile_0_0/_0514_
	bbox = (1785.3120, 1276.5160) - (1785.3400, 1276.6760) on Layer M8
violation type: Min Step
	srcs: net:net108190
	bbox = (1788.5760, 2870.6760) - (1788.6040, 2870.8360) on Layer M8
violation type: Min Step
	srcs: net:spad/writer/_12925_
	bbox = (1788.6400, 2886.3560) - (1788.6680, 2886.5160) on Layer M8
violation type: Min Step
	srcs: net:net44744
	bbox = (1787.9360, 2961.2360) - (1787.9640, 2961.3960) on Layer M8
violation type: Min Step
	srcs: net:spad/writer/_00120_
	bbox = (1788.2560, 3002.3560) - (1788.2840, 3002.5160) on Layer M8
violation type: Min Step
	srcs: net:net105036
	bbox = (1802.8480, 1977.7960) - (1802.8760, 1977.9560) on Layer M8
violation type: Min Step
	srcs: net:net134560
	bbox = (1802.8480, 2546.5960) - (1802.8760, 2546.7560) on Layer M8
violation type: Min Step
	srcs: net:ex_controller/mesh/mesh/mesh_12_2/tile_0_0/_0468_
	bbox = (1808.8640, 1565.1560) - (1808.8920, 1565.3160) on Layer M8
violation type: Min Step
	srcs: net:net113843
	bbox = (1841.8880, 1208.5960) - (1841.9160, 1208.7560) on Layer M8
violation type: Min Step
	srcs: net:spad/acc_scale_unit/activated_data_e_scaled_rec_fn_to_in_8/_0593_
	bbox = (1847.8400, 2789.3160) - (1847.8680, 2789.4760) on Layer M8
violation type: Min Step
	srcs: net:mod/ex/_075084_
	bbox = (1863.3920, 930.2760) - (1863.4200, 930.4360) on Layer M8
violation type: Min Step
	srcs: net:net94859
	bbox = (1863.2000, 976.2760) - (1863.2280, 976.4360) on Layer M8
violation type: Min Step
	srcs: net:ex_controller/mesh/mesh/mesh_12_3/tile_0_0/_0674_
	bbox = (1885.8560, 1691.9560) - (1885.8840, 1692.1160) on Layer M8
violation type: Min Step
	srcs: net:net34499
	bbox = (1907.1040, 1115.9560) - (1907.1320, 1116.1160) on Layer M8
violation type: Min Step
	srcs: net:ex_controller/mesh/mesh/mesh_10_1/tile_0_0/_0479_
	bbox = (1906.1440, 1390.9960) - (1906.1720, 1391.1560) on Layer M8
violation type: Min Step
	srcs: net:ex_controller/mesh/mesh/mesh_11_2/tile_0_0/_0563_
	bbox = (1929.2480, 1535.7160) - (1929.2760, 1535.8760) on Layer M8
violation type: Min Step
	srcs: net:net113835
	bbox = (1945.1840, 1172.3560) - (1945.2120, 1172.5160) on Layer M8
violation type: Min Step
	srcs: net:net96709
	bbox = (1944.4160, 1928.1160) - (1944.4440, 1928.2760) on Layer M8
violation type: Min Step
	srcs: net:ex_controller/mesh/mesh/mesh_8_0/tile_0_0/_0305_
	bbox = (1954.7840, 1187.3160) - (1954.8120, 1187.4760) on Layer M8
violation type: Min Step
	srcs: net:clknet_10_537_0_clock
	bbox = (1959.0720, 696.2760) - (1959.1000, 696.4360) on Layer M8
violation type: Min Step
	srcs: net:ex_controller/mesh/mesh/mesh_11_4/tile_0_0/_0365_
	bbox = (1975.9040, 1776.6760) - (1975.9320, 1776.8360) on Layer M8
violation type: Min Step
	srcs: net:ex_controller/mesh/mesh/mesh_11_4/tile_0_0/_0399_
	bbox = (1976.2880, 1784.1960) - (1976.3160, 1784.3560) on Layer M8
violation type: Min Step
	srcs: net:ex_controller/mesh/mesh/mesh_15_7_io_in_control_0_shift_pipe_b\[4\]
	bbox = (1977.2480, 2274.8360) - (1977.2760, 2274.9960) on Layer M8
violation type: Min Step
	srcs: net:ex_controller/mesh/mesh/mesh_15_7/tile_0_0/_0050_
	bbox = (1982.1760, 2282.5160) - (1982.2040, 2282.6760) on Layer M8
violation type: Min Step
	srcs: net:net26196
	bbox = (1989.4720, 1682.9960) - (1989.5000, 1683.1560) on Layer M8
violation type: Min Step
	srcs: net:net61240
	bbox = (2000.1600, 1487.1560) - (2000.1880, 1487.3160) on Layer M8
violation type: Min Step
	srcs: net:net80113
	bbox = (2006.6880, 634.6760) - (2006.7160, 634.8360) on Layer M8
violation type: Min Step
	srcs: net:ex_controller/mesh/mesh/mesh_10_2/tile_0_0/_0585_
	bbox = (2019.4880, 1511.5560) - (2019.5160, 1511.7160) on Layer M8
violation type: Min Step
	srcs: net:ex_controller/mesh/mesh/mesh_12_5/tile_0_0/_0417_
	bbox = (2038.3680, 1904.4360) - (2038.3960, 1904.5960) on Layer M8
violation type: Min Step
	srcs: net:net28318
	bbox = (2037.2160, 2055.2360) - (2037.2440, 2055.3960) on Layer M8
violation type: Min Step
	srcs: net:ex_controller/mesh/mesh/mesh_6_1/tile_0_0/_0253_
	bbox = (2058.4040, 1034.9160) - (2058.4320, 1035.0760) on Layer M8
violation type: Min Step
	srcs: net:ex_controller/mesh/mesh/mesh_10_4/tile_0_0/_0495_
	bbox = (2073.3760, 1752.9960) - (2073.4040, 1753.1560) on Layer M8
violation type: Min Step
	srcs: net:ex_controller/mesh/mesh/mesh_10_4/tile_0_0/_0286_
	bbox = (2075.7480, 1759.3960) - (2075.7760, 1759.5560) on Layer M8
violation type: Min Step
	srcs: net:net16599
	bbox = (2080.8000, 1035.5560) - (2080.8280, 1035.7160) on Layer M8
violation type: Min Step
	srcs: net:net80333
	bbox = (2102.6240, 709.1560) - (2102.6520, 709.3160) on Layer M8
violation type: Min Step
	srcs: net:net99906
	bbox = (2112.6080, 484.1960) - (2112.6360, 484.3560) on Layer M8
violation type: Min Step
	srcs: net:net115422
	bbox = (2120.4160, 2000.9960) - (2120.4440, 2001.1560) on Layer M8
violation type: Min Step
	srcs: net:net95788
	bbox = (2126.8160, 1201.4760) - (2126.8440, 1201.6360) on Layer M8
violation type: Min Step
	srcs: net:ex_controller/mesh/mesh/mesh_9_3/tile_0_0/_0325_
	bbox = (2134.6240, 1593.1560) - (2134.6520, 1593.3160) on Layer M8
violation type: Min Step
	srcs: net:net35340
	bbox = (2151.3920, 726.1160) - (2151.4200, 726.2760) on Layer M8
violation type: Min Step
	srcs: net:net99434
	bbox = (2149.9200, 733.6360) - (2149.9480, 733.7960) on Layer M8
violation type: Min Step
	srcs: net:spad/acc_scale_unit/activated_data_e_scaled_muladder_9/mulAddRecFNToRaw_postMul/_1291_
	bbox = (2150.6240, 2456.2760) - (2150.6520, 2456.4360) on Layer M8
violation type: Min Step
	srcs: net:net99447
	bbox = (2157.6000, 686.3560) - (2157.6280, 686.5160) on Layer M8
violation type: Min Step
	srcs: net:net74370
	bbox = (2164.1280, 710.2760) - (2164.1560, 710.4360) on Layer M8
violation type: Min Step
	srcs: net:net26807
	bbox = (2170.7840, 1510.9160) - (2170.8120, 1511.0760) on Layer M8
violation type: Min Step
	srcs: net:net16056
	bbox = (2172.9600, 1700.6760) - (2172.9880, 1700.8360) on Layer M8
violation type: Min Step
	srcs: net:ex_controller/mesh/mesh/mesh_9_4/tile_0_0/_0437_
	bbox = (2170.9960, 1708.5160) - (2170.9960, 1708.5960) on Layer M8
violation type: Min Step
	srcs: net:ex_controller/mesh/mesh/mesh_9_4/tile_0_0/_0437_
	bbox = (2171.1560, 1708.6760) - (2171.1560, 1708.7560) on Layer M8
violation type: Min Step
	srcs: net:spad/acc_scale_unit/activated_data_e_scaled_muladder_10/_0007_
	bbox = (2170.9120, 2674.8360) - (2170.9400, 2674.9960) on Layer M8
violation type: Min Step
	srcs: net:net74571
	bbox = (2187.1040, 648.9160) - (2187.1320, 649.0760) on Layer M8
violation type: Min Step
	srcs: net:ex_controller/mesh/mesh/mesh_7_3_io_in_control_0_shift_pipe_b\[4\]
	bbox = (2195.4240, 1435.4760) - (2195.4520, 1435.6360) on Layer M8
violation type: Min Step
	srcs: net:net70491
	bbox = (2195.1680, 1852.9960) - (2195.1960, 1853.1560) on Layer M8
violation type: Min Step
	srcs: net:ex_controller/mesh/mesh/mesh_7_3/tile_0_0/_0294_
	bbox = (2201.4440, 1442.3560) - (2201.4720, 1442.5160) on Layer M8
violation type: Min Step
	srcs: net:net11782
	bbox = (2209.2480, 658.1960) - (2209.2760, 658.3560) on Layer M8
violation type: Min Step
	srcs: net:ex_controller/mesh/mesh/mesh_11_6/tile_0_0/_0463_
	bbox = (2208.5440, 1966.2760) - (2208.5720, 1966.4360) on Layer M8
violation type: Min Step
	srcs: net:net96945
	bbox = (2211.1040, 1978.5160) - (2211.1320, 1978.6760) on Layer M8
violation type: Min Step
	srcs: net:ex_controller/mesh/mesh/mesh_5_3/tile_0_0/_0402_
	bbox = (2225.1200, 1284.4360) - (2225.1480, 1284.5960) on Layer M8
violation type: Min Step
	srcs: net:ex_controller/mesh/mesh/mesh_4_3/tile_0_0/_0623_
	bbox = (2241.0560, 1195.0760) - (2241.0840, 1195.2360) on Layer M8
violation type: Min Step
	srcs: net:spad/acc_scale_unit/activated_data_e_scaled_muladder_10/mulAddRecFNToRaw_postMul/_0414_
	bbox = (2241.0560, 2659.5560) - (2241.0840, 2659.7160) on Layer M8
violation type: Min Step
	srcs: net:ex_controller/mesh/_09015_
	bbox = (2247.5840, 633.6360) - (2247.6120, 633.7960) on Layer M8
violation type: Min Step
	srcs: net:net63610
	bbox = (2249.4400, 685.7960) - (2249.4680, 685.9560) on Layer M8
violation type: Min Step
	srcs: net:ex_controller/mesh/mesh/mesh_4_1/tile_0_0/_0259_
	bbox = (2255.0080, 861.2360) - (2255.0360, 861.3960) on Layer M8
violation type: Min Step
	srcs: net:ex_controller/mesh/mesh/mesh_4_1/tile_0_0/_0563_
	bbox = (2262.5600, 839.4760) - (2262.5880, 839.6360) on Layer M8
violation type: Min Step
	srcs: net:net104722
	bbox = (2262.1760, 851.3960) - (2262.2040, 851.5560) on Layer M8
violation type: Min Step
	srcs: net:ex_controller/mesh/mesh/mesh_3_2/tile_0_0/_0253_
	bbox = (2261.9840, 988.2760) - (2262.0120, 988.4360) on Layer M8
violation type: Min Step
	srcs: net:ex_controller/mesh/mesh/mesh_9_5/tile_0_0/_0344_
	bbox = (2285.5360, 1805.6360) - (2285.5640, 1805.7960) on Layer M8
violation type: Min Step
	srcs: net:ex_controller/mesh/mesh/mesh_15_9/tile_0_0/_0417_
	bbox = (2285.6640, 2387.9560) - (2285.6920, 2388.1160) on Layer M8
violation type: Min Step
	srcs: net:net26676
	bbox = (2300.2560, 1694.1160) - (2300.2840, 1694.2760) on Layer M8
violation type: Min Step
	srcs: net:ex_controller/mesh/mesh/mesh_10_6/tile_0_0/_0198_
	bbox = (2300.3200, 1934.1960) - (2300.3480, 1934.3560) on Layer M8
violation type: Min Step
	srcs: net:ex_controller/mesh/transposer/_pes_1_14_io_outL\[0\]
	bbox = (2331.1040, 436.3560) - (2331.1320, 436.5160) on Layer M8
violation type: Min Step
	srcs: net:net26621
	bbox = (2340.3200, 1698.5960) - (2340.3480, 1698.7560) on Layer M8
violation type: Min Step
	srcs: net:ex_controller/mesh/mesh/mesh_12_8/tile_0_0/_0336_
	bbox = (2337.2360, 2177.6360) - (2337.4040, 2177.7960) on Layer M8
violation type: Min Step
	srcs: net:ex_controller/mesh/mesh/_14208_
	bbox = (2346.6560, 936.3560) - (2346.6840, 936.5160) on Layer M8
violation type: Min Step
	srcs: net:ex_controller/mesh/transposer/pes_0_6/_27_
	bbox = (2360.4160, 565.6360) - (2360.4440, 565.7960) on Layer M8
violation type: Min Step
	srcs: net:ex_controller/mesh/mesh/mesh_15_10/tile_0_0/_0256_
	bbox = (2369.1240, 2516.9160) - (2369.1520, 2517.0760) on Layer M8
violation type: Min Step
	srcs: net:net26759
	bbox = (2376.8000, 1693.7960) - (2376.8280, 1693.9560) on Layer M8
violation type: Min Step
	srcs: net:ex_controller/mesh/mesh/mesh_7_5/tile_0_0/_0653_
	bbox = (2386.3360, 1655.9560) - (2386.3640, 1656.1160) on Layer M8
violation type: Min Step
	srcs: net:ex_controller/mesh/_04329_
	bbox = (2393.8880, 746.0360) - (2393.9160, 746.1960) on Layer M8
violation type: Min Step
	srcs: net:ex_controller/mesh/_04277_
	bbox = (2412.6400, 749.0760) - (2412.6680, 749.2360) on Layer M8
violation type: Min Step
	srcs: net:net129773
	bbox = (2429.7280, 997.7960) - (2429.7560, 997.9560) on Layer M8
violation type: Min Step
	srcs: net:net114067
	bbox = (2444.8320, 1398.9160) - (2444.8600, 1399.0760) on Layer M8
violation type: Min Step
	srcs: net:ex_controller/mesh/mesh/mesh_5_5/tile_0_0/_0260_
	bbox = (2445.4720, 1496.2760) - (2445.5000, 1496.4360) on Layer M8
violation type: Min Step
	srcs: net:net96793
	bbox = (2466.4640, 2260.7560) - (2466.4920, 2260.9160) on Layer M8
violation type: Min Step
	srcs: net:ex_controller/mesh/_05230_
	bbox = (2473.9520, 778.0360) - (2473.9800, 778.1960) on Layer M8
violation type: Min Step
	srcs: net:ex_controller/mesh/mesh/mesh_2_5/tile_0_0/_0490_
	bbox = (2497.5040, 1247.7160) - (2497.5320, 1247.8760) on Layer M8
violation type: Min Step
	srcs: net:net73980
	bbox = (2506.7200, 648.0360) - (2506.7480, 648.1960) on Layer M8
violation type: Min Step
	srcs: net:ex_controller/mesh/mesh/mesh_0_1/tile_0_0/_0408_
	bbox = (2504.9280, 650.5960) - (2504.9560, 650.7560) on Layer M8
violation type: Min Step
	srcs: net:ex_controller/mesh/mesh/mesh_1_0/tile_0_0/_0790_
	bbox = (2536.3560, 269.8760) - (2536.3840, 270.0360) on Layer M8
violation type: Min Step
	srcs: net:net129127
	bbox = (2560.0960, 1305.8760) - (2560.1240, 1306.0360) on Layer M8
violation type: Min Step
	srcs: net:ex_controller/mesh/mesh/mesh_9_8/tile_0_0/_0623_
	bbox = (2557.9200, 2002.8360) - (2557.9480, 2002.9960) on Layer M8
violation type: Min Step
	srcs: net:ex_controller/mesh/mesh/mesh_2_0/tile_0_0/_0336_
	bbox = (2572.3200, 430.9160) - (2572.3480, 431.0760) on Layer M8
violation type: Min Step
	srcs: net:ex_controller/mesh/mesh/mesh_3_6/tile_0_0/_0399_
	bbox = (2605.2800, 1353.5560) - (2605.3080, 1353.7160) on Layer M8
violation type: Min Step
	srcs: net:ex_controller/mesh/mesh/mesh_15_13/tile_0_0/_0235_
	bbox = (2602.0800, 2827.7960) - (2602.1080, 2827.9560) on Layer M8
violation type: Min Step
	srcs: net:ex_controller/mesh/mesh/mesh_15_13/tile_0_0/_0197_
	bbox = (2602.6560, 2832.9160) - (2602.6840, 2833.0760) on Layer M8
violation type: Min Step
	srcs: net:ex_controller/mesh/mesh/mesh_5_0/tile_0_0/_0286_
	bbox = (2627.1680, 800.1960) - (2627.1960, 800.3560) on Layer M8
violation type: Min Step
	srcs: net:net16273
	bbox = (2639.6480, 1429.5560) - (2639.6760, 1429.7160) on Layer M8
violation type: Min Step
	srcs: net:ex_controller/mesh/mesh/mesh_4_7/tile_0_0/_0199_
	bbox = (2672.4800, 1518.8360) - (2672.5080, 1518.9960) on Layer M8
violation type: Min Step
	srcs: net:ex_controller/mesh/mesh/mesh_4_7/tile_0_0/_0317_
	bbox = (2670.9440, 1526.3560) - (2670.9720, 1526.5160) on Layer M8
violation type: Min Step
	srcs: net:ex_controller/mesh/mesh/mesh_1_6/tile_0_0/_0803_
	bbox = (2679.4560, 1169.9560) - (2679.4840, 1170.1160) on Layer M8
violation type: Min Step
	srcs: net:ex_controller/mesh/mesh/mesh_4_7/tile_0_0/_0824_
	bbox = (2679.4560, 1504.9960) - (2679.4840, 1505.1560) on Layer M8
violation type: Min Step
	srcs: net:ex_controller/mesh/mesh/mesh_6_8/tile_0_0/_0417_
	bbox = (2710.5600, 1798.1960) - (2710.5880, 1798.3560) on Layer M8
violation type: Min Step
	srcs: net:net16050
	bbox = (2716.5760, 1699.8760) - (2716.6040, 1700.0360) on Layer M8
violation type: Min Step
	srcs: net:net95511
	bbox = (2733.8560, 2018.6760) - (2733.8840, 2018.8360) on Layer M8
violation type: Min Step
	srcs: net:net129146
	bbox = (2762.4000, 1503.6360) - (2762.4280, 1503.7960) on Layer M8
violation type: Min Step
	srcs: net:net21789
	bbox = (2771.8720, 1707.4760) - (2771.9000, 1707.6360) on Layer M8
violation type: Min Step
	srcs: net:ex_controller/mesh/mesh/mesh_9_10/tile_0_0/_0782_
	bbox = (2791.0120, 2200.6760) - (2791.0400, 2200.8360) on Layer M8
violation type: Min Step
	srcs: net:ex_controller/mesh/mesh/mesh_11_12/tile_0_0/_0514_
	bbox = (2839.1360, 2539.1560) - (2839.1640, 2539.3160) on Layer M8
violation type: Min Step
	srcs: net:ex_controller/mesh/mesh/mesh_1_9/tile_0_0/_0408_
	bbox = (2926.7520, 1193.7160) - (2926.7800, 1193.8760) on Layer M8
violation type: Min Step
	srcs: net:ex_controller/mesh/mesh/mesh_4_9/tile_0_0/_0250_
	bbox = (2937.1200, 1609.2360) - (2937.1480, 1609.3960) on Layer M8
violation type: Min Step
	srcs: net:ex_controller/mesh/mesh/mesh_6_10/tile_0_0/_0240_
	bbox = (2944.4800, 1903.2360) - (2944.5080, 1903.3960) on Layer M8
violation type: Min Step
	srcs: net:ex_controller/mesh/mesh/mesh_0_10/tile_0_0/_0056_
	bbox = (3002.4640, 1065.2360) - (3002.4920, 1065.3960) on Layer M8
violation type: Min Step
	srcs: net:ex_controller/mesh/mesh/mesh_6_11/tile_0_0/_0437_
	bbox = (3012.3200, 1979.7160) - (3012.3480, 1979.8760) on Layer M8
violation type: Min Step
	srcs: net:ex_controller/mesh/mesh/_mesh_6_11_io_out_b_0\[11\]
	bbox = (3025.1200, 1980.5960) - (3025.1480, 1980.7560) on Layer M8
violation type: Min Step
	srcs: net:net138579
	bbox = (3055.3280, 1857.7160) - (3055.3560, 1857.8760) on Layer M8
violation type: Min Step
	srcs: net:ex_controller/mesh/mesh/mesh_4_11/tile_0_0/_0585_
	bbox = (3072.0960, 1722.9960) - (3072.1240, 1723.1560) on Layer M8
violation type: Min Step
	srcs: net:ex_controller/mesh/mesh/pipe_b_491_0\[2\]
	bbox = (3071.2640, 2946.1160) - (3071.2920, 2946.2760) on Layer M8
violation type: Min Step
	srcs: net:ex_controller/mesh/mesh/mesh_0_11/tile_0_0/_0256_
	bbox = (3079.6480, 1110.2760) - (3079.6760, 1110.4360) on Layer M8
violation type: Min Step
	srcs: net:ex_controller/mesh/mesh/mesh_10_14/tile_0_0/_0355_
	bbox = (3095.7120, 2903.4760) - (3095.7400, 2903.6360) on Layer M8
violation type: Min Step
	srcs: net:ex_controller/mesh/mesh/mesh_3_11/tile_0_0/_0653_
	bbox = (3101.1560, 1557.7160) - (3101.1840, 1557.8760) on Layer M8
violation type: Min Step
	srcs: net:ex_controller/mesh/mesh/mesh_5_12/tile_0_0/_0050_
	bbox = (3125.3480, 1957.1560) - (3125.3760, 1957.3160) on Layer M8
violation type: Min Step
	srcs: net:ex_controller/mesh/mesh/mesh_1_12/tile_0_0/_0199_
	bbox = (3141.6640, 1337.3960) - (3141.6920, 1337.5560) on Layer M8
violation type: Min Step
	srcs: net:ex_controller/mesh/mesh/mesh_3_12/tile_0_0/_0399_
	bbox = (3156.5760, 1609.7160) - (3156.6040, 1609.8760) on Layer M8
violation type: Min Step
	srcs: net:ex_controller/mesh/mesh/mesh_3_12/tile_0_0/_0399_
	bbox = (3156.7680, 1617.1560) - (3156.7960, 1617.3160) on Layer M8
violation type: Min Step
	srcs: net:ex_controller/mesh/mesh/mesh_4_12/tile_0_0/_0763_
	bbox = (3155.0400, 1814.1160) - (3155.0680, 1814.2760) on Layer M8
violation type: Min Step
	srcs: net:ex_controller/mesh/mesh/mesh_2_12/tile_0_0/_0047_
	bbox = (3161.8880, 1480.2760) - (3161.9160, 1480.4360) on Layer M8
violation type: Min Step
	srcs: net:net138605
	bbox = (3162.2720, 1481.0760) - (3162.3000, 1481.2360) on Layer M8
violation type: Min Step
	srcs: net:ex_controller/mesh/mesh/mesh_2_12/tile_0_0/_0204_
	bbox = (3170.4640, 1473.9560) - (3170.4920, 1474.1160) on Layer M8
violation type: Min Step
	srcs: net:ex_controller/mesh/mesh/mesh_6_13/tile_0_0/_0495_
	bbox = (3169.3120, 2183.7160) - (3169.3400, 2183.8760) on Layer M8
violation type: Min Step
	srcs: net:ex_controller/mesh/mesh/mesh_4_13/tile_0_0/_0240_
	bbox = (3209.5040, 1859.7160) - (3209.5320, 1859.8760) on Layer M8
violation type: Min Step
	srcs: net:ex_controller/mesh/mesh/_33284_
	bbox = (3221.6000, 2887.3160) - (3221.6280, 2887.4760) on Layer M8
violation type: Min Step
	srcs: net:ex_controller/mesh/mesh/_33284_
	bbox = (3221.6000, 2894.8360) - (3221.6280, 2894.9960) on Layer M8
violation type: Min Step
	srcs: net:ex_controller/mesh/mesh/mesh_2_13/tile_0_0/_0231_
	bbox = (3244.8960, 1474.1960) - (3244.9240, 1474.3560) on Layer M8
violation type: Min Step
	srcs: net:ex_controller/mesh/mesh/mesh_6_14/tile_0_0/_0246_
	bbox = (3292.4480, 2260.7560) - (3292.4760, 2260.9160) on Layer M8
violation type: Min Step
	srcs: net:ex_controller/mesh/mesh/mesh_4_15/tile_0_0/_0803_
	bbox = (3300.2560, 1965.9560) - (3300.2840, 1966.1160) on Layer M8
violation type: Min Step
	srcs: net:ex_controller/mesh/mesh/mesh_5_14/tile_0_0/_0629_
	bbox = (3329.1200, 2040.9160) - (3329.1480, 2041.0760) on Layer M8
violation type: Min Step
	srcs: net:net58053
	bbox = (103.2000, 2210.7560) - (103.2280, 2210.9160) on Layer M8
violation type: Min Step
	srcs: net:net128876
	bbox = (275.3600, 2015.8760) - (275.3880, 2016.0360) on Layer M8
violation type: Min Step
	srcs: net:net7848
	bbox = (304.6720, 1892.5960) - (304.7000, 1892.7560) on Layer M8
violation type: Min Step
	srcs: net:net105739
	bbox = (328.2240, 1891.2360) - (328.2520, 1891.3960) on Layer M8
violation type: Min Step
	srcs: net:spad/vsm/pipe_1/_0162_
	bbox = (337.1840, 2476.0360) - (337.2120, 2476.1960) on Layer M8
violation type: Min Step
	srcs: net:net81877
	bbox = (367.4560, 1385.3160) - (367.4840, 1385.4760) on Layer M8
violation type: Min Step
	srcs: net:net23667
	bbox = (387.4880, 1408.1960) - (387.5160, 1408.3560) on Layer M8
violation type: Min Step
	srcs: net:net23991
	bbox = (409.4400, 1403.3960) - (409.4680, 1403.5560) on Layer M8
violation type: Min Step
	srcs: net:net81265
	bbox = (432.7720, 1234.7560) - (432.7720, 1234.8360) on Layer M8
violation type: Min Step
	srcs: net:net119724
	bbox = (432.4160, 1446.5960) - (432.4440, 1446.7560) on Layer M8
violation type: Min Step
	srcs: net:net62405
	bbox = (442.3360, 1680.2760) - (442.3640, 1680.4360) on Layer M8
violation type: Min Step
	srcs: net:net42642
	bbox = (450.0800, 1740.5160) - (450.1080, 1740.6760) on Layer M8
violation type: Min Step
	srcs: net:net136921
	bbox = (464.5440, 1735.3160) - (464.5720, 1735.4760) on Layer M8
violation type: Min Step
	srcs: net:mod_1/arb/_0691_
	bbox = (471.7760, 1137.3160) - (471.8040, 1137.4760) on Layer M8
violation type: Min Step
	srcs: net:reservation_station/_36014_
	bbox = (487.4560, 1785.1560) - (487.4840, 1785.3160) on Layer M8
violation type: Min Step
	srcs: net:net20656
	bbox = (503.0720, 1356.9960) - (503.1000, 1357.1560) on Layer M8
violation type: Min Step
	srcs: net:net49371
	bbox = (500.0640, 1809.9560) - (500.0920, 1810.1160) on Layer M8
violation type: Min Step
	srcs: net:net24045
	bbox = (510.3680, 1402.1160) - (510.3960, 1402.2760) on Layer M8
violation type: Min Step
	srcs: net:net57688
	bbox = (508.4480, 1573.7160) - (508.4760, 1573.8760) on Layer M8
violation type: Min Step
	srcs: net:net57645
	bbox = (509.1520, 1674.4360) - (509.1800, 1674.5960) on Layer M8
violation type: Min Step
	srcs: net:net70749
	bbox = (525.2160, 1281.5560) - (525.2440, 1281.7160) on Layer M8
violation type: Min Step
	srcs: net:net49493
	bbox = (524.8960, 1763.4760) - (524.9240, 1763.6360) on Layer M8
violation type: Min Step
	srcs: net:net62078
	bbox = (530.2080, 1712.6760) - (530.2360, 1712.8360) on Layer M8
violation type: Min Step
	srcs: net:net41408
	bbox = (539.6800, 1584.1160) - (539.7080, 1584.2760) on Layer M8
violation type: Min Step
	srcs: net:net23195
	bbox = (549.2160, 1251.3960) - (549.2440, 1251.5560) on Layer M8
violation type: Min Step
	srcs: net:mod_1/arb/_0849_
	bbox = (555.4880, 1287.0760) - (555.5160, 1287.2360) on Layer M8
violation type: Min Step
	srcs: net:net62047
	bbox = (561.6960, 1629.7960) - (561.7240, 1629.9560) on Layer M8
violation type: Min Step
	srcs: net:net74703
	bbox = (561.0560, 1704.3560) - (561.0840, 1704.5160) on Layer M8
violation type: Min Step
	srcs: net:spad/vsm/pipe/out_bits_data_muladder/mulAddRecFNToRaw_postMul/_1166_
	bbox = (562.4640, 2309.1560) - (562.4920, 2309.3160) on Layer M8
violation type: Min Step
	srcs: net:net120521
	bbox = (569.5680, 1459.8760) - (569.5960, 1460.0360) on Layer M8
violation type: Min Step
	srcs: net:mod_1/_05799_
	bbox = (583.1360, 1273.1560) - (583.1640, 1273.3160) on Layer M8
violation type: Min Step
	srcs: net:net120557
	bbox = (585.3120, 1438.9960) - (585.3400, 1439.1560) on Layer M8
violation type: Min Step
	srcs: net:net39104
	bbox = (585.6320, 1840.1160) - (585.6600, 1840.2760) on Layer M8
violation type: Min Step
	srcs: net:net39104
	bbox = (585.9520, 1847.2360) - (585.9800, 1847.3960) on Layer M8
violation type: Min Step
	srcs: net:net75639
	bbox = (584.0320, 1878.9960) - (584.0600, 1879.1560) on Layer M8
violation type: Min Step
	srcs: net:net53147
	bbox = (585.7600, 1891.4760) - (585.7880, 1891.6360) on Layer M8
violation type: Min Step
	srcs: net:mod_1/_ex_io_j\[11\]
	bbox = (599.9040, 1395.0760) - (599.9320, 1395.2360) on Layer M8
violation type: Min Step
	srcs: net:net23717
	bbox = (598.3680, 1687.9560) - (598.3960, 1688.1160) on Layer M8
violation type: Min Step
	srcs: net:net30145
	bbox = (599.1560, 1712.6760) - (599.2920, 1712.8360) on Layer M8
violation type: Min Step
	srcs: net:mod_1/ex/_00018_
	bbox = (607.7760, 1463.1560) - (607.8040, 1463.3160) on Layer M8
violation type: Min Step
	srcs: net:spad/vsm/arbOut_2_bits_scale_bits\[11\]
	bbox = (609.6320, 2393.6360) - (609.6600, 2393.7960) on Layer M8
violation type: Min Step
	srcs: net:net81265
	bbox = (613.4720, 1234.9160) - (613.5000, 1234.9960) on Layer M8
violation type: Min Step
	srcs: net:net23753
	bbox = (616.0960, 1695.3160) - (616.1240, 1695.4760) on Layer M8
violation type: Min Step
	srcs: net:net61896
	bbox = (616.4800, 2398.5160) - (616.5080, 2398.6760) on Layer M8
violation type: Min Step
	srcs: net:mod_1/ex/_02547_
	bbox = (624.0320, 1440.1960) - (624.0600, 1440.3560) on Layer M8
violation type: Min Step
	srcs: net:net40500
	bbox = (623.9680, 1816.9960) - (623.9960, 1817.1560) on Layer M8
violation type: Min Step
	srcs: net:net108882
	bbox = (631.4560, 1445.7960) - (631.4840, 1445.9560) on Layer M8
violation type: Min Step
	srcs: net:net37642
	bbox = (629.0240, 1702.9960) - (629.0520, 1703.1560) on Layer M8
violation type: Min Step
	srcs: net:net108718
	bbox = (639.7760, 1318.6760) - (639.8040, 1318.8360) on Layer M8
violation type: Min Step
	srcs: net:net120377
	bbox = (637.0240, 1392.2760) - (637.0520, 1392.4360) on Layer M8
violation type: Min Step
	srcs: net:net108832
	bbox = (637.0240, 1430.3560) - (637.0520, 1430.5160) on Layer M8
violation type: Min Step
	srcs: net:net108863
	bbox = (653.1520, 1394.9960) - (653.1800, 1395.1560) on Layer M8
violation type: Min Step
	srcs: net:net35763
	bbox = (661.2800, 1815.7960) - (661.3080, 1815.9560) on Layer M8
violation type: Min Step
	srcs: net:net120240
	bbox = (667.9360, 1273.6360) - (667.9640, 1273.7960) on Layer M8
violation type: Min Step
	srcs: net:net17472
	bbox = (682.1160, 1688.9960) - (682.1160, 1689.0760) on Layer M8
violation type: Min Step
	srcs: net:clknet_7_25_0_clock
	bbox = (705.6320, 1242.4360) - (705.6600, 1242.5960) on Layer M8
violation type: Min Step
	srcs: net:net65593
	bbox = (713.1840, 1438.0360) - (713.2120, 1438.1960) on Layer M8
violation type: Min Step
	srcs: net:reservation_station/_38500_
	bbox = (713.0560, 1644.5960) - (713.0840, 1644.7560) on Layer M8
violation type: Min Step
	srcs: net:net11000
	bbox = (720.2240, 1235.4760) - (720.2520, 1235.6360) on Layer M8
violation type: Min Step
	srcs: net:net11000
	bbox = (720.3520, 1244.5960) - (720.3800, 1244.7560) on Layer M8
violation type: Min Step
	srcs: net:net23318
	bbox = (727.5200, 1196.6760) - (727.5480, 1196.8360) on Layer M8
violation type: Min Step
	srcs: net:net53778
	bbox = (741.9200, 742.2760) - (741.9480, 742.4360) on Layer M8
violation type: Min Step
	srcs: net:net120949
	bbox = (765.5360, 350.7560) - (765.5640, 350.9160) on Layer M8
violation type: Min Step
	srcs: net:net133848
	bbox = (781.2800, 351.5560) - (781.3080, 351.7160) on Layer M8
violation type: Min Step
	srcs: net:net67702
	bbox = (787.8080, 2498.1160) - (787.8360, 2498.2760) on Layer M8
violation type: Min Step
	srcs: net:net17472
	bbox = (832.6000, 1688.7560) - (832.6000, 1688.8360) on Layer M8
violation type: Min Step
	srcs: net:net17472
	bbox = (847.7200, 1688.7560) - (847.7200, 1688.8360) on Layer M8
violation type: Min Step
	srcs: net:net60660
	bbox = (864.5440, 1401.4760) - (864.5720, 1401.6360) on Layer M8
violation type: Min Step
	srcs: net:mod/ld_weights/_018257_
	bbox = (872.9920, 1415.7960) - (873.0200, 1415.9560) on Layer M8
violation type: Min Step
	srcs: net:net74317
	bbox = (881.8880, 1414.8360) - (881.9160, 1414.9960) on Layer M8
violation type: Min Step
	srcs: net:net109709
	bbox = (888.3520, 1355.0760) - (888.3800, 1355.2360) on Layer M8
violation type: Min Step
	srcs: net:net100754
	bbox = (924.4480, 2694.0360) - (924.4760, 2694.1960) on Layer M8
violation type: Min Step
	srcs: net:net41181
	bbox = (932.2560, 2792.1960) - (932.2840, 2792.3560) on Layer M8
violation type: Min Step
	srcs: net:net41181
	bbox = (932.4480, 2800.7560) - (932.4760, 2800.9160) on Layer M8
violation type: Min Step
	srcs: net:net39661
	bbox = (949.2800, 2784.0360) - (949.3080, 2784.1960) on Layer M8
violation type: Min Step
	srcs: net:spad/reader/beatPacker/_17503_
	bbox = (946.1440, 2809.4760) - (946.1720, 2809.5560) on Layer M8
violation type: Min Step
	srcs: net:spad/reader/beatPacker/_08388_
	bbox = (948.4480, 2854.5160) - (948.4760, 2854.6760) on Layer M8
violation type: Min Step
	srcs: net:spad/reader/beatPacker/_09191_
	bbox = (947.1680, 2904.7560) - (947.1960, 2904.9160) on Layer M8
violation type: Min Step
	srcs: net:spad/reader/beatPacker/_09303_
	bbox = (954.5280, 2762.6760) - (954.5560, 2762.8360) on Layer M8
violation type: Min Step
	srcs: net:spad/reader/beatPacker/_08056_
	bbox = (954.5960, 2814.0360) - (954.6240, 2814.1960) on Layer M8
violation type: Min Step
	srcs: net:spad/reader/beatPacker/_09303_
	bbox = (955.5520, 2815.5560) - (955.5800, 2815.7160) on Layer M8
violation type: Min Step
	srcs: net:net29780
	bbox = (955.5520, 2846.9960) - (955.5800, 2847.1560) on Layer M8
violation type: Min Step
	srcs: net:net28609
	bbox = (955.0400, 2882.8360) - (955.0680, 2882.9960) on Layer M8
violation type: Min Step
	srcs: net:net44886
	bbox = (954.4640, 2892.4360) - (954.4920, 2892.5960) on Layer M8
violation type: Min Step
	srcs: net:net122631
	bbox = (961.5680, 1447.0760) - (961.5960, 1447.2360) on Layer M8
violation type: Min Step
	srcs: net:net138134
	bbox = (964.6400, 2315.5560) - (964.6680, 2315.7160) on Layer M8
violation type: Min Step
	srcs: net:net118619
	bbox = (976.7360, 2308.6760) - (976.7640, 2308.8360) on Layer M8
violation type: Min Step
	srcs: net:spad/reader/beatPacker/_17503_
	bbox = (976.4800, 2809.3160) - (976.5080, 2809.4760) on Layer M8
violation type: Min Step
	srcs: net:spad/reader/beatPacker/_00287_
	bbox = (984.9920, 2853.5560) - (985.0200, 2853.7160) on Layer M8
violation type: Min Step
	srcs: net:net110357
	bbox = (995.2960, 1040.1960) - (995.3240, 1040.3560) on Layer M8
violation type: Min Step
	srcs: net:net118421
	bbox = (995.2320, 2869.7960) - (995.2600, 2869.9560) on Layer M8
violation type: Min Step
	srcs: net:mod/ld_weights/_055664_
	bbox = (1002.5280, 1152.9960) - (1002.5560, 1153.1560) on Layer M8
violation type: Min Step
	srcs: net:net66521
	bbox = (1002.7840, 1438.6760) - (1002.8120, 1438.8360) on Layer M8
violation type: Min Step
	srcs: net:net110323
	bbox = (1015.0720, 1143.2360) - (1015.1000, 1143.3960) on Layer M8
violation type: Min Step
	srcs: net:mod/ld_weights/_039620_
	bbox = (1023.2640, 1454.6760) - (1023.2920, 1454.8360) on Layer M8
violation type: Min Step
	srcs: net:net133105
	bbox = (1040.4800, 366.9960) - (1040.5080, 367.1560) on Layer M8
violation type: Min Step
	srcs: net:net106918
	bbox = (1036.9960, 2655.7160) - (1037.0520, 2655.8760) on Layer M8
violation type: Min Step
	srcs: net:net109631
	bbox = (1047.8400, 1363.0760) - (1047.8680, 1363.2360) on Layer M8
violation type: Min Step
	srcs: net:spad/reader/beatPacker/_14472_
	bbox = (1048.1600, 2921.8760) - (1048.1880, 2922.0360) on Layer M8
violation type: Min Step
	srcs: net:net39704
	bbox = (1061.4080, 2648.9160) - (1061.4360, 2649.0760) on Layer M8
violation type: Min Step
	srcs: net:net106525
	bbox = (1070.2400, 2291.5560) - (1070.2680, 2291.7160) on Layer M8
violation type: Min Step
	srcs: net:spad/_acc_mems_0_io_adder_op1_8_0\[11\]
	bbox = (1070.0400, 2665.3960) - (1070.0400, 2665.4760) on Layer M8
violation type: Min Step
	srcs: net:spad/acc_scale_unit/activated_data_e_scaled_muladder/_0015_
	bbox = (1075.9360, 2127.3160) - (1075.9640, 2127.4760) on Layer M8
violation type: Min Step
	srcs: net:net39747
	bbox = (1100.5120, 2746.9960) - (1100.5400, 2747.1560) on Layer M8
violation type: Min Step
	srcs: net:net62851
	bbox = (1112.9920, 606.5160) - (1113.0200, 606.6760) on Layer M8
violation type: Min Step
	srcs: net:net117861
	bbox = (1114.4000, 1680.5960) - (1114.4280, 1680.7560) on Layer M8
violation type: Min Step
	srcs: net:net68825
	bbox = (1121.4400, 677.7160) - (1121.4680, 677.8760) on Layer M8
violation type: Min Step
	srcs: net:net15445
	bbox = (1131.3600, 598.0360) - (1131.3880, 598.1960) on Layer M8
violation type: Min Step
	srcs: net:net59869
	bbox = (1138.2080, 1399.6360) - (1138.2360, 1399.7960) on Layer M8
violation type: Min Step
	srcs: net:clknet_10_51_0_clock
	bbox = (1135.8400, 1674.1960) - (1135.8680, 1674.3560) on Layer M8
violation type: Min Step
	srcs: net:net63197
	bbox = (1138.0800, 1681.0760) - (1138.1080, 1681.2360) on Layer M8
violation type: Min Step
	srcs: net:spad/reader/beatPacker/_17052_
	bbox = (1136.9920, 2896.6760) - (1137.0200, 2896.8360) on Layer M8
violation type: Min Step
	srcs: net:net125245
	bbox = (1143.4560, 472.5960) - (1143.4840, 472.7560) on Layer M8
violation type: Min Step
	srcs: net:net62955
	bbox = (1144.6080, 675.7160) - (1144.6360, 675.8760) on Layer M8
violation type: Min Step
	srcs: net:net83797
	bbox = (1143.9680, 735.1560) - (1143.9960, 735.3160) on Layer M8
violation type: Min Step
	srcs: net:net127370
	bbox = (1144.8000, 1613.6360) - (1144.8280, 1613.7960) on Layer M8
violation type: Min Step
	srcs: net:spad/acc_scale_unit/activated_data_e_scaled_muladder_1/_mulAddRecFNToRaw_postMul_io_rawOut_sig\[8\]
	bbox = (1151.3920, 1886.7560) - (1151.4200, 1886.9160) on Layer M8
violation type: Min Step
	srcs: net:ex_controller/_mesh_io_tags_in_progress_4_addr_data\[7\]
	bbox = (1167.5200, 1643.9560) - (1167.5480, 1644.1160) on Layer M8
violation type: Min Step
	srcs: net:ex_controller/_mesh_io_tags_in_progress_1_addr_data\[2\]
	bbox = (1168.9920, 1680.5960) - (1169.0200, 1680.7560) on Layer M8
violation type: Min Step
	srcs: net:ex_controller/_mesh_io_tags_in_progress_0_addr_data\[13\]
	bbox = (1166.9440, 1686.7560) - (1166.9720, 1686.9160) on Layer M8
violation type: Min Step
	srcs: net:ex_controller/_mesh_io_tags_in_progress_0_addr_data\[8\]
	bbox = (1165.2800, 1688.8360) - (1165.3080, 1688.9960) on Layer M8
violation type: Min Step
	srcs: net:mod/ld_bias/_15246_
	bbox = (1174.1120, 343.7960) - (1174.1400, 343.9560) on Layer M8
violation type: Min Step
	srcs: net:net14791
	bbox = (1181.6640, 1636.5960) - (1181.6920, 1636.7560) on Layer M8
violation type: Min Step
	srcs: net:spad/_11084_
	bbox = (1182.4320, 1680.0360) - (1182.4600, 1680.1960) on Layer M8
violation type: Min Step
	srcs: net:net93456
	bbox = (1190.5160, 2603.3160) - (1190.5160, 2603.3960) on Layer M8
violation type: Min Step
	srcs: net:net29540
	bbox = (1195.6160, 1622.1160) - (1195.6440, 1622.2760) on Layer M8
violation type: Min Step
	srcs: net:ex_controller/_00034_
	bbox = (1204.3840, 1506.2760) - (1204.4120, 1506.4360) on Layer M8
violation type: Min Step
	srcs: net:net66514
	bbox = (1205.0880, 1705.6360) - (1205.1160, 1705.7960) on Layer M8
violation type: Min Step
	srcs: net:net98522
	bbox = (1210.7200, 1694.2760) - (1210.7480, 1694.4360) on Layer M8
violation type: Min Step
	srcs: net:net98437
	bbox = (1212.5120, 1696.5160) - (1212.5400, 1696.6760) on Layer M8
violation type: Min Step
	srcs: net:net65744
	bbox = (1210.7200, 1703.5560) - (1210.7480, 1703.7160) on Layer M8
violation type: Min Step
	srcs: net:spad/acc_scale_unit/activated_data_e_scaled_muladder_1/mulAddRecFNToRaw_preMul/_0760_
	bbox = (1214.1760, 1990.9960) - (1214.2040, 1991.1560) on Layer M8
violation type: Min Step
	srcs: net:net37892
	bbox = (1228.2560, 1506.2760) - (1228.2840, 1506.4360) on Layer M8
violation type: Min Step
	srcs: net:net125027
	bbox = (1235.2320, 352.5160) - (1235.2600, 352.6760) on Layer M8
violation type: Min Step
	srcs: net:net133334
	bbox = (1244.7680, 329.8760) - (1244.7960, 330.0360) on Layer M8
violation type: Min Step
	srcs: net:net61878
	bbox = (1240.9920, 1696.9160) - (1241.0200, 1697.0760) on Layer M8
violation type: Min Step
	srcs: net:net92823
	bbox = (1252.0640, 2444.7560) - (1252.0920, 2444.9160) on Layer M8
violation type: Min Step
	srcs: net:net33120
	bbox = (1258.9120, 363.7960) - (1258.9400, 363.9560) on Layer M8
violation type: Min Step
	srcs: net:mod/ex_io_req_bits_inner_bounds_batches\[14\]
	bbox = (1281.2480, 575.5560) - (1281.2760, 575.7160) on Layer M8
violation type: Min Step
	srcs: net:net16830
	bbox = (1281.1840, 1652.6760) - (1281.2120, 1652.8360) on Layer M8
violation type: Min Step
	srcs: net:net108384
	bbox = (1280.3520, 2415.1560) - (1280.3800, 2415.3160) on Layer M8
violation type: Min Step
	srcs: net:net93999
	bbox = (1280.7720, 2684.9960) - (1280.7720, 2685.0760) on Layer M8
violation type: Min Step
	srcs: net:ex_controller/_07943_
	bbox = (1287.9040, 1531.0760) - (1287.9320, 1531.2360) on Layer M8
violation type: Min Step
	srcs: net:net67889
	bbox = (1287.7760, 2618.7560) - (1287.8040, 2618.9160) on Layer M8
violation type: Min Step
	srcs: net:spad/_acc_mems_0_io_adder_op1_6_0\[3\]
	bbox = (1290.0840, 2670.0360) - (1290.1120, 2670.1960) on Layer M8
violation type: Min Step
	srcs: net:spad/_acc_adders_io_out_5_0\[25\]
	bbox = (1295.9040, 2510.9160) - (1295.9320, 2511.0760) on Layer M8
violation type: Min Step
	srcs: net:spad/_02182_
	bbox = (1297.0560, 2542.4360) - (1297.0840, 2542.5960) on Layer M8
violation type: Min Step
	srcs: net:net93450
	bbox = (1301.4760, 2467.5560) - (1301.4760, 2467.6360) on Layer M8
violation type: Min Step
	srcs: net:net93450
	bbox = (1304.0320, 2467.5560) - (1304.0600, 2467.7160) on Layer M8
violation type: Min Step
	srcs: net:net93450
	bbox = (1301.6360, 2467.7160) - (1301.6360, 2467.7960) on Layer M8
violation type: Min Step
	srcs: net:net134936
	bbox = (1317.3440, 2551.6360) - (1317.3720, 2551.7960) on Layer M8
violation type: Min Step
	srcs: net:net93840
	bbox = (1326.0480, 2429.2360) - (1326.0760, 2429.3960) on Layer M8
violation type: Min Step
	srcs: net:net28215
	bbox = (1325.2160, 2445.1560) - (1325.2440, 2445.3160) on Layer M8
violation type: Min Step
	srcs: net:net55758
	bbox = (1325.3440, 2520.6760) - (1325.3720, 2520.8360) on Layer M8
violation type: Min Step
	srcs: net:spad/_acc_mems_0_io_adder_op1_10_0\[23\]
	bbox = (1326.3680, 2650.6760) - (1326.3960, 2650.8360) on Layer M8
violation type: Min Step
	srcs: net:net93499
	bbox = (1332.7040, 2468.4360) - (1332.7320, 2468.5960) on Layer M8
violation type: Min Step
	srcs: net:net135574
	bbox = (1349.3440, 2511.1560) - (1349.3720, 2511.3160) on Layer M8
violation type: Min Step
	srcs: net:net94060
	bbox = (1348.9600, 2695.0760) - (1348.9880, 2695.2360) on Layer M8
violation type: Min Step
	srcs: net:net134875
	bbox = (1357.1520, 2696.1160) - (1357.1800, 2696.2760) on Layer M8
violation type: Min Step
	srcs: net:net135660
	bbox = (1365.3440, 2413.2360) - (1365.3720, 2413.3960) on Layer M8
violation type: Min Step
	srcs: net:net51940
	bbox = (1364.9960, 2627.9560) - (1364.9960, 2628.0360) on Layer M8
violation type: Min Step
	srcs: net:net51940
	bbox = (1365.1560, 2628.1160) - (1365.1560, 2628.1960) on Layer M8
violation type: Min Step
	srcs: net:net119479
	bbox = (1363.6800, 2626.8360) - (1363.7080, 2626.9960) on Layer M8
violation type: Min Step
	srcs: net:net8569
	bbox = (1365.5800, 2639.3160) - (1365.5800, 2639.3960) on Layer M8
violation type: Min Step
	srcs: net:net94100
	bbox = (1364.1960, 2639.7960) - (1364.1960, 2639.8760) on Layer M8
violation type: Min Step
	srcs: net:net94100
	bbox = (1364.3560, 2639.9560) - (1364.3560, 2640.0360) on Layer M8
violation type: Min Step
	srcs: net:net135103
	bbox = (1361.8240, 2688.5160) - (1361.8520, 2688.6760) on Layer M8
violation type: Min Step
	srcs: net:net66448
	bbox = (1370.6560, 1440.9160) - (1370.6840, 1441.0760) on Layer M8
violation type: Min Step
	srcs: net:net94193
	bbox = (1369.8240, 2563.9560) - (1369.8520, 2564.1160) on Layer M8
violation type: Min Step
	srcs: net:net28773
	bbox = (1377.4400, 1523.4760) - (1377.4680, 1523.6360) on Layer M8
violation type: Min Step
	srcs: net:spad/_02262_
	bbox = (1379.4920, 2526.4360) - (1379.5200, 2526.5960) on Layer M8
violation type: Min Step
	srcs: net:net51810
	bbox = (1380.0640, 2594.2760) - (1380.0920, 2594.4360) on Layer M8
violation type: Min Step
	srcs: net:net51810
	bbox = (1379.4880, 2624.5960) - (1379.5160, 2624.7560) on Layer M8
violation type: Min Step
	srcs: net:mod/_29278_
	bbox = (1384.8640, 590.5960) - (1384.8920, 590.7560) on Layer M8
violation type: Min Step
	srcs: net:ex_controller/mesh/mesh/mesh_15_0/tile_0_0/_0795_
	bbox = (1385.4400, 1522.3560) - (1385.4680, 1522.5160) on Layer M8
violation type: Min Step
	srcs: net:ex_controller/mesh/mesh/mesh_15_0/tile_0_0/_0462_
	bbox = (1385.3120, 1524.1160) - (1385.3400, 1524.2760) on Layer M8
violation type: Min Step
	srcs: net:net93001
	bbox = (1384.8640, 2549.6360) - (1384.8920, 2549.7960) on Layer M8
violation type: Min Step
	srcs: net:net93001
	bbox = (1387.5520, 2551.3160) - (1387.5800, 2551.4760) on Layer M8
violation type: Min Step
	srcs: net:spad/acc_adders/_0323_
	bbox = (1387.1040, 2573.7960) - (1387.1320, 2573.9560) on Layer M8
violation type: Min Step
	srcs: net:net8510
	bbox = (1385.6320, 2649.3960) - (1385.6600, 2649.5560) on Layer M8
violation type: Min Step
	srcs: net:net92915
	bbox = (1384.5440, 2656.0360) - (1384.5720, 2656.1960) on Layer M8
violation type: Min Step
	srcs: net:net91335
	bbox = (1394.8480, 2400.1160) - (1394.8760, 2400.2760) on Layer M8
violation type: Min Step
	srcs: net:net93766
	bbox = (1394.0360, 2634.1960) - (1394.0360, 2634.2760) on Layer M8
violation type: Min Step
	srcs: net:net20926
	bbox = (1394.3360, 2678.6760) - (1394.3640, 2678.8360) on Layer M8
violation type: Min Step
	srcs: net:net94021
	bbox = (1395.1680, 2686.7560) - (1395.1960, 2686.9160) on Layer M8
violation type: Min Step
	srcs: net:mod/_25812_
	bbox = (1403.2960, 539.8760) - (1403.3240, 540.0360) on Layer M8
violation type: Min Step
	srcs: net:mod/_26245_
	bbox = (1403.3640, 579.4760) - (1403.3920, 579.6360) on Layer M8
violation type: Min Step
	srcs: net:mod/_28421_
	bbox = (1401.3120, 629.4760) - (1401.3400, 629.6360) on Layer M8
violation type: Min Step
	srcs: net:net55621
	bbox = (1409.3760, 2529.0760) - (1409.4040, 2529.2360) on Layer M8
violation type: Min Step
	srcs: net:net135233
	bbox = (1414.8360, 2664.0360) - (1414.8800, 2664.0360) on Layer M8
violation type: Min Step
	srcs: net:mod/_25574_
	bbox = (1422.9440, 637.9560) - (1422.9720, 638.1160) on Layer M8
violation type: Min Step
	srcs: net:spad/xbar/_0395_
	bbox = (1426.2080, 2248.4360) - (1426.2360, 2248.5960) on Layer M8
violation type: Min Step
	srcs: net:net134972
	bbox = (1423.7760, 2389.7960) - (1423.8040, 2389.9560) on Layer M8
violation type: Min Step
	srcs: net:net93194
	bbox = (1423.4560, 2529.9560) - (1423.4840, 2530.1160) on Layer M8
violation type: Min Step
	srcs: net:net119446
	bbox = (1426.2200, 2634.2760) - (1426.2200, 2634.3560) on Layer M9
violation type: Min Step
	srcs: net:net94187
	bbox = (1425.7600, 2722.4360) - (1425.7880, 2722.5960) on Layer M8
violation type: Min Step
	srcs: net:net108324
	bbox = (1432.4160, 2398.0360) - (1432.4440, 2398.1960) on Layer M8
violation type: Min Step
	srcs: net:net119377
	bbox = (1429.9840, 2603.7160) - (1430.0120, 2603.8760) on Layer M8
violation type: Min Step
	srcs: net:net38359
	bbox = (1432.6720, 2914.1160) - (1432.7000, 2914.2760) on Layer M8
violation type: Min Step
	srcs: net:mod/_25601_
	bbox = (1445.4720, 644.2760) - (1445.5000, 644.4360) on Layer M8
violation type: Min Step
	srcs: net:net71925
	bbox = (1454.5600, 660.8360) - (1454.5880, 660.9960) on Layer M8
violation type: Min Step
	srcs: net:net92362
	bbox = (1453.2200, 2665.9560) - (1453.2480, 2666.1160) on Layer M8
violation type: Min Step
	srcs: net:mod/_26944_
	bbox = (1469.8560, 614.5960) - (1469.8840, 614.7560) on Layer M8
violation type: Min Step
	srcs: net:net108251
	bbox = (1469.1520, 2603.5560) - (1469.1800, 2603.7160) on Layer M8
violation type: Min Step
	srcs: net:ex_controller/mesh/mesh/mesh_14_0/tile_0_0/_0246_
	bbox = (1478.4960, 1499.9560) - (1478.5240, 1500.1160) on Layer M8
violation type: Min Step
	srcs: net:net60729
	bbox = (1478.7520, 2378.4360) - (1478.7800, 2378.5960) on Layer M8
violation type: Min Step
	srcs: net:net84525
	bbox = (1482.7200, 644.9160) - (1482.7480, 645.0760) on Layer M8
violation type: Min Step
	srcs: net:net134519
	bbox = (1485.4080, 2415.1560) - (1485.4360, 2415.3160) on Layer M8
violation type: Min Step
	srcs: net:net52677
	bbox = (1483.6800, 2602.7560) - (1483.7080, 2602.9160) on Layer M8
violation type: Min Step
	srcs: net:net93658
	bbox = (1486.6880, 2625.9560) - (1486.7160, 2626.1160) on Layer M8
violation type: Min Step
	srcs: net:spad/_11214_
	bbox = (1486.6240, 2648.1960) - (1486.6520, 2648.3560) on Layer M8
violation type: Min Step
	srcs: net:spad/acc_adders/_0881_
	bbox = (1493.6000, 2611.3960) - (1493.6280, 2611.5560) on Layer M8
violation type: Min Step
	srcs: net:net108243
	bbox = (1490.7880, 2662.1160) - (1490.8160, 2662.2760) on Layer M8
violation type: Min Step
	srcs: net:mod/_25434_
	bbox = (1499.0400, 584.1960) - (1499.0680, 584.3560) on Layer M8
violation type: Min Step
	srcs: net:net91727
	bbox = (1500.0000, 2413.0760) - (1500.0280, 2413.2360) on Layer M8
violation type: Min Step
	srcs: net:net134464
	bbox = (1506.2720, 2391.4760) - (1506.3000, 2391.6360) on Layer M8
violation type: Min Step
	srcs: net:net134527
	bbox = (1508.2560, 2466.6760) - (1508.2840, 2466.8360) on Layer M8
violation type: Min Step
	srcs: net:net134766
	bbox = (1508.0640, 2498.9160) - (1508.0920, 2499.0760) on Layer M8
violation type: Min Step
	srcs: net:net134815
	bbox = (1514.0160, 2488.8360) - (1514.0440, 2488.9960) on Layer M8
violation type: Min Step
	srcs: net:spad/acc_mems_1/pipelined_writes_1_bits_mask_6
	bbox = (1514.4640, 2596.4360) - (1514.4920, 2596.5960) on Layer M8
violation type: Min Step
	srcs: net:net60729
	bbox = (1524.1280, 2375.6360) - (1524.1560, 2375.7960) on Layer M8
violation type: Min Step
	srcs: net:net94090
	bbox = (1521.1840, 2444.5960) - (1521.2120, 2444.7560) on Layer M8
violation type: Min Step
	srcs: net:net55833
	bbox = (1523.8760, 2551.3960) - (1523.9040, 2551.5560) on Layer M8
violation type: Min Step
	srcs: net:clknet_8_103_0_clock
	bbox = (1523.8720, 2550.5160) - (1523.9000, 2550.6760) on Layer M8
violation type: Min Step
	srcs: net:mod/ex/_040418_
	bbox = (1528.2240, 986.2760) - (1528.2520, 986.4360) on Layer M8
violation type: Min Step
	srcs: net:net27621
	bbox = (1529.6960, 1399.6360) - (1529.7240, 1399.7160) on Layer M8
violation type: Min Step
	srcs: net:spad/_acc_mems_1_io_adder_op1_0_0\[24\]
	bbox = (1531.0400, 2415.0760) - (1531.0680, 2415.2360) on Layer M8
violation type: Min Step
	srcs: net:net91360
	bbox = (1529.0560, 2572.1160) - (1529.0840, 2572.2760) on Layer M8
violation type: Min Step
	srcs: net:net108256
	bbox = (1531.9000, 2634.9160) - (1531.9000, 2634.9960) on Layer M8
violation type: Min Step
	srcs: net:net124153
	bbox = (1538.1440, 288.9160) - (1538.1720, 289.0760) on Layer M8
violation type: Min Step
	srcs: net:spad/_acc_mems_1_io_adder_op1_4_0\[8\]
	bbox = (1537.6320, 2428.1960) - (1537.6600, 2428.3560) on Layer M8
violation type: Min Step
	srcs: net:net69262
	bbox = (1545.5040, 507.7160) - (1545.5320, 507.8760) on Layer M8
violation type: Min Step
	srcs: net:net125631
	bbox = (1545.5040, 757.7160) - (1545.5320, 757.8760) on Layer M8
violation type: Min Step
	srcs: net:spad/_acc_mems_1_io_adder_op1_0_0\[1\]
	bbox = (1543.3920, 2376.2760) - (1543.4200, 2376.4360) on Layer M8
violation type: Min Step
	srcs: net:spad/_acc_mems_1_io_adder_op1_4_0\[25\]
	bbox = (1547.1720, 2482.4360) - (1547.2000, 2482.4600) on Layer M8
violation type: Min Step
	srcs: net:net8440
	bbox = (1543.3320, 2496.9960) - (1543.3600, 2497.1560) on Layer M8
violation type: Min Step
	srcs: net:net108256
	bbox = (1545.6960, 2635.3960) - (1545.7240, 2635.5560) on Layer M8
violation type: Min Step
	srcs: net:net52814
	bbox = (1546.9760, 2642.2760) - (1547.0040, 2642.4360) on Layer M8
violation type: Min Step
	srcs: net:net135341
	bbox = (1543.3280, 2692.6760) - (1543.3560, 2692.8360) on Layer M8
violation type: Min Step
	srcs: net:net134483
	bbox = (1552.4160, 2423.6360) - (1552.4440, 2423.7960) on Layer M8
violation type: Min Step
	srcs: net:spad/_acc_mems_1_io_adder_op1_5_0\[20\]
	bbox = (1553.6960, 2450.8360) - (1553.7240, 2450.9960) on Layer M8
violation type: Min Step
	srcs: net:net91735
	bbox = (1553.5080, 2520.8360) - (1553.5360, 2520.9960) on Layer M8
violation type: Min Step
	srcs: net:net91858
	bbox = (1550.9440, 2578.9160) - (1550.9720, 2579.0760) on Layer M8
violation type: Min Step
	srcs: net:net92023
	bbox = (1562.0800, 2521.1560) - (1562.1080, 2521.3160) on Layer M8
violation type: Min Step
	srcs: net:net52183
	bbox = (1560.7360, 2595.9560) - (1560.7640, 2596.1160) on Layer M8
violation type: Min Step
	srcs: net:net93738
	bbox = (1559.9040, 2597.8760) - (1559.9320, 2598.0360) on Layer M8
violation type: Min Step
	srcs: net:net91566
	bbox = (1575.4560, 2397.3160) - (1575.4840, 2397.4760) on Layer M8
violation type: Min Step
	srcs: net:net91553
	bbox = (1576.3520, 2504.0360) - (1576.3800, 2504.1960) on Layer M8
violation type: Min Step
	srcs: net:spad/_acc_mems_1_io_adder_op1_8_0\[25\]
	bbox = (1573.6000, 2505.1560) - (1573.6280, 2505.3160) on Layer M8
violation type: Min Step
	srcs: net:spad/_acc_mems_1_io_adder_op1_9_0\[25\]
	bbox = (1576.6080, 2511.2360) - (1576.6360, 2511.3960) on Layer M8
violation type: Min Step
	srcs: net:spad/acc_adders/_0390_
	bbox = (1576.3520, 2534.0360) - (1576.3800, 2534.1960) on Layer M8
violation type: Min Step
	srcs: net:ex_controller/mesh/mesh/mesh_14_2/tile_0_0/_0384_
	bbox = (1581.1520, 1626.3560) - (1581.1800, 1626.5160) on Layer M8
violation type: Min Step
	srcs: net:net137528
	bbox = (1584.7360, 2399.2360) - (1584.7640, 2399.3960) on Layer M8
violation type: Min Step
	srcs: net:spad/_acc_mems_1_io_adder_op1_7_0\[9\]
	bbox = (1583.8400, 2482.9160) - (1583.8680, 2483.0760) on Layer M8
violation type: Min Step
	srcs: net:spad/_acc_mems_1_io_adder_op1_7_0\[9\]
	bbox = (1584.6080, 2488.5160) - (1584.6360, 2488.6760) on Layer M8
violation type: Min Step
	srcs: net:spad/_acc_mems_1_io_adder_op1_7_0\[9\]
	bbox = (1583.2360, 2488.6760) - (1583.3160, 2488.6760) on Layer M9
violation type: Min Step
	srcs: net:spad/_acc_mems_1_io_adder_op1_6_0\[21\]
	bbox = (1581.4080, 2499.2360) - (1581.4360, 2499.3960) on Layer M8
violation type: Min Step
	srcs: net:net8372
	bbox = (1583.5200, 2556.1160) - (1583.5480, 2556.2760) on Layer M8
violation type: Min Step
	srcs: net:net8372
	bbox = (1583.0720, 2559.3960) - (1583.1000, 2559.5560) on Layer M8
violation type: Min Step
	srcs: net:net91569
	bbox = (1582.2400, 2563.6360) - (1582.2680, 2563.7960) on Layer M8
violation type: Min Step
	srcs: net:net91741
	bbox = (1583.3280, 2632.8360) - (1583.3560, 2632.9960) on Layer M8
violation type: Min Step
	srcs: net:net8478
	bbox = (1582.9440, 2633.7960) - (1582.9720, 2633.9560) on Layer M8
violation type: Min Step
	srcs: net:spad/acc_mems_1/_1823_
	bbox = (1584.3520, 2642.5160) - (1584.3800, 2642.6760) on Layer M8
violation type: Min Step
	srcs: net:spad/_acc_mems_1_io_adder_op1_9_0\[23\]
	bbox = (1584.9280, 2655.1560) - (1584.9560, 2655.3160) on Layer M8
violation type: Min Step
	srcs: net:net94146
	bbox = (1583.5200, 2692.4360) - (1583.5200, 2692.5160) on Layer M8
violation type: Min Step
	srcs: net:net29482
	bbox = (1588.7040, 681.8760) - (1588.7320, 682.0360) on Layer M8
violation type: Min Step
	srcs: net:spad/_acc_mems_1_io_adder_op1_15_0\[20\]
	bbox = (1590.6240, 2468.2760) - (1590.6520, 2468.4360) on Layer M8
violation type: Min Step
	srcs: net:net135525
	bbox = (1590.3040, 2506.9160) - (1590.3320, 2507.0760) on Layer M8
violation type: Min Step
	srcs: net:mod/ld_input/_26689_
	bbox = (1598.5600, 251.1560) - (1598.5880, 251.3160) on Layer M8
violation type: Min Step
	srcs: net:spad/_acc_mems_1_io_adder_op1_2_0\[4\]
	bbox = (1598.1760, 2420.5160) - (1598.2040, 2420.6760) on Layer M8
violation type: Min Step
	srcs: net:spad/_acc_mems_1_io_adder_op1_3_0\[13\]
	bbox = (1597.4080, 2427.6360) - (1597.4360, 2427.7960) on Layer M8
violation type: Min Step
	srcs: net:net14137
	bbox = (1596.9600, 2701.3960) - (1596.9880, 2701.5560) on Layer M8
violation type: Min Step
	srcs: net:spad/_acc_mems_1_io_adder_op1_1_0\[16\]
	bbox = (1605.2160, 2431.3960) - (1605.2440, 2431.5560) on Layer M8
violation type: Min Step
	srcs: net:spad/_acc_mems_1_io_adder_op1_1_0\[24\]
	bbox = (1605.4720, 2450.2760) - (1605.5000, 2450.4360) on Layer M8
violation type: Min Step
	srcs: net:mod/ld_input/_32880_
	bbox = (1619.7440, 478.1160) - (1619.7720, 478.2760) on Layer M8
violation type: Min Step
	srcs: net:net93431
	bbox = (1621.4080, 2670.3560) - (1621.4360, 2670.5160) on Layer M8
violation type: Min Step
	srcs: net:net124699
	bbox = (1635.4880, 396.9160) - (1635.5160, 397.0760) on Layer M8
violation type: Min Step
	srcs: net:net134134
	bbox = (1636.7680, 501.3960) - (1636.7960, 501.5560) on Layer M8
violation type: Min Step
	srcs: net:ex_controller/mesh/mesh/mesh_13_0/tile_0_0/_0273_
	bbox = (1636.5760, 1439.1560) - (1636.6040, 1439.3160) on Layer M8
violation type: Min Step
	srcs: net:net135049
	bbox = (1637.8560, 2435.1560) - (1637.8840, 2435.3160) on Layer M8
violation type: Min Step
	srcs: net:net107151
	bbox = (1634.0800, 2673.3160) - (1634.1080, 2673.4760) on Layer M8
violation type: Min Step
	srcs: net:net77100
	bbox = (1643.1680, 2020.1160) - (1643.1960, 2020.2760) on Layer M8
violation type: Min Step
	srcs: net:net67192
	bbox = (1650.7840, 1432.8360) - (1650.8120, 1432.9960) on Layer M8
violation type: Min Step
	srcs: net:ex_controller/mesh/mesh/mesh_13_0/tile_0_0/_0463_
	bbox = (1656.7360, 1440.4360) - (1656.7640, 1440.5960) on Layer M8
violation type: Min Step
	srcs: net:spad/acc_mems_0/_0368_
	bbox = (1660.5760, 2673.3160) - (1660.6040, 2673.4760) on Layer M8
violation type: Min Step
	srcs: net:mod/ld_input/_32686_
	bbox = (1673.0560, 485.5560) - (1673.0840, 485.7160) on Layer M8
violation type: Min Step
	srcs: net:ex_controller/mesh/mesh/mesh_14_3/tile_0_0/_0278_
	bbox = (1673.5680, 1750.2760) - (1673.5960, 1750.4360) on Layer M8
violation type: Min Step
	srcs: net:ex_controller/mesh/mesh/mesh_13_1_io_in_control_0_shift_pipe_b\[3\]
	bbox = (1681.0560, 1506.9960) - (1681.0840, 1507.1560) on Layer M8
violation type: Min Step
	srcs: net:net65912
	bbox = (1688.2240, 1696.7560) - (1688.2520, 1696.9160) on Layer M8
violation type: Min Step
	srcs: net:net94141
	bbox = (1696.0320, 2664.1960) - (1696.0600, 2664.3560) on Layer M8
violation type: Min Step
	srcs: net:net106195
	bbox = (1697.2480, 2884.4360) - (1697.2760, 2884.5960) on Layer M8
violation type: Min Step
	srcs: net:net110690
	bbox = (1705.8880, 479.3960) - (1705.9160, 479.5560) on Layer M8
violation type: Min Step
	srcs: net:ex_controller/mesh/mesh/pipe_b_301_0\[17\]
	bbox = (1703.7760, 1569.1560) - (1703.8040, 1569.3160) on Layer M8
violation type: Min Step
	srcs: net:spad/_acc_mems_1_io_adder_op1_9_0\[7\]
	bbox = (1704.9920, 2657.6360) - (1705.0200, 2657.7960) on Layer M8
violation type: Min Step
	srcs: net:net82447
	bbox = (1711.9040, 222.0360) - (1711.9320, 222.1960) on Layer M8
violation type: Min Step
	srcs: net:net65864
	bbox = (1711.2640, 1490.8360) - (1711.2920, 1490.9960) on Layer M8
violation type: Min Step
	srcs: net:ex_controller/mesh/mesh/mesh_12_0/tile_0_0/_0699_
	bbox = (1719.1360, 1401.7960) - (1719.1640, 1401.9560) on Layer M8
violation type: Min Step
	srcs: net:ex_controller/mesh/mesh/pipe_b_285_0\[2\]
	bbox = (1717.2800, 1520.4360) - (1717.3080, 1520.5960) on Layer M8
violation type: Min Step
	srcs: net:mod/ld_input/_28844_
	bbox = (1740.5120, 244.1160) - (1740.5400, 244.2760) on Layer M8
violation type: Min Step
	srcs: net:net126908
	bbox = (1741.5360, 972.2760) - (1741.5640, 972.4360) on Layer M8
violation type: Min Step
	srcs: net:net41007
	bbox = (1748.5760, 3011.4760) - (1748.6040, 3011.6360) on Layer M8
violation type: Min Step
	srcs: net:spad/writer/_04631_
	bbox = (1755.1040, 2883.0760) - (1755.1320, 2883.2360) on Layer M8
violation type: Min Step
	srcs: net:ex_controller/mesh/mesh/mesh_11_0/tile_0_0/_0210_
	bbox = (1762.9760, 1332.7560) - (1763.0040, 1332.9160) on Layer M8
violation type: Min Step
	srcs: net:net44775
	bbox = (1765.7920, 2965.3160) - (1765.8200, 2965.4760) on Layer M8
violation type: Min Step
	srcs: net:net111042
	bbox = (1770.7840, 930.8360) - (1770.8120, 930.9960) on Layer M8
violation type: Min Step
	srcs: net:net33825
	bbox = (1771.8080, 1711.2360) - (1771.8360, 1711.3960) on Layer M8
violation type: Min Step
	srcs: net:net96717
	bbox = (1772.5120, 1717.2360) - (1772.5400, 1717.3960) on Layer M8
violation type: Min Step
	srcs: net:net44764
	bbox = (1772.8960, 2942.1160) - (1772.9240, 2942.2760) on Layer M8
violation type: Min Step
	srcs: net:ex_controller/mesh/mesh/mesh_10_0/tile_0_0/_0325_
	bbox = (1780.1920, 1280.2760) - (1780.2200, 1280.4360) on Layer M8
violation type: Min Step
	srcs: net:net26527
	bbox = (1777.6320, 1462.1960) - (1777.6600, 1462.3560) on Layer M8
violation type: Min Step
	srcs: net:net52100
	bbox = (1778.7200, 2529.1560) - (1778.7480, 2529.3160) on Layer M8
violation type: Min Step
	srcs: net:net37074
	bbox = (1779.3600, 2805.7160) - (1779.3880, 2805.8760) on Layer M8
violation type: Min Step
	srcs: net:net37074
	bbox = (1779.3600, 2823.0760) - (1779.3880, 2823.2360) on Layer M8
violation type: Min Step
	srcs: net:net12556
	bbox = (1780.4480, 2822.2760) - (1780.4760, 2822.4360) on Layer M8
violation type: Min Step
	srcs: net:spad/writer/_10493_
	bbox = (1779.1680, 2944.5960) - (1779.1960, 2944.7560) on Layer M8
violation type: Min Step
	srcs: net:net132100
	bbox = (1786.9120, 938.6760) - (1786.9400, 938.8360) on Layer M8
violation type: Min Step
	srcs: net:ex_controller/mesh/mesh/mesh_12_1/tile_0_0/_0689_
	bbox = (1788.0640, 1454.5160) - (1788.0920, 1454.6760) on Layer M8
violation type: Min Step
	srcs: net:ex_controller/mesh/mesh/mesh_12_1/tile_0_0/_0343_
	bbox = (1794.9760, 1485.3160) - (1795.0040, 1485.4760) on Layer M8
violation type: Min Step
	srcs: net:net103854
	bbox = (1854.6880, 933.7160) - (1854.7160, 933.8760) on Layer M8
violation type: Min Step
	srcs: net:ex_controller/mesh/mesh/r_193_0\[1\]
	bbox = (1853.2800, 1440.9160) - (1853.3080, 1441.0760) on Layer M8
violation type: Min Step
	srcs: net:ex_controller/mesh/mesh/mesh_11_1/tile_0_0/_0340_
	bbox = (1854.0480, 1438.9960) - (1854.0760, 1439.1560) on Layer M8
violation type: Min Step
	srcs: net:ex_controller/mesh/mesh/mesh_11_1/tile_0_0/_0653_
	bbox = (1870.2400, 1444.9160) - (1870.2680, 1445.0760) on Layer M8
violation type: Min Step
	srcs: net:ex_controller/mesh/mesh/mesh_11_1/tile_0_0/_0056_
	bbox = (1883.6160, 1462.9160) - (1883.6440, 1463.0760) on Layer M8
violation type: Min Step
	srcs: net:ex_controller/mesh/mesh/mesh_12_3/tile_0_0/_0294_
	bbox = (1884.0000, 1688.5160) - (1884.0280, 1688.6760) on Layer M8
violation type: Min Step
	srcs: net:spad/_xbar_auto_anon_out_a_bits_data\[97\]
	bbox = (1898.6560, 2172.8360) - (1898.6840, 2172.9960) on Layer M8
violation type: Min Step
	srcs: net:net67081
	bbox = (1898.6560, 2178.6760) - (1898.6840, 2178.8360) on Layer M8
violation type: Min Step
	srcs: net:ex_controller/mesh/mesh/mesh_15_6/tile_0_0/_0686_
	bbox = (1906.1440, 2157.7960) - (1906.1720, 2157.9560) on Layer M8
violation type: Min Step
	srcs: net:ex_controller/mesh/mesh/mesh_12_3_io_in_control_0_shift_pipe_b\[4\]
	bbox = (1914.0160, 1697.5560) - (1914.0440, 1697.7160) on Layer M8
violation type: Min Step
	srcs: net:net27655
	bbox = (1940.2560, 1391.8760) - (1940.2840, 1392.0360) on Layer M8
violation type: Min Step
	srcs: net:net128076
	bbox = (1938.3360, 1552.9960) - (1938.3640, 1553.1560) on Layer M8
violation type: Min Step
	srcs: net:net26623
	bbox = (1960.1600, 1694.2760) - (1960.1880, 1694.4360) on Layer M8
violation type: Min Step
	srcs: net:ex_controller/mesh/mesh/mesh_10_2/tile_0_0/_0260_
	bbox = (2014.1800, 1506.8360) - (2014.2080, 1506.9960) on Layer M8
violation type: Min Step
	srcs: net:ex_controller/mesh/mesh/mesh_13_6/tile_0_0/_0544_
	bbox = (2014.8160, 2059.3960) - (2014.8440, 2059.5560) on Layer M8
violation type: Min Step
	srcs: net:ex_controller/mesh/mesh/mesh_12_5/tile_0_0/_0235_
	bbox = (2036.5760, 1909.3160) - (2036.6040, 1909.4760) on Layer M8
violation type: Min Step
	srcs: net:ex_controller/mesh/mesh/mesh_14_7/tile_0_0/_0423_
	bbox = (2037.2160, 2227.3960) - (2037.2440, 2227.5560) on Layer M8
violation type: Min Step
	srcs: net:ex_controller/_01544_
	bbox = (2044.1920, 538.7560) - (2044.2200, 538.9160) on Layer M8
violation type: Min Step
	srcs: net:net99507
	bbox = (2043.1040, 843.7160) - (2043.1320, 843.8760) on Layer M8
violation type: Min Step
	srcs: net:net99917
	bbox = (2096.4160, 433.9560) - (2096.4440, 434.1160) on Layer M8
violation type: Min Step
	srcs: net:net61454
	bbox = (2112.2880, 1491.8760) - (2112.3160, 1492.0360) on Layer M8
violation type: Min Step
	srcs: net:ex_controller/mesh/mesh/mesh_6_2/tile_0_0/_0294_
	bbox = (2128.6080, 1180.9960) - (2128.6360, 1181.1560) on Layer M8
violation type: Min Step
	srcs: net:ex_controller/mesh/mesh/mesh_9_3/tile_0_0/_0059_
	bbox = (2127.7760, 1574.0360) - (2127.8040, 1574.1960) on Layer M8
violation type: Min Step
	srcs: net:spad/acc_scale_unit/activated_data_e_scaled_muladder_11/mulAddRecFNToRaw_preMul/_0670_
	bbox = (2126.1760, 2875.4760) - (2126.2040, 2875.6360) on Layer M8
violation type: Min Step
	srcs: net:spad/acc_scale_unit/activated_data_e_scaled_muladder_11/mulAddRecFNToRaw_preMul/_0670_
	bbox = (2126.1760, 2883.5560) - (2126.2040, 2883.7160) on Layer M8
violation type: Min Step
	srcs: net:ex_controller/mesh/_01111_
	bbox = (2141.7920, 530.0360) - (2141.8200, 530.1960) on Layer M8
violation type: Min Step
	srcs: net:net80418
	bbox = (2151.5200, 652.2760) - (2151.5480, 652.4360) on Layer M8
violation type: Min Step
	srcs: net:net36270
	bbox = (2155.6800, 2672.7560) - (2155.7080, 2672.9160) on Layer M8
violation type: Min Step
	srcs: net:ex_controller/mesh/mesh/mesh_8_3/tile_0_0/_0355_
	bbox = (2164.9600, 1529.7960) - (2164.9880, 1529.9560) on Layer M8
violation type: Min Step
	srcs: net:ex_controller/mesh/mesh/mesh_9_4/tile_0_0/_0391_
	bbox = (2166.4960, 1717.0760) - (2166.5240, 1717.2360) on Layer M8
violation type: Min Step
	srcs: net:net69408
	bbox = (2170.7840, 743.4760) - (2170.8120, 743.6360) on Layer M8
violation type: Min Step
	srcs: net:net16240
	bbox = (2173.0240, 1680.0360) - (2173.0520, 1680.1960) on Layer M8
violation type: Min Step
	srcs: net:net9312
	bbox = (2179.1680, 2904.2760) - (2179.1960, 2904.4360) on Layer M8
violation type: Min Step
	srcs: net:ex_controller/mesh/mesh/mesh_7_3/tile_0_0/_0634_
	bbox = (2187.6160, 1448.8360) - (2187.6440, 1448.9960) on Layer M8
violation type: Min Step
	srcs: net:ex_controller/mesh/mesh/mesh_7_3/tile_0_0/_0634_
	bbox = (2187.6160, 1453.7960) - (2187.6440, 1453.9560) on Layer M8
violation type: Min Step
	srcs: net:net56684
	bbox = (2211.4880, 737.3160) - (2211.5160, 737.4760) on Layer M8
violation type: Min Step
	srcs: net:net35268
	bbox = (2219.9360, 586.1960) - (2219.9640, 586.3560) on Layer M8
violation type: Min Step
	srcs: net:net36267
	bbox = (2227.4880, 2672.1160) - (2227.5160, 2672.2760) on Layer M8
violation type: Min Step
	srcs: net:ex_controller/mesh/mesh/mesh_4_3/tile_0_0/_0228_
	bbox = (2242.5280, 1211.4760) - (2242.5560, 1211.6360) on Layer M8
violation type: Min Step
	srcs: net:spad/acc_scale_unit/activated_data_e_scaled_muladder_10/mulAddRecFNToRaw_postMul/_1159_
	bbox = (2239.7120, 2658.2760) - (2239.7400, 2658.4360) on Layer M8
violation type: Min Step
	srcs: net:ex_controller/mesh/mesh/mesh_4_1/tile_0_0/_0068_
	bbox = (2255.3920, 834.9160) - (2255.4200, 835.0760) on Layer M8
violation type: Min Step
	srcs: net:ex_controller/mesh/mesh/mesh_3_2/tile_0_0/_0255_
	bbox = (2264.2880, 971.7960) - (2264.3160, 971.9560) on Layer M8
violation type: Min Step
	srcs: net:ex_controller/mesh/mesh/mesh_6_4/tile_0_0/_0067_
	bbox = (2269.0880, 1531.7960) - (2269.1160, 1531.9560) on Layer M8
violation type: Min Step
	srcs: net:ex_controller/mesh/mesh/mesh_9_5/tile_0_0/_0253_
	bbox = (2278.2400, 1816.9160) - (2278.2680, 1817.0760) on Layer M8
violation type: Min Step
	srcs: net:ex_controller/mesh/mesh/mesh_7_4/tile_0_0/_0634_
	bbox = (2284.6400, 1598.9960) - (2284.6680, 1599.1560) on Layer M8
violation type: Min Step
	srcs: net:ex_controller/mesh/mesh/mesh_3_3/tile_0_0/_0246_
	bbox = (2300.5120, 1113.0760) - (2300.5400, 1113.2360) on Layer M8
violation type: Min Step
	srcs: net:ex_controller/mesh/mesh/mesh_5_4/tile_0_0/_0231_
	bbox = (2301.7920, 1452.5960) - (2301.8200, 1452.7560) on Layer M8
violation type: Min Step
	srcs: net:ex_controller/mesh/mesh/_13391_
	bbox = (2300.2560, 1923.6360) - (2300.2840, 1923.7960) on Layer M8
violation type: Min Step
	srcs: net:ex_controller/mesh/RegShifted_r_213_0\[3\]
	bbox = (2345.7640, 783.2360) - (2345.7920, 783.3960) on Layer M8
violation type: Min Step
	srcs: net:ex_controller/mesh/mesh/mesh_14_9/tile_0_0/_0803_
	bbox = (2355.4240, 2368.3560) - (2355.4520, 2368.5160) on Layer M8
violation type: Min Step
	srcs: net:net114991
	bbox = (2382.4320, 1106.4360) - (2382.4600, 1106.5960) on Layer M8
violation type: Min Step
	srcs: net:ex_controller/mesh/mesh/mesh_7_5/tile_0_0/_0272_
	bbox = (2398.2400, 1636.7560) - (2398.2680, 1636.9160) on Layer M8
violation type: Min Step
	srcs: net:net16053
	bbox = (2409.0560, 1698.1960) - (2409.0840, 1698.3560) on Layer M8
violation type: Min Step
	srcs: net:spad/acc_scale_unit/activated_data_e_scaled_muladder_12/mulAddRecFNToRaw_postMul/_0901_
	bbox = (2414.2400, 2798.9160) - (2414.2680, 2799.0760) on Layer M8
violation type: Min Step
	srcs: net:net74084
	bbox = (2420.5760, 782.7560) - (2420.6040, 782.9160) on Layer M8
violation type: Min Step
	srcs: net:ex_controller/mesh/mesh/mesh_1_3/tile_0_0/_0424_
	bbox = (2430.1760, 1015.2360) - (2430.2040, 1015.3960) on Layer M8
violation type: Min Step
	srcs: net:net26755
	bbox = (2445.4720, 1498.8360) - (2445.5000, 1498.9960) on Layer M8
violation type: Min Step
	srcs: net:net73558
	bbox = (2458.1440, 749.7960) - (2458.1720, 749.9560) on Layer M8
violation type: Min Step
	srcs: net:ex_controller/mesh/mesh/mesh_12_9/tile_0_0/_0481_
	bbox = (2460.0640, 2270.3560) - (2460.0920, 2270.5160) on Layer M8
violation type: Min Step
	srcs: net:net96537
	bbox = (2465.8240, 2593.9560) - (2465.8520, 2594.1160) on Layer M8
violation type: Min Step
	srcs: net:ex_controller/mesh/mesh/mesh_1_1/tile_0_0/_0325_
	bbox = (2474.0800, 712.9960) - (2474.1080, 713.1560) on Layer M8
violation type: Min Step
	srcs: net:ex_controller/mesh/mesh/mesh_0_0/tile_0_0/_0246_
	bbox = (2482.8480, 207.3160) - (2482.8760, 207.4760) on Layer M8
violation type: Min Step
	srcs: net:ex_controller/mesh/mesh/mesh_1_1/tile_0_0/_0294_
	bbox = (2484.5760, 721.7160) - (2484.6040, 721.8760) on Layer M8
violation type: Min Step
	srcs: net:ex_controller/mesh/mesh/mesh_6_0/tile_0_0/_0255_
	bbox = (2483.1080, 850.2760) - (2483.1360, 850.4360) on Layer M8
violation type: Min Step
	srcs: net:ex_controller/mesh/mesh/mesh_0_1/tile_0_0/_0602_
	bbox = (2489.3760, 644.7560) - (2489.4040, 644.9160) on Layer M8
violation type: Min Step
	srcs: net:ex_controller/mesh/mesh/mesh_0_1/tile_0_0/_0571_
	bbox = (2489.7600, 653.7160) - (2489.7880, 653.8760) on Layer M8
violation type: Min Step
	srcs: net:net25645
	bbox = (2489.7600, 699.5560) - (2489.7880, 699.7160) on Layer M8
violation type: Min Step
	srcs: net:ex_controller/mesh/mesh/mesh_3_5/tile_0_0/_0623_
	bbox = (2488.8640, 1339.7960) - (2488.8920, 1339.9560) on Layer M8
violation type: Min Step
	srcs: net:ex_controller/mesh/mesh/mesh_0_1/tile_0_0/_0204_
	bbox = (2506.7840, 651.4760) - (2506.8120, 651.6360) on Layer M8
violation type: Min Step
	srcs: net:net128435
	bbox = (2505.3120, 722.2760) - (2505.3400, 722.4360) on Layer M8
violation type: Min Step
	srcs: net:ex_controller/mesh/mesh/mesh_15_12/tile_0_0/_0423_
	bbox = (2512.2240, 2724.5960) - (2512.2520, 2724.7560) on Layer M8
violation type: Min Step
	srcs: net:ex_controller/mesh/mesh/mesh_15_12/tile_0_0/_0325_
	bbox = (2513.2480, 2737.8760) - (2513.2760, 2738.0360) on Layer M8
violation type: Min Step
	srcs: net:net74010
	bbox = (2519.7120, 674.4360) - (2519.7400, 674.5960) on Layer M8
violation type: Min Step
	srcs: net:ex_controller/mesh/mesh/mesh_6_6/tile_0_0/_0468_
	bbox = (2522.1440, 1627.0760) - (2522.1720, 1627.2360) on Layer M8
violation type: Min Step
	srcs: net:net128509
	bbox = (2527.0720, 675.3160) - (2527.1000, 675.4760) on Layer M8
violation type: Min Step
	srcs: net:ex_controller/mesh/mesh/mesh_1_0/tile_0_0/_0199_
	bbox = (2542.7520, 267.1560) - (2542.7800, 267.3160) on Layer M8
violation type: Min Step
	srcs: net:net26773
	bbox = (2545.0760, 1523.7960) - (2545.1480, 1524.0360) on Layer M8
violation type: Min Step
	srcs: net:ex_controller/mesh/mesh/mesh_9_8/tile_0_0/_0623_
	bbox = (2557.9200, 2014.4360) - (2557.9480, 2014.5960) on Layer M8
violation type: Min Step
	srcs: net:ex_controller/mesh/mesh/mesh_12_10/tile_0_0/_0368_
	bbox = (2559.1360, 2390.1960) - (2559.1640, 2390.3560) on Layer M8
violation type: Min Step
	srcs: net:ex_controller/mesh/mesh/mesh_2_0/tile_0_0/_0386_
	bbox = (2564.0680, 435.0760) - (2564.0960, 435.2360) on Layer M8
violation type: Min Step
	srcs: net:net26761
	bbox = (2564.7680, 1401.2360) - (2564.7960, 1401.3960) on Layer M8
violation type: Min Step
	srcs: net:ex_controller/mesh/mesh/mesh_2_0/tile_0_0/_0286_
	bbox = (2574.6880, 425.2360) - (2574.7160, 425.3960) on Layer M8
violation type: Min Step
	srcs: net:ex_controller/mesh/mesh/mesh_0_2/tile_0_0/_0286_
	bbox = (2580.4480, 872.9160) - (2580.4760, 873.0760) on Layer M8
violation type: Min Step
	srcs: net:net26434
	bbox = (2580.2560, 1454.1960) - (2580.2840, 1454.3560) on Layer M8
violation type: Min Step
	srcs: net:ex_controller/mesh/mesh/mesh_0_3/tile_0_0/_0783_
	bbox = (2603.0400, 953.3960) - (2603.0680, 953.5560) on Layer M8
violation type: Min Step
	srcs: net:ex_controller/mesh/mesh/mesh_3_0/tile_0_0/_0253_
	bbox = (2612.1960, 563.5560) - (2612.2240, 563.7160) on Layer M8
violation type: Min Step
	srcs: net:ex_controller/mesh/mesh/mesh_0_5/tile_0_0/_0803_
	bbox = (2619.4240, 1084.0360) - (2619.4520, 1084.1960) on Layer M8
violation type: Min Step
	srcs: net:ex_controller/mesh/mesh/mesh_10_9_io_in_control_0_shift_pipe_b\[3\]
	bbox = (2618.0160, 2166.1160) - (2618.0440, 2166.2760) on Layer M8
violation type: Min Step
	srcs: net:ex_controller/mesh/mesh/mesh_14_12/tile_0_0/_0528_
	bbox = (2620.5120, 2725.1560) - (2620.5400, 2725.3160) on Layer M8
violation type: Min Step
	srcs: net:ex_controller/mesh/mesh/mesh_4_0/tile_0_0/_0049_
	bbox = (2627.9360, 684.5160) - (2627.9640, 684.6760) on Layer M8
violation type: Min Step
	srcs: net:ex_controller/mesh/mesh/mesh_4_0/tile_0_0/_0629_
	bbox = (2627.2320, 689.7960) - (2627.2600, 689.9560) on Layer M8
violation type: Min Step
	srcs: net:ex_controller/mesh/mesh/mesh_5_7_io_in_control_0_shift_pipe_b\[3\]
	bbox = (2634.4040, 1614.3560) - (2634.4320, 1614.5160) on Layer M8
violation type: Min Step
	srcs: net:ex_controller/mesh/mesh/mesh_4_0/tile_0_0/_0691_
	bbox = (2647.3280, 669.9560) - (2647.3560, 670.1160) on Layer M8
violation type: Min Step
	srcs: net:ex_controller/mesh/mesh/mesh_4_7/tile_0_0/_0336_
	bbox = (2665.4400, 1506.4360) - (2665.4680, 1506.5960) on Layer M8
violation type: Min Step
	srcs: net:ex_controller/mesh/mesh/mesh_4_7/tile_0_0/_0484_
	bbox = (2663.0720, 1529.8760) - (2663.1000, 1530.0360) on Layer M8
violation type: Min Step
	srcs: net:ex_controller/mesh/mesh/mesh_15_14/tile_0_0/_0408_
	bbox = (2672.9280, 2982.9160) - (2672.9560, 2983.0760) on Layer M8
violation type: Min Step
	srcs: net:ex_controller/mesh/mesh/mesh_15_14/tile_0_0/_0217_
	bbox = (2679.7120, 2982.9960) - (2679.7400, 2983.1560) on Layer M8
violation type: Min Step
	srcs: net:ex_controller/mesh/mesh/mesh_1_6/tile_0_0/_0255_
	bbox = (2684.7720, 1172.7560) - (2684.8000, 1172.9160) on Layer M8
violation type: Min Step
	srcs: net:net11264
	bbox = (2694.8160, 1416.8360) - (2694.8440, 1416.9960) on Layer M8
violation type: Min Step
	srcs: net:ex_controller/mesh/mesh/mesh_3_7/tile_0_0/_0426_
	bbox = (2725.6640, 1399.4760) - (2725.6920, 1399.6360) on Layer M8
violation type: Min Step
	srcs: net:net26083
	bbox = (2722.7200, 1417.5560) - (2722.7480, 1417.7160) on Layer M8
violation type: Min Step
	srcs: net:ex_controller/mesh/mesh/mesh_5_8_io_in_control_0_shift_pipe_b\[4\]
	bbox = (2726.4960, 1689.7960) - (2726.5240, 1689.9560) on Layer M8
violation type: Min Step
	srcs: net:ex_controller/mesh/mesh/mesh_1_7/tile_0_0/_0495_
	bbox = (2753.4400, 1145.6360) - (2753.4680, 1145.7960) on Layer M8
violation type: Min Step
	srcs: net:ex_controller/mesh/mesh/mesh_11_11/tile_0_0/_0577_
	bbox = (2779.4600, 2458.9960) - (2779.5800, 2459.1560) on Layer M8
violation type: Min Step
	srcs: net:ex_controller/mesh/mesh/mesh_3_8/tile_0_0/_0346_
	bbox = (2816.8000, 1364.3560) - (2816.8280, 1364.5160) on Layer M8
violation type: Min Step
	srcs: net:ex_controller/mesh/mesh/mesh_13_14/tile_0_0/_0340_
	bbox = (2844.9600, 2967.1560) - (2844.9880, 2967.3160) on Layer M8
violation type: Min Step
	srcs: net:ex_controller/mesh/mesh/mesh_8_10/tile_0_0/_0367_
	bbox = (2853.0880, 2150.7560) - (2853.1160, 2150.9160) on Layer M8
violation type: Min Step
	srcs: net:ex_controller/mesh/mesh/mesh_7_10/tile_0_0/_0686_
	bbox = (2900.1920, 2022.5960) - (2900.2200, 2022.7560) on Layer M8
violation type: Min Step
	srcs: net:ex_controller/mesh/mesh/mesh_7_10/tile_0_0/_0408_
	bbox = (2898.6560, 2035.3960) - (2898.6840, 2035.5560) on Layer M8
violation type: Min Step
	srcs: net:ex_controller/mesh/mesh/mesh_9_11/tile_0_0/_0340_
	bbox = (2921.6320, 2332.1960) - (2921.6600, 2332.3560) on Layer M8
violation type: Min Step
	srcs: net:ex_controller/mesh/mesh/mesh_4_9/tile_0_0/_0832_
	bbox = (2942.2400, 1613.4760) - (2942.2680, 1613.6360) on Layer M8
violation type: Min Step
	srcs: net:net114376
	bbox = (2956.9640, 2242.4360) - (2956.9920, 2242.5960) on Layer M8
violation type: Min Step
	srcs: net:ex_controller/mesh/mesh/mesh_12_15/tile_0_0/_0340_
	bbox = (3004.3200, 3087.4760) - (3004.3480, 3087.6360) on Layer M8
violation type: Min Step
	srcs: net:ex_controller/mesh/mesh/mesh_12_15/tile_0_0/_0803_
	bbox = (3003.8720, 3088.1160) - (3003.9000, 3088.2760) on Layer M8
violation type: Min Step
	srcs: net:ex_controller/mesh/mesh/mesh_3_10/tile_0_0/_0260_
	bbox = (3018.3400, 1493.1560) - (3018.3680, 1493.3160) on Layer M8
violation type: Min Step
	srcs: net:ex_controller/mesh/mesh/mesh_5_12/tile_0_0/_0514_
	bbox = (3118.9440, 1969.0760) - (3118.9720, 1969.2360) on Layer M8
violation type: Min Step
	srcs: net:ex_controller/mesh/mesh/mesh_1_12/tile_0_0/_0233_
	bbox = (3156.1280, 1333.1560) - (3156.1560, 1333.3160) on Layer M8
violation type: Min Step
	srcs: net:net114526
	bbox = (3172.1920, 2839.3960) - (3172.2200, 2839.5560) on Layer M8
violation type: Min Step
	srcs: net:ex_controller/mesh/mesh/mesh_2_12/tile_0_0/_0307_
	bbox = (3177.8880, 1485.7960) - (3177.9160, 1485.9560) on Layer M8
violation type: Min Step
	srcs: net:ex_controller/mesh/mesh/mesh_4_13/tile_0_0/_0256_
	bbox = (3207.5840, 1853.0760) - (3207.6120, 1853.2360) on Layer M8
violation type: Min Step
	srcs: net:ex_controller/mesh/mesh/mesh_5_13/tile_0_0/_0664_
	bbox = (3214.8160, 2030.9960) - (3214.8440, 2031.1560) on Layer M8
violation type: Min Step
	srcs: net:ex_controller/mesh/mesh/mesh_9_15/tile_0_0/_0235_
	bbox = (3232.5440, 2906.1160) - (3232.5720, 2906.2760) on Layer M8
violation type: Min Step
	srcs: net:ex_controller/mesh/mesh/mesh_1_13/tile_0_0/_0544_
	bbox = (3259.8760, 1278.6760) - (3259.9040, 1278.7560) on Layer M8
violation type: Min Step
	srcs: net:ex_controller/mesh/mesh/mesh_1_13/tile_0_0/_0803_
	bbox = (3267.8080, 1286.0360) - (3267.8360, 1286.1960) on Layer M8
violation type: Min Step
	srcs: net:ex_controller/mesh/mesh/mesh_3_15/tile_0_0/_0286_
	bbox = (3293.5360, 1786.5960) - (3293.5640, 1786.7560) on Layer M8
violation type: Min Step
	srcs: net:ex_controller/mesh/mesh/mesh_2_14/tile_0_0/_0426_
	bbox = (3329.4440, 1546.8360) - (3329.4720, 1546.9960) on Layer M8
violation type: Min Width
	srcs: net:mod_1/_02993_
	bbox = (611.9360, 1268.3720) - (611.9640, 1268.5000) on Layer M8
violation type: Min Width
	srcs: net:net22139
	bbox = (642.8480, 1436.2920) - (642.8760, 1436.4200) on Layer M8
violation type: Min Width
	srcs: net:net108844
	bbox = (681.3120, 1397.9720) - (681.3400, 1398.1000) on Layer M8
violation type: Min Width
	srcs: net:net92792
	bbox = (1293.2160, 2425.1720) - (1293.2440, 2425.3000) on Layer M8
violation type: Min Width
	srcs: net:net137832
	bbox = (1291.6800, 2485.7320) - (1291.7080, 2485.8600) on Layer M8
violation type: Min Width
	srcs: net:net135350
	bbox = (1307.4240, 2525.7320) - (1307.4520, 2525.8600) on Layer M8
violation type: Min Width
	srcs: net:net28808
	bbox = (1360.9280, 2696.6920) - (1360.9560, 2696.8200) on Layer M8
violation type: Min Width
	srcs: net:net8569
	bbox = (1367.7760, 2639.2520) - (1367.8040, 2639.3800) on Layer M8
violation type: Min Width
	srcs: net:clknet_10_412_0_clock
	bbox = (1464.6120, 2507.7320) - (1464.6400, 2507.8600) on Layer M8
violation type: Min Width
	srcs: net:net52725
	bbox = (1525.2800, 2485.3320) - (1525.3080, 2485.4600) on Layer M8
violation type: Min Width
	srcs: net:net119503
	bbox = (1532.1920, 2609.0120) - (1532.2200, 2609.1400) on Layer M8
violation type: Min Width
	srcs: net:net125574
	bbox = (1547.2960, 679.6520) - (1547.3240, 679.7800) on Layer M8
violation type: Min Width
	srcs: net:net91131
	bbox = (1573.0240, 2555.8120) - (1573.0520, 2555.9400) on Layer M8
violation type: Min Width
	srcs: net:spad/writer/_11045_
	bbox = (1767.6480, 3001.9720) - (1767.6760, 3002.1000) on Layer M8
violation type: Min Width
	srcs: net:net44018
	bbox = (437.6000, 1687.1720) - (437.6280, 1687.3000) on Layer M8
violation type: Min Width
	srcs: net:net60017
	bbox = (687.2000, 1508.1320) - (687.2280, 1508.2600) on Layer M8
violation type: Min Width
	srcs: net:mod_1/ex/_04435_
	bbox = (700.5760, 1432.4520) - (700.6040, 1432.5800) on Layer M8
violation type: Min Width
	srcs: net:net66141
	bbox = (1048.2880, 1362.7720) - (1048.3160, 1362.9000) on Layer M8
violation type: Min Width
	srcs: net:net64519
	bbox = (1199.5200, 1687.1720) - (1199.5480, 1687.3000) on Layer M8
violation type: Min Width
	srcs: net:spad/_acc_mems_0_io_adder_op1_7_0\[24\]
	bbox = (1283.6160, 2450.9320) - (1283.6440, 2451.0600) on Layer M8
violation type: Min Width
	srcs: net:spad/_acc_mems_0_io_adder_op1_5_0\[6\]
	bbox = (1291.8080, 2482.1320) - (1291.8360, 2482.2600) on Layer M8
violation type: Min Width
	srcs: net:net101776
	bbox = (1300.9600, 2491.0120) - (1300.9880, 2491.1400) on Layer M8
violation type: Min Width
	srcs: net:spad/_acc_mems_0_io_adder_op1_11_0\[31\]
	bbox = (1300.9600, 2657.0120) - (1300.9880, 2657.1400) on Layer M8
violation type: Min Width
	srcs: net:net93285
	bbox = (1346.0800, 2625.8920) - (1346.1080, 2626.0200) on Layer M8
violation type: Min Width
	srcs: net:net113585
	bbox = (1358.2400, 1493.0120) - (1358.2680, 1493.1400) on Layer M8
violation type: Min Width
	srcs: net:net77345
	bbox = (1359.7760, 2625.9720) - (1359.8040, 2626.1000) on Layer M8
violation type: Min Width
	srcs: net:net93785
	bbox = (1360.5440, 2627.9720) - (1360.5720, 2628.1000) on Layer M8
violation type: Min Width
	srcs: net:net93735
	bbox = (1365.9840, 2514.7720) - (1366.0120, 2514.9000) on Layer M8
violation type: Min Width
	srcs: net:net94100
	bbox = (1365.9840, 2639.5720) - (1366.0120, 2639.7000) on Layer M8
violation type: Min Width
	srcs: net:spad/_11723_
	bbox = (1376.8000, 2717.6520) - (1376.8280, 2717.7800) on Layer M8
violation type: Min Width
	srcs: net:net101614
	bbox = (1398.9440, 2492.0520) - (1398.9720, 2492.1800) on Layer M8
violation type: Min Width
	srcs: net:net94024
	bbox = (1420.2560, 2671.5720) - (1420.2840, 2671.7000) on Layer M8
violation type: Min Width
	srcs: net:net135451
	bbox = (1509.4720, 2647.0920) - (1509.5000, 2647.2200) on Layer M8
violation type: Min Width
	srcs: net:net91541
	bbox = (1519.0720, 2483.8120) - (1519.1000, 2483.9400) on Layer M8
violation type: Min Width
	srcs: net:net134656
	bbox = (1549.4080, 2529.5720) - (1549.4360, 2529.7000) on Layer M8
violation type: Min Width
	srcs: net:net134698
	bbox = (1573.1520, 2536.5320) - (1573.1800, 2536.6600) on Layer M8
violation type: Min Width
	srcs: net:net43312
	bbox = (1767.6480, 3002.6920) - (1767.6760, 3002.8200) on Layer M8
violation type: Min Width
	srcs: net:ex_controller/mesh/mesh/mesh_8_1/tile_0_0/_0633_
	bbox = (2016.0320, 1286.5320) - (2016.0600, 1286.6600) on Layer M8
violation type: Min Width
	srcs: net:net36927
	bbox = (2023.5200, 1477.0120) - (2023.5480, 1477.1400) on Layer M8
violation type: Min Width
	srcs: net:ex_controller/mesh/mesh/mesh_5_1/tile_0_0/_0607_
	bbox = (2137.5040, 948.7720) - (2137.5320, 948.9000) on Layer M8
violation type: Min Width
	srcs: net:ex_controller/mesh/mesh/pipe_b_262_0\[6\]
	bbox = (2537.6320, 841.1720) - (2537.6600, 841.3000) on Layer M8
violation type: Min Width
	srcs: net:net23789
	bbox = (382.8800, 1701.7320) - (382.9080, 1701.8600) on Layer M8
violation type: Min Width
	srcs: net:net49387
	bbox = (448.8640, 1813.9720) - (448.8920, 1814.1000) on Layer M8
violation type: Min Width
	srcs: net:net117186
	bbox = (1304.8000, 2410.2920) - (1304.8280, 2410.4200) on Layer M8
violation type: Min Width
	srcs: net:net139069
	bbox = (1388.1280, 2432.3720) - (1388.1560, 2432.5000) on Layer M8
violation type: Min Width
	srcs: net:net101918
	bbox = (1508.7040, 2608.6120) - (1508.7320, 2608.7400) on Layer M8
violation type: Min Width
	srcs: net:spad/_acc_mems_1_io_adder_op1_5_0\[24\]
	bbox = (1553.7600, 2447.4920) - (1553.7880, 2447.6200) on Layer M8
violation type: Min Width
	srcs: net:net108401
	bbox = (1559.5840, 2418.2120) - (1559.6120, 2418.3400) on Layer M8
violation type: Min Width
	srcs: net:net98440
	bbox = (1664.4160, 1701.3320) - (1664.4440, 1701.4600) on Layer M8
violation type: Min Width
	srcs: net:net112958
	bbox = (1779.9360, 1694.2120) - (1779.9640, 1694.3400) on Layer M8
violation type: Min Width
	srcs: net:net10746
	bbox = (593.2480, 1379.4920) - (593.2760, 1379.6200) on Layer M8
violation type: Min Width
	srcs: net:net98997
	bbox = (909.5360, 2649.4920) - (909.5640, 2649.6200) on Layer M8
violation type: Min Width
	srcs: net:net34136
	bbox = (1212.3840, 2673.0920) - (1212.4120, 2673.2200) on Layer M8
violation type: Min Width
	srcs: net:net52813
	bbox = (1483.4240, 2587.7320) - (1483.4520, 2587.8600) on Layer M8
violation type: Min Width
	srcs: net:net24092
	bbox = (447.4560, 1694.9320) - (447.4840, 1695.0600) on Layer M8
violation type: Min Width
	srcs: net:net23834
	bbox = (680.2880, 1400.1320) - (680.3160, 1400.2600) on Layer M8
violation type: Min Width
	srcs: net:spad/_acc_mems_0_io_adder_op1_2_0\[16\]
	bbox = (1211.2320, 2427.5720) - (1211.2600, 2427.7000) on Layer M8
violation type: Min Width
	srcs: net:spad/_acc_mems_0_io_adder_op1_8_0\[11\]
	bbox = (1258.5280, 2663.3320) - (1258.5560, 2663.4600) on Layer M8
violation type: Min Width
	srcs: net:net134517
	bbox = (1266.0160, 2426.9320) - (1266.0440, 2427.0600) on Layer M8
violation type: Min Width
	srcs: net:spad/_acc_mems_0_io_adder_op1_5_0\[10\]
	bbox = (1295.5840, 2482.6920) - (1295.6120, 2482.8200) on Layer M8
violation type: Min Width
	srcs: net:net74321
	bbox = (1309.0240, 1406.5320) - (1309.0520, 1406.6600) on Layer M8
violation type: Min Width
	srcs: net:net51382
	bbox = (1325.3440, 2464.6920) - (1325.3720, 2464.8200) on Layer M8
violation type: Min Width
	srcs: net:net51382
	bbox = (1325.3440, 2481.5720) - (1325.3720, 2481.7000) on Layer M8
violation type: Min Width
	srcs: net:net93212
	bbox = (1345.8240, 2595.8920) - (1345.8520, 2596.0200) on Layer M8
violation type: Min Width
	srcs: net:net91199
	bbox = (1444.1920, 2444.6920) - (1444.2200, 2444.8200) on Layer M8
violation type: Min Width
	srcs: net:net134881
	bbox = (1447.3280, 2443.4920) - (1447.3560, 2443.6200) on Layer M8
violation type: Min Width
	srcs: net:net91185
	bbox = (1522.9760, 2495.9720) - (1523.0040, 2496.1000) on Layer M8
violation type: Min Width
	srcs: net:net91791
	bbox = (1537.3760, 2540.8520) - (1537.4040, 2540.9800) on Layer M8
violation type: Min Width
	srcs: net:net92187
	bbox = (1544.0960, 2489.6520) - (1544.1240, 2489.7800) on Layer M8
violation type: Min Width
	srcs: net:spad/_acc_mems_1_io_adder_op1_7_0\[24\]
	bbox = (1553.2480, 2449.5720) - (1553.2760, 2449.7000) on Layer M8
violation type: Min Width
	srcs: net:spad/_acc_mems_1_io_adder_op1_2_0\[18\]
	bbox = (1591.0080, 2427.1720) - (1591.0360, 2427.3000) on Layer M8
violation type: Min Width
	srcs: net:net19142
	bbox = (2034.2080, 984.6120) - (2034.2360, 984.7400) on Layer M8
violation type: Min Width
	srcs: net:net96951
	bbox = (2103.3920, 1877.1720) - (2103.4200, 1877.3000) on Layer M8
violation type: Min Width
	srcs: net:net23900
	bbox = (439.7120, 1692.9320) - (439.7400, 1693.0600) on Layer M8
violation type: Min Width
	srcs: net:net36389
	bbox = (454.1760, 1788.6120) - (454.2040, 1788.7400) on Layer M8
violation type: Min Width
	srcs: net:net30169
	bbox = (651.4240, 1691.2520) - (651.4520, 1691.3800) on Layer M8
violation type: Min Width
	srcs: net:net59439
	bbox = (827.6160, 1691.9720) - (827.6440, 1692.1000) on Layer M8
violation type: Min Width
	srcs: net:net93886
	bbox = (1332.6400, 2630.7720) - (1332.6680, 2630.9000) on Layer M8
violation type: Min Width
	srcs: net:net93792
	bbox = (1356.8320, 2524.2920) - (1356.8600, 2524.4200) on Layer M8
violation type: Min Width
	srcs: net:net93157
	bbox = (1379.4880, 2493.1720) - (1379.5160, 2493.3000) on Layer M8
violation type: Min Width
	srcs: net:net93725
	bbox = (1379.2960, 2637.9720) - (1379.3240, 2638.1000) on Layer M8
violation type: Min Width
	srcs: net:net20926
	bbox = (1394.3360, 2659.4120) - (1394.3640, 2659.5400) on Layer M8
violation type: Min Width
	srcs: net:net119493
	bbox = (1415.5840, 2516.3720) - (1415.6120, 2516.5000) on Layer M8
violation type: Min Width
	srcs: net:net135026
	bbox = (1459.1680, 2545.9720) - (1459.1960, 2546.1000) on Layer M8
violation type: Min Width
	srcs: net:net134813
	bbox = (1468.0640, 2507.2520) - (1468.0920, 2507.3800) on Layer M8
violation type: Min Width
	srcs: net:net134717
	bbox = (1496.8640, 2539.7320) - (1496.8920, 2539.8600) on Layer M8
violation type: Min Width
	srcs: net:net93684
	bbox = (1513.1200, 2653.1720) - (1513.1480, 2653.3000) on Layer M8
violation type: Min Width
	srcs: net:net23917
	bbox = (421.7920, 1704.0520) - (421.8200, 1704.1800) on Layer M8
violation type: Min Width
	srcs: net:net39153
	bbox = (489.1840, 1808.7720) - (489.2120, 1808.9000) on Layer M8
violation type: Min Width
	srcs: net:net127327
	bbox = (571.7440, 1406.6920) - (571.7720, 1406.8200) on Layer M8
violation type: Min Width
	srcs: net:mod/ld_weights/_036681_
	bbox = (1205.9840, 1445.3320) - (1206.0120, 1445.4600) on Layer M8
violation type: Min Width
	srcs: net:net134889
	bbox = (1380.4480, 2482.5320) - (1380.4760, 2482.6600) on Layer M8
violation type: Min Width
	srcs: net:net93766
	bbox = (1411.1040, 2632.8520) - (1411.1320, 2632.9800) on Layer M8
violation type: Min Width
	srcs: net:net119446
	bbox = (1421.0880, 2639.0120) - (1421.1160, 2639.1400) on Layer M8
violation type: Min Width
	srcs: net:net134705
	bbox = (1432.7360, 2510.4520) - (1432.7640, 2510.5800) on Layer M8
violation type: Min Width
	srcs: net:net93847
	bbox = (1487.2640, 2631.5720) - (1487.2920, 2631.7000) on Layer M8
violation type: Min Width
	srcs: net:net8402
	bbox = (1496.4840, 2430.4520) - (1496.5120, 2430.5800) on Layer M8
violation type: Min Width
	srcs: net:spad/_acc_mems_1_io_adder_op1_5_0\[21\]
	bbox = (1555.6160, 2487.0920) - (1555.6440, 2487.2200) on Layer M8
violation type: Min Width
	srcs: net:net134673
	bbox = (1562.1440, 2513.4120) - (1562.1720, 2513.5400) on Layer M8
violation type: Min Width
	srcs: net:net136145
	bbox = (1579.3600, 2526.6920) - (1579.3880, 2526.8200) on Layer M8
violation type: Min Width
	srcs: net:net135307
	bbox = (1638.9440, 2668.9320) - (1638.9720, 2669.0600) on Layer M8
violation type: Min Width
	srcs: net:net18069
	bbox = (1663.0720, 1702.2920) - (1663.1000, 1702.4200) on Layer M8
violation type: Min Width
	srcs: net:net135391
	bbox = (1676.9600, 2664.6920) - (1676.9880, 2664.8200) on Layer M8
violation type: Min Width
	srcs: net:reservation_station/_30981_
	bbox = (467.2320, 1698.8520) - (467.2600, 1698.9800) on Layer M8
violation type: Min Width
	srcs: net:net108942
	bbox = (570.7840, 1405.8120) - (570.8120, 1405.9400) on Layer M8
violation type: Min Width
	srcs: net:net28081
	bbox = (928.3520, 2794.8520) - (928.3800, 2794.9800) on Layer M8
violation type: Min Width
	srcs: net:mod/ld_weights/_024592_
	bbox = (972.8960, 1448.3720) - (972.9240, 1448.5000) on Layer M8
violation type: Min Width
	srcs: net:net59236
	bbox = (1094.2400, 1691.4920) - (1094.2680, 1691.6200) on Layer M8
violation type: Min Width
	srcs: net:net134985
	bbox = (1267.9360, 2424.1320) - (1267.9640, 2424.2600) on Layer M8
violation type: Min Width
	srcs: net:net28219
	bbox = (1304.2240, 2426.3720) - (1304.2520, 2426.5000) on Layer M8
violation type: Min Width
	srcs: net:net93886
	bbox = (1304.2240, 2629.7320) - (1304.2520, 2629.8600) on Layer M8
violation type: Min Width
	srcs: net:net93797
	bbox = (1306.4640, 2638.2920) - (1306.4920, 2638.4200) on Layer M8
violation type: Min Width
	srcs: net:net93021
	bbox = (1321.5040, 2630.7720) - (1321.5320, 2630.9000) on Layer M8
violation type: Min Width
	srcs: net:net93145
	bbox = (1326.8160, 2440.2120) - (1326.8440, 2440.3400) on Layer M8
violation type: Min Width
	srcs: net:net101991
	bbox = (1336.1600, 2529.5720) - (1336.1880, 2529.7000) on Layer M8
violation type: Min Width
	srcs: net:spad/acc_adders/m_6/_144_
	bbox = (1336.6080, 2598.6920) - (1336.6360, 2598.8200) on Layer M8
violation type: Min Width
	srcs: net:net139281
	bbox = (1344.2880, 2462.2920) - (1344.3160, 2462.4200) on Layer M8
violation type: Min Width
	srcs: net:net119668
	bbox = (1349.5360, 2430.7720) - (1349.5640, 2430.9000) on Layer M8
violation type: Min Width
	srcs: net:net93810
	bbox = (1391.0720, 2652.5320) - (1391.1000, 2652.6600) on Layer M8
violation type: Min Width
	srcs: net:net134816
	bbox = (1395.9360, 2432.3720) - (1395.9640, 2432.5000) on Layer M8
violation type: Min Width
	srcs: net:mod/_25649_
	bbox = (1413.5360, 611.0120) - (1413.5640, 611.1400) on Layer M8
violation type: Min Width
	srcs: net:net102003
	bbox = (1420.3840, 2477.4120) - (1420.4120, 2477.5400) on Layer M8
violation type: Min Width
	srcs: net:net93640
	bbox = (1421.1520, 2515.0120) - (1421.1800, 2515.1400) on Layer M8
violation type: Min Width
	srcs: net:net94153
	bbox = (1417.6320, 2672.2920) - (1417.6600, 2672.4200) on Layer M8
violation type: Min Width
	srcs: net:net71823
	bbox = (1428.5120, 617.8120) - (1428.5400, 617.9400) on Layer M8
violation type: Min Width
	srcs: net:net134816
	bbox = (1428.5120, 2432.2920) - (1428.5400, 2432.4200) on Layer M8
violation type: Min Width
	srcs: net:net94113
	bbox = (1440.0320, 2447.1720) - (1440.0600, 2447.3000) on Layer M8
violation type: Min Width
	srcs: net:net91929
	bbox = (1440.2240, 2493.1720) - (1440.2520, 2493.3000) on Layer M8
violation type: Min Width
	srcs: net:net135463
	bbox = (1466.4000, 2660.7720) - (1466.4280, 2660.9000) on Layer M8
violation type: Min Width
	srcs: net:net135471
	bbox = (1486.8800, 2440.2120) - (1486.9080, 2440.3400) on Layer M8
violation type: Min Width
	srcs: net:net93064
	bbox = (1534.7520, 2432.3720) - (1534.7800, 2432.5000) on Layer M8
violation type: Min Width
	srcs: net:net94108
	bbox = (1557.4080, 2668.1320) - (1557.4360, 2668.2600) on Layer M8
violation type: Min Width
	srcs: net:net91254
	bbox = (1563.1040, 2554.2920) - (1563.1320, 2554.4200) on Layer M8
violation type: Min Width
	srcs: net:net92098
	bbox = (1614.0480, 2665.6520) - (1614.0760, 2665.7800) on Layer M8
violation type: Min Width
	srcs: net:net135078
	bbox = (1616.9920, 2666.2920) - (1617.0200, 2666.4200) on Layer M8
violation type: Min Width
	srcs: net:net93685
	bbox = (1630.4960, 2667.0120) - (1630.5240, 2667.1400) on Layer M8
violation type: Min Width
	srcs: net:net23969
	bbox = (433.1200, 1693.6520) - (433.1480, 1693.7800) on Layer M8
violation type: Min Width
	srcs: net:net62100
	bbox = (462.5000, 1693.7320) - (462.5280, 1693.8600) on Layer M8
violation type: Min Width
	srcs: net:net62046
	bbox = (499.1040, 1671.1720) - (499.1320, 1671.3000) on Layer M8
violation type: Min Width
	srcs: net:net62267
	bbox = (500.2560, 1816.6120) - (500.2840, 1816.7400) on Layer M8
violation type: Min Width
	srcs: net:net23664
	bbox = (592.0320, 1695.0120) - (592.0600, 1695.1400) on Layer M8
violation type: Min Width
	srcs: net:spad/_01894_
	bbox = (1333.3440, 1406.8520) - (1333.3720, 1406.9800) on Layer M8
violation type: Min Width
	srcs: net:net135270
	bbox = (1386.6560, 2670.5320) - (1386.6840, 2670.6600) on Layer M8
violation type: Min Width
	srcs: net:net135208
	bbox = (1408.5440, 2449.9720) - (1408.5720, 2450.1000) on Layer M8
violation type: Min Width
	srcs: net:net134568
	bbox = (1421.9840, 2548.6920) - (1422.0120, 2548.8200) on Layer M8
violation type: Min Width
	srcs: net:net93150
	bbox = (1421.7920, 2556.5320) - (1421.8200, 2556.6600) on Layer M8
violation type: Min Width
	srcs: net:net91856
	bbox = (1466.2080, 2444.7720) - (1466.2360, 2444.9000) on Layer M8
violation type: Min Width
	srcs: net:net134519
	bbox = (1481.3120, 2420.2120) - (1481.3400, 2420.3400) on Layer M8
violation type: Min Width
	srcs: net:net135132
	bbox = (1504.6080, 2539.4920) - (1504.6360, 2539.6200) on Layer M8
violation type: Min Width
	srcs: net:net91972
	bbox = (1543.8400, 2655.1720) - (1543.8680, 2655.3000) on Layer M8
violation type: Min Width
	srcs: net:spad/_acc_mems_1_io_adder_op1_8_0\[11\]
	bbox = (1551.0080, 2668.8520) - (1551.0360, 2668.9800) on Layer M8
violation type: Min Width
	srcs: net:net91462
	bbox = (1573.7920, 2647.0920) - (1573.8200, 2647.2200) on Layer M8
violation type: Min Width
	srcs: net:net134606
	bbox = (1580.4520, 2406.9320) - (1580.4800, 2407.0600) on Layer M8
violation type: Min Width
	srcs: net:net101908
	bbox = (1610.8520, 2663.1720) - (1610.8800, 2663.3000) on Layer M8
violation type: Min Width
	srcs: net:net134618
	bbox = (1746.6560, 2535.0120) - (1746.6840, 2535.1400) on Layer M8
violation type: Min Width
	srcs: net:net26855
	bbox = (2543.4560, 1693.3320) - (2543.4840, 1693.4600) on Layer M8
violation type: Min Width
	srcs: net:net17020
	bbox = (447.7120, 1675.8920) - (447.7400, 1676.0200) on Layer M8
violation type: Min Width
	srcs: net:net21809
	bbox = (476.3880, 1697.0920) - (476.4160, 1697.2200) on Layer M8
violation type: Min Width
	srcs: net:net56035
	bbox = (494.4320, 1669.3320) - (494.4600, 1669.4600) on Layer M8
violation type: Min Width
	srcs: net:net39044
	bbox = (490.8480, 1697.9720) - (490.8760, 1698.1000) on Layer M8
violation type: Min Width
	srcs: net:net66203
	bbox = (1090.8480, 1691.8120) - (1090.8760, 1691.9400) on Layer M8
violation type: Min Width
	srcs: net:net135633
	bbox = (1316.7680, 2483.4120) - (1316.7960, 2483.5400) on Layer M8
violation type: Min Width
	srcs: net:net101951
	bbox = (1325.7920, 2529.0920) - (1325.8200, 2529.2200) on Layer M8
violation type: Min Width
	srcs: net:net119668
	bbox = (1354.2720, 2430.4520) - (1354.3000, 2430.5800) on Layer M8
violation type: Min Width
	srcs: net:spad/acc_mems_1/pipelined_writes_1_bits_mask_54
	bbox = (1363.5520, 2649.1720) - (1363.5800, 2649.3000) on Layer M8
violation type: Min Width
	srcs: net:net134928
	bbox = (1385.0560, 2431.4920) - (1385.0840, 2431.6200) on Layer M8
violation type: Min Width
	srcs: net:net134436
	bbox = (1393.3760, 2403.0120) - (1393.4040, 2403.1400) on Layer M8
violation type: Min Width
	srcs: net:net91475
	bbox = (1401.8880, 2530.7720) - (1401.9160, 2530.9000) on Layer M8
violation type: Min Width
	srcs: net:net134820
	bbox = (1408.8640, 2501.2520) - (1408.8920, 2501.3800) on Layer M8
violation type: Min Width
	srcs: net:mod/_00794_
	bbox = (1414.5600, 616.1320) - (1414.5880, 616.2600) on Layer M8
violation type: Min Width
	srcs: net:net134903
	bbox = (1423.5840, 2477.9720) - (1423.6120, 2478.1000) on Layer M8
violation type: Min Width
	srcs: net:net91787
	bbox = (1483.6800, 2408.4520) - (1483.7080, 2408.5800) on Layer M8
violation type: Min Width
	srcs: net:net91920
	bbox = (1512.2240, 2431.5720) - (1512.2520, 2431.7000) on Layer M8
violation type: Min Width
	srcs: net:net36021
	bbox = (1573.0880, 392.6920) - (1573.1160, 392.8200) on Layer M8
violation type: Min Width
	srcs: net:net135154
	bbox = (1643.2320, 2667.3320) - (1643.2600, 2667.4600) on Layer M8
violation type: Min Width
	srcs: net:net79494
	bbox = (2215.9680, 669.8120) - (2215.9960, 669.9400) on Layer M8
violation type: Min Width
	srcs: net:ex_controller/mesh/mesh/mesh_1_1_io_in_control_0_shift_pipe_b\[3\]
	bbox = (2473.1840, 731.7320) - (2473.2120, 731.8600) on Layer M8
violation type: Min Width
	srcs: net:net139043
	bbox = (2709.4720, 1396.5320) - (2709.5000, 1396.6600) on Layer M8
violation type: Min Width
	srcs: net:net26374
	bbox = (2709.1520, 1699.0920) - (2709.1800, 1699.2200) on Layer M8
violation type: Min Width
	srcs: net:net131997
	bbox = (594.7200, 1408.6920) - (594.7480, 1408.8200) on Layer M8
violation type: Min Width
	srcs: net:mod/ld_weights/_018851_
	bbox = (850.0800, 1438.7720) - (850.1080, 1438.9000) on Layer M8
violation type: Min Width
	srcs: net:net30080
	bbox = (1170.9760, 2435.2520) - (1171.0040, 2435.3800) on Layer M8
violation type: Min Width
	srcs: net:spad/_acc_mems_0_io_adder_op1_0_0\[6\]
	bbox = (1283.6160, 2427.7320) - (1283.6440, 2427.8600) on Layer M8
violation type: Min Width
	srcs: net:net137744
	bbox = (1292.2560, 2527.0920) - (1292.2840, 2527.2200) on Layer M8
violation type: Min Width
	srcs: net:spad/vsm_1/_0423_
	bbox = (1290.9760, 2653.0920) - (1291.0040, 2653.2200) on Layer M8
violation type: Min Width
	srcs: net:net51671
	bbox = (1359.9040, 2632.0520) - (1359.9320, 2632.1800) on Layer M8
violation type: Min Width
	srcs: net:net135675
	bbox = (1366.3040, 2487.1720) - (1366.3320, 2487.3000) on Layer M8
violation type: Min Width
	srcs: net:net52982
	bbox = (1420.1280, 2541.6520) - (1420.1560, 2541.7800) on Layer M8
violation type: Min Width
	srcs: net:net104103
	bbox = (1424.9280, 635.0920) - (1424.9560, 635.2200) on Layer M8
violation type: Min Width
	srcs: net:net135634
	bbox = (1501.2200, 2433.9720) - (1501.2480, 2434.1000) on Layer M8
violation type: Min Width
	srcs: net:net116727
	bbox = (1560.6080, 2551.0120) - (1560.6360, 2551.1400) on Layer M8
violation type: Min Width
	srcs: net:net92034
	bbox = (1562.5920, 2556.6120) - (1562.6200, 2556.7400) on Layer M8
violation type: Min Width
	srcs: net:net134538
	bbox = (1569.6320, 2420.6920) - (1569.6600, 2420.8200) on Layer M8
violation type: Min Width
	srcs: net:net92003
	bbox = (1570.8480, 2670.2920) - (1570.8760, 2670.4200) on Layer M8
violation type: Min Width
	srcs: net:net135391
	bbox = (1660.5760, 2664.4520) - (1660.6040, 2664.5800) on Layer M8
violation type: Min Width
	srcs: net:ex_controller/mesh/mesh/pipe_b_29_0\[3\]
	bbox = (1719.2640, 1519.1720) - (1719.2920, 1519.3000) on Layer M8
violation type: Min Width
	srcs: net:ex_controller/mesh/mesh/mesh_1_1/tile_0_0/_0464_
	bbox = (2476.8320, 726.2920) - (2476.8600, 726.4200) on Layer M8
violation type: Min Width
	srcs: net:ex_controller/mesh/mesh/mesh_1_1/tile_0_0/_0394_
	bbox = (2491.5520, 725.1720) - (2491.5800, 725.3000) on Layer M8
violation type: Min Width
	srcs: net:mod_1/ldB/_05426_
	bbox = (662.0480, 1274.5320) - (662.0760, 1274.6600) on Layer M8
violation type: Min Width
	srcs: net:net59856
	bbox = (1003.0400, 1689.5720) - (1003.0680, 1689.7000) on Layer M8
violation type: Min Width
	srcs: net:net134890
	bbox = (1298.8480, 2425.5720) - (1298.8760, 2425.7000) on Layer M8
violation type: Min Width
	srcs: net:net35131
	bbox = (1306.2080, 2401.0120) - (1306.2360, 2401.1400) on Layer M8
violation type: Min Width
	srcs: net:spad/_acc_mems_0_io_adder_op1_6_0\[7\]
	bbox = (1305.2480, 2660.0520) - (1305.2760, 2660.1800) on Layer M8
violation type: Min Width
	srcs: net:net28185
	bbox = (1367.0720, 2455.0120) - (1367.1000, 2455.1400) on Layer M8
violation type: Min Width
	srcs: net:net135411
	bbox = (1364.4480, 2455.0120) - (1364.4760, 2455.1400) on Layer M8
violation type: Min Width
	srcs: net:net93735
	bbox = (1382.1120, 2513.9720) - (1382.1400, 2514.1000) on Layer M8
violation type: Min Width
	srcs: net:spad/vsm_1/in_bits_in_8\[17\]
	bbox = (1395.4880, 2387.0120) - (1395.5160, 2387.1400) on Layer M8
violation type: Min Width
	srcs: net:net14732
	bbox = (1449.0560, 2439.3320) - (1449.0840, 2439.4600) on Layer M8
violation type: Min Width
	srcs: net:net93969
	bbox = (1454.9440, 2460.1320) - (1454.9720, 2460.2600) on Layer M8
violation type: Min Width
	srcs: net:net135019
	bbox = (1473.6960, 2628.7720) - (1473.7240, 2628.9000) on Layer M8
violation type: Min Width
	srcs: net:net93665
	bbox = (1515.2960, 2463.8920) - (1515.3240, 2464.0200) on Layer M8
violation type: Min Width
	srcs: net:net91791
	bbox = (1533.6640, 2539.3320) - (1533.6920, 2539.4600) on Layer M8
violation type: Min Width
	srcs: net:net132676
	bbox = (1553.4400, 966.9320) - (1553.4680, 967.0600) on Layer M8
violation type: Min Width
	srcs: net:net134450
	bbox = (1579.1680, 2407.0920) - (1579.1960, 2407.2200) on Layer M8
violation type: Min Width
	srcs: net:ex_controller/mesh/mesh/mesh_10_1/tile_0_0/_0259_
	bbox = (1904.5440, 1395.0120) - (1904.5720, 1395.1400) on Layer M8
violation type: Min Width
	srcs: net:ex_controller/mesh/mesh/mesh_1_1/tile_0_0/_0402_
	bbox = (2470.8160, 732.1320) - (2470.8440, 732.2600) on Layer M8
violation type: Min Width
	srcs: net:net73569
	bbox = (2475.7480, 724.9320) - (2475.7760, 725.0600) on Layer M8
violation type: Min Width
	srcs: net:net128435
	bbox = (2475.3600, 725.0920) - (2475.3880, 725.2200) on Layer M8
violation type: Min Width
	srcs: net:net23687
	bbox = (599.3920, 1405.0120) - (599.4200, 1405.1400) on Layer M8
violation type: Min Width
	srcs: net:net108857
	bbox = (690.3360, 1412.5320) - (690.3640, 1412.6600) on Layer M8
violation type: Min Width
	srcs: net:net66895
	bbox = (703.9680, 1435.8920) - (703.9960, 1436.0200) on Layer M8
violation type: Min Width
	srcs: net:net24011
	bbox = (740.7040, 1401.2520) - (740.7320, 1401.3800) on Layer M8
violation type: Min Width
	srcs: net:net39670
	bbox = (928.9960, 2887.7320) - (929.0240, 2887.8600) on Layer M8
violation type: Min Width
	srcs: net:net13405
	bbox = (944.4800, 1692.2120) - (944.5080, 1692.3400) on Layer M8
violation type: Min Width
	srcs: net:net137032
	bbox = (1157.2800, 1700.7720) - (1157.3080, 1700.9000) on Layer M8
violation type: Min Width
	srcs: net:net27768
	bbox = (1254.7520, 362.2920) - (1254.7800, 362.4200) on Layer M8
violation type: Min Width
	srcs: net:net8552
	bbox = (1284.4480, 2564.2120) - (1284.4760, 2564.3400) on Layer M8
violation type: Min Width
	srcs: net:net138965
	bbox = (1293.4720, 2518.9320) - (1293.5000, 2519.0600) on Layer M8
violation type: Min Width
	srcs: net:net102000
	bbox = (1299.8720, 2481.8920) - (1299.9000, 2482.0200) on Layer M8
violation type: Min Width
	srcs: net:spad/_acc_mems_0_io_adder_op1_2_0\[14\]
	bbox = (1308.0000, 2463.9720) - (1308.0280, 2464.1000) on Layer M8
violation type: Min Width
	srcs: net:net8749
	bbox = (1330.9760, 2428.4520) - (1331.0040, 2428.5800) on Layer M8
violation type: Min Width
	srcs: net:net137480
	bbox = (1345.7600, 2464.3720) - (1345.7880, 2464.5000) on Layer M8
violation type: Min Width
	srcs: net:net117229
	bbox = (1361.8280, 2493.5720) - (1361.8560, 2493.7000) on Layer M8
violation type: Min Width
	srcs: net:net91879
	bbox = (1392.9960, 2661.6520) - (1393.0240, 2661.7800) on Layer M8
violation type: Min Width
	srcs: net:spad/_11851_
	bbox = (1461.2160, 2616.4520) - (1461.2440, 2616.5800) on Layer M8
violation type: Min Width
	srcs: net:net108243
	bbox = (1496.1600, 2700.6920) - (1496.1880, 2700.8200) on Layer M8
violation type: Min Width
	srcs: net:spad/_acc_mems_1_io_adder_op1_2_0\[24\]
	bbox = (1527.3920, 2420.0520) - (1527.4200, 2420.1800) on Layer M8
violation type: Min Width
	srcs: net:spad/_acc_mems_1_io_adder_op1_10_0\[28\]
	bbox = (1567.6480, 2458.2920) - (1567.6760, 2458.4200) on Layer M8
violation type: Min Width
	srcs: net:net134673
	bbox = (1564.3200, 2512.6120) - (1564.3480, 2512.7400) on Layer M8
violation type: Min Width
	srcs: net:net10321
	bbox = (1579.3600, 2549.4920) - (1579.3880, 2549.6200) on Layer M8
violation type: Min Width
	srcs: net:spad/_acc_mems_1_io_adder_op1_6_0\[28\]
	bbox = (1590.3680, 2450.4520) - (1590.3960, 2450.5800) on Layer M8
violation type: Min Width
	srcs: net:net21657
	bbox = (1587.2960, 2448.7720) - (1587.3240, 2448.9000) on Layer M8
violation type: Min Width
	srcs: net:net12649
	bbox = (1693.7920, 2942.7720) - (1693.8200, 2942.9000) on Layer M8
violation type: Min Width
	srcs: net:net45215
	bbox = (446.9440, 1713.4120) - (446.9720, 1713.5400) on Layer M8
violation type: Min Width
	srcs: net:net81609
	bbox = (561.7600, 1275.8120) - (561.7880, 1275.9400) on Layer M8
violation type: Min Width
	srcs: net:net28068
	bbox = (907.2320, 2830.7720) - (907.2600, 2830.9000) on Layer M8
violation type: Min Width
	srcs: net:spad/reader/beatPacker/_01049_
	bbox = (922.2720, 2756.0520) - (922.3000, 2756.1800) on Layer M8
violation type: Min Width
	srcs: net:net39670
	bbox = (929.3120, 2876.6920) - (929.3400, 2876.8200) on Layer M8
violation type: Min Width
	srcs: net:net30112
	bbox = (947.1040, 2831.4920) - (947.1320, 2831.6200) on Layer M8
violation type: Min Width
	srcs: net:net28999
	bbox = (952.8640, 2780.6920) - (952.8920, 2780.8200) on Layer M8
violation type: Min Width
	srcs: net:spad/vsm/_01562_
	bbox = (990.9440, 2323.8920) - (990.9720, 2324.0200) on Layer M8
violation type: Min Width
	srcs: net:spad/_acc_mems_0_io_adder_op1_10_0\[22\]
	bbox = (1293.3440, 2515.8920) - (1293.3720, 2516.0200) on Layer M8
violation type: Min Width
	srcs: net:net93608
	bbox = (1301.7280, 2470.5320) - (1301.7560, 2470.6600) on Layer M8
violation type: Min Width
	srcs: net:spad/_acc_mems_0_io_adder_op1_9_0\[0\]
	bbox = (1310.2400, 2431.0920) - (1310.2680, 2431.2200) on Layer M8
violation type: Min Width
	srcs: net:net91247
	bbox = (1310.3680, 2491.6520) - (1310.3960, 2491.7800) on Layer M8
violation type: Min Width
	srcs: net:net134847
	bbox = (1315.4880, 2417.1720) - (1315.5160, 2417.3000) on Layer M8
violation type: Min Width
	srcs: net:net57196
	bbox = (1323.8760, 2430.0520) - (1323.9040, 2430.1800) on Layer M8
violation type: Min Width
	srcs: net:net59754
	bbox = (1325.3440, 2491.6520) - (1325.3720, 2491.7800) on Layer M8
violation type: Min Width
	srcs: net:net92013
	bbox = (1331.6800, 2637.0120) - (1331.7080, 2637.1400) on Layer M8
violation type: Min Width
	srcs: net:net93938
	bbox = (1346.5920, 2633.9720) - (1346.6200, 2634.1000) on Layer M8
violation type: Min Width
	srcs: net:net8433
	bbox = (1355.8080, 2476.0520) - (1355.8360, 2476.1800) on Layer M8
violation type: Min Width
	srcs: net:net135590
	bbox = (1367.8400, 2453.0920) - (1367.8680, 2453.2200) on Layer M8
violation type: Min Width
	srcs: net:net93696
	bbox = (1405.8560, 2622.2920) - (1405.8840, 2622.4200) on Layer M8
violation type: Min Width
	srcs: net:net82691
	bbox = (1420.9600, 638.2120) - (1420.9880, 638.3400) on Layer M8
violation type: Min Width
	srcs: net:net134881
	bbox = (1445.0240, 2451.8920) - (1445.0520, 2452.0200) on Layer M8
violation type: Min Width
	srcs: net:mod/_25705_
	bbox = (1482.1440, 611.2520) - (1482.1720, 611.3800) on Layer M8
violation type: Min Width
	srcs: net:net93690
	bbox = (1527.7120, 2461.2520) - (1527.7400, 2461.3800) on Layer M8
violation type: Min Width
	srcs: net:net52814
	bbox = (1548.8360, 2643.9720) - (1548.8600, 2644.1000) on Layer M8
violation type: Min Width
	srcs: net:spad/_acc_mems_1_io_adder_op1_1_0\[29\]
	bbox = (1557.9840, 2462.3720) - (1558.0120, 2462.5000) on Layer M8
violation type: Min Width
	srcs: net:spad/_acc_mems_1_io_adder_op1_6_0\[3\]
	bbox = (1602.9120, 2657.5720) - (1602.9400, 2657.7000) on Layer M8
violation type: Min Width
	srcs: net:ex_controller/mesh/mesh/mesh_15_3/tile_0_0/_0510_
	bbox = (1609.9520, 1780.2920) - (1609.9800, 1780.4200) on Layer M8
violation type: Min Width
	srcs: net:net44771
	bbox = (1763.8120, 2999.9720) - (1763.8400, 3000.1000) on Layer M8
violation type: Min Width
	srcs: net:ex_controller/mesh/mesh/mesh_10_1/tile_0_0/_0047_
	bbox = (1919.4560, 1394.8520) - (1919.4840, 1394.9800) on Layer M8
violation type: Min Width
	srcs: net:mod_1/ex/_02330_
	bbox = (603.6800, 1400.5320) - (603.7080, 1400.6600) on Layer M8
violation type: Min Width
	srcs: net:net65593
	bbox = (701.6000, 1437.5720) - (701.6280, 1437.7000) on Layer M8
violation type: Min Width
	srcs: net:spad/reader/beatPacker/_09301_
	bbox = (928.7360, 2887.5720) - (928.7640, 2887.7000) on Layer M8
violation type: Min Width
	srcs: net:net39747
	bbox = (1100.5120, 2736.8520) - (1100.5400, 2736.9800) on Layer M8
violation type: Min Width
	srcs: net:net54402
	bbox = (1168.8640, 1686.2920) - (1168.8920, 1686.4200) on Layer M8
violation type: Min Width
	srcs: net:net135010
	bbox = (1238.6880, 2442.9320) - (1238.7160, 2443.0600) on Layer M8
violation type: Min Width
	srcs: net:clknet_10_404_0_clock
	bbox = (1306.5280, 2526.1320) - (1306.5560, 2526.2600) on Layer M8
violation type: Min Width
	srcs: net:net34048
	bbox = (1303.7760, 2683.4120) - (1303.8040, 2683.5400) on Layer M8
violation type: Min Width
	srcs: net:net93054
	bbox = (1348.4480, 2586.1320) - (1348.4760, 2586.2600) on Layer M8
violation type: Min Width
	srcs: net:net102109
	bbox = (1350.8160, 2699.7320) - (1350.8440, 2699.8600) on Layer M8
violation type: Min Width
	srcs: net:net8577
	bbox = (1364.3840, 2647.8120) - (1364.4120, 2647.9400) on Layer M8
violation type: Min Width
	srcs: net:net134889
	bbox = (1374.9440, 2481.0920) - (1374.9720, 2481.2200) on Layer M8
violation type: Min Width
	srcs: net:net92998
	bbox = (1372.8960, 2509.8920) - (1372.9240, 2510.0200) on Layer M8
violation type: Min Width
	srcs: net:net119479
	bbox = (1374.8160, 2631.8920) - (1374.8440, 2632.0200) on Layer M8
violation type: Min Width
	srcs: net:net135704
	bbox = (1382.3680, 2451.7320) - (1382.3960, 2451.8600) on Layer M8
violation type: Min Width
	srcs: net:net20926
	bbox = (1394.2080, 2655.4920) - (1394.2360, 2655.6200) on Layer M8
violation type: Min Width
	srcs: net:net134763
	bbox = (1408.8640, 2466.7720) - (1408.8920, 2466.9000) on Layer M8
violation type: Min Width
	srcs: net:net8432
	bbox = (1432.2880, 2474.9320) - (1432.3160, 2475.0600) on Layer M8
violation type: Min Width
	srcs: net:net108514
	bbox = (1440.2880, 2396.6920) - (1440.3160, 2396.8200) on Layer M8
violation type: Min Width
	srcs: net:net108379
	bbox = (1464.4800, 2508.9320) - (1464.5080, 2509.0600) on Layer M8
violation type: Min Width
	srcs: net:net135491
	bbox = (1480.4800, 2647.9720) - (1480.5080, 2648.1000) on Layer M8
violation type: Min Width
	srcs: net:net134445
	bbox = (1485.6640, 2419.4920) - (1485.6920, 2419.6200) on Layer M8
violation type: Min Width
	srcs: net:spad/_acc_mems_1_io_adder_op1_5_0\[4\]
	bbox = (1493.9840, 2448.2920) - (1494.0120, 2448.4200) on Layer M8
violation type: Min Width
	srcs: net:spad/_11943_
	bbox = (1508.0000, 2584.2920) - (1508.0280, 2584.4200) on Layer M8
violation type: Min Width
	srcs: net:net91145
	bbox = (1523.5520, 2403.0120) - (1523.5800, 2403.1400) on Layer M8
violation type: Min Width
	srcs: net:net92238
	bbox = (1555.6160, 2463.8920) - (1555.6440, 2464.0200) on Layer M8
violation type: Min Width
	srcs: net:net92197
	bbox = (1571.1040, 2646.0520) - (1571.1320, 2646.1800) on Layer M8
violation type: Min Width
	srcs: net:net139177
	bbox = (1579.0400, 2433.6520) - (1579.0680, 2433.7800) on Layer M8
violation type: Min Width
	srcs: net:net135044
	bbox = (1583.1360, 2546.9320) - (1583.1640, 2547.0600) on Layer M8
violation type: Min Width
	srcs: net:spad/_acc_mems_1_io_adder_op1_11_0\[31\]
	bbox = (1594.0160, 2655.6520) - (1594.0440, 2655.7800) on Layer M8
violation type: Min Width
	srcs: net:net101693
	bbox = (1703.5840, 2518.4520) - (1703.6120, 2518.5800) on Layer M8
violation type: Min Width
	srcs: net:net96978
	bbox = (1923.8080, 1535.0120) - (1923.8360, 1535.1400) on Layer M8
violation type: Min Width
	srcs: net:net57657
	bbox = (443.2960, 1705.7320) - (443.3240, 1705.8600) on Layer M8
violation type: Min Width
	srcs: net:net16883
	bbox = (490.0800, 1692.1320) - (490.1080, 1692.2600) on Layer M8
violation type: Min Width
	srcs: net:net74708
	bbox = (520.2880, 1698.5320) - (520.3160, 1698.6600) on Layer M8
violation type: Min Width
	srcs: net:net27517
	bbox = (685.1520, 1434.3720) - (685.1800, 1434.5000) on Layer M8
violation type: Min Width
	srcs: net:spad/_02182_
	bbox = (1295.9720, 2535.1720) - (1296.0000, 2535.3000) on Layer M8
violation type: Min Width
	srcs: net:spad/_acc_mems_0_io_adder_op1_5_0\[6\]
	bbox = (1334.5600, 2483.2520) - (1334.5880, 2483.3800) on Layer M8
violation type: Min Width
	srcs: net:net93146
	bbox = (1366.9440, 2446.0520) - (1366.9720, 2446.1800) on Layer M8
violation type: Min Width
	srcs: net:net134880
	bbox = (1412.1920, 2438.9320) - (1412.2200, 2439.0600) on Layer M8
violation type: Min Width
	srcs: net:mod/_07045_
	bbox = (1426.3360, 639.2520) - (1426.3640, 639.3800) on Layer M8
violation type: Min Width
	srcs: net:net135708
	bbox = (1439.9680, 2462.2920) - (1439.9960, 2462.4200) on Layer M8
violation type: Min Width
	srcs: net:net135270
	bbox = (1449.3760, 2672.8520) - (1449.4040, 2672.9800) on Layer M8
violation type: Min Width
	srcs: net:net91898
	bbox = (1469.2800, 2501.3320) - (1469.3080, 2501.4600) on Layer M8
violation type: Min Width
	srcs: net:net91425
	bbox = (1479.0120, 2512.7720) - (1479.0400, 2512.9000) on Layer M8
violation type: Min Width
	srcs: net:net93799
	bbox = (1508.1280, 2642.2920) - (1508.1560, 2642.4200) on Layer M8
violation type: Min Width
	srcs: net:net14064
	bbox = (1544.8000, 2552.5320) - (1544.8280, 2552.6600) on Layer M8
violation type: Min Width
	srcs: net:net131015
	bbox = (1553.6960, 978.8520) - (1553.7240, 978.9800) on Layer M8
violation type: Min Width
	srcs: net:spad/_acc_mems_1_io_adder_op1_2_0\[7\]
	bbox = (1592.0320, 2659.1720) - (1592.0600, 2659.3000) on Layer M8
violation type: Min Width
	srcs: net:spad/acc_mems_1/_0245_
	bbox = (1592.9920, 2659.5720) - (1593.0200, 2659.7000) on Layer M8
violation type: Min Width
	srcs: net:spad/_acc_mems_1_io_adder_op1_9_0\[12\]
	bbox = (1742.1760, 2452.7720) - (1742.2040, 2452.9000) on Layer M8
violation type: Min Width
	srcs: net:ex_controller/mesh/mesh/mesh_1_1/tile_0_0/_0426_
	bbox = (2468.0040, 720.7720) - (2468.0320, 720.9000) on Layer M8
violation type: Min Width
	srcs: net:ex_controller/mesh/mesh/mesh_3_7/tile_0_0/_0030_
	bbox = (2705.3120, 1397.0120) - (2705.3400, 1397.1400) on Layer M8
violation type: Min Width
	srcs: net:ex_controller/mesh/mesh/mesh_3_9/tile_0_0/_0253_
	bbox = (2937.2480, 1455.2520) - (2937.2760, 1455.3800) on Layer M8
violation type: Min Width
	srcs: net:net36345
	bbox = (453.7280, 1784.6920) - (453.7560, 1784.8200) on Layer M8
violation type: Min Width
	srcs: net:net23579
	bbox = (483.4240, 1684.5320) - (483.4520, 1684.6600) on Layer M8
violation type: Min Width
	srcs: net:net81252
	bbox = (604.5120, 1233.7320) - (604.5400, 1233.8600) on Layer M8
violation type: Min Width
	srcs: net:net24111
	bbox = (650.9760, 1695.5720) - (651.0040, 1695.7000) on Layer M8
violation type: Min Width
	srcs: net:net67064
	bbox = (703.8400, 1407.8120) - (703.8680, 1407.9400) on Layer M8
violation type: Min Width
	srcs: net:net102694
	bbox = (701.9840, 1407.9720) - (702.0120, 1408.1000) on Layer M8
violation type: Min Width
	srcs: net:net29753
	bbox = (938.7200, 2829.5720) - (938.7480, 2829.7000) on Layer M8
violation type: Min Width
	srcs: net:net95079
	bbox = (1102.4960, 703.6520) - (1102.5240, 703.7800) on Layer M8
violation type: Min Width
	srcs: net:spad/_03893_
	bbox = (1270.9440, 2690.2920) - (1270.9720, 2690.4200) on Layer M8
violation type: Min Width
	srcs: net:spad/_acc_mems_0_io_adder_op1_3_0\[22\]
	bbox = (1308.0640, 2472.6920) - (1308.0920, 2472.8200) on Layer M8
violation type: Min Width
	srcs: net:net135601
	bbox = (1322.7200, 2458.5320) - (1322.7480, 2458.6600) on Layer M8
violation type: Min Width
	srcs: net:net134688
	bbox = (1330.4640, 2448.8520) - (1330.4920, 2448.9800) on Layer M8
violation type: Min Width
	srcs: net:net135675
	bbox = (1344.2880, 2488.6120) - (1344.3160, 2488.7400) on Layer M8
violation type: Min Width
	srcs: net:net102005
	bbox = (1361.1200, 2418.1320) - (1361.1480, 2418.2600) on Layer M8
violation type: Min Width
	srcs: net:net91112
	bbox = (1376.2880, 2676.9320) - (1376.3160, 2677.0600) on Layer M8
violation type: Min Width
	srcs: net:net111658
	bbox = (1398.6880, 1411.8920) - (1398.7160, 1412.0200) on Layer M8
violation type: Min Width
	srcs: net:net91899
	bbox = (1413.5360, 2470.6920) - (1413.5640, 2470.8200) on Layer M8
violation type: Min Width
	srcs: net:clknet_10_406_0_clock
	bbox = (1444.4480, 2509.4120) - (1444.4760, 2509.5400) on Layer M8
violation type: Min Width
	srcs: net:net101894
	bbox = (1445.4080, 2630.9320) - (1445.4360, 2631.0600) on Layer M8
violation type: Min Width
	srcs: net:net135390
	bbox = (1453.6640, 2450.0520) - (1453.6920, 2450.1800) on Layer M8
violation type: Min Width
	srcs: net:net92115
	bbox = (1475.0400, 2675.8120) - (1475.0680, 2675.9400) on Layer M8
violation type: Min Width
	srcs: net:net91977
	bbox = (1481.8880, 2488.3720) - (1481.9160, 2488.5000) on Layer M8
violation type: Min Width
	srcs: net:spad/_acc_mems_1_io_adder_op1_5_0\[29\]
	bbox = (1481.4400, 2487.7320) - (1481.4680, 2487.8600) on Layer M8
violation type: Min Width
	srcs: net:net135245
	bbox = (1513.0560, 2456.0520) - (1513.0840, 2456.1800) on Layer M8
violation type: Min Width
	srcs: net:net93057
	bbox = (1520.8640, 2458.9320) - (1520.8920, 2459.0600) on Layer M8
violation type: Min Width
	srcs: net:net135019
	bbox = (1527.0080, 2637.8120) - (1527.0360, 2637.9400) on Layer M8
violation type: Min Width
	srcs: net:spad/_acc_mems_1_io_adder_op1_8_0\[13\]
	bbox = (1534.8160, 2503.6520) - (1534.8440, 2503.7800) on Layer M8
violation type: Min Width
	srcs: net:net27621
	bbox = (1542.1120, 1399.2520) - (1542.1400, 1399.3800) on Layer M8
violation type: Min Width
	srcs: net:net135304
	bbox = (1566.7520, 2441.9720) - (1566.7800, 2442.1000) on Layer M8
violation type: Min Width
	srcs: net:spad/_acc_mems_1_io_adder_op1_8_0\[14\]
	bbox = (1572.8320, 2502.1320) - (1572.8600, 2502.2600) on Layer M8
violation type: Min Width
	srcs: net:net117300
	bbox = (1581.0880, 2405.8920) - (1581.1160, 2406.0200) on Layer M8
violation type: Min Width
	srcs: net:net91273
	bbox = (1582.1120, 2457.3320) - (1582.1400, 2457.4600) on Layer M8
violation type: Min Width
	srcs: net:net27618
	bbox = (1725.8560, 1398.6120) - (1725.8840, 1398.7400) on Layer M8
violation type: Min Width
	srcs: net:spad/writer/_03246_
	bbox = (1769.1840, 2923.9720) - (1769.2120, 2924.1000) on Layer M8
violation type: Min Width
	srcs: net:ex_controller/mesh/mesh/mesh_4_5/tile_0_0/_0674_
	bbox = (2455.7120, 1404.7720) - (2455.7400, 1404.9000) on Layer M8
violation type: Min Width
	srcs: net:ex_controller/mesh/mesh/mesh_15_13/tile_0_0/_0804_
	bbox = (2608.1600, 2833.6520) - (2608.1880, 2833.7800) on Layer M8
violation type: Min Width
	srcs: net:net128008
	bbox = (2683.5520, 3159.5720) - (2683.5800, 3159.7000) on Layer M8
violation type: Min Width
	srcs: net:ex_controller/mesh/mesh/mesh_4_8/tile_0_0/_0246_
	bbox = (2759.8400, 1564.7720) - (2759.8680, 1564.9000) on Layer M8
violation type: Min Width
	srcs: net:net41540
	bbox = (508.3200, 1582.8520) - (508.3480, 1582.9800) on Layer M8
violation type: Min Width
	srcs: net:net23596
	bbox = (523.2960, 1703.7320) - (523.3240, 1703.8600) on Layer M8
violation type: Min Width
	srcs: net:net56138
	bbox = (530.9120, 1744.8520) - (530.9400, 1744.9800) on Layer M8
violation type: Min Width
	srcs: net:net62065
	bbox = (538.5280, 1818.3720) - (538.5560, 1818.5000) on Layer M8
violation type: Min Width
	srcs: net:net62065
	bbox = (536.8000, 1820.2120) - (536.8280, 1820.3400) on Layer M8
violation type: Min Width
	srcs: net:net23664
	bbox = (588.5120, 1696.4520) - (588.5400, 1696.5800) on Layer M8
violation type: Min Width
	srcs: net:net120447
	bbox = (686.8800, 1447.4920) - (686.9080, 1447.6200) on Layer M8
violation type: Min Width
	srcs: net:net59881
	bbox = (839.8400, 1441.3320) - (839.8680, 1441.4600) on Layer M8
violation type: Min Width
	srcs: net:mod/ld_weights/_019344_
	bbox = (883.8080, 1404.2920) - (883.8360, 1404.4200) on Layer M8
violation type: Min Width
	srcs: net:net29789
	bbox = (936.9320, 2846.2120) - (936.9600, 2846.3400) on Layer M8
violation type: Min Width
	srcs: net:net59302
	bbox = (1051.6800, 1681.7320) - (1051.7080, 1681.8600) on Layer M8
violation type: Min Width
	srcs: net:spad/acc_adders/_0300_
	bbox = (1285.0240, 2618.0520) - (1285.0520, 2618.1800) on Layer M8
violation type: Min Width
	srcs: net:spad/_acc_mems_0_io_adder_op1_14_0\[2\]
	bbox = (1308.5120, 2535.4920) - (1308.5400, 2535.6200) on Layer M8
violation type: Min Width
	srcs: net:spad/_acc_mems_0_io_adder_op1_14_0\[2\]
	bbox = (1323.3600, 2536.5320) - (1323.3880, 2536.6600) on Layer M8
violation type: Min Width
	srcs: net:net51840
	bbox = (1329.0560, 2665.0120) - (1329.0840, 2665.1400) on Layer M8
violation type: Min Width
	srcs: net:net139086
	bbox = (1345.1840, 2651.9720) - (1345.2120, 2652.1000) on Layer M8
violation type: Min Width
	srcs: net:net92995
	bbox = (1354.0800, 2490.6920) - (1354.1080, 2490.8200) on Layer M8
violation type: Min Width
	srcs: net:net93877
	bbox = (1352.1600, 2504.4520) - (1352.1880, 2504.5800) on Layer M8
violation type: Min Width
	srcs: net:net91993
	bbox = (1368.2880, 2492.8520) - (1368.3160, 2492.9800) on Layer M8
violation type: Min Width
	srcs: net:mod/_07140_
	bbox = (1481.3760, 622.4520) - (1481.4040, 622.5800) on Layer M8
violation type: Min Width
	srcs: net:net139183
	bbox = (1491.2960, 2444.8520) - (1491.3240, 2444.9800) on Layer M8
violation type: Min Width
	srcs: net:net108408
	bbox = (1495.3920, 2512.4520) - (1495.4200, 2512.5800) on Layer M8
violation type: Min Width
	srcs: net:net134748
	bbox = (1504.4800, 2455.0920) - (1504.5080, 2455.2200) on Layer M8
violation type: Min Width
	srcs: net:net139214
	bbox = (1550.4320, 2542.9320) - (1550.4600, 2543.0600) on Layer M8
violation type: Min Width
	srcs: net:net14097
	bbox = (1579.8080, 2482.4520) - (1579.8360, 2482.5800) on Layer M8
violation type: Min Width
	srcs: net:net55903
	bbox = (1587.6800, 2402.3720) - (1587.7080, 2402.5000) on Layer M8
violation type: Min Width
	srcs: net:net126913
	bbox = (1616.4800, 972.6920) - (1616.5080, 972.8200) on Layer M8
violation type: Min Width
	srcs: net:spad/acc_scale_unit/activated_data_e_scaled_muladder_7/mulAddRecFNToRaw_postMul/_0802_
	bbox = (1700.3200, 2135.0920) - (1700.3480, 2135.2200) on Layer M8
violation type: Min Width
	srcs: net:net26387
	bbox = (1738.4640, 1410.5320) - (1738.4920, 1410.6600) on Layer M8
violation type: Min Width
	srcs: net:ex_controller/mesh/mesh/mesh_11_0/tile_0_0/_0426_
	bbox = (1760.6720, 1320.4520) - (1760.7000, 1320.5800) on Layer M8
violation type: Min Width
	srcs: net:clknet_10_498_0_clock
	bbox = (1770.9120, 2968.6120) - (1770.9400, 2968.7400) on Layer M8
violation type: Min Width
	srcs: net:ex_controller/mesh/mesh_io_in_control_10_0_shift_r\[0\]
	bbox = (2488.9280, 722.9320) - (2488.9560, 723.0600) on Layer M8
violation type: Min Width
	srcs: net:net73971
	bbox = (2495.5200, 652.1320) - (2495.5480, 652.2600) on Layer M8
violation type: Min Width
	srcs: net:ex_controller/mesh/mesh/mesh_9_9/tile_0_0/_0820_
	bbox = (2675.4240, 2081.9720) - (2675.4520, 2082.1000) on Layer M8
violation type: Min Width
	srcs: net:ex_controller/mesh/mesh/mesh_13_12_io_in_control_0_shift_pipe_b\[4\]
	bbox = (2714.0800, 2685.7320) - (2714.1080, 2685.8600) on Layer M8
violation type: Min Width
	srcs: net:net23934
	bbox = (421.6000, 1699.1720) - (421.6280, 1699.3000) on Layer M8
violation type: Min Width
	srcs: net:net16873
	bbox = (465.3120, 1701.6520) - (465.3400, 1701.7800) on Layer M8
violation type: Min Width
	srcs: net:reservation_station/_40994_
	bbox = (474.6560, 1702.6920) - (474.6840, 1702.8200) on Layer M8
violation type: Min Width
	srcs: net:net24059
	bbox = (472.6080, 1701.5720) - (472.6360, 1701.7000) on Layer M8
violation type: Min Width
	srcs: net:reservation_station/_40983_
	bbox = (594.1440, 1707.0920) - (594.1720, 1707.2200) on Layer M8
violation type: Min Width
	srcs: net:net131211
	bbox = (662.7520, 1436.1320) - (662.7800, 1436.2600) on Layer M8
violation type: Min Width
	srcs: net:net16877
	bbox = (721.5680, 1701.7320) - (721.5960, 1701.8600) on Layer M8
violation type: Min Width
	srcs: net:net59665
	bbox = (842.5280, 1542.6120) - (842.5560, 1542.7400) on Layer M8
violation type: Min Width
	srcs: net:spad/reader/beatPacker/_08375_
	bbox = (925.3440, 2903.4120) - (925.3720, 2903.5400) on Layer M8
violation type: Min Width
	srcs: net:spad/vsm_1/in_bits_in_4\[1\]
	bbox = (1128.9920, 2298.7720) - (1129.0200, 2298.9000) on Layer M8
violation type: Min Width
	srcs: net:net101591
	bbox = (1280.0320, 2697.8920) - (1280.0600, 2698.0200) on Layer M8
violation type: Min Width
	srcs: net:net134505
	bbox = (1332.7680, 2434.6920) - (1332.7960, 2434.8200) on Layer M8
violation type: Min Width
	srcs: net:net134936
	bbox = (1335.5200, 2526.3720) - (1335.5480, 2526.5000) on Layer M8
violation type: Min Width
	srcs: net:net92975
	bbox = (1332.7040, 2540.6920) - (1332.7320, 2540.8200) on Layer M8
violation type: Min Width
	srcs: net:net135439
	bbox = (1359.1360, 2441.7320) - (1359.1640, 2441.8600) on Layer M8
violation type: Min Width
	srcs: net:net135676
	bbox = (1355.4240, 2662.4520) - (1355.4520, 2662.5800) on Layer M8
violation type: Min Width
	srcs: net:net134828
	bbox = (1366.6920, 2669.8920) - (1366.7200, 2670.0200) on Layer M8
violation type: Min Width
	srcs: net:spad/vsm_1/_0284_
	bbox = (1366.8160, 2676.7720) - (1366.8440, 2676.9000) on Layer M8
violation type: Min Width
	srcs: net:net108413
	bbox = (1370.6560, 2555.4120) - (1370.6840, 2555.5400) on Layer M8
violation type: Min Width
	srcs: net:net134757
	bbox = (1378.2720, 2661.7320) - (1378.3000, 2661.8600) on Layer M8
violation type: Min Width
	srcs: net:net92911
	bbox = (1388.7040, 2534.4520) - (1388.7320, 2534.5800) on Layer M8
violation type: Min Width
	srcs: net:spad/acc_mems_0/_0278_
	bbox = (1396.8320, 2456.6120) - (1396.8600, 2456.7400) on Layer M8
violation type: Min Width
	srcs: net:net20926
	bbox = (1394.3360, 2669.3320) - (1394.3640, 2669.4600) on Layer M8
violation type: Min Width
	srcs: net:spad/_acc_mems_0_io_adder_op1_9_0\[14\]
	bbox = (1409.7600, 2509.5720) - (1409.7880, 2509.7000) on Layer M8
violation type: Min Width
	srcs: net:net55621
	bbox = (1409.3760, 2510.0520) - (1409.4040, 2510.1800) on Layer M8
violation type: Min Width
	srcs: net:net134709
	bbox = (1416.0320, 2503.1720) - (1416.0600, 2503.3000) on Layer M8
violation type: Min Width
	srcs: net:net134833
	bbox = (1446.0480, 2496.9320) - (1446.0760, 2497.0600) on Layer M8
violation type: Min Width
	srcs: net:net8568
	bbox = (1464.2880, 2630.5320) - (1464.3160, 2630.6600) on Layer M8
violation type: Min Width
	srcs: net:net56638
	bbox = (1485.2160, 1427.8920) - (1485.2440, 1428.0200) on Layer M8
violation type: Min Width
	srcs: net:spad/_acc_mems_1_io_adder_op1_5_0\[1\]
	bbox = (1500.3200, 2474.3720) - (1500.3480, 2474.5000) on Layer M8
violation type: Min Width
	srcs: net:net91920
	bbox = (1545.6960, 2433.3320) - (1545.7240, 2433.4600) on Layer M8
violation type: Min Width
	srcs: net:net135019
	bbox = (1545.6320, 2637.4920) - (1545.6600, 2637.6200) on Layer M8
violation type: Min Width
	srcs: net:net134962
	bbox = (1561.8240, 2389.4120) - (1561.8520, 2389.5400) on Layer M8
violation type: Min Width
	srcs: net:net52704
	bbox = (1560.5440, 2477.9720) - (1560.5720, 2478.1000) on Layer M8
violation type: Min Width
	srcs: net:net8508
	bbox = (1574.8800, 2644.7720) - (1574.9080, 2644.9000) on Layer M8
violation type: Min Width
	srcs: net:net10330
	bbox = (1620.1280, 2435.0920) - (1620.1560, 2435.2200) on Layer M8
violation type: Min Width
	srcs: net:net55957
	bbox = (1729.5040, 2554.5320) - (1729.5320, 2554.6600) on Layer M8
violation type: Min Width
	srcs: net:ex_controller/mesh/mesh/mesh_11_4/tile_0_0/_0468_
	bbox = (1961.5040, 1790.9320) - (1961.5320, 1791.0600) on Layer M8
violation type: Min Width
	srcs: net:ex_controller/mesh/mesh/mesh_10_7/tile_0_0/_0266_
	bbox = (2391.7120, 2009.8120) - (2391.7400, 2009.9400) on Layer M8
violation type: Min Width
	srcs: net:ex_controller/mesh/mesh/mesh_15_11/tile_0_0/_0438_
	bbox = (2467.8080, 2592.0520) - (2467.8360, 2592.1800) on Layer M8
violation type: Min Width
	srcs: net:net73492
	bbox = (2505.3760, 717.1720) - (2505.4040, 717.3000) on Layer M8
violation type: Min Width
	srcs: net:ex_controller/mesh/mesh/mesh_13_15/tile_0_0/_0367_
	bbox = (2875.1040, 3100.6920) - (2875.1320, 3100.8200) on Layer M8
violation type: Min Width
	srcs: net:net114363
	bbox = (3087.2040, 1578.2120) - (3087.2320, 1578.3400) on Layer M8
violation type: Min Width
	srcs: net:mod_1/arb/_0726_
	bbox = (397.7920, 1176.8520) - (397.8200, 1176.9800) on Layer M8
violation type: Min Width
	srcs: net:net23579
	bbox = (464.2880, 1688.4520) - (464.3160, 1688.5800) on Layer M8
violation type: Min Width
	srcs: net:net45495
	bbox = (486.3040, 1712.5320) - (486.3320, 1712.6600) on Layer M8
violation type: Min Width
	srcs: net:net32202
	bbox = (502.4320, 1727.4920) - (502.4600, 1727.6200) on Layer M8
violation type: Min Width
	srcs: net:net29855
	bbox = (518.1120, 1703.6520) - (518.1400, 1703.7800) on Layer M8
violation type: Min Width
	srcs: net:net108859
	bbox = (585.5040, 1363.0920) - (585.5320, 1363.2200) on Layer M8
violation type: Min Width
	srcs: net:net120421
	bbox = (690.9120, 1411.8920) - (690.9400, 1412.0200) on Layer M8
violation type: Min Width
	srcs: net:net59786
	bbox = (1205.0240, 1712.7720) - (1205.0520, 1712.9000) on Layer M8
violation type: Min Width
	srcs: net:spad/_acc_mems_0_io_adder_op1_8_0\[11\]
	bbox = (1267.6160, 2664.6120) - (1267.6440, 2664.7400) on Layer M8
violation type: Min Width
	srcs: net:spad/_acc_mems_0_io_adder_op1_0_0\[6\]
	bbox = (1283.6160, 2446.3720) - (1283.6440, 2446.5000) on Layer M8
violation type: Min Width
	srcs: net:spad/_acc_mems_0_io_adder_op1_9_0\[11\]
	bbox = (1295.9680, 2635.3320) - (1295.9960, 2635.4600) on Layer M8
violation type: Min Width
	srcs: net:spad/_acc_mems_0_io_adder_op1_15_0\[16\]
	bbox = (1319.9680, 2453.7320) - (1319.9960, 2453.8600) on Layer M8
violation type: Min Width
	srcs: net:net8433
	bbox = (1341.2800, 2477.0120) - (1341.3080, 2477.1400) on Layer M8
violation type: Min Width
	srcs: net:net28157
	bbox = (1396.0640, 2444.0520) - (1396.0920, 2444.1800) on Layer M8
violation type: Min Width
	srcs: net:net135331
	bbox = (1397.0240, 2452.8520) - (1397.0520, 2452.9800) on Layer M8
violation type: Min Width
	srcs: net:net94107
	bbox = (1393.6960, 2663.1720) - (1393.7240, 2663.3000) on Layer M8
violation type: Min Width
	srcs: net:net84614
	bbox = (1401.9520, 600.6120) - (1401.9800, 600.7400) on Layer M8
violation type: Min Width
	srcs: net:mod/_28422_
	bbox = (1408.3520, 599.2520) - (1408.3800, 599.3800) on Layer M8
violation type: Min Width
	srcs: net:net134887
	bbox = (1423.3280, 2438.8520) - (1423.3560, 2438.9800) on Layer M8
violation type: Min Width
	srcs: net:net43653
	bbox = (1493.1520, 2543.7320) - (1493.1800, 2543.8600) on Layer M8
violation type: Min Width
	srcs: net:net108408
	bbox = (1499.4240, 2515.3320) - (1499.4520, 2515.4600) on Layer M8
violation type: Min Width
	srcs: net:net135540
	bbox = (1507.6800, 2505.4120) - (1507.7080, 2505.5400) on Layer M8
violation type: Min Width
	srcs: net:net52699
	bbox = (1524.9600, 2506.1320) - (1524.9880, 2506.2600) on Layer M8
violation type: Min Width
	srcs: net:spad/vsm_1/in_bits_in_10\[2\]
	bbox = (1540.7040, 2416.8520) - (1540.7320, 2416.9800) on Layer M8
violation type: Min Width
	srcs: net:net134799
	bbox = (1544.3520, 2672.6920) - (1544.3800, 2672.8200) on Layer M8
violation type: Min Width
	srcs: net:net117304
	bbox = (1560.2240, 2386.6120) - (1560.2520, 2386.7400) on Layer M8
violation type: Min Width
	srcs: net:net134462
	bbox = (1560.4800, 2469.2520) - (1560.5080, 2469.3800) on Layer M8
violation type: Min Width
	srcs: net:net139214
	bbox = (1569.5040, 2542.5320) - (1569.5320, 2542.6600) on Layer M8
violation type: Min Width
	srcs: net:spad/_acc_mems_1_io_adder_op1_2_0\[13\]
	bbox = (1582.8160, 2467.8120) - (1582.8440, 2467.9400) on Layer M8
violation type: Min Width
	srcs: net:spad/_acc_mems_1_io_adder_op1_2_0\[25\]
	bbox = (1582.1120, 2468.1320) - (1582.1400, 2468.2600) on Layer M8
violation type: Min Width
	srcs: net:net52169
	bbox = (1582.1800, 2542.8520) - (1582.2080, 2542.9800) on Layer M8
violation type: Min Width
	srcs: net:net92359
	bbox = (1582.8160, 2552.4520) - (1582.8440, 2552.5800) on Layer M8
violation type: Min Width
	srcs: net:ex_controller/mesh/mesh/mesh_12_0_io_in_control_0_shift_pipe_b\[2\]
	bbox = (1721.8920, 1395.5720) - (1721.9200, 1395.7000) on Layer M8
violation type: Min Width
	srcs: net:net134589
	bbox = (1743.4560, 2536.2120) - (1743.4840, 2536.3400) on Layer M8
violation type: Min Width
	srcs: net:spad/writer/_05022_
	bbox = (1756.6400, 2989.6520) - (1756.6680, 2989.7800) on Layer M8
violation type: Min Width
	srcs: net:spad/writer/_13165_
	bbox = (1756.0640, 2997.2520) - (1756.0920, 2997.3800) on Layer M8
violation type: Min Width
	srcs: net:net98441
	bbox = (1773.3440, 1699.4920) - (1773.3720, 1699.6200) on Layer M8
violation type: Min Width
	srcs: net:ex_controller/mesh/mesh/mesh_8_3/tile_0_0/_0325_
	bbox = (2175.7120, 1517.8920) - (2175.7400, 1518.0200) on Layer M8
violation type: Min Width
	srcs: net:net16338
	bbox = (2490.6560, 722.2920) - (2490.6840, 722.4200) on Layer M8
violation type: Min Width
	srcs: net:net73801
	bbox = (2491.5520, 729.9720) - (2491.5800, 730.1000) on Layer M8
violation type: Min Width
	srcs: net:ex_controller/mesh/mesh/mesh_11_9/tile_0_0/_0199_
	bbox = (2553.6320, 2224.6120) - (2553.6600, 2224.7400) on Layer M8
violation type: Min Width
	srcs: net:net63067
	bbox = (2936.4800, 1607.0120) - (2936.5080, 1607.1400) on Layer M8
violation type: Min Width
	srcs: net:ex_controller/mesh/mesh/mesh_4_11/tile_0_0/_0336_
	bbox = (3081.5680, 1706.5320) - (3081.5960, 1706.6600) on Layer M8
violation type: Min Width
	srcs: net:net105743
	bbox = (232.7360, 1904.0520) - (232.7640, 1904.1800) on Layer M8
violation type: Min Width
	srcs: net:net70054
	bbox = (476.4480, 1669.8920) - (476.4760, 1670.0200) on Layer M8
violation type: Min Width
	srcs: net:net30126
	bbox = (512.6080, 1669.9720) - (512.6360, 1670.1000) on Layer M8
violation type: Min Width
	srcs: net:net23970
	bbox = (513.8880, 1692.8520) - (513.9160, 1692.9800) on Layer M8
violation type: Min Width
	srcs: net:clknet_8_26_0_clock
	bbox = (557.2800, 1427.1720) - (557.3080, 1427.3000) on Layer M8
violation type: Min Width
	srcs: net:net108898
	bbox = (598.9440, 1404.6120) - (598.9720, 1404.7400) on Layer M8
violation type: Min Width
	srcs: net:net23754
	bbox = (680.6720, 1691.6520) - (680.7000, 1691.7800) on Layer M8
violation type: Min Width
	srcs: net:net39670
	bbox = (929.1240, 2871.8920) - (929.1520, 2872.0200) on Layer M8
violation type: Min Width
	srcs: net:net109754
	bbox = (936.8000, 1465.0120) - (936.8280, 1465.1400) on Layer M8
violation type: Min Width
	srcs: net:mod/ld_weights/_024980_
	bbox = (944.8640, 1465.9720) - (944.8920, 1466.1000) on Layer M8
violation type: Min Width
	srcs: net:net59931
	bbox = (1127.7120, 1684.8520) - (1127.7400, 1684.9800) on Layer M8
violation type: Min Width
	srcs: net:net98356
	bbox = (1180.7680, 1707.4120) - (1180.7960, 1707.5400) on Layer M8
violation type: Min Width
	srcs: net:net84662
	bbox = (1240.4160, 582.8520) - (1240.4440, 582.9800) on Layer M8
violation type: Min Width
	srcs: net:net55747
	bbox = (1277.0240, 2321.4120) - (1277.0520, 2321.5400) on Layer M8
violation type: Min Width
	srcs: net:net134504
	bbox = (1285.1520, 2411.2520) - (1285.1800, 2411.3800) on Layer M8
violation type: Min Width
	srcs: net:net51616
	bbox = (1284.1920, 2508.0520) - (1284.2200, 2508.1800) on Layer M8
violation type: Min Width
	srcs: net:net117174
	bbox = (1307.4240, 2411.5720) - (1307.4520, 2411.7000) on Layer M8
violation type: Min Width
	srcs: net:net93207
	bbox = (1306.8480, 2420.8520) - (1306.8760, 2420.9800) on Layer M8
violation type: Min Width
	srcs: net:net92814
	bbox = (1307.4240, 2494.2120) - (1307.4520, 2494.3400) on Layer M8
violation type: Min Width
	srcs: net:net51667
	bbox = (1308.9600, 2531.8120) - (1308.9880, 2531.9400) on Layer M8
violation type: Min Width
	srcs: net:spad/_acc_mems_0_io_adder_op1_9_0\[7\]
	bbox = (1324.2560, 2654.2920) - (1324.2840, 2654.4200) on Layer M8
violation type: Min Width
	srcs: net:spad/acc_scale_unit/activated_data_e_scaled_muladder_2/mulAddRecFNToRaw_postMul/_0388_
	bbox = (1343.7120, 1700.8520) - (1343.7400, 1700.9800) on Layer M8
violation type: Min Width
	srcs: net:spad/acc_mems_0/_0205_
	bbox = (1344.2880, 2442.6920) - (1344.3160, 2442.8200) on Layer M8
violation type: Min Width
	srcs: net:net94051
	bbox = (1354.9760, 2592.6120) - (1355.0040, 2592.7400) on Layer M8
violation type: Min Width
	srcs: net:net135480
	bbox = (1361.7600, 2511.4920) - (1361.7880, 2511.6200) on Layer M8
violation type: Min Width
	srcs: net:net94007
	bbox = (1360.6080, 2691.8120) - (1360.6360, 2691.9400) on Layer M8
violation type: Min Width
	srcs: net:net96559
	bbox = (1367.5840, 1527.8120) - (1367.6120, 1527.9400) on Layer M8
violation type: Min Width
	srcs: net:net135342
	bbox = (1367.7760, 2659.8920) - (1367.8040, 2660.0200) on Layer M8
violation type: Min Width
	srcs: net:net20787
	bbox = (1384.6720, 2517.5720) - (1384.7000, 2517.7000) on Layer M8
violation type: Min Width
	srcs: net:mod/_26511_
	bbox = (1390.6280, 565.4120) - (1390.6560, 565.5400) on Layer M8
violation type: Min Width
	srcs: net:net50433
	bbox = (1397.0240, 566.6920) - (1397.0520, 566.8200) on Layer M8
violation type: Min Width
	srcs: net:net94186
	bbox = (1398.4320, 2698.2920) - (1398.4600, 2698.4200) on Layer M8
violation type: Min Width
	srcs: net:net13524
	bbox = (1421.0240, 574.6920) - (1421.0520, 574.8200) on Layer M8
violation type: Min Width
	srcs: net:net119446
	bbox = (1429.9840, 2638.8520) - (1430.0120, 2638.9800) on Layer M8
violation type: Min Width
	srcs: net:net119446
	bbox = (1435.8080, 2638.9320) - (1435.8360, 2639.0600) on Layer M8
violation type: Min Width
	srcs: net:net91637
	bbox = (1442.9760, 2484.9320) - (1443.0040, 2485.0600) on Layer M8
violation type: Min Width
	srcs: net:net135653
	bbox = (1467.4880, 2410.4520) - (1467.5160, 2410.5800) on Layer M8
violation type: Min Width
	srcs: net:net71806
	bbox = (1473.6320, 634.3720) - (1473.6600, 634.5000) on Layer M8
violation type: Min Width
	srcs: net:ex_controller/mesh/mesh/mesh_14_0/tile_0_0/_0377_
	bbox = (1472.8640, 1481.1720) - (1472.8920, 1481.3000) on Layer M8
violation type: Min Width
	srcs: net:net134530
	bbox = (1481.4400, 2425.8120) - (1481.4680, 2425.9400) on Layer M8
violation type: Min Width
	srcs: net:net91425
	bbox = (1480.4800, 2509.7320) - (1480.5080, 2509.8600) on Layer M8
violation type: Min Width
	srcs: net:net134885
	bbox = (1505.8240, 2479.2520) - (1505.8520, 2479.3800) on Layer M8
violation type: Min Width
	srcs: net:net134765
	bbox = (1505.6320, 2652.2920) - (1505.6600, 2652.4200) on Layer M8
violation type: Min Width
	srcs: net:spad/_acc_mems_1_io_adder_op1_3_0\[11\]
	bbox = (1520.9920, 2653.1720) - (1521.0200, 2653.3000) on Layer M8
violation type: Min Width
	srcs: net:net93714
	bbox = (1525.2160, 2510.6920) - (1525.2440, 2510.8200) on Layer M8
violation type: Min Width
	srcs: net:net134732
	bbox = (1525.2800, 2653.2520) - (1525.3080, 2653.3800) on Layer M8
violation type: Min Width
	srcs: net:net91250
	bbox = (1541.0880, 2426.6120) - (1541.1160, 2426.7400) on Layer M8
violation type: Min Width
	srcs: net:spad/_acc_mems_1_io_adder_op1_0_0\[3\]
	bbox = (1542.3040, 2676.7720) - (1542.3320, 2676.9000) on Layer M8
violation type: Min Width
	srcs: net:net91622
	bbox = (1550.7520, 2651.5720) - (1550.7800, 2651.7000) on Layer M8
violation type: Min Width
	srcs: net:net135474
	bbox = (1548.6400, 2651.2520) - (1548.6680, 2651.3800) on Layer M8
violation type: Min Width
	srcs: net:net134462
	bbox = (1558.7520, 2470.5320) - (1558.7800, 2470.6600) on Layer M8
violation type: Min Width
	srcs: net:net91945
	bbox = (1571.6160, 2624.9320) - (1571.6440, 2625.0600) on Layer M8
violation type: Min Width
	srcs: net:net78375
	bbox = (1580.0640, 2645.3320) - (1580.0920, 2645.4600) on Layer M8
violation type: Min Width
	srcs: net:net134473
	bbox = (1593.8240, 2386.6120) - (1593.8520, 2386.7400) on Layer M8
violation type: Min Width
	srcs: net:net74258
	bbox = (1608.6720, 1404.9320) - (1608.7000, 1405.0600) on Layer M8
violation type: Min Width
	srcs: net:net59557
	bbox = (1684.3840, 1518.4520) - (1684.4120, 1518.5800) on Layer M8
violation type: Min Width
	srcs: net:spad/_acc_mems_1_io_adder_op1_11_0\[16\]
	bbox = (1693.5360, 2455.4120) - (1693.5640, 2455.5400) on Layer M8
violation type: Min Width
	srcs: net:net110611
	bbox = (1724.2560, 205.3320) - (1724.2840, 205.4600) on Layer M8
violation type: Min Width
	srcs: net:clknet_10_498_0_clock
	bbox = (1769.6320, 2970.2120) - (1769.6600, 2970.3400) on Layer M8
violation type: Min Width
	srcs: net:net44814
	bbox = (1776.6080, 2955.1720) - (1776.6360, 2955.3000) on Layer M8
violation type: Min Width
	srcs: net:net44782
	bbox = (1776.4160, 2970.2920) - (1776.4440, 2970.4200) on Layer M8
violation type: Min Width
	srcs: net:spad/writer/_09867_
	bbox = (1774.3680, 2970.6920) - (1774.3960, 2970.8200) on Layer M8
violation type: Min Width
	srcs: net:ex_controller/mesh/mesh/mesh_15_5/tile_0_0/_0763_
	bbox = (1783.4560, 1985.8920) - (1783.4840, 1986.0200) on Layer M8
violation type: Min Width
	srcs: net:net26567
	bbox = (1964.4480, 1699.4920) - (1964.4760, 1699.6200) on Layer M8
violation type: Min Width
	srcs: net:ex_controller/mesh/mesh/mesh_12_5/tile_0_0/_0402_
	bbox = (2017.3800, 1911.9720) - (2017.4080, 1912.1000) on Layer M8
violation type: Min Width
	srcs: net:net67995
	bbox = (2035.3600, 975.0920) - (2035.3880, 975.2200) on Layer M8
violation type: Min Width
	srcs: net:ex_controller/mesh/mesh/mesh_10_3/tile_0_0/_0336_
	bbox = (2070.3040, 1609.9720) - (2070.3320, 1610.1000) on Layer M8
violation type: Min Width
	srcs: net:ex_controller/mesh/mesh/mesh_14_9/tile_0_0/_0340_
	bbox = (2357.7920, 2366.1320) - (2357.8200, 2366.2600) on Layer M8
violation type: Min Width
	srcs: net:ex_controller/mesh/mesh/mesh_1_1/tile_0_0/_0210_
	bbox = (2486.1760, 719.8120) - (2486.2040, 719.9400) on Layer M8
violation type: Min Width
	srcs: net:ex_controller/mesh/mesh/mesh_10_9/tile_0_0/_0256_
	bbox = (2636.8960, 2162.8520) - (2636.9240, 2162.9800) on Layer M8
violation type: Min Width
	srcs: net:ex_controller/mesh/mesh/mesh_5_8/tile_0_0/_0483_
	bbox = (2712.7360, 1700.2920) - (2712.7640, 1700.4200) on Layer M8
violation type: Min Width
	srcs: net:ex_controller/mesh/mesh/mesh_5_9/tile_0_0/_0355_
	bbox = (2879.1360, 1753.1720) - (2879.1640, 1753.3000) on Layer M8
violation type: Min Width
	srcs: net:net95941
	bbox = (3121.6320, 1965.1720) - (3121.6600, 1965.3000) on Layer M8
violation type: Min Width
	srcs: net:net16872
	bbox = (362.7200, 1689.5720) - (362.7480, 1689.7000) on Layer M8
violation type: Min Width
	srcs: net:net23899
	bbox = (384.0320, 1690.9320) - (384.0600, 1691.0600) on Layer M8
violation type: Min Width
	srcs: net:reservation_station/_00570_
	bbox = (459.3600, 1810.6920) - (459.3880, 1810.8200) on Layer M8
violation type: Min Width
	srcs: net:net56894
	bbox = (467.7440, 2059.3320) - (467.7720, 2059.4600) on Layer M8
violation type: Min Width
	srcs: net:net45495
	bbox = (500.0640, 1712.7720) - (500.0920, 1712.9000) on Layer M8
violation type: Min Width
	srcs: net:net62219
	bbox = (520.3520, 1817.7320) - (520.3800, 1817.8600) on Layer M8
violation type: Min Width
	srcs: net:net81573
	bbox = (529.1840, 1287.4920) - (529.2120, 1287.6200) on Layer M8
violation type: Min Width
	srcs: net:mod_1/_00464_
	bbox = (528.0960, 1296.3720) - (528.1240, 1296.5000) on Layer M8
violation type: Min Width
	srcs: net:net75426
	bbox = (528.6720, 1887.8920) - (528.7000, 1888.0200) on Layer M8
violation type: Min Width
	srcs: net:mod_1/arb/_0387_
	bbox = (573.9200, 1295.4920) - (573.9480, 1295.6200) on Layer M8
violation type: Min Width
	srcs: net:spad/vsm/pipe_2/out_bits_data_muladder/mulAddRecFNToRaw_preMul/mainAlignedSigC\[8\]
	bbox = (701.7920, 2261.8920) - (701.8200, 2262.0200) on Layer M8
violation type: Min Width
	srcs: net:net58222
	bbox = (867.4880, 1432.4520) - (867.5160, 1432.5800) on Layer M8
violation type: Min Width
	srcs: net:spad/reader/beatPacker/_09128_
	bbox = (936.4160, 2852.5320) - (936.4440, 2852.6600) on Layer M8
violation type: Min Width
	srcs: net:net66436
	bbox = (1102.3040, 1702.4520) - (1102.3320, 1702.5800) on Layer M8
violation type: Min Width
	srcs: net:spad/reader/beatPacker/_17241_
	bbox = (1101.7280, 2899.5720) - (1101.7560, 2899.7000) on Layer M8
violation type: Min Width
	srcs: net:spad/_04059_
	bbox = (1263.3960, 2672.6120) - (1263.4240, 2672.7400) on Layer M8
violation type: Min Width
	srcs: net:net61803
	bbox = (1276.7040, 1402.2920) - (1276.7320, 1402.4200) on Layer M8
violation type: Min Width
	srcs: net:net83133
	bbox = (1284.5760, 609.9720) - (1284.6040, 610.1000) on Layer M8
violation type: Min Width
	srcs: net:net66754
	bbox = (1285.9200, 1402.2920) - (1285.9480, 1402.4200) on Layer M8
violation type: Min Width
	srcs: net:spad/_acc_mems_0_io_adder_op1_2_0\[18\]
	bbox = (1285.1520, 2428.1320) - (1285.1800, 2428.2600) on Layer M8
violation type: Min Width
	srcs: net:net78082
	bbox = (1285.2160, 2560.7720) - (1285.2440, 2560.9000) on Layer M8
violation type: Min Width
	srcs: net:net139285
	bbox = (1284.8320, 2657.0920) - (1284.8600, 2657.2200) on Layer M8
violation type: Min Width
	srcs: net:spad/_acc_mems_0_io_adder_op1_10_0\[9\]
	bbox = (1292.8960, 2513.4120) - (1292.9240, 2513.5400) on Layer M8
violation type: Min Width
	srcs: net:net93363
	bbox = (1290.5280, 2651.4120) - (1290.5560, 2651.5400) on Layer M8
violation type: Min Width
	srcs: net:net52640
	bbox = (1291.4880, 2647.4120) - (1291.5160, 2647.5400) on Layer M8
violation type: Min Width
	srcs: net:net101962
	bbox = (1292.9600, 2662.7720) - (1292.9880, 2662.9000) on Layer M8
violation type: Min Width
	srcs: net:spad/_acc_mems_0_io_adder_op1_5_0\[29\]
	bbox = (1307.6160, 2506.3720) - (1307.6440, 2506.5000) on Layer M8
violation type: Min Width
	srcs: net:spad/_acc_mems_0_io_adder_op1_11_0\[18\]
	bbox = (1306.9760, 2521.8120) - (1307.0040, 2521.9400) on Layer M8
violation type: Min Width
	srcs: net:net137744
	bbox = (1314.5920, 2519.2520) - (1314.6200, 2519.3800) on Layer M8
violation type: Min Width
	srcs: net:spad/_acc_mems_0_io_adder_op1_7_0\[0\]
	bbox = (1320.8640, 2438.4520) - (1320.8920, 2438.5800) on Layer M8
violation type: Min Width
	srcs: net:net94209
	bbox = (1324.1920, 2680.3720) - (1324.2200, 2680.5000) on Layer M8
violation type: Min Width
	srcs: net:net106114
	bbox = (1322.0160, 2757.2520) - (1322.0440, 2757.3800) on Layer M8
violation type: Min Width
	srcs: net:net77447
	bbox = (1338.9120, 2648.4520) - (1338.9400, 2648.5800) on Layer M8
violation type: Min Width
	srcs: net:net65882
	bbox = (1344.2880, 1492.1320) - (1344.3160, 1492.2600) on Layer M8
violation type: Min Width
	srcs: net:spad/_acc_mems_0_io_adder_op1_7_0\[10\]
	bbox = (1345.7600, 2499.2520) - (1345.7880, 2499.3800) on Layer M8
violation type: Min Width
	srcs: net:net101764
	bbox = (1344.8040, 2590.8520) - (1344.8320, 2590.9800) on Layer M8
violation type: Min Width
	srcs: net:net93643
	bbox = (1360.6720, 2620.8520) - (1360.7000, 2620.9800) on Layer M8
violation type: Min Width
	srcs: net:net94007
	bbox = (1361.3760, 2687.8920) - (1361.4040, 2688.0200) on Layer M8
violation type: Min Width
	srcs: net:net92646
	bbox = (1366.8160, 2596.7720) - (1366.8440, 2596.9000) on Layer M8
violation type: Min Width
	srcs: net:net93730
	bbox = (1367.2640, 2680.2920) - (1367.2920, 2680.4200) on Layer M8
violation type: Min Width
	srcs: net:net135342
	bbox = (1382.4360, 2662.6760) - (1382.4600, 2662.8040) on Layer M8
violation type: Min Width
	srcs: net:spad/acc_adders/m_6/_031_
	bbox = (1391.5240, 2498.1320) - (1391.5520, 2498.2600) on Layer M8
violation type: Min Width
	srcs: net:mod/_25680_
	bbox = (1404.0000, 585.8120) - (1404.0280, 585.9400) on Layer M8
violation type: Min Width
	srcs: net:net93116
	bbox = (1420.7680, 2604.2120) - (1420.7960, 2604.3400) on Layer M8
violation type: Min Width
	srcs: net:net71925
	bbox = (1430.2400, 652.6920) - (1430.2680, 652.8200) on Layer M8
violation type: Min Width
	srcs: net:net83181
	bbox = (1436.9600, 609.9720) - (1436.9880, 610.1000) on Layer M8
violation type: Min Width
	srcs: net:net14732
	bbox = (1434.4640, 2439.1720) - (1434.4920, 2439.3000) on Layer M8
violation type: Min Width
	srcs: net:net91321
	bbox = (1437.4080, 2473.4920) - (1437.4360, 2473.6200) on Layer M8
violation type: Min Width
	srcs: net:net135626
	bbox = (1444.5760, 2438.0520) - (1444.6040, 2438.1800) on Layer M8
violation type: Min Width
	srcs: net:net119179
	bbox = (1441.9520, 2588.0520) - (1441.9800, 2588.1800) on Layer M8
violation type: Min Width
	srcs: net:net135219
	bbox = (1464.8680, 2452.8520) - (1464.8960, 2452.9800) on Layer M8
violation type: Min Width
	srcs: net:net134469
	bbox = (1466.7200, 2565.5720) - (1466.7480, 2565.7000) on Layer M8
violation type: Min Width
	srcs: net:net93999
	bbox = (1464.6720, 2685.3320) - (1464.7000, 2685.4600) on Layer M8
violation type: Min Width
	srcs: net:mod/_27305_
	bbox = (1473.9520, 591.0920) - (1473.9800, 591.2200) on Layer M8
violation type: Min Width
	srcs: net:net8502
	bbox = (1489.3760, 2497.3320) - (1489.4040, 2497.4600) on Layer M8
violation type: Min Width
	srcs: net:spad/_acc_mems_1_io_adder_op1_5_0\[23\]
	bbox = (1490.9760, 2657.8920) - (1491.0040, 2658.0200) on Layer M8
violation type: Min Width
	srcs: net:net135475
	bbox = (1489.4400, 2656.5320) - (1489.4680, 2656.6600) on Layer M8
violation type: Min Width
	srcs: net:spad/acc_mems_1/_1839_
	bbox = (1517.5360, 2454.6920) - (1517.5640, 2454.8200) on Layer M8
violation type: Min Width
	srcs: net:net8420
	bbox = (1534.3040, 2506.3720) - (1534.3320, 2506.5000) on Layer M8
violation type: Min Width
	srcs: net:spad/_acc_mems_1_io_adder_op1_6_0\[7\]
	bbox = (1547.7440, 2655.1720) - (1547.7720, 2655.3000) on Layer M8
violation type: Min Width
	srcs: net:ex_controller/mesh/mesh/mesh_14_1/tile_0_0/_0262_
	bbox = (1558.6240, 1529.5720) - (1558.6520, 1529.7000) on Layer M8
violation type: Min Width
	srcs: net:net108244
	bbox = (1556.3840, 2628.6920) - (1556.4120, 2628.8200) on Layer M8
violation type: Min Width
	srcs: net:net8431
	bbox = (1562.8480, 2474.9320) - (1562.8760, 2475.0600) on Layer M8
violation type: Min Width
	srcs: net:net135481
	bbox = (1578.2720, 2416.1320) - (1578.3000, 2416.2600) on Layer M8
violation type: Min Width
	srcs: net:spad/_acc_mems_1_io_adder_op1_10_0\[29\]
	bbox = (1580.9000, 2534.5320) - (1580.9280, 2534.6600) on Layer M8
violation type: Min Width
	srcs: net:net108430
	bbox = (1579.4240, 2658.8520) - (1579.4520, 2658.9800) on Layer M8
violation type: Min Width
	srcs: net:spad/_acc_mems_1_io_adder_op1_2_0\[7\]
	bbox = (1580.8960, 2657.0920) - (1580.9240, 2657.2200) on Layer M8
violation type: Min Width
	srcs: net:net92152
	bbox = (1589.3440, 2513.3320) - (1589.3720, 2513.4600) on Layer M8
violation type: Min Width
	srcs: net:net14084
	bbox = (1585.3800, 2534.5320) - (1585.4080, 2534.6600) on Layer M8
violation type: Min Width
	srcs: net:net135084
	bbox = (1585.9520, 2541.8920) - (1585.9800, 2542.0200) on Layer M8
violation type: Min Width
	srcs: net:net93839
	bbox = (1693.9840, 2664.0520) - (1694.0120, 2664.1800) on Layer M8
violation type: Min Width
	srcs: net:mod/ld_input/_03534_
	bbox = (1723.3600, 238.2920) - (1723.3880, 238.4200) on Layer M8
violation type: Min Width
	srcs: net:net42218
	bbox = (1759.5240, 2996.1320) - (1759.5520, 2996.2600) on Layer M8
violation type: Min Width
	srcs: net:net38396
	bbox = (1782.6240, 3002.6920) - (1782.6520, 3002.8200) on Layer M8
violation type: Min Width
	srcs: net:clknet_10_498_0_clock
	bbox = (1784.4800, 3003.6520) - (1784.5080, 3003.7800) on Layer M8
violation type: Min Width
	srcs: net:spad/writer/_00049_
	bbox = (1785.1840, 3002.7720) - (1785.2120, 3002.9000) on Layer M8
violation type: Min Width
	srcs: net:ex_controller/mesh/mesh/mesh_9_0/tile_0_0/_0256_
	bbox = (1837.7280, 1205.0120) - (1837.7560, 1205.1400) on Layer M8
violation type: Min Width
	srcs: net:ex_controller/mesh/mesh/mesh_12_4/tile_0_0/_0246_
	bbox = (1860.1280, 1817.5720) - (1860.1560, 1817.7000) on Layer M8
violation type: Min Width
	srcs: net:ex_controller/mesh/mesh/mesh_12_3/tile_0_0/_0286_
	bbox = (1873.4400, 1704.7720) - (1873.4680, 1704.9000) on Layer M8
violation type: Min Width
	srcs: net:ex_controller/_05547_
	bbox = (2138.0800, 645.4920) - (2138.1080, 645.6200) on Layer M8
violation type: Min Width
	srcs: net:net79355
	bbox = (2139.0400, 728.5320) - (2139.0680, 728.6600) on Layer M8
violation type: Min Width
	srcs: net:net113630
	bbox = (2138.7840, 932.1320) - (2138.8120, 932.2600) on Layer M8
violation type: Min Width
	srcs: net:spad/acc_scale_unit/activated_data_e_scaled_muladder_9/mulAddRecFNToRaw_postMul/_1259_
	bbox = (2138.9120, 2468.4520) - (2138.9400, 2468.5800) on Layer M8
violation type: Min Width
	srcs: net:spad/acc_scale_unit/activated_data_e_scaled_muladder_10/_0007_
	bbox = (2160.1600, 2673.8120) - (2160.1880, 2673.9400) on Layer M8
violation type: Min Width
	srcs: net:ex_controller/mesh/mesh/mesh_8_3/tile_0_0/_0820_
	bbox = (2183.2640, 1531.0920) - (2183.2920, 1531.2200) on Layer M8
violation type: Min Width
	srcs: net:ex_controller/mesh/mesh/mesh_6_3/tile_0_0/_0383_
	bbox = (2206.8800, 1370.6920) - (2206.9080, 1370.8200) on Layer M8
violation type: Min Width
	srcs: net:spad/acc_scale_unit/activated_data_e_scaled_muladder_10/roundRawFNToRecFN/roundAnyRawFNToRecFN/_0217_
	bbox = (2260.1280, 2619.1720) - (2260.1560, 2619.3000) on Layer M8
violation type: Min Width
	srcs: net:ex_controller/mesh/mesh/mesh_5_4/tile_0_0/_0653_
	bbox = (2313.8880, 1440.5320) - (2313.9160, 1440.6600) on Layer M8
violation type: Min Width
	srcs: net:net98459
	bbox = (2312.4160, 1691.0920) - (2312.4440, 1691.2200) on Layer M8
violation type: Min Width
	srcs: net:ex_controller/mesh/mesh/mesh_9_6/tile_0_0/_0286_
	bbox = (2379.4880, 1854.2120) - (2379.5160, 1854.3400) on Layer M8
violation type: Min Width
	srcs: net:spad/acc_scale_unit/activated_data_e_scaled_rec_fn_to_in_12/_0164_
	bbox = (2412.4520, 2689.2520) - (2412.4800, 2689.3800) on Layer M8
violation type: Min Width
	srcs: net:ex_controller/mesh/mesh/mesh_1_1/tile_0_0/_0314_
	bbox = (2472.6720, 731.2520) - (2472.7000, 731.3800) on Layer M8
violation type: Min Width
	srcs: net:ex_controller/mesh/mesh/mesh_6_0/tile_0_0/_0199_
	bbox = (2485.2800, 849.3320) - (2485.3080, 849.4600) on Layer M8
violation type: Min Width
	srcs: net:net73611
	bbox = (2501.9840, 654.6120) - (2502.0120, 654.7400) on Layer M8
violation type: Min Width
	srcs: net:net16008
	bbox = (2515.4880, 1691.3320) - (2515.5160, 1691.4600) on Layer M8
violation type: Min Width
	srcs: net:ex_controller/mesh/mesh/mesh_1_5/tile_0_0/_0417_
	bbox = (2556.6400, 1196.9320) - (2556.6680, 1197.0600) on Layer M8
violation type: Min Width
	srcs: net:ex_controller/mesh/mesh/mesh_0_2/tile_0_0/_0426_
	bbox = (2564.0640, 880.6920) - (2564.0920, 880.8200) on Layer M8
violation type: Min Width
	srcs: net:ex_controller/mesh/mesh/mesh_15_13/tile_0_0/_0336_
	bbox = (2607.7120, 2832.9320) - (2607.7400, 2833.0600) on Layer M8
violation type: Min Width
	srcs: net:ex_controller/mesh/mesh/mesh_0_6/tile_0_0/_0240_
	bbox = (2698.4000, 1009.6520) - (2698.4280, 1009.7800) on Layer M8
violation type: Min Width
	srcs: net:ex_controller/mesh/mesh/mesh_5_8/tile_0_0/_0199_
	bbox = (2727.3920, 1690.2120) - (2727.4200, 1690.3400) on Layer M8
violation type: Min Width
	srcs: net:net105140
	bbox = (2766.7520, 3162.7720) - (2766.7800, 3162.9000) on Layer M8
violation type: Min Width
	srcs: net:ex_controller/mesh/mesh/mesh_0_12/tile_0_0/_0056_
	bbox = (3152.0320, 1150.5320) - (3152.0600, 1150.6600) on Layer M8
violation type: Min Width
	srcs: net:net40344
	bbox = (443.4880, 1687.0920) - (443.5160, 1687.2200) on Layer M8
violation type: Min Width
	srcs: net:net45266
	bbox = (455.5200, 1815.9720) - (455.5480, 1816.1000) on Layer M8
violation type: Min Width
	srcs: net:net57589
	bbox = (478.3680, 1709.2520) - (478.3960, 1709.3800) on Layer M8
violation type: Min Width
	srcs: net:net102843
	bbox = (523.9360, 1389.4120) - (523.9640, 1389.5400) on Layer M8
violation type: Min Width
	srcs: net:net131377
	bbox = (523.6160, 1442.8520) - (523.6440, 1442.9800) on Layer M8
violation type: Min Width
	srcs: net:net45096
	bbox = (541.0880, 1769.8920) - (541.1160, 1770.0200) on Layer M8
violation type: Min Width
	srcs: net:net37494
	bbox = (636.7680, 1572.2120) - (636.7960, 1572.3400) on Layer M8
violation type: Min Width
	srcs: net:net8776
	bbox = (746.4000, 2631.1720) - (746.4280, 2631.3000) on Layer M8
violation type: Min Width
	srcs: net:net66896
	bbox = (768.9920, 1435.4120) - (769.0200, 1435.5400) on Layer M8
violation type: Min Width
	srcs: net:mod/ld_weights/_042903_
	bbox = (843.4880, 1224.6920) - (843.5160, 1224.8200) on Layer M8
violation type: Min Width
	srcs: net:net37597
	bbox = (865.1840, 1686.6120) - (865.2120, 1686.7400) on Layer M8
violation type: Min Width
	srcs: net:net29030
	bbox = (955.6160, 2903.4920) - (955.6440, 2903.6200) on Layer M8
violation type: Min Width
	srcs: net:net50260
	bbox = (1017.1840, 678.3720) - (1017.2120, 678.5000) on Layer M8
violation type: Min Width
	srcs: net:net98469
	bbox = (1053.6640, 1701.4120) - (1053.6920, 1701.5400) on Layer M8
violation type: Min Width
	srcs: net:spad/acc_scale_unit/activated_data_e_scaled_muladder/_0015_
	bbox = (1076.0640, 2138.8520) - (1076.0920, 2138.9800) on Layer M8
violation type: Min Width
	srcs: net:spad/_vsm_in_q_1_io_deq_bits_in_11\[22\]
	bbox = (1101.6640, 2652.8520) - (1101.6920, 2652.9800) on Layer M8
violation type: Min Width
	srcs: net:net94578
	bbox = (1124.3840, 725.1720) - (1124.4120, 725.3000) on Layer M8
violation type: Min Width
	srcs: net:net90475
	bbox = (1177.1840, 1685.8120) - (1177.2120, 1685.9400) on Layer M8
violation type: Min Width
	srcs: net:net101756
	bbox = (1287.3280, 2495.5720) - (1287.3560, 2495.7000) on Layer M8
violation type: Min Width
	srcs: net:net77380
	bbox = (1294.3680, 2684.6120) - (1294.3960, 2684.7400) on Layer M8
violation type: Min Width
	srcs: net:net35134
	bbox = (1305.2480, 2450.3720) - (1305.2760, 2450.5000) on Layer M8
violation type: Min Width
	srcs: net:net135603
	bbox = (1318.4320, 2645.0920) - (1318.4600, 2645.2200) on Layer M8
violation type: Min Width
	srcs: net:net51856
	bbox = (1334.3680, 2531.4920) - (1334.3960, 2531.6200) on Layer M8
violation type: Min Width
	srcs: net:net82571
	bbox = (1363.3600, 1209.3320) - (1363.3880, 1209.4600) on Layer M8
violation type: Min Width
	srcs: net:net93792
	bbox = (1365.4720, 2533.3320) - (1365.5000, 2533.4600) on Layer M8
violation type: Min Width
	srcs: net:net93022
	bbox = (1371.1680, 2602.1320) - (1371.1960, 2602.2600) on Layer M8
violation type: Min Width
	srcs: net:net94143
	bbox = (1378.9760, 2683.6520) - (1379.0040, 2683.7800) on Layer M8
violation type: Min Width
	srcs: net:net84000
	bbox = (1400.2240, 602.4520) - (1400.2520, 602.5800) on Layer M8
violation type: Min Width
	srcs: net:mod/_05343_
	bbox = (1417.2480, 642.4520) - (1417.2760, 642.5800) on Layer M8
violation type: Min Width
	srcs: net:net91321
	bbox = (1430.5600, 2473.4120) - (1430.5880, 2473.5400) on Layer M8
violation type: Min Width
	srcs: net:net95014
	bbox = (1440.9280, 642.0520) - (1440.9560, 642.1800) on Layer M8
violation type: Min Width
	srcs: net:net134463
	bbox = (1439.9680, 2410.1320) - (1439.9960, 2410.2600) on Layer M8
violation type: Min Width
	srcs: net:net101766
	bbox = (1470.4960, 2410.5320) - (1470.5240, 2410.6600) on Layer M8
violation type: Min Width
	srcs: net:net134421
	bbox = (1469.6640, 2471.9720) - (1469.6920, 2472.1000) on Layer M8
violation type: Min Width
	srcs: net:net130998
	bbox = (1484.3200, 967.4120) - (1484.3480, 967.5400) on Layer M8
violation type: Min Width
	srcs: net:net134628
	bbox = (1501.4080, 2396.8520) - (1501.4360, 2396.9800) on Layer M8
violation type: Min Width
	srcs: net:net134720
	bbox = (1506.6560, 2502.2920) - (1506.6840, 2502.4200) on Layer M8
violation type: Min Width
	srcs: net:net134756
	bbox = (1515.6160, 2456.7720) - (1515.6440, 2456.9000) on Layer M8
violation type: Min Width
	srcs: net:net134824
	bbox = (1523.5520, 2456.0520) - (1523.5800, 2456.1800) on Layer M8
violation type: Min Width
	srcs: net:net101940
	bbox = (1521.8240, 2690.9320) - (1521.8520, 2691.0600) on Layer M8
violation type: Min Width
	srcs: net:net91683
	bbox = (1532.1280, 2435.4120) - (1532.1560, 2435.5400) on Layer M8
violation type: Min Width
	srcs: net:net91380
	bbox = (1529.2480, 2485.4120) - (1529.2760, 2485.5400) on Layer M8
violation type: Min Width
	srcs: net:net135564
	bbox = (1543.9040, 2424.5320) - (1543.9320, 2424.6600) on Layer M8
violation type: Min Width
	srcs: net:net134742
	bbox = (1547.7440, 2494.2120) - (1547.7720, 2494.3400) on Layer M8
violation type: Min Width
	srcs: net:net135627
	bbox = (1545.0560, 2623.8920) - (1545.0840, 2624.0200) on Layer M8
violation type: Min Width
	srcs: net:net91902
	bbox = (1559.7760, 2403.4120) - (1559.8040, 2403.5400) on Layer M8
violation type: Min Width
	srcs: net:net14040
	bbox = (1560.4800, 2493.4120) - (1560.5080, 2493.5400) on Layer M8
violation type: Min Width
	srcs: net:net91888
	bbox = (1559.2000, 2511.4120) - (1559.2280, 2511.5400) on Layer M8
violation type: Min Width
	srcs: net:net8531
	bbox = (1567.0720, 2411.5720) - (1567.1000, 2411.7000) on Layer M8
violation type: Min Width
	srcs: net:net91566
	bbox = (1575.4560, 2397.3320) - (1575.4840, 2397.4600) on Layer M8
violation type: Min Width
	srcs: net:spad/_acc_mems_1_io_adder_op1_0_0\[29\]
	bbox = (1575.3920, 2458.2120) - (1575.4200, 2458.3400) on Layer M8
violation type: Min Width
	srcs: net:net93828
	bbox = (1576.3520, 2517.0920) - (1576.3800, 2517.2200) on Layer M8
violation type: Min Width
	srcs: net:net91934
	bbox = (1584.7360, 2441.1720) - (1584.7640, 2441.3000) on Layer M8
violation type: Min Width
	srcs: net:spad/acc_scale_unit/pipe_out_p/_17433_
	bbox = (1585.1200, 2532.1320) - (1585.1480, 2532.2600) on Layer M8
violation type: Min Width
	srcs: net:spad/acc_scale_unit/pipe_out_p/_17424_
	bbox = (1584.4800, 2555.6520) - (1584.5080, 2555.7800) on Layer M8
violation type: Min Width
	srcs: net:net91569
	bbox = (1582.2400, 2563.6520) - (1582.2680, 2563.7800) on Layer M8
violation type: Min Width
	srcs: net:net16018
	bbox = (1706.0800, 1687.1720) - (1706.1080, 1687.3000) on Layer M8
violation type: Min Width
	srcs: net:net14227
	bbox = (1721.5040, 2525.2520) - (1721.5320, 2525.3800) on Layer M8
violation type: Min Width
	srcs: net:ex_controller/mesh/mesh/mesh_15_5/tile_0_0/_0367_
	bbox = (1793.2520, 1981.1720) - (1793.2800, 1981.3000) on Layer M8
violation type: Min Width
	srcs: net:net73504
	bbox = (1808.5440, 559.0920) - (1808.5720, 559.2200) on Layer M8
violation type: Min Width
	srcs: net:ex_controller/mesh/mesh/mesh_9_1/tile_0_0/_0204_
	bbox = (1960.3520, 1322.6120) - (1960.3800, 1322.7400) on Layer M8
violation type: Min Width
	srcs: net:ex_controller/mesh/mesh/mesh_11_3/tile_0_0/_0827_
	bbox = (1984.3520, 1662.0520) - (1984.3800, 1662.1800) on Layer M8
violation type: Min Width
	srcs: net:ex_controller/mesh/mesh/mesh_8_1/tile_0_0/_0399_
	bbox = (2006.1760, 1268.6920) - (2006.2040, 1268.8200) on Layer M8
violation type: Min Width
	srcs: net:ex_controller/mesh/mesh/mesh_7_0/tile_0_0/_0843_
	bbox = (2164.3240, 950.2120) - (2164.3520, 950.3400) on Layer M8
violation type: Min Width
	srcs: net:ex_controller/mesh/mesh/mesh_12_7/tile_0_0/_0827_
	bbox = (2194.9760, 2109.0920) - (2195.0040, 2109.2200) on Layer M8
violation type: Min Width
	srcs: net:net95784
	bbox = (2209.4400, 1368.4520) - (2209.4680, 1368.5800) on Layer M8
violation type: Min Width
	srcs: net:ex_controller/mesh/mesh/mesh_6_3/tile_0_0/_0452_
	bbox = (2210.3360, 1366.4520) - (2210.3640, 1366.5800) on Layer M8
violation type: Min Width
	srcs: net:net95295
	bbox = (2239.4560, 747.8120) - (2239.4840, 747.9400) on Layer M8
violation type: Min Width
	srcs: net:net16626
	bbox = (2485.0880, 726.2920) - (2485.1160, 726.4200) on Layer M8
violation type: Min Width
	srcs: net:ex_controller/mesh/mesh/mesh_1_5/tile_0_0/_0495_
	bbox = (2565.8560, 1187.6520) - (2565.8840, 1187.7800) on Layer M8
violation type: Min Width
	srcs: net:ex_controller/mesh/mesh/mesh_4_7/tile_0_0/_0454_
	bbox = (2688.0960, 1517.1720) - (2688.1240, 1517.3000) on Layer M8
violation type: Min Width
	srcs: net:ex_controller/mesh/mesh/mesh_14_15/tile_0_0/_0030_
	bbox = (2776.9280, 3151.1720) - (2776.9560, 3151.3000) on Layer M8
violation type: Min Width
	srcs: net:ex_controller/mesh/mesh/mesh_3_9/tile_0_0/_0402_
	bbox = (2936.0960, 1452.9320) - (2936.1240, 1453.0600) on Layer M8
violation type: Min Width
	srcs: net:ex_controller/mesh/mesh/mesh_0_12/tile_0_0/_0210_
	bbox = (3148.2560, 1169.4120) - (3148.2840, 1169.5400) on Layer M8
violation type: Min Width
	srcs: net:net70512
	bbox = (3215.3280, 1881.4120) - (3215.3560, 1881.5400) on Layer M8
violation type: Min Width
	srcs: net:net128902
	bbox = (292.5120, 1892.6920) - (292.5400, 1892.8200) on Layer M8
violation type: Min Width
	srcs: net:net29189
	bbox = (427.6800, 1826.5320) - (427.7080, 1826.6600) on Layer M8
violation type: Min Width
	srcs: net:net108630
	bbox = (432.5440, 1350.8520) - (432.5720, 1350.9800) on Layer M8
violation type: Min Width
	srcs: net:net37331
	bbox = (441.5040, 1691.3320) - (441.5320, 1691.4600) on Layer M8
violation type: Min Width
	srcs: net:net42682
	bbox = (455.2640, 1810.3720) - (455.2920, 1810.5000) on Layer M8
violation type: Min Width
	srcs: net:net32202
	bbox = (486.3680, 1726.7720) - (486.3960, 1726.9000) on Layer M8
violation type: Min Width
	srcs: net:net75097
	bbox = (515.5520, 1823.6520) - (515.5800, 1823.7800) on Layer M8
violation type: Min Width
	srcs: net:net40446
	bbox = (540.5760, 1726.7720) - (540.6040, 1726.9000) on Layer M8
violation type: Min Width
	srcs: net:net120364
	bbox = (639.0080, 1456.2920) - (639.0360, 1456.4200) on Layer M8
violation type: Min Width
	srcs: net:reservation_station/_39716_
	bbox = (660.6400, 1811.9720) - (660.6680, 1812.1000) on Layer M8
violation type: Min Width
	srcs: net:spad/_01562_
	bbox = (668.9600, 1438.2920) - (668.9880, 1438.4200) on Layer M8
violation type: Min Width
	srcs: net:net108986
	bbox = (773.2800, 433.8920) - (773.3080, 434.0200) on Layer M8
violation type: Min Width
	srcs: net:net137119
	bbox = (810.8480, 1697.2520) - (810.8760, 1697.3800) on Layer M8
violation type: Min Width
	srcs: net:net61805
	bbox = (827.3600, 1400.5320) - (827.3880, 1400.6600) on Layer M8
violation type: Min Width
	srcs: net:spad/reader/beatPacker/_08845_
	bbox = (917.8560, 2837.2520) - (917.8840, 2837.3800) on Layer M8
violation type: Min Width
	srcs: net:net100754
	bbox = (924.4480, 2704.1320) - (924.4760, 2704.2600) on Layer M8
violation type: Min Width
	srcs: net:spad/reader/beatPacker/_09127_
	bbox = (935.3920, 2847.0920) - (935.4200, 2847.2200) on Layer M8
violation type: Min Width
	srcs: net:net28682
	bbox = (935.2640, 2854.8520) - (935.2920, 2854.9800) on Layer M8
violation type: Min Width
	srcs: net:net123240
	bbox = (942.9440, 1151.4120) - (942.9720, 1151.5400) on Layer M8
violation type: Min Width
	srcs: net:net109958
	bbox = (1105.5040, 1092.4520) - (1105.5320, 1092.5800) on Layer M8
violation type: Min Width
	srcs: net:net66558
	bbox = (1107.7440, 1440.6120) - (1107.7720, 1440.7400) on Layer M8
violation type: Min Width
	srcs: net:net59869
	bbox = (1128.9920, 1404.0520) - (1129.0200, 1404.1800) on Layer M8
violation type: Min Width
	srcs: net:net65648
	bbox = (1130.4640, 1536.1320) - (1130.4920, 1536.2600) on Layer M8
violation type: Min Width
	srcs: net:net60335
	bbox = (1167.7760, 1402.9320) - (1167.8040, 1403.0600) on Layer M8
violation type: Min Width
	srcs: net:net30080
	bbox = (1167.5840, 2437.3320) - (1167.6120, 2437.4600) on Layer M8
violation type: Min Width
	srcs: net:net125058
	bbox = (1220.7680, 350.2920) - (1220.7960, 350.4200) on Layer M8
violation type: Min Width
	srcs: net:net91176
	bbox = (1226.4640, 2409.4920) - (1226.4920, 2409.6200) on Layer M8
violation type: Min Width
	srcs: net:net8412
	bbox = (1286.8160, 2685.5720) - (1286.8440, 2685.7000) on Layer M8
violation type: Min Width
	srcs: net:net118569
	bbox = (1295.3280, 2436.1320) - (1295.3560, 2436.2600) on Layer M8
violation type: Min Width
	srcs: net:spad/_acc_mems_0_io_adder_op1_8_0\[31\]
	bbox = (1295.5200, 2657.6520) - (1295.5480, 2657.7800) on Layer M8
violation type: Min Width
	srcs: net:net14716
	bbox = (1304.0960, 2431.8920) - (1304.1240, 2432.0200) on Layer M8
violation type: Min Width
	srcs: net:net92762
	bbox = (1320.8640, 2431.2520) - (1320.8920, 2431.3800) on Layer M8
violation type: Min Width
	srcs: net:net94039
	bbox = (1325.9840, 2678.3720) - (1326.0120, 2678.5000) on Layer M8
violation type: Min Width
	srcs: net:net94119
	bbox = (1336.0320, 2640.8520) - (1336.0600, 2640.9800) on Layer M8
violation type: Min Width
	srcs: net:net135403
	bbox = (1340.0000, 2435.7320) - (1340.0280, 2435.8600) on Layer M8
violation type: Min Width
	srcs: net:net134753
	bbox = (1343.1360, 2529.3320) - (1343.1640, 2529.4600) on Layer M8
violation type: Min Width
	srcs: net:net91428
	bbox = (1356.2560, 2398.7720) - (1356.2840, 2398.9000) on Layer M8
violation type: Min Width
	srcs: net:net93945
	bbox = (1354.9120, 2436.2920) - (1354.9400, 2436.4200) on Layer M8
violation type: Min Width
	srcs: net:net135675
	bbox = (1364.1280, 2491.6520) - (1364.1560, 2491.7800) on Layer M8
violation type: Min Width
	srcs: net:net135190
	bbox = (1387.0400, 2694.6920) - (1387.0680, 2694.8200) on Layer M8
violation type: Min Width
	srcs: net:mod/_26511_
	bbox = (1392.5440, 564.2920) - (1392.5720, 564.4200) on Layer M8
violation type: Min Width
	srcs: net:spad/acc_adders/m_6/_090_
	bbox = (1396.4480, 2477.0120) - (1396.4760, 2477.1400) on Layer M8
violation type: Min Width
	srcs: net:net91441
	bbox = (1396.5120, 2490.6920) - (1396.5400, 2490.8200) on Layer M8
violation type: Min Width
	srcs: net:net94149
	bbox = (1393.2480, 2671.2520) - (1393.2760, 2671.3800) on Layer M8
violation type: Min Width
	srcs: net:mod/_06827_
	bbox = (1408.8640, 631.0920) - (1408.8920, 631.2200) on Layer M8
violation type: Min Width
	srcs: net:spad/acc_adders/_0497_
	bbox = (1410.7200, 2572.3720) - (1410.7480, 2572.5000) on Layer M8
violation type: Min Width
	srcs: net:spad/acc_mems_0/_0128_
	bbox = (1408.4160, 2574.4520) - (1408.4440, 2574.5800) on Layer M8
violation type: Min Width
	srcs: net:net121817
	bbox = (1416.0960, 616.8520) - (1416.1240, 616.9800) on Layer M8
violation type: Min Width
	srcs: net:net134759
	bbox = (1426.6560, 2566.1320) - (1426.6840, 2566.2600) on Layer M8
violation type: Min Width
	srcs: net:net135167
	bbox = (1423.0760, 2704.0520) - (1423.1040, 2704.1800) on Layer M8
violation type: Min Width
	srcs: net:mod/_06507_
	bbox = (1439.4560, 640.2920) - (1439.4840, 640.4200) on Layer M8
violation type: Min Width
	srcs: net:net93165
	bbox = (1445.8560, 2482.5320) - (1445.8840, 2482.6600) on Layer M8
violation type: Min Width
	srcs: net:net91929
	bbox = (1446.5600, 2492.2120) - (1446.5880, 2492.3400) on Layer M8
violation type: Min Width
	srcs: net:net119481
	bbox = (1455.2640, 2640.0520) - (1455.2920, 2640.1800) on Layer M8
violation type: Min Width
	srcs: net:net91856
	bbox = (1470.0480, 2443.5720) - (1470.0760, 2443.7000) on Layer M8
violation type: Min Width
	srcs: net:net135592
	bbox = (1468.5760, 2498.4520) - (1468.6040, 2498.5800) on Layer M8
violation type: Min Width
	srcs: net:spad/acc_mems_1/_0270_
	bbox = (1479.4560, 2530.0520) - (1479.4840, 2530.1800) on Layer M8
violation type: Min Width
	srcs: net:ex_controller/mesh/mesh/mesh_14_0/tile_0_0/_0052_
	bbox = (1485.1520, 1483.9720) - (1485.1800, 1484.1000) on Layer M8
violation type: Min Width
	srcs: net:net42098
	bbox = (1485.1520, 1486.6120) - (1485.1800, 1486.7400) on Layer M8
violation type: Min Width
	srcs: net:net92078
	bbox = (1485.6000, 2438.0520) - (1485.6280, 2438.1800) on Layer M8
violation type: Min Width
	srcs: net:net135089
	bbox = (1501.3440, 2452.2920) - (1501.3720, 2452.4200) on Layer M8
violation type: Min Width
	srcs: net:spad/acc_scale_unit/activated_data_e_scaled_muladder_3/_0035_
	bbox = (1523.7440, 1879.9720) - (1523.7720, 1880.1000) on Layer M8
violation type: Min Width
	srcs: net:net91592
	bbox = (1523.4240, 2499.9720) - (1523.4520, 2500.1000) on Layer M8
violation type: Min Width
	srcs: net:net91185
	bbox = (1524.3200, 2498.6120) - (1524.3480, 2498.7400) on Layer M8
violation type: Min Width
	srcs: net:clknet_8_103_0_clock
	bbox = (1523.8720, 2519.7320) - (1523.9000, 2519.8600) on Layer M8
violation type: Min Width
	srcs: net:net91856
	bbox = (1529.8880, 2446.3720) - (1529.9160, 2446.5000) on Layer M8
violation type: Min Width
	srcs: net:spad/_acc_mems_1_io_adder_op1_6_0\[9\]
	bbox = (1530.4640, 2489.3320) - (1530.4920, 2489.4600) on Layer M8
violation type: Min Width
	srcs: net:net97289
	bbox = (1528.6760, 2708.6120) - (1528.7040, 2708.7400) on Layer M8
violation type: Min Width
	srcs: net:net60723
	bbox = (1537.0560, 2377.5720) - (1537.0840, 2377.7000) on Layer M8
violation type: Min Width
	srcs: net:spad/_acc_mems_1_io_adder_op1_3_0\[7\]
	bbox = (1538.1440, 2640.2920) - (1538.1720, 2640.4200) on Layer M8
violation type: Min Width
	srcs: net:spad/_acc_mems_1_io_adder_op1_8_0\[4\]
	bbox = (1560.8640, 2453.6520) - (1560.8920, 2453.7800) on Layer M8
violation type: Min Width
	srcs: net:net91646
	bbox = (1560.4160, 2566.6920) - (1560.4440, 2566.8200) on Layer M8
violation type: Min Width
	srcs: net:net78374
	bbox = (1568.7360, 2461.1720) - (1568.7640, 2461.3000) on Layer M8
violation type: Min Width
	srcs: net:net124509
	bbox = (1575.5200, 386.9320) - (1575.5480, 387.0600) on Layer M8
violation type: Min Width
	srcs: net:spad/acc_adders/_0393_
	bbox = (1575.9040, 2445.2520) - (1575.9320, 2445.3800) on Layer M8
violation type: Min Width
	srcs: net:net92150
	bbox = (1577.7600, 2484.0520) - (1577.7880, 2484.1800) on Layer M8
violation type: Min Width
	srcs: net:net93079
	bbox = (1583.8400, 2407.5720) - (1583.8680, 2407.7000) on Layer M8
violation type: Min Width
	srcs: net:spad/_acc_mems_1_io_adder_op1_9_0\[20\]
	bbox = (1582.4960, 2454.1320) - (1582.5240, 2454.2600) on Layer M8
violation type: Min Width
	srcs: net:net101877
	bbox = (1584.6080, 2461.2520) - (1584.6360, 2461.3800) on Layer M8
violation type: Min Width
	srcs: net:spad/_acc_mems_1_io_adder_op1_8_0\[22\]
	bbox = (1582.4960, 2504.8520) - (1582.5240, 2504.9800) on Layer M8
violation type: Min Width
	srcs: net:net133966
	bbox = (1589.9840, 382.2920) - (1590.0120, 382.4200) on Layer M8
violation type: Min Width
	srcs: net:net92041
	bbox = (1614.3040, 2446.4520) - (1614.3320, 2446.5800) on Layer M8
violation type: Min Width
	srcs: net:net92472
	bbox = (1612.5760, 2686.2120) - (1612.6040, 2686.3400) on Layer M8
violation type: Min Width
	srcs: net:spad/_acc_mems_1_io_adder_op1_13_0\[15\]
	bbox = (1619.5520, 2711.4920) - (1619.5800, 2711.6200) on Layer M8
violation type: Min Width
	srcs: net:net15979
	bbox = (1711.5200, 1698.4520) - (1711.5480, 1698.5800) on Layer M8
violation type: Min Width
	srcs: net:net125656
	bbox = (1727.5200, 675.8120) - (1727.5480, 675.9400) on Layer M8
violation type: Min Width
	srcs: net:net98391
	bbox = (1744.0960, 1687.5720) - (1744.1240, 1687.7000) on Layer M8
violation type: Min Width
	srcs: net:net12563
	bbox = (1748.7680, 2968.9320) - (1748.7960, 2969.0600) on Layer M8
violation type: Min Width
	srcs: net:ex_controller/mesh/mesh/mesh_15_5/tile_0_0/_0426_
	bbox = (1780.7040, 1976.2120) - (1780.7320, 1976.3400) on Layer M8
violation type: Min Width
	srcs: net:net12549
	bbox = (1779.7440, 2912.8520) - (1779.7720, 2912.9800) on Layer M8
violation type: Min Width
	srcs: net:ex_controller/mesh/mesh/mesh_12_3/tile_0_0/_0695_
	bbox = (1871.7760, 1713.7320) - (1871.8040, 1713.8600) on Layer M8
violation type: Min Width
	srcs: net:net66980
	bbox = (1878.6880, 1712.8520) - (1878.7160, 1712.9800) on Layer M8
violation type: Min Width
	srcs: net:ex_controller/mesh/mesh/mesh_14_5/tile_0_0/_0203_
	bbox = (1879.9040, 1968.0520) - (1879.9320, 1968.1800) on Layer M8
violation type: Min Width
	srcs: net:net26386
	bbox = (1907.9360, 1407.8920) - (1907.9640, 1408.0200) on Layer M8
violation type: Min Width
	srcs: net:ex_controller/mesh/mesh/mesh_7_0/tile_0_0/_0286_
	bbox = (2023.8440, 987.9720) - (2023.8720, 988.1000) on Layer M8
violation type: Min Width
	srcs: net:net99740
	bbox = (2042.8480, 495.4920) - (2042.8760, 495.6200) on Layer M8
violation type: Min Width
	srcs: net:net7309
	bbox = (2135.0720, 2475.4120) - (2135.1000, 2475.5400) on Layer M8
violation type: Min Width
	srcs: net:net79358
	bbox = (2149.6000, 707.4920) - (2149.6280, 707.6200) on Layer M8
violation type: Min Width
	srcs: net:spad/acc_scale_unit/activated_data_e_scaled_muladder_9/mulAddRecFNToRaw_postMul/_0766_
	bbox = (2149.2200, 2458.3720) - (2149.2480, 2458.5000) on Layer M8
violation type: Min Width
	srcs: net:net116959
	bbox = (2346.1440, 773.8920) - (2346.1720, 774.0200) on Layer M8
violation type: Min Width
	srcs: net:net26458
	bbox = (2361.1840, 1689.9720) - (2361.2120, 1690.1000) on Layer M8
violation type: Min Width
	srcs: net:ex_controller/mesh/mesh/mesh_3_4/tile_0_0/_0278_
	bbox = (2392.7360, 1320.4520) - (2392.7640, 1320.5800) on Layer M8
violation type: Min Width
	srcs: net:ex_controller/mesh/mesh/mesh_11_8/tile_0_0/_0534_
	bbox = (2391.9680, 2135.7320) - (2391.9960, 2135.8600) on Layer M8
violation type: Min Width
	srcs: net:ex_controller/mesh/mesh/_11825_
	bbox = (2467.2320, 2602.0520) - (2467.2600, 2602.1800) on Layer M8
violation type: Min Width
	srcs: net:net26877
	bbox = (2543.0720, 1690.1320) - (2543.1000, 1690.2600) on Layer M8
violation type: Min Width
	srcs: net:ex_controller/mesh/mesh/mesh_11_10/tile_0_0/_0246_
	bbox = (2634.0840, 2339.8120) - (2634.1120, 2339.9400) on Layer M8
violation type: Min Width
	srcs: net:ex_controller/mesh/mesh/mesh_0_6/tile_0_0/_0060_
	bbox = (2708.7040, 1008.9320) - (2708.7320, 1009.0600) on Layer M8
violation type: Min Width
	srcs: net:ex_controller/mesh/mesh/mesh_5_9/tile_0_0/_0256_
	bbox = (2869.3440, 1749.8120) - (2869.3720, 1749.9400) on Layer M8
violation type: Min Width
	srcs: net:ex_controller/mesh/mesh/mesh_3_10/tile_0_0/_0296_
	bbox = (3026.9760, 1509.6520) - (3027.0040, 1509.7800) on Layer M8
violation type: Min Width
	srcs: net:ex_controller/mesh/mesh/mesh_7_14_io_in_control_0_shift_pipe_b\[3\]
	bbox = (3245.4720, 2469.4120) - (3245.5000, 2469.5400) on Layer M8
violation type: Min Width
	srcs: net:net118793
	bbox = (262.8800, 2418.0520) - (262.9080, 2418.1800) on Layer M8
violation type: Min Width
	srcs: net:net70704
	bbox = (307.6160, 1278.1320) - (307.6440, 1278.2600) on Layer M8
violation type: Min Width
	srcs: net:net119796
	bbox = (324.3200, 1404.1320) - (324.3480, 1404.2600) on Layer M8
violation type: Min Width
	srcs: net:net128988
	bbox = (362.9760, 1897.5720) - (363.0040, 1897.7000) on Layer M8
violation type: Min Width
	srcs: net:net24113
	bbox = (415.1360, 1399.7320) - (415.1640, 1399.8600) on Layer M8
violation type: Min Width
	srcs: net:reservation_station/_34961_
	bbox = (430.6240, 1813.4120) - (430.6520, 1813.5400) on Layer M8
violation type: Min Width
	srcs: net:reservation_station/_35169_
	bbox = (429.5360, 1812.7720) - (429.5640, 1812.9000) on Layer M8
violation type: Min Width
	srcs: net:net45653
	bbox = (443.9360, 1807.0120) - (443.9640, 1807.1400) on Layer M8
violation type: Min Width
	srcs: net:net53007
	bbox = (450.7840, 1676.2920) - (450.8120, 1676.4200) on Layer M8
violation type: Min Width
	srcs: net:mod_1/_ex_io_i\[6\]
	bbox = (483.1680, 1418.4520) - (483.1960, 1418.5800) on Layer M8
violation type: Min Width
	srcs: net:net23913
	bbox = (481.5040, 1489.6520) - (481.5320, 1489.7800) on Layer M8
violation type: Min Width
	srcs: net:mod_1/stC_spad/_2286_
	bbox = (491.8080, 1426.0520) - (491.8360, 1426.1800) on Layer M8
violation type: Min Width
	srcs: net:net33538
	bbox = (490.0800, 1684.7720) - (490.1080, 1684.9000) on Layer M8
violation type: Min Width
	srcs: net:net45107
	bbox = (491.5520, 1716.1320) - (491.5800, 1716.2600) on Layer M8
violation type: Min Width
	srcs: net:net42682
	bbox = (490.4640, 1813.5720) - (490.4920, 1813.7000) on Layer M8
violation type: Min Width
	srcs: net:net75174
	bbox = (513.7600, 1814.3720) - (513.7880, 1814.5000) on Layer M8
violation type: Min Width
	srcs: net:net23630
	bbox = (528.1600, 1701.6520) - (528.1880, 1701.7800) on Layer M8
violation type: Min Width
	srcs: net:net40466
	bbox = (534.5600, 1660.2920) - (534.5880, 1660.4200) on Layer M8
violation type: Min Width
	srcs: net:net37379
	bbox = (535.5840, 1867.4920) - (535.6120, 1867.6200) on Layer M8
violation type: Min Width
	srcs: net:net70772
	bbox = (543.9680, 1223.0120) - (543.9960, 1223.1400) on Layer M8
violation type: Min Width
	srcs: net:mod_1/_01079_
	bbox = (543.8400, 1233.1720) - (543.8680, 1233.3000) on Layer M8
violation type: Min Width
	srcs: net:net70772
	bbox = (544.2880, 1254.3720) - (544.3160, 1254.5000) on Layer M8
violation type: Min Width
	srcs: net:mod_1/ex/_07188_
	bbox = (544.0960, 1390.8520) - (544.1240, 1390.9800) on Layer M8
violation type: Min Width
	srcs: net:spad/vsm/pipe/out_bits_data_muladder/mulAddRecFNToRaw_postMul/_0540_
	bbox = (558.0480, 2319.7320) - (558.0760, 2319.8600) on Layer M8
violation type: Min Width
	srcs: net:net81671
	bbox = (564.3240, 1276.7720) - (564.3520, 1276.9000) on Layer M8
violation type: Min Width
	srcs: net:net102792
	bbox = (564.3840, 1404.2120) - (564.4120, 1404.3400) on Layer M8
violation type: Min Width
	srcs: net:net61951
	bbox = (564.5760, 1708.9320) - (564.6040, 1709.0600) on Layer M8
violation type: Min Width
	srcs: net:net75554
	bbox = (573.3440, 1820.4520) - (573.3720, 1820.5800) on Layer M8
violation type: Min Width
	srcs: net:net131603
	bbox = (588.1280, 1230.8520) - (588.1560, 1230.9800) on Layer M8
violation type: Min Width
	srcs: net:net131246
	bbox = (589.6640, 1254.4520) - (589.6920, 1254.5800) on Layer M8
violation type: Min Width
	srcs: net:net75600
	bbox = (587.2320, 1820.4520) - (587.2600, 1820.5800) on Layer M8
violation type: Min Width
	srcs: net:net75600
	bbox = (587.6800, 1829.6520) - (587.7080, 1829.7800) on Layer M8
violation type: Min Width
	srcs: net:net75645
	bbox = (595.9360, 1799.6520) - (595.9640, 1799.7800) on Layer M8
violation type: Min Width
	srcs: net:net131107
	bbox = (604.0640, 1459.4920) - (604.0920, 1459.6200) on Layer M8
violation type: Min Width
	srcs: net:mod_1/ldA/_00887_
	bbox = (634.4640, 988.4520) - (634.4920, 988.5800) on Layer M8
violation type: Min Width
	srcs: net:mod_1/ex/_01242_
	bbox = (634.3360, 1406.4520) - (634.3640, 1406.5800) on Layer M8
violation type: Min Width
	srcs: net:clknet_3_0_0_clock
	bbox = (642.9120, 1707.3320) - (642.9400, 1707.4600) on Layer M8
violation type: Min Width
	srcs: net:net10925
	bbox = (665.9520, 1110.7720) - (665.9800, 1110.9000) on Layer M8
violation type: Min Width
	srcs: net:mod_1/ex/_03700_
	bbox = (679.4560, 1414.5320) - (679.4840, 1414.6600) on Layer M8
violation type: Min Width
	srcs: net:net31300
	bbox = (696.0320, 2260.2120) - (696.0600, 2260.3400) on Layer M8
violation type: Min Width
	srcs: net:net17004
	bbox = (724.2560, 1692.9320) - (724.2840, 1693.0600) on Layer M8
violation type: Min Width
	srcs: net:net23815
	bbox = (741.2800, 1404.0520) - (741.3080, 1404.1800) on Layer M8
violation type: Min Width
	srcs: net:net7591
	bbox = (739.2360, 2614.6920) - (739.2640, 2614.8200) on Layer M8
violation type: Min Width
	srcs: net:net12032
	bbox = (821.9200, 1297.8920) - (821.9480, 1298.0200) on Layer M8
violation type: Min Width
	srcs: net:net17298
	bbox = (890.2080, 1397.4920) - (890.2360, 1397.6200) on Layer M8
violation type: Min Width
	srcs: net:net40088
	bbox = (898.0160, 2123.1720) - (898.0440, 2123.3000) on Layer M8
violation type: Min Width
	srcs: net:mod/st/_20504_
	bbox = (907.8080, 369.6520) - (907.8360, 369.7800) on Layer M8
violation type: Min Width
	srcs: net:net66557
	bbox = (906.2720, 1436.2920) - (906.3000, 1436.4200) on Layer M8
violation type: Min Width
	srcs: net:net106896
	bbox = (907.8720, 2645.0120) - (907.9000, 2645.1400) on Layer M8
violation type: Min Width
	srcs: net:net98405
	bbox = (920.4160, 1699.2520) - (920.4440, 1699.3800) on Layer M8
violation type: Min Width
	srcs: net:spad/reader/beatPacker/_07852_
	bbox = (920.2920, 2895.8920) - (920.3200, 2896.0200) on Layer M8
violation type: Min Width
	srcs: net:net118495
	bbox = (919.7760, 2894.9320) - (919.8040, 2895.0600) on Layer M8
violation type: Min Width
	srcs: net:spad/reader/beatPacker/_00221_
	bbox = (929.1200, 2757.9720) - (929.1480, 2758.1000) on Layer M8
violation type: Min Width
	srcs: net:spad/reader/beatPacker/_09301_
	bbox = (928.4160, 2895.4120) - (928.4440, 2895.5400) on Layer M8
violation type: Min Width
	srcs: net:net123192
	bbox = (937.5680, 1406.5320) - (937.5960, 1406.6600) on Layer M8
violation type: Min Width
	srcs: net:net29789
	bbox = (935.9040, 2834.3720) - (935.9320, 2834.5000) on Layer M8
violation type: Min Width
	srcs: net:spad/reader/beatPacker/_08826_
	bbox = (935.0080, 2842.5320) - (935.0360, 2842.6600) on Layer M8
violation type: Min Width
	srcs: net:net28649
	bbox = (945.8880, 2826.9320) - (945.9160, 2827.0600) on Layer M8
violation type: Min Width
	srcs: net:net28603
	bbox = (942.8160, 2833.8120) - (942.8440, 2833.9400) on Layer M8
violation type: Min Width
	srcs: net:net28606
	bbox = (966.9440, 2864.1320) - (966.9720, 2864.2600) on Layer M8
violation type: Min Width
	srcs: net:net100731
	bbox = (968.5440, 2865.8120) - (968.5720, 2865.9400) on Layer M8
violation type: Min Width
	srcs: net:net61495
	bbox = (974.3040, 2411.9720) - (974.3320, 2412.1000) on Layer M8
violation type: Min Width
	srcs: net:spad/reader/beatPacker/_11172_
	bbox = (972.5760, 2855.9720) - (972.6040, 2856.1000) on Layer M8
violation type: Min Width
	srcs: net:spad/reader/beatPacker/_11909_
	bbox = (989.3440, 2858.0520) - (989.3720, 2858.1800) on Layer M8
violation type: Min Width
	srcs: net:net111008
	bbox = (1011.1040, 709.8920) - (1011.1320, 710.0200) on Layer M8
violation type: Min Width
	srcs: net:net64765
	bbox = (1012.9600, 753.0920) - (1012.9880, 753.2200) on Layer M8
violation type: Min Width
	srcs: net:net123191
	bbox = (1012.1280, 1429.1720) - (1012.1560, 1429.3000) on Layer M8
violation type: Min Width
	srcs: net:mod/_09494_
	bbox = (1019.4240, 687.8120) - (1019.4520, 687.9400) on Layer M8
violation type: Min Width
	srcs: net:net94607
	bbox = (1035.3600, 617.6520) - (1035.3880, 617.7800) on Layer M8
violation type: Min Width
	srcs: net:spad/_write_issue_q_io_deq_bits_laddr_data\[8\]
	bbox = (1036.4480, 2048.4520) - (1036.4760, 2048.5800) on Layer M8
violation type: Min Width
	srcs: net:net10207
	bbox = (1050.4640, 1449.0120) - (1050.4920, 1449.1400) on Layer M8
violation type: Min Width
	srcs: net:net66564
	bbox = (1097.0560, 1441.5720) - (1097.0840, 1441.7000) on Layer M8
violation type: Min Width
	srcs: net:net44803
	bbox = (1102.6240, 2900.2120) - (1102.6520, 2900.3400) on Layer M8
violation type: Min Width
	srcs: net:mod/ld_weights/_064814_
	bbox = (1117.9840, 1071.7320) - (1118.0120, 1071.8600) on Layer M8
violation type: Min Width
	srcs: net:mod/arb/_0697_
	bbox = (1125.3440, 695.8920) - (1125.3720, 696.0200) on Layer M8
violation type: Min Width
	srcs: net:net59869
	bbox = (1126.4960, 1398.9320) - (1126.5240, 1399.0600) on Layer M8
violation type: Min Width
	srcs: net:net50376
	bbox = (1133.1520, 688.3720) - (1133.1800, 688.5000) on Layer M8
violation type: Min Width
	srcs: net:net29078
	bbox = (1141.2160, 2471.5720) - (1141.2440, 2471.7000) on Layer M8
violation type: Min Width
	srcs: net:net60335
	bbox = (1147.3600, 1404.0520) - (1147.3880, 1404.1800) on Layer M8
violation type: Min Width
	srcs: net:net66395
	bbox = (1161.6960, 1404.8520) - (1161.7240, 1404.9800) on Layer M8
violation type: Min Width
	srcs: net:ex_controller/_mesh_io_tags_in_progress_1_addr_data\[1\]
	bbox = (1163.0400, 1675.4920) - (1163.0680, 1675.6200) on Layer M8
violation type: Min Width
	srcs: net:net137051
	bbox = (1172.1920, 2514.6920) - (1172.2200, 2514.8200) on Layer M8
violation type: Min Width
	srcs: net:net111000
	bbox = (1207.7120, 437.4120) - (1207.7400, 437.5400) on Layer M8
violation type: Min Width
	srcs: net:net67017
	bbox = (1208.7360, 1534.5320) - (1208.7640, 1534.6600) on Layer M8
violation type: Min Width
	srcs: net:net134245
	bbox = (1214.7520, 453.9720) - (1214.7800, 454.1000) on Layer M8
violation type: Min Width
	srcs: net:mod/_30273_
	bbox = (1246.1760, 581.9720) - (1246.2040, 582.1000) on Layer M8
violation type: Min Width
	srcs: net:net135324
	bbox = (1245.0240, 2321.0120) - (1245.0520, 2321.1400) on Layer M8
violation type: Min Width
	srcs: net:spad/acc_adders/_0229_
	bbox = (1269.4720, 2441.2520) - (1269.5000, 2441.3800) on Layer M8
violation type: Min Width
	srcs: net:spad/_acc_mems_0_io_adder_op1_15_0\[31\]
	bbox = (1269.5360, 2668.8520) - (1269.5640, 2668.9800) on Layer M8
violation type: Min Width
	srcs: net:spad/_acc_mems_0_io_adder_op1_12_0\[11\]
	bbox = (1269.9840, 2677.3320) - (1270.0120, 2677.4600) on Layer M8
violation type: Min Width
	srcs: net:net108384
	bbox = (1284.2560, 2419.8120) - (1284.2840, 2419.9400) on Layer M8
violation type: Min Width
	srcs: net:net134846
	bbox = (1293.0880, 2418.9320) - (1293.1160, 2419.0600) on Layer M8
violation type: Min Width
	srcs: net:mod/_01632_
	bbox = (1313.8880, 589.8920) - (1313.9160, 590.0200) on Layer M8
violation type: Min Width
	srcs: net:net51639
	bbox = (1314.1440, 2518.6120) - (1314.1720, 2518.7400) on Layer M8
violation type: Min Width
	srcs: net:net101991
	bbox = (1315.4240, 2540.2120) - (1315.4520, 2540.3400) on Layer M8
violation type: Min Width
	srcs: net:net125848
	bbox = (1321.8240, 982.9320) - (1321.8520, 983.0600) on Layer M8
violation type: Min Width
	srcs: net:net102059
	bbox = (1323.8080, 2601.5720) - (1323.8360, 2601.7000) on Layer M8
violation type: Min Width
	srcs: net:net93482
	bbox = (1329.8240, 2613.4120) - (1329.8520, 2613.5400) on Layer M8
violation type: Min Width
	srcs: net:net8456
	bbox = (1330.4000, 2742.5320) - (1330.4280, 2742.6600) on Layer M8
violation type: Min Width
	srcs: net:mod/ld_bias/_01871_
	bbox = (1344.0960, 407.4920) - (1344.1240, 407.6200) on Layer M8
violation type: Min Width
	srcs: net:spad/_acc_mems_0_io_adder_op1_3_0\[14\]
	bbox = (1344.7360, 2471.5720) - (1344.7640, 2471.7000) on Layer M8
violation type: Min Width
	srcs: net:net10248
	bbox = (1361.5680, 1412.6120) - (1361.5960, 1412.7400) on Layer M8
violation type: Min Width
	srcs: net:net134861
	bbox = (1359.3920, 2425.2520) - (1359.4200, 2425.3800) on Layer M8
violation type: Min Width
	srcs: net:net8638
	bbox = (1361.5680, 2480.4520) - (1361.5960, 2480.5800) on Layer M8
violation type: Min Width
	srcs: net:net91966
	bbox = (1359.7760, 2563.1720) - (1359.8040, 2563.3000) on Layer M8
violation type: Min Width
	srcs: net:net84398
	bbox = (1368.3520, 604.8520) - (1368.3800, 604.9800) on Layer M8
violation type: Min Width
	srcs: net:ex_controller/mesh/mesh/mesh_15_0/tile_0_0/_0256_
	bbox = (1366.9440, 1520.1320) - (1366.9720, 1520.2600) on Layer M8
violation type: Min Width
	srcs: net:ex_controller/mesh/mesh/mesh_15_0/tile_0_0/_0400_
	bbox = (1367.7760, 1534.2120) - (1367.8040, 1534.3400) on Layer M8
violation type: Min Width
	srcs: net:net35146
	bbox = (1366.3680, 2681.4920) - (1366.3960, 2681.6200) on Layer M8
violation type: Min Width
	srcs: net:ex_controller/mesh/mesh/mesh_15_0/tile_0_0/_0286_
	bbox = (1374.6240, 1519.4920) - (1374.6520, 1519.6200) on Layer M8
violation type: Min Width
	srcs: net:clknet_2_1_4_clock
	bbox = (1381.7280, 2631.9720) - (1381.7560, 2632.1000) on Layer M8
violation type: Min Width
	srcs: net:net93655
	bbox = (1391.3280, 2631.2520) - (1391.3560, 2631.3800) on Layer M8
violation type: Min Width
	srcs: net:net94168
	bbox = (1391.8400, 2682.2920) - (1391.8680, 2682.4200) on Layer M8
violation type: Min Width
	srcs: net:mod/_29215_
	bbox = (1398.6880, 648.8520) - (1398.7160, 648.9800) on Layer M8
violation type: Min Width
	srcs: net:spad/_acc_mems_0_io_adder_op1_12_0\[2\]
	bbox = (1396.6400, 2568.0520) - (1396.6680, 2568.1800) on Layer M8
violation type: Min Width
	srcs: net:net119495
	bbox = (1398.1760, 2593.5720) - (1398.2040, 2593.7000) on Layer M8
violation type: Min Width
	srcs: net:net84650
	bbox = (1405.2800, 582.4520) - (1405.3080, 582.5800) on Layer M8
violation type: Min Width
	srcs: net:mod/_28391_
	bbox = (1405.1560, 580.8520) - (1405.1840, 580.9800) on Layer M8
violation type: Min Width
	srcs: net:mod/_25689_
	bbox = (1406.1120, 632.9320) - (1406.1400, 633.0600) on Layer M8
violation type: Min Width
	srcs: net:net71845
	bbox = (1412.1920, 619.3320) - (1412.2200, 619.4600) on Layer M8
violation type: Min Width
	srcs: net:net93637
	bbox = (1414.1120, 2669.1720) - (1414.1400, 2669.3000) on Layer M8
violation type: Min Width
	srcs: net:mod/_25858_
	bbox = (1420.8960, 587.2520) - (1420.9240, 587.3800) on Layer M8
violation type: Min Width
	srcs: net:mod/_26473_
	bbox = (1421.2160, 609.4120) - (1421.2440, 609.5400) on Layer M8
violation type: Min Width
	srcs: net:net52982
	bbox = (1420.1280, 2525.0920) - (1420.1560, 2525.2200) on Layer M8
violation type: Min Width
	srcs: net:net93783
	bbox = (1428.3200, 2666.2920) - (1428.3480, 2666.4200) on Layer M8
violation type: Min Width
	srcs: net:net102001
	bbox = (1426.4640, 2706.2120) - (1426.4920, 2706.3400) on Layer M8
violation type: Min Width
	srcs: net:net135698
	bbox = (1436.7680, 2478.3720) - (1436.7960, 2478.5000) on Layer M8
violation type: Min Width
	srcs: net:net135072
	bbox = (1435.6160, 2568.7720) - (1435.6440, 2568.9000) on Layer M8
violation type: Min Width
	srcs: net:net80950
	bbox = (1444.5760, 2516.1320) - (1444.6040, 2516.2600) on Layer M8
violation type: Min Width
	srcs: net:net135072
	bbox = (1442.6560, 2568.6120) - (1442.6840, 2568.7400) on Layer M8
violation type: Min Width
	srcs: net:net134884
	bbox = (1452.0000, 2479.4120) - (1452.0280, 2479.5400) on Layer M8
violation type: Min Width
	srcs: net:net104112
	bbox = (1474.4000, 596.0520) - (1474.4280, 596.1800) on Layer M8
violation type: Min Width
	srcs: net:ex_controller/mesh/mesh/mesh_15_1/tile_0_0/_0260_
	bbox = (1472.4160, 1562.0520) - (1472.4440, 1562.1800) on Layer M8
violation type: Min Width
	srcs: net:net134708
	bbox = (1474.1440, 2500.6920) - (1474.1720, 2500.8200) on Layer M8
violation type: Min Width
	srcs: net:net135337
	bbox = (1473.7600, 2522.9320) - (1473.7880, 2523.0600) on Layer M8
violation type: Min Width
	srcs: net:net8673
	bbox = (1480.2240, 2570.6120) - (1480.2520, 2570.7400) on Layer M8
violation type: Min Width
	srcs: net:net124541
	bbox = (1512.6080, 309.9720) - (1512.6360, 310.1000) on Layer M8
violation type: Min Width
	srcs: net:net65223
	bbox = (1511.9680, 611.8120) - (1511.9960, 611.9400) on Layer M8
violation type: Min Width
	srcs: net:net66998
	bbox = (1509.4720, 1406.7720) - (1509.5000, 1406.9000) on Layer M8
violation type: Min Width
	srcs: net:net134453
	bbox = (1510.3680, 2380.8520) - (1510.3960, 2380.9800) on Layer M8
violation type: Min Width
	srcs: net:net119521
	bbox = (1512.6080, 2615.5720) - (1512.6360, 2615.7000) on Layer M8
violation type: Min Width
	srcs: net:net124669
	bbox = (1525.2160, 285.9720) - (1525.2440, 286.1000) on Layer M8
violation type: Min Width
	srcs: net:net125709
	bbox = (1534.4320, 756.6120) - (1534.4600, 756.7400) on Layer M8
violation type: Min Width
	srcs: net:net134485
	bbox = (1533.3440, 2395.8920) - (1533.3720, 2396.0200) on Layer M8
violation type: Min Width
	srcs: net:net134655
	bbox = (1535.2000, 2660.6120) - (1535.2280, 2660.7400) on Layer M8
violation type: Min Width
	srcs: net:net92567
	bbox = (1532.3200, 2699.5720) - (1532.3480, 2699.7000) on Layer M8
violation type: Min Width
	srcs: net:net135205
	bbox = (1541.5360, 2570.1320) - (1541.5640, 2570.2600) on Layer M8
violation type: Min Width
	srcs: net:net135039
	bbox = (1548.5120, 2395.5720) - (1548.5400, 2395.7000) on Layer M8
violation type: Min Width
	srcs: net:net91150
	bbox = (1548.5120, 2510.2120) - (1548.5400, 2510.3400) on Layer M8
violation type: Min Width
	srcs: net:net91209
	bbox = (1547.1680, 2540.2120) - (1547.1960, 2540.3400) on Layer M8
violation type: Min Width
	srcs: net:ex_controller/mesh/mesh/mesh_14_1/tile_0_0/_0255_
	bbox = (1558.0480, 1527.4920) - (1558.0760, 1527.6200) on Layer M8
violation type: Min Width
	srcs: net:spad/_acc_mems_1_io_adder_op1_9_0\[21\]
	bbox = (1556.0000, 2508.8520) - (1556.0280, 2508.9800) on Layer M8
violation type: Min Width
	srcs: net:net91463
	bbox = (1557.5360, 2637.8920) - (1557.5640, 2638.0200) on Layer M8
violation type: Min Width
	srcs: net:net135653
	bbox = (1563.7440, 2404.2120) - (1563.7720, 2404.3400) on Layer M8
violation type: Min Width
	srcs: net:net135088
	bbox = (1565.5360, 2462.7720) - (1565.5640, 2462.9000) on Layer M8
violation type: Min Width
	srcs: net:net134885
	bbox = (1562.2720, 2479.8920) - (1562.3000, 2480.0200) on Layer M8
violation type: Min Width
	srcs: net:spad/_acc_adders_io_out_7_0\[20\]
	bbox = (1563.8720, 2540.1320) - (1563.9000, 2540.2600) on Layer M8
violation type: Min Width
	srcs: net:net108386
	bbox = (1570.9760, 2418.2120) - (1571.0040, 2418.3400) on Layer M8
violation type: Min Width
	srcs: net:spad/_acc_mems_1_io_adder_op1_1_0\[5\]
	bbox = (1572.6400, 2424.1320) - (1572.6680, 2424.2600) on Layer M8
violation type: Min Width
	srcs: net:net91823
	bbox = (1570.9760, 2431.8920) - (1571.0040, 2432.0200) on Layer M8
violation type: Min Width
	srcs: net:net92066
	bbox = (1570.4640, 2456.6920) - (1570.4920, 2456.8200) on Layer M8
violation type: Min Width
	srcs: net:spad/_acc_mems_1_io_adder_op1_2_0\[22\]
	bbox = (1571.7440, 2463.5720) - (1571.7720, 2463.7000) on Layer M8
violation type: Min Width
	srcs: net:spad/_02432_
	bbox = (1573.0880, 2562.5320) - (1573.1160, 2562.6600) on Layer M8
violation type: Min Width
	srcs: net:net93597
	bbox = (1569.8880, 2620.7720) - (1569.9160, 2620.9000) on Layer M8
violation type: Min Width
	srcs: net:net119497
	bbox = (1570.9760, 2623.5720) - (1571.0040, 2623.7000) on Layer M8
violation type: Min Width
	srcs: net:net78375
	bbox = (1580.0000, 2637.8920) - (1580.0280, 2638.0200) on Layer M8
violation type: Min Width
	srcs: net:net93987
	bbox = (1580.1280, 2705.9720) - (1580.1560, 2706.1000) on Layer M8
violation type: Min Width
	srcs: net:net137539
	bbox = (1588.0640, 247.3320) - (1588.0920, 247.4600) on Layer M8
violation type: Min Width
	srcs: net:net28977
	bbox = (1586.2720, 703.3320) - (1586.3000, 703.4600) on Layer M8
violation type: Min Width
	srcs: net:spad/_acc_mems_1_io_adder_op1_4_0\[26\]
	bbox = (1588.7680, 2480.4520) - (1588.7960, 2480.5800) on Layer M8
violation type: Min Width
	srcs: net:net108389
	bbox = (1587.3600, 2545.5720) - (1587.3880, 2545.7000) on Layer M8
violation type: Min Width
	srcs: net:net91741
	bbox = (1585.9520, 2629.0920) - (1585.9800, 2629.2200) on Layer M8
violation type: Min Width
	srcs: net:net110585
	bbox = (1592.9920, 272.3720) - (1593.0200, 272.5000) on Layer M8
violation type: Min Width
	srcs: net:spad/_acc_mems_1_io_adder_op1_1_0\[28\]
	bbox = (1593.9520, 2449.0120) - (1593.9800, 2449.1400) on Layer M8
violation type: Min Width
	srcs: net:spad/_acc_mems_1_io_adder_op1_3_0\[5\]
	bbox = (1593.3760, 2471.5720) - (1593.4040, 2471.7000) on Layer M8
violation type: Min Width
	srcs: net:net92328
	bbox = (1595.5520, 2637.4920) - (1595.5800, 2637.6200) on Layer M8
violation type: Min Width
	srcs: net:net52749
	bbox = (1592.9920, 2644.0520) - (1593.0200, 2644.1800) on Layer M8
violation type: Min Width
	srcs: net:spad/_acc_mems_1_io_adder_op1_6_0\[7\]
	bbox = (1594.0800, 2653.4120) - (1594.1080, 2653.5400) on Layer M8
violation type: Min Width
	srcs: net:ex_controller/mesh/mesh/mesh_15_3/tile_0_0/_0408_
	bbox = (1601.6320, 1781.2520) - (1601.6600, 1781.3800) on Layer M8
violation type: Min Width
	srcs: net:net135049
	bbox = (1602.7200, 2439.7320) - (1602.7480, 2439.8600) on Layer M8
violation type: Min Width
	srcs: net:net91944
	bbox = (1601.5680, 2620.8520) - (1601.5960, 2620.9800) on Layer M8
violation type: Min Width
	srcs: net:net91819
	bbox = (1602.9120, 2653.4920) - (1602.9400, 2653.6200) on Layer M8
violation type: Min Width
	srcs: net:net111233
	bbox = (1609.1840, 1397.0920) - (1609.2120, 1397.2200) on Layer M8
violation type: Min Width
	srcs: net:net60061
	bbox = (1608.1600, 1791.5720) - (1608.1880, 1791.7000) on Layer M8
violation type: Min Width
	srcs: net:net92135
	bbox = (1607.9680, 2426.2920) - (1607.9960, 2426.4200) on Layer M8
violation type: Min Width
	srcs: net:net91653
	bbox = (1608.9920, 2659.5720) - (1609.0200, 2659.7000) on Layer M8
violation type: Min Width
	srcs: net:spad/_acc_mems_1_io_adder_op1_3_0\[27\]
	bbox = (1609.3120, 2675.6520) - (1609.3400, 2675.7800) on Layer M8
violation type: Min Width
	srcs: net:net135401
	bbox = (1616.6720, 2404.0520) - (1616.7000, 2404.1800) on Layer M8
violation type: Min Width
	srcs: net:net26431
	bbox = (1624.4800, 1396.9320) - (1624.5080, 1397.0600) on Layer M8
violation type: Min Width
	srcs: net:net119445
	bbox = (1623.3280, 2675.8120) - (1623.3560, 2675.9400) on Layer M8
violation type: Min Width
	srcs: net:ex_controller/mesh/mesh/mesh_13_0/tile_0_0/_0045_
	bbox = (1647.2000, 1428.5320) - (1647.2280, 1428.6600) on Layer M8
violation type: Min Width
	srcs: net:net36873
	bbox = (1654.1120, 1427.6520) - (1654.1400, 1427.7800) on Layer M8
violation type: Min Width
	srcs: net:net26508
	bbox = (1655.7760, 1433.5720) - (1655.8040, 1433.7000) on Layer M8
violation type: Min Width
	srcs: net:ex_controller/mesh/mesh/mesh_13_0/tile_0_0/_0060_
	bbox = (1656.2240, 1442.7720) - (1656.2520, 1442.9000) on Layer M8
violation type: Min Width
	srcs: net:spad/_acc_mems_1_io_adder_op1_15_0\[4\]
	bbox = (1654.4960, 2449.0120) - (1654.5240, 2449.1400) on Layer M8
violation type: Min Width
	srcs: net:net135221
	bbox = (1662.0480, 2667.5720) - (1662.0760, 2667.7000) on Layer M8
violation type: Min Width
	srcs: net:ex_controller/mesh/mesh/mesh_13_2/tile_0_0/_0695_
	bbox = (1675.8720, 1603.1720) - (1675.9000, 1603.3000) on Layer M8
violation type: Min Width
	srcs: net:net98455
	bbox = (1678.8800, 1693.2520) - (1678.9080, 1693.3800) on Layer M8
violation type: Min Width
	srcs: net:spad/acc_scale_unit/activated_data_e_scaled_muladder_7/mulAddRecFNToRaw_preMul/_0721_
	bbox = (1685.4080, 2079.8120) - (1685.4360, 2079.9400) on Layer M8
violation type: Min Width
	srcs: net:spad/acc_scale_unit/activated_data_e_scaled_muladder_7/mulAddRecFNToRaw_preMul/_0610_
	bbox = (1686.3040, 2085.9720) - (1686.3320, 2086.1000) on Layer M8
violation type: Min Width
	srcs: net:spad/acc_mems_1/pipelined_writes_1_bits_mask_3
	bbox = (1694.2400, 2555.4120) - (1694.2680, 2555.5400) on Layer M8
violation type: Min Width
	srcs: net:net98440
	bbox = (1699.8080, 1701.3320) - (1699.8360, 1701.4600) on Layer M8
violation type: Min Width
	srcs: net:net12542
	bbox = (1700.9600, 2984.4520) - (1700.9880, 2984.5800) on Layer M8
violation type: Min Width
	srcs: net:net124512
	bbox = (1707.4240, 469.0920) - (1707.4520, 469.2200) on Layer M8
violation type: Min Width
	srcs: net:net134674
	bbox = (1707.6800, 2516.2120) - (1707.7080, 2516.3400) on Layer M8
violation type: Min Width
	srcs: net:ex_controller/mesh/mesh/mesh_12_0/tile_0_0/_0701_
	bbox = (1715.4240, 1406.5320) - (1715.4520, 1406.6600) on Layer M8
violation type: Min Width
	srcs: net:net58328
	bbox = (1731.0400, 1404.0520) - (1731.0680, 1404.1800) on Layer M8
violation type: Min Width
	srcs: net:ex_controller/mesh/mesh/mesh_12_0/tile_0_0/_0664_
	bbox = (1737.7600, 1389.0120) - (1737.7880, 1389.1400) on Layer M8
violation type: Min Width
	srcs: net:spad/writer/_13165_
	bbox = (1754.8480, 2992.1320) - (1754.8760, 2992.2600) on Layer M8
violation type: Min Width
	srcs: net:spad/writer/tlb_arb/_0828_
	bbox = (1753.9520, 3007.2520) - (1753.9800, 3007.3800) on Layer M8
violation type: Min Width
	srcs: net:ex_controller/mesh/mesh/mesh_11_0/tile_0_0/_0653_
	bbox = (1760.6080, 1337.4920) - (1760.6360, 1337.6200) on Layer M8
violation type: Min Width
	srcs: net:net44812
	bbox = (1760.0960, 2971.8920) - (1760.1240, 2972.0200) on Layer M8
violation type: Min Width
	srcs: net:net44774
	bbox = (1759.0720, 2971.5720) - (1759.1000, 2971.7000) on Layer M8
violation type: Min Width
	srcs: net:spad/writer/_02935_
	bbox = (1769.6320, 2947.8120) - (1769.6600, 2947.9400) on Layer M8
violation type: Min Width
	srcs: net:clknet_10_498_0_clock
	bbox = (1769.8240, 2978.3720) - (1769.8520, 2978.5000) on Layer M8
violation type: Min Width
	srcs: net:spad/writer/_13629_
	bbox = (1776.2240, 2940.2920) - (1776.2520, 2940.4200) on Layer M8
violation type: Min Width
	srcs: net:spad/writer/_04186_
	bbox = (1774.8160, 2962.9320) - (1774.8440, 2963.0600) on Layer M8
violation type: Min Width
	srcs: net:net43291
	bbox = (1783.8400, 2992.6120) - (1783.8680, 2992.7400) on Layer M8
violation type: Min Width
	srcs: net:ex_controller/mesh/mesh/mesh_12_1/tile_0_0/_0286_
	bbox = (1796.9600, 1481.7320) - (1796.9880, 1481.8600) on Layer M8
violation type: Min Width
	srcs: net:spad/_01911_
	bbox = (1842.7840, 1398.6920) - (1842.8120, 1398.8200) on Layer M8
violation type: Min Width
	srcs: net:net98441
	bbox = (1850.3360, 1699.8920) - (1850.3640, 1700.0200) on Layer M8
violation type: Min Width
	srcs: net:net55536
	bbox = (1852.1280, 2802.6920) - (1852.1560, 2802.8200) on Layer M8
violation type: Min Width
	srcs: net:ex_controller/mesh/mesh/mesh_12_4/tile_0_0/_0040_
	bbox = (1857.5680, 1815.5720) - (1857.5960, 1815.7000) on Layer M8
violation type: Min Width
	srcs: net:ex_controller/mesh/mesh/mesh_11_1/tile_0_0/_0047_
	bbox = (1867.1040, 1436.4520) - (1867.1320, 1436.5800) on Layer M8
violation type: Min Width
	srcs: net:ex_controller/mesh/mesh/mesh_12_3/tile_0_0/_0571_
	bbox = (1866.2080, 1698.6920) - (1866.2360, 1698.8200) on Layer M8
violation type: Min Width
	srcs: net:ex_controller/mesh/mesh/mesh_14_5/tile_0_0/_0530_
	bbox = (1875.0400, 1972.8520) - (1875.0680, 1972.9800) on Layer M8
violation type: Min Width
	srcs: net:ex_controller/mesh/mesh/mesh_12_3/tile_0_0/_0812_
	bbox = (1888.6720, 1686.0520) - (1888.7000, 1686.1800) on Layer M8
violation type: Min Width
	srcs: net:net26150
	bbox = (1928.1600, 1694.2920) - (1928.1880, 1694.4200) on Layer M8
violation type: Min Width
	srcs: net:ex_controller/mesh/mesh/mesh_9_1_io_in_control_0_shift_pipe_b\[3\]
	bbox = (1949.4720, 1320.8520) - (1949.5000, 1320.9800) on Layer M8
violation type: Min Width
	srcs: net:net58314
	bbox = (1948.8960, 2101.0120) - (1948.9240, 2101.1400) on Layer M8
violation type: Min Width
	srcs: net:net114671
	bbox = (1955.6160, 1179.7320) - (1955.6440, 1179.8600) on Layer M8
violation type: Min Width
	srcs: net:ex_controller/mesh/mesh/mesh_9_1/tile_0_0/_0059_
	bbox = (1956.0680, 1323.2520) - (1956.0960, 1323.3800) on Layer M8
violation type: Min Width
	srcs: net:net16015
	bbox = (1958.4960, 1690.9320) - (1958.5240, 1691.0600) on Layer M8
violation type: Min Width
	srcs: net:ex_controller/mesh/mesh/mesh_10_2/tile_0_0/_0204_
	bbox = (2003.2960, 1489.2520) - (2003.3240, 1489.3800) on Layer M8
violation type: Min Width
	srcs: net:ex_controller/mesh/mesh/mesh_8_1/tile_0_0/_0668_
	bbox = (2008.9920, 1270.6120) - (2009.0200, 1270.7400) on Layer M8
violation type: Min Width
	srcs: net:ex_controller/mesh/mesh/mesh_10_2/tile_0_0/_0314_
	bbox = (2010.4640, 1510.2120) - (2010.4920, 1510.3400) on Layer M8
violation type: Min Width
	srcs: net:ex_controller/mesh/mesh/mesh_8_1_io_in_control_0_shift_pipe_b\[1\]
	bbox = (2018.8480, 1269.8120) - (2018.8760, 1269.9400) on Layer M8
violation type: Min Width
	srcs: net:ex_controller/mesh/mesh/mesh_13_6/tile_0_0/_0458_
	bbox = (2024.8000, 2062.8520) - (2024.8280, 2062.9800) on Layer M8
violation type: Min Width
	srcs: net:ex_controller/mesh/mesh/mesh_13_6/tile_0_0/_0047_
	bbox = (2023.7120, 2068.6120) - (2023.7400, 2068.7400) on Layer M8
violation type: Min Width
	srcs: net:ex_controller/mesh/mesh/mesh_14_7/tile_0_0/_0056_
	bbox = (2025.8240, 2228.0520) - (2025.8520, 2228.1800) on Layer M8
violation type: Min Width
	srcs: net:net46756
	bbox = (2077.8560, 2787.4920) - (2077.8840, 2787.6200) on Layer M8
violation type: Min Width
	srcs: net:ex_controller/mesh/mesh/mesh_8_2/tile_0_0/_0426_
	bbox = (2085.6000, 1382.9320) - (2085.6280, 1383.0600) on Layer M8
violation type: Min Width
	srcs: net:net85947
	bbox = (2116.6400, 741.2520) - (2116.6680, 741.3800) on Layer M8
violation type: Min Width
	srcs: net:ex_controller/mesh/mesh/mesh_9_3/tile_0_0/_0222_
	bbox = (2124.1280, 1586.3720) - (2124.1560, 1586.5000) on Layer M8
violation type: Min Width
	srcs: net:net58389
	bbox = (2131.0400, 521.9720) - (2131.0680, 522.1000) on Layer M8
violation type: Min Width
	srcs: net:net128426
	bbox = (2139.0400, 679.2520) - (2139.0680, 679.3800) on Layer M8
violation type: Min Width
	srcs: net:ex_controller/mesh/mesh/mesh_9_3/tile_0_0/_0210_
	bbox = (2137.3120, 1594.7720) - (2137.3400, 1594.9000) on Layer M8
violation type: Min Width
	srcs: net:net99275
	bbox = (2144.9280, 718.5320) - (2144.9560, 718.6600) on Layer M8
violation type: Min Width
	srcs: net:ex_controller/mesh/mesh/mesh_8_3_io_in_control_0_shift_pipe_b\[3\]
	bbox = (2184.0960, 1533.7320) - (2184.1240, 1533.8600) on Layer M8
violation type: Min Width
	srcs: net:ex_controller/mesh/mesh/mesh_7_3/tile_0_0/_0246_
	bbox = (2193.1840, 1451.6520) - (2193.2120, 1451.7800) on Layer M8
violation type: Min Width
	srcs: net:ex_controller/mesh/mesh/mesh_12_7/tile_0_0/_0325_
	bbox = (2190.7520, 2116.4520) - (2190.7800, 2116.5800) on Layer M8
violation type: Min Width
	srcs: net:ex_controller/mesh/mesh/mesh_14_8/tile_0_0/_0834_
	bbox = (2193.0560, 2266.8520) - (2193.0840, 2266.9800) on Layer M8
violation type: Min Width
	srcs: net:ex_controller/mesh/mesh/mesh_14_8/tile_0_0/_0653_
	bbox = (2190.2440, 2274.8520) - (2190.2720, 2274.9800) on Layer M8
violation type: Min Width
	srcs: net:spad/acc_scale_unit/activated_data_e_scaled_muladder_10/mulAddRecFNToRaw_preMul/_0760_
	bbox = (2190.5600, 2706.8520) - (2190.5880, 2706.9800) on Layer M8
violation type: Min Width
	srcs: net:spad/acc_scale_unit/activated_data_e_scaled_muladder_10/mulAddRecFNToRaw_preMul/mainAlignedSigC\[33\]
	bbox = (2214.9440, 2714.5320) - (2214.9720, 2714.6600) on Layer M8
violation type: Min Width
	srcs: net:ex_controller/mesh/mesh/pipe_b_21_0\[6\]
	bbox = (2221.6640, 928.3720) - (2221.6920, 928.5000) on Layer M8
violation type: Min Width
	srcs: net:ex_controller/mesh/mesh/mesh_6_3/tile_0_0/_0386_
	bbox = (2220.2560, 1361.3320) - (2220.2840, 1361.4600) on Layer M8
violation type: Min Width
	srcs: net:ex_controller/mesh/_09065_
	bbox = (2237.3440, 756.6120) - (2237.3720, 756.7400) on Layer M8
violation type: Min Width
	srcs: net:spad/acc_scale_unit/activated_data_e_scaled_muladder_10/mulAddRecFNToRaw_postMul/_0525_
	bbox = (2235.6800, 2645.1720) - (2235.7080, 2645.3000) on Layer M8
violation type: Min Width
	srcs: net:net99296
	bbox = (2261.1520, 854.1320) - (2261.1800, 854.2600) on Layer M8
violation type: Min Width
	srcs: net:ex_controller/mesh/mesh/_13992_
	bbox = (2274.4640, 847.0920) - (2274.4920, 847.2200) on Layer M8
violation type: Min Width
	srcs: net:ex_controller/mesh/mesh/mesh_15_9/tile_0_0/_0300_
	bbox = (2274.2080, 2372.1320) - (2274.2360, 2372.2600) on Layer M8
violation type: Min Width
	srcs: net:spad/acc_scale_unit/activated_data_e_scaled_muladder_10/roundRawFNToRecFN/roundAnyRawFNToRecFN/_0196_
	bbox = (2273.1840, 2615.5720) - (2273.2120, 2615.7000) on Layer M8
violation type: Min Width
	srcs: net:net54079
	bbox = (2289.6320, 881.6520) - (2289.6600, 881.7800) on Layer M8
violation type: Min Width
	srcs: net:net54205
	bbox = (2305.1840, 673.5720) - (2305.2120, 673.7000) on Layer M8
violation type: Min Width
	srcs: net:net26394
	bbox = (2305.5680, 1449.7320) - (2305.5960, 1449.8600) on Layer M8
violation type: Min Width
	srcs: net:ex_controller/mesh/mesh/mesh_5_4/tile_0_0/_0408_
	bbox = (2312.4160, 1459.4920) - (2312.4440, 1459.6200) on Layer M8
violation type: Min Width
	srcs: net:ex_controller/mesh/mesh/_14104_
	bbox = (2341.2160, 778.8520) - (2341.2440, 778.9800) on Layer M8
violation type: Min Width
	srcs: net:ex_controller/mesh/mesh/mesh_14_9/tile_0_0/_0804_
	bbox = (2365.2160, 2379.3320) - (2365.2440, 2379.4600) on Layer M8
violation type: Min Width
	srcs: net:ex_controller/mesh/mesh/mesh_15_10/tile_0_0/_0782_
	bbox = (2366.2400, 2517.1720) - (2366.2680, 2517.3000) on Layer M8
violation type: Min Width
	srcs: net:ex_controller/mesh/mesh/mesh_15_10/tile_0_0/_0782_
	bbox = (2366.2400, 2523.8920) - (2366.2680, 2524.0200) on Layer M8
violation type: Min Width
	srcs: net:ex_controller/mesh/_01096_
	bbox = (2396.5760, 634.5320) - (2396.6040, 634.6600) on Layer M8
violation type: Min Width
	srcs: net:net16053
	bbox = (2417.6960, 1699.4920) - (2417.7240, 1699.6200) on Layer M8
violation type: Min Width
	srcs: net:ex_controller/mesh/mesh/mesh_1_3/tile_0_0/_0246_
	bbox = (2435.2320, 995.4120) - (2435.2600, 995.5400) on Layer M8
violation type: Min Width
	srcs: net:ex_controller/mesh/mesh/mesh_13_9/tile_0_0/_0210_
	bbox = (2440.5440, 2336.4520) - (2440.5720, 2336.5800) on Layer M8
violation type: Min Width
	srcs: net:ex_controller/mesh/mesh/mesh_15_11/tile_0_0/_0674_
	bbox = (2477.7280, 2600.2920) - (2477.7560, 2600.4200) on Layer M8
violation type: Min Width
	srcs: net:net73703
	bbox = (2487.8400, 665.1720) - (2487.8680, 665.3000) on Layer M8
violation type: Min Width
	srcs: net:ex_controller/mesh/mesh/mesh_6_0/tile_0_0/_0056_
	bbox = (2487.4560, 847.0120) - (2487.4840, 847.1400) on Layer M8
violation type: Min Width
	srcs: net:ex_controller/mesh/mesh/mesh_0_1/tile_0_0/_0634_
	bbox = (2495.6480, 655.9720) - (2495.6760, 656.1000) on Layer M8
violation type: Min Width
	srcs: net:ex_controller/mesh/mesh/mesh_0_0/tile_0_0/_0340_
	bbox = (2501.7920, 202.9320) - (2501.8200, 203.0600) on Layer M8
violation type: Min Width
	srcs: net:net25485
	bbox = (2500.8320, 756.4520) - (2500.8600, 756.5800) on Layer M8
violation type: Min Width
	srcs: net:ex_controller/mesh/mesh/mesh_7_6/tile_0_0/_0047_
	bbox = (2503.0080, 1713.9720) - (2503.0360, 1714.1000) on Layer M8
violation type: Min Width
	srcs: net:ex_controller/mesh/mesh/mesh_6_6/tile_0_0/_0231_
	bbox = (2523.2960, 1623.8920) - (2523.3240, 1624.0200) on Layer M8
violation type: Min Width
	srcs: net:ex_controller/mesh/mesh/mesh_5_6/tile_0_0/_0317_
	bbox = (2547.5520, 1540.1320) - (2547.5800, 1540.2600) on Layer M8
violation type: Min Width
	srcs: net:ex_controller/mesh/mesh/mesh_9_8/tile_0_0/_0820_
	bbox = (2554.7840, 2001.2520) - (2554.8120, 2001.3800) on Layer M8
violation type: Min Width
	srcs: net:ex_controller/mesh/mesh/mesh_1_5/tile_0_0/_0426_
	bbox = (2561.8240, 1195.0920) - (2561.8520, 1195.2200) on Layer M8
violation type: Min Width
	srcs: net:ex_controller/mesh/mesh/mesh_4_6/tile_0_0/_0246_
	bbox = (2562.7840, 1442.8520) - (2562.8120, 1442.9800) on Layer M8
violation type: Min Width
	srcs: net:ex_controller/mesh/mesh/mesh_2_0/tile_0_0/_0413_
	bbox = (2570.3360, 416.0520) - (2570.3640, 416.1800) on Layer M8
violation type: Min Width
	srcs: net:net96328
	bbox = (2569.6360, 437.1720) - (2569.6640, 437.3000) on Layer M8
violation type: Min Width
	srcs: net:net128629
	bbox = (2569.1840, 746.7720) - (2569.2120, 746.9000) on Layer M8
violation type: Min Width
	srcs: net:ex_controller/mesh/mesh/mesh_4_6/tile_0_0/_0832_
	bbox = (2584.8640, 1451.9720) - (2584.8920, 1452.1000) on Layer M8
violation type: Min Width
	srcs: net:net114106
	bbox = (2592.8640, 1366.5320) - (2592.8920, 1366.6600) on Layer M8
violation type: Min Width
	srcs: net:ex_controller/mesh/mesh/mesh_0_5/tile_0_0/_0402_
	bbox = (2609.1200, 1087.8920) - (2609.1480, 1088.0200) on Layer M8
violation type: Min Width
	srcs: net:ex_controller/mesh/mesh/mesh_15_13/tile_0_0/_0294_
	bbox = (2608.1600, 2818.1320) - (2608.1880, 2818.2600) on Layer M8
violation type: Min Width
	srcs: net:net95968
	bbox = (2638.4320, 801.5720) - (2638.4600, 801.7000) on Layer M8
violation type: Min Width
	srcs: net:net105231
	bbox = (2637.3440, 2539.6520) - (2637.3720, 2539.7800) on Layer M8
violation type: Min Width
	srcs: net:ex_controller/mesh/mesh/mesh_13_11/tile_0_0/_0325_
	bbox = (2646.3040, 2563.2520) - (2646.3320, 2563.3800) on Layer M8
violation type: Min Width
	srcs: net:ex_controller/mesh/mesh/mesh_4_7/tile_0_0/_0317_
	bbox = (2668.4480, 1509.0920) - (2668.4760, 1509.2200) on Layer M8
violation type: Min Width
	srcs: net:ex_controller/mesh/mesh/mesh_1_6/tile_0_0/_0463_
	bbox = (2675.4880, 1178.1320) - (2675.5160, 1178.2600) on Layer M8
violation type: Min Width
	srcs: net:ex_controller/mesh/mesh/mesh_4_7/tile_0_0/_0355_
	bbox = (2683.4880, 1504.2120) - (2683.5160, 1504.3400) on Layer M8
violation type: Min Width
	srcs: net:ex_controller/mesh/mesh/mesh_14_13/tile_0_0/_0470_
	bbox = (2682.3360, 2824.9320) - (2682.3640, 2825.0600) on Layer M8
violation type: Min Width
	srcs: net:net95627
	bbox = (2689.5040, 1873.7320) - (2689.5320, 1873.8600) on Layer M8
violation type: Min Width
	srcs: net:ex_controller/mesh/mesh/mesh_5_8/tile_0_0/_0692_
	bbox = (2720.2880, 1700.8520) - (2720.3160, 1700.9800) on Layer M8
violation type: Min Width
	srcs: net:ex_controller/mesh/mesh/mesh_6_8/tile_0_0/_0552_
	bbox = (2721.3120, 1798.8520) - (2721.3400, 1798.9800) on Layer M8
violation type: Min Width
	srcs: net:ex_controller/mesh/mesh/mesh_2_7/tile_0_0/_0779_
	bbox = (2727.8400, 1291.3320) - (2727.8680, 1291.4600) on Layer M8
violation type: Min Width
	srcs: net:net137737
	bbox = (2771.8080, 2613.8920) - (2771.8360, 2614.0200) on Layer M8
violation type: Min Width
	srcs: net:net26349
	bbox = (2781.6000, 1396.2920) - (2781.6280, 1396.4200) on Layer M8
violation type: Min Width
	srcs: net:ex_controller/mesh/mesh/mesh_14_15/tile_0_0/_0060_
	bbox = (2781.3440, 3160.6120) - (2781.3720, 3160.7400) on Layer M8
violation type: Min Width
	srcs: net:ex_controller/mesh/mesh/mesh_2_8/tile_0_0/_0228_
	bbox = (2826.1440, 1270.6920) - (2826.1720, 1270.8200) on Layer M8
violation type: Min Width
	srcs: net:ex_controller/mesh/mesh/mesh_1_8/tile_0_0/_0829_
	bbox = (2841.5040, 1147.4120) - (2841.5320, 1147.5400) on Layer M8
violation type: Min Width
	srcs: net:ex_controller/mesh/mesh/mesh_13_15/tile_0_0/_0391_
	bbox = (2880.8640, 3104.8520) - (2880.8920, 3104.9800) on Layer M8
violation type: Min Width
	srcs: net:ex_controller/mesh/mesh/mesh_13_15/tile_0_0/_0366_
	bbox = (2886.7520, 3099.4120) - (2886.7800, 3099.5400) on Layer M8
violation type: Min Width
	srcs: net:ex_controller/mesh/mesh/mesh_13_15/tile_0_0/_0544_
	bbox = (2896.2240, 3099.5720) - (2896.2520, 3099.7000) on Layer M8
violation type: Min Width
	srcs: net:ex_controller/mesh/mesh/mesh_9_11/tile_0_0/_0240_
	bbox = (2908.8320, 2326.7720) - (2908.8600, 2326.9000) on Layer M8
violation type: Min Width
	srcs: net:ex_controller/mesh/mesh/mesh_7_11/tile_0_0/_0272_
	bbox = (2984.4160, 2115.5720) - (2984.4440, 2115.7000) on Layer M8
violation type: Min Width
	srcs: net:ex_controller/mesh/mesh/mesh_4_10/tile_0_0/_0240_
	bbox = (3015.9040, 1654.2920) - (3015.9320, 1654.4200) on Layer M8
violation type: Min Width
	srcs: net:ex_controller/mesh/mesh/mesh_4_10/tile_0_0/_0255_
	bbox = (3016.2240, 1652.6920) - (3016.2520, 1652.8200) on Layer M8
violation type: Min Width
	srcs: net:ex_controller/mesh/mesh/mesh_7_12/tile_0_0/_0686_
	bbox = (3069.0240, 2200.7720) - (3069.0520, 2200.9000) on Layer M8
violation type: Min Width
	srcs: net:net104988
	bbox = (3150.3040, 1338.6120) - (3150.3320, 1338.7400) on Layer M8
violation type: Min Width
	srcs: net:ex_controller/mesh/mesh/mesh_9_14/tile_0_0/_0210_
	bbox = (3157.9200, 2827.6520) - (3157.9480, 2827.7800) on Layer M8
violation type: Min Width
	srcs: net:ex_controller/mesh/mesh/mesh_7_14/tile_0_0/_0050_
	bbox = (3234.0800, 2448.1320) - (3234.1080, 2448.2600) on Layer M8
violation type: Min Width
	srcs: net:ex_controller/mesh/mesh/mesh_1_13/tile_0_0/_0231_
	bbox = (3265.4400, 1297.4120) - (3265.4680, 1297.5400) on Layer M8
violation type: Min Width
	srcs: net:ex_controller/mesh/mesh/mesh_4_15/tile_0_0/_0286_
	bbox = (3301.5360, 1950.9320) - (3301.5640, 1951.0600) on Layer M8
violation type: Min Width
	srcs: net:ex_controller/mesh/mesh/mesh_1_14_io_in_control_0_shift_pipe_b\[2\]
	bbox = (3326.4320, 1373.8120) - (3326.4600, 1373.9400) on Layer M8
violation type: Min Width
	srcs: net:ex_controller/mesh/mesh/_41351_
	bbox = (3333.5360, 2040.6120) - (3333.5640, 2040.7400) on Layer M8
violation type: Min Width
	srcs: net:ex_controller/mesh/mesh/mesh_4_14/tile_0_0/_0402_
	bbox = (3339.6800, 1880.2920) - (3339.7080, 1880.4200) on Layer M8
violation type: Min Width
	srcs: net:spad/vsm/pipe_1/out_bits_data_muladder/mulAddRecFNToRaw_postMul/_0445_
	bbox = (203.8720, 2450.9320) - (203.9000, 2451.0600) on Layer M8
violation type: Min Width
	srcs: net:net128948
	bbox = (249.9520, 1900.1320) - (249.9800, 1900.2600) on Layer M8
violation type: Min Width
	srcs: net:net108604
	bbox = (316.2560, 1235.2520) - (316.2840, 1235.3800) on Layer M8
violation type: Min Width
	srcs: net:net128854
	bbox = (332.7720, 2006.3720) - (332.8000, 2006.5000) on Layer M8
violation type: Min Width
	srcs: net:net16872
	bbox = (385.5040, 1689.7320) - (385.5320, 1689.8600) on Layer M8
violation type: Min Width
	srcs: net:net73162
	bbox = (398.5600, 2142.0520) - (398.5880, 2142.1800) on Layer M8
violation type: Min Width
	srcs: net:reservation_station/_33153_
	bbox = (422.5600, 1845.4920) - (422.5880, 1845.6200) on Layer M8
violation type: Min Width
	srcs: net:net36372
	bbox = (438.3040, 1664.0520) - (438.3320, 1664.1800) on Layer M8
violation type: Min Width
	srcs: net:net130991
	bbox = (453.9200, 1500.5320) - (453.9480, 1500.6600) on Layer M8
violation type: Min Width
	srcs: net:net131621
	bbox = (452.7080, 1521.2520) - (452.7360, 1521.3800) on Layer M8
violation type: Min Width
	srcs: net:net37341
	bbox = (468.5120, 1787.2520) - (468.5400, 1787.3800) on Layer M8
violation type: Min Width
	srcs: net:net62266
	bbox = (484.0000, 1788.8520) - (484.0280, 1788.9800) on Layer M8
violation type: Min Width
	srcs: net:net137328
	bbox = (481.9520, 1802.8520) - (481.9800, 1802.9800) on Layer M8
violation type: Min Width
	srcs: net:net57643
	bbox = (496.8000, 1785.0120) - (496.8280, 1785.1400) on Layer M8
violation type: Min Width
	srcs: net:net43844
	bbox = (497.5040, 1786.7720) - (497.5320, 1786.9000) on Layer M8
violation type: Min Width
	srcs: net:reservation_station/_41562_
	bbox = (499.8080, 1785.7320) - (499.8360, 1785.8600) on Layer M8
violation type: Min Width
	srcs: net:reservation_station/_38008_
	bbox = (506.2080, 1675.4920) - (506.2360, 1675.6200) on Layer M8
violation type: Min Width
	srcs: net:net40523
	bbox = (512.8000, 1582.8520) - (512.8280, 1582.9800) on Layer M8
violation type: Min Width
	srcs: net:net132324
	bbox = (527.9680, 1220.9320) - (527.9960, 1221.0600) on Layer M8
violation type: Min Width
	srcs: net:net13400
	bbox = (528.4800, 1681.6520) - (528.5080, 1681.7800) on Layer M8
violation type: Min Width
	srcs: net:net68228
	bbox = (535.1360, 1202.9320) - (535.1640, 1203.0600) on Layer M8
violation type: Min Width
	srcs: net:mod_1/_05316_
	bbox = (535.5840, 1225.5720) - (535.6120, 1225.7000) on Layer M8
violation type: Min Width
	srcs: net:net42905
	bbox = (537.3760, 1265.9720) - (537.4040, 1266.1000) on Layer M8
violation type: Min Width
	srcs: net:net136802
	bbox = (536.0960, 1683.1720) - (536.1240, 1683.3000) on Layer M8
violation type: Min Width
	srcs: net:net37372
	bbox = (535.8400, 1771.2520) - (535.8680, 1771.3800) on Layer M8
violation type: Min Width
	srcs: net:net53334
	bbox = (541.6640, 1249.9720) - (541.6920, 1250.1000) on Layer M8
violation type: Min Width
	srcs: net:net21971
	bbox = (550.9440, 1349.4120) - (550.9720, 1349.5400) on Layer M8
violation type: Min Width
	srcs: net:net136260
	bbox = (550.4960, 1795.8120) - (550.5240, 1795.9400) on Layer M8
violation type: Min Width
	srcs: net:net68286
	bbox = (557.2840, 1263.4120) - (557.3120, 1263.5400) on Layer M8
violation type: Min Width
	srcs: net:net75664
	bbox = (559.1360, 1748.3720) - (559.1640, 1748.5000) on Layer M8
violation type: Min Width
	srcs: net:net23709
	bbox = (574.8160, 1452.9320) - (574.8440, 1453.0600) on Layer M8
violation type: Min Width
	srcs: net:net29457
	bbox = (574.3680, 1478.2920) - (574.3960, 1478.4200) on Layer M8
violation type: Min Width
	srcs: net:mod_1/_ex_io_i\[6\]
	bbox = (580.7040, 1394.2120) - (580.7320, 1394.3400) on Layer M8
violation type: Min Width
	srcs: net:net62137
	bbox = (579.7440, 1818.0520) - (579.7720, 1818.1800) on Layer M8
violation type: Min Width
	srcs: net:net75600
	bbox = (587.2320, 1825.3320) - (587.2600, 1825.4600) on Layer M8
violation type: Min Width
	srcs: net:net35800
	bbox = (590.4320, 1823.4920) - (590.4600, 1823.6200) on Layer M8
violation type: Min Width
	srcs: net:net16894
	bbox = (594.7200, 1696.6920) - (594.7480, 1696.8200) on Layer M8
violation type: Min Width
	srcs: net:net120333
	bbox = (610.6560, 1363.3320) - (610.6840, 1363.4600) on Layer M8
violation type: Min Width
	srcs: net:net131551
	bbox = (612.1280, 1452.5320) - (612.1560, 1452.6600) on Layer M8
violation type: Min Width
	srcs: net:net75421
	bbox = (612.1280, 1720.2120) - (612.1560, 1720.3400) on Layer M8
violation type: Min Width
	srcs: net:net98568
	bbox = (619.2320, 1683.1720) - (619.2600, 1683.3000) on Layer M8
violation type: Min Width
	srcs: net:net62123
	bbox = (619.6800, 1733.8120) - (619.7080, 1733.9400) on Layer M8
violation type: Min Width
	srcs: net:net37323
	bbox = (618.9120, 1826.3720) - (618.9400, 1826.5000) on Layer M8
violation type: Min Width
	srcs: net:net24060
	bbox = (633.1200, 1689.4120) - (633.1480, 1689.5400) on Layer M8
violation type: Min Width
	srcs: net:net108690
	bbox = (664.2240, 1256.3720) - (664.2520, 1256.5000) on Layer M8
violation type: Min Width
	srcs: net:net108839
	bbox = (664.5440, 1363.4120) - (664.5720, 1363.5400) on Layer M8
violation type: Min Width
	srcs: net:spad/vsm/pipe_3/out_bits_data_muladder/roundRawFNToRecFN/roundAnyRawFNToRecFN/_0064_
	bbox = (718.0480, 2664.3720) - (718.0760, 2664.5000) on Layer M8
violation type: Min Width
	srcs: net:net23797
	bbox = (740.5760, 1409.1720) - (740.6040, 1409.3000) on Layer M8
violation type: Min Width
	srcs: net:spad/vsm/pipe_2/out_bits_data_muladder/mulAddRecFNToRaw_postMul/_0828_
	bbox = (738.4640, 2224.0520) - (738.4920, 2224.1800) on Layer M8
violation type: Min Width
	srcs: net:spad/vsm/_03224_
	bbox = (762.1440, 2385.8120) - (762.1720, 2385.9400) on Layer M8
violation type: Min Width
	srcs: net:net65694
	bbox = (823.0720, 1507.5720) - (823.1000, 1507.7000) on Layer M8
violation type: Min Width
	srcs: net:net65694
	bbox = (838.3040, 1508.3720) - (838.3320, 1508.5000) on Layer M8
violation type: Min Width
	srcs: net:net98424
	bbox = (853.0240, 1698.0520) - (853.0520, 1698.1800) on Layer M8
violation type: Min Width
	srcs: net:net41350
	bbox = (869.9200, 1765.3320) - (869.9480, 1765.4600) on Layer M8
violation type: Min Width
	srcs: net:net65741
	bbox = (875.5520, 1703.0920) - (875.5800, 1703.2200) on Layer M8
violation type: Min Width
	srcs: net:net122660
	bbox = (898.1440, 1364.2920) - (898.1720, 1364.4200) on Layer M8
violation type: Min Width
	srcs: net:net17247
	bbox = (897.5040, 1395.3320) - (897.5320, 1395.4600) on Layer M8
violation type: Min Width
	srcs: net:net38643
	bbox = (920.8640, 2647.5720) - (920.8920, 2647.7000) on Layer M8
violation type: Min Width
	srcs: net:spad/reader/beatPacker/_00221_
	bbox = (929.5680, 2761.9720) - (929.5960, 2762.1000) on Layer M8
violation type: Min Width
	srcs: net:spad/reader/beatPacker/_09128_
	bbox = (936.4160, 2837.5720) - (936.4440, 2837.7000) on Layer M8
violation type: Min Width
	srcs: net:spad/reader/beatPacker/_09128_
	bbox = (934.6280, 2861.8120) - (934.6560, 2861.9400) on Layer M8
violation type: Min Width
	srcs: net:net42307
	bbox = (938.0160, 2875.4120) - (938.0440, 2875.5400) on Layer M8
violation type: Min Width
	srcs: net:spad/reader/beatPacker/_09128_
	bbox = (936.4160, 2876.0520) - (936.4440, 2876.1800) on Layer M8
violation type: Min Width
	srcs: net:net136960
	bbox = (942.8160, 1437.4120) - (942.8440, 1437.5400) on Layer M8
violation type: Min Width
	srcs: net:net123240
	bbox = (951.2000, 1152.8520) - (951.2280, 1152.9800) on Layer M8
violation type: Min Width
	srcs: net:net28073
	bbox = (952.4160, 2823.0120) - (952.4440, 2823.1400) on Layer M8
violation type: Min Width
	srcs: net:spad/reader/beatPacker/_00175_
	bbox = (952.0960, 2858.5320) - (952.1240, 2858.6600) on Layer M8
violation type: Min Width
	srcs: net:net58965
	bbox = (966.4960, 2316.0520) - (966.5240, 2316.1800) on Layer M8
violation type: Min Width
	srcs: net:net109513
	bbox = (974.7520, 1070.6120) - (974.7800, 1070.7400) on Layer M8
violation type: Min Width
	srcs: net:spad/reader/beatPacker/_17306_
	bbox = (981.5360, 2838.6920) - (981.5640, 2838.8200) on Layer M8
violation type: Min Width
	srcs: net:net100750
	bbox = (981.2160, 2869.0920) - (981.2440, 2869.2200) on Layer M8
violation type: Min Width
	srcs: net:net66600
	bbox = (988.9600, 1431.3320) - (988.9880, 1431.4600) on Layer M8
violation type: Min Width
	srcs: net:spad/reader/beatPacker/_02438_
	bbox = (988.4480, 2885.1720) - (988.4760, 2885.3000) on Layer M8
violation type: Min Width
	srcs: net:net44937
	bbox = (990.3680, 2913.8920) - (990.3960, 2914.0200) on Layer M8
violation type: Min Width
	srcs: net:net65595
	bbox = (1005.1520, 1438.1320) - (1005.1800, 1438.2600) on Layer M8
violation type: Min Width
	srcs: net:net58642
	bbox = (1005.8560, 2309.5720) - (1005.8840, 2309.7000) on Layer M8
violation type: Min Width
	srcs: net:spad/reader/beatPacker/_17301_
	bbox = (1005.2800, 2831.5720) - (1005.3080, 2831.7000) on Layer M8
violation type: Min Width
	srcs: net:net83708
	bbox = (1018.0800, 730.2920) - (1018.1080, 730.4200) on Layer M8
violation type: Min Width
	srcs: net:net106577
	bbox = (1018.7840, 2618.4520) - (1018.8120, 2618.5800) on Layer M8
violation type: Min Width
	srcs: net:spad/_reader_io_resp_bits_data\[92\]
	bbox = (1034.5280, 2718.2120) - (1034.5560, 2718.3400) on Layer M8
violation type: Min Width
	srcs: net:net103031
	bbox = (1049.0560, 1371.4120) - (1049.0840, 1371.5400) on Layer M8
violation type: Min Width
	srcs: net:net123261
	bbox = (1065.2480, 1362.6120) - (1065.2760, 1362.7400) on Layer M8
violation type: Min Width
	srcs: net:spad/_01484_
	bbox = (1064.0960, 1679.9720) - (1064.1240, 1680.1000) on Layer M8
violation type: Min Width
	srcs: net:mod/ld_weights/_013230_
	bbox = (1081.4400, 774.6920) - (1081.4680, 774.8200) on Layer M8
violation type: Min Width
	srcs: net:mod/ld_weights/_031420_
	bbox = (1103.3280, 1463.1720) - (1103.3560, 1463.3000) on Layer M8
violation type: Min Width
	srcs: net:spad/reader/beatPacker/_12472_
	bbox = (1102.8160, 2821.5720) - (1102.8440, 2821.7000) on Layer M8
violation type: Min Width
	srcs: net:net65373
	bbox = (1112.1600, 1649.1720) - (1112.1880, 1649.3000) on Layer M8
violation type: Min Width
	srcs: net:spad/acc_mems_0/pipelined_writes_1_bits_addr\[8\]
	bbox = (1239.2000, 2414.4520) - (1239.2280, 2414.5800) on Layer M8
violation type: Min Width
	srcs: net:net29381
	bbox = (1247.4560, 356.2120) - (1247.4840, 356.3400) on Layer M8
violation type: Min Width
	srcs: net:net60227
	bbox = (1246.9440, 1445.6520) - (1246.9720, 1445.7800) on Layer M8
violation type: Min Width
	srcs: net:net59484
	bbox = (1263.1360, 1712.8520) - (1263.1640, 1712.9800) on Layer M8
violation type: Min Width
	srcs: net:spad/acc_adders/_0225_
	bbox = (1268.1920, 2429.3320) - (1268.2200, 2429.4600) on Layer M8
violation type: Min Width
	srcs: net:net67889
	bbox = (1276.8960, 2686.9320) - (1276.9240, 2687.0600) on Layer M8
violation type: Min Width
	srcs: net:spad/_acc_mems_0_io_adder_op1_3_0\[2\]
	bbox = (1283.3600, 2408.2120) - (1283.3880, 2408.3400) on Layer M8
violation type: Min Width
	srcs: net:net101756
	bbox = (1290.9120, 2468.5320) - (1290.9400, 2468.6600) on Layer M8
violation type: Min Width
	srcs: net:net8650
	bbox = (1298.9120, 2543.4120) - (1298.9400, 2543.5400) on Layer M8
violation type: Min Width
	srcs: net:net39224
	bbox = (1320.9920, 351.4120) - (1321.0200, 351.5400) on Layer M8
violation type: Min Width
	srcs: net:net137800
	bbox = (1320.8640, 2522.2920) - (1320.8920, 2522.4200) on Layer M8
violation type: Min Width
	srcs: net:spad/_acc_mems_0_io_adder_op1_15_0\[24\]
	bbox = (1330.1440, 2459.7320) - (1330.1720, 2459.8600) on Layer M8
violation type: Min Width
	srcs: net:net93515
	bbox = (1330.2720, 2612.7720) - (1330.3000, 2612.9000) on Layer M8
violation type: Min Width
	srcs: net:net119569
	bbox = (1329.5040, 2688.6920) - (1329.5320, 2688.8200) on Layer M8
violation type: Min Width
	srcs: net:spad/acc_scale_unit/activated_data_e_scaled_muladder_6/mulAddRecFNToRaw_postMul/_0766_
	bbox = (1328.2880, 3244.6920) - (1328.3160, 3244.8200) on Layer M8
violation type: Min Width
	srcs: net:net134575
	bbox = (1336.9280, 2392.9320) - (1336.9560, 2393.0600) on Layer M8
violation type: Min Width
	srcs: net:net139080
	bbox = (1338.0160, 2656.2120) - (1338.0440, 2656.3400) on Layer M8
violation type: Min Width
	srcs: net:spad/_acc_mems_0_io_adder_op1_2_0\[7\]
	bbox = (1337.9520, 2664.4520) - (1337.9800, 2664.5800) on Layer M8
violation type: Min Width
	srcs: net:mod/ex/_026843_
	bbox = (1345.1840, 1207.0120) - (1345.2120, 1207.1400) on Layer M8
violation type: Min Width
	srcs: net:net61449
	bbox = (1346.5280, 2423.5720) - (1346.5560, 2423.7000) on Layer M8
violation type: Min Width
	srcs: net:spad/_vsm_in_q_1_io_deq_bits_in_15\[0\]
	bbox = (1344.4160, 2692.3720) - (1344.4440, 2692.5000) on Layer M8
violation type: Min Width
	srcs: net:net94073
	bbox = (1344.8000, 2724.7720) - (1344.8280, 2724.9000) on Layer M8
violation type: Min Width
	srcs: net:net117217
	bbox = (1352.1600, 2460.2120) - (1352.1880, 2460.3400) on Layer M8
violation type: Min Width
	srcs: net:net93149
	bbox = (1351.0720, 2573.8120) - (1351.1000, 2573.9400) on Layer M8
violation type: Min Width
	srcs: net:net26390
	bbox = (1358.9440, 1409.0920) - (1358.9720, 1409.2200) on Layer M8
violation type: Min Width
	srcs: net:spad/_acc_mems_1_io_read_resp_bits_data_6_0\[4\]
	bbox = (1361.5680, 2460.1320) - (1361.5960, 2460.2600) on Layer M8
violation type: Min Width
	srcs: net:spad/acc_mems_0/_0229_
	bbox = (1358.6240, 2459.3320) - (1358.6520, 2459.4600) on Layer M8
violation type: Min Width
	srcs: net:spad/acc_adders/_0319_
	bbox = (1359.0720, 2476.0520) - (1359.1000, 2476.1800) on Layer M8
violation type: Min Width
	srcs: net:net94007
	bbox = (1360.3520, 2695.4120) - (1360.3800, 2695.5400) on Layer M8
violation type: Min Width
	srcs: net:net84053
	bbox = (1375.4560, 579.3320) - (1375.4840, 579.4600) on Layer M8
violation type: Min Width
	srcs: net:net66487
	bbox = (1373.4720, 1400.6920) - (1373.5000, 1400.8200) on Layer M8
violation type: Min Width
	srcs: net:net83135
	bbox = (1383.4560, 593.9720) - (1383.4840, 594.1000) on Layer M8
violation type: Min Width
	srcs: net:net93456
	bbox = (1383.7120, 2602.2920) - (1383.7400, 2602.4200) on Layer M8
violation type: Min Width
	srcs: net:net93725
	bbox = (1384.0960, 2639.3320) - (1384.1240, 2639.4600) on Layer M8
violation type: Min Width
	srcs: net:net93927
	bbox = (1381.5360, 2701.8920) - (1381.5640, 2702.0200) on Layer M8
violation type: Min Width
	srcs: net:net68900
	bbox = (1391.4600, 571.0120) - (1391.4880, 571.1400) on Layer M8
violation type: Min Width
	srcs: net:mod/_25755_
	bbox = (1390.1760, 592.1320) - (1390.2040, 592.2600) on Layer M8
violation type: Min Width
	srcs: net:net71771
	bbox = (1388.8960, 608.5320) - (1388.9240, 608.6600) on Layer M8
violation type: Min Width
	srcs: net:net93810
	bbox = (1392.1600, 2665.4120) - (1392.1880, 2665.5400) on Layer M8
violation type: Min Width
	srcs: net:net121795
	bbox = (1398.8160, 614.4520) - (1398.8440, 614.5800) on Layer M8
violation type: Min Width
	srcs: net:net60177
	bbox = (1397.4080, 1439.9720) - (1397.4360, 1440.1000) on Layer M8
violation type: Min Width
	srcs: net:net101989
	bbox = (1398.0480, 2550.5320) - (1398.0760, 2550.6600) on Layer M8
violation type: Min Width
	srcs: net:spad/acc_adders/_0492_
	bbox = (1396.5760, 2662.0520) - (1396.6040, 2662.1800) on Layer M8
violation type: Min Width
	srcs: net:clknet_10_449_0_clock
	bbox = (1397.0240, 2694.2120) - (1397.0520, 2694.3400) on Layer M8
violation type: Min Width
	srcs: net:mod/ld_input/_28098_
	bbox = (1405.4080, 366.8520) - (1405.4360, 366.9800) on Layer M8
violation type: Min Width
	srcs: net:net33139
	bbox = (1405.0240, 530.3720) - (1405.0520, 530.5000) on Layer M8
violation type: Min Width
	srcs: net:mod/_06181_
	bbox = (1404.3840, 681.5720) - (1404.4120, 681.7000) on Layer M8
violation type: Min Width
	srcs: net:net83134
	bbox = (1412.5120, 593.8120) - (1412.5400, 593.9400) on Layer M8
violation type: Min Width
	srcs: net:net72308
	bbox = (1413.2160, 713.6520) - (1413.2440, 713.7800) on Layer M8
violation type: Min Width
	srcs: net:spad/acc_mems_0/_0120_
	bbox = (1419.8720, 2490.3720) - (1419.9000, 2490.5000) on Layer M8
violation type: Min Width
	srcs: net:net135233
	bbox = (1421.6000, 2664.4520) - (1421.6280, 2664.5800) on Layer M8
violation type: Min Width
	srcs: net:net135076
	bbox = (1426.4640, 2390.6920) - (1426.4920, 2390.8200) on Layer M8
violation type: Min Width
	srcs: net:mod/_26511_
	bbox = (1435.6800, 578.3720) - (1435.7080, 578.5000) on Layer M8
violation type: Min Width
	srcs: net:net83999
	bbox = (1435.2320, 600.2920) - (1435.2600, 600.4200) on Layer M8
violation type: Min Width
	srcs: net:mod/_26035_
	bbox = (1436.5120, 615.4920) - (1436.5400, 615.6200) on Layer M8
violation type: Min Width
	srcs: net:mod/_25749_
	bbox = (1433.5680, 623.8120) - (1433.5960, 623.9400) on Layer M8
violation type: Min Width
	srcs: net:net127040
	bbox = (1435.9400, 1062.5320) - (1435.9680, 1062.6600) on Layer M8
violation type: Min Width
	srcs: net:net134503
	bbox = (1449.8240, 2466.2920) - (1449.8520, 2466.4200) on Layer M8
violation type: Min Width
	srcs: net:net134853
	bbox = (1449.3760, 2484.5320) - (1449.4040, 2484.6600) on Layer M8
violation type: Min Width
	srcs: net:net34578
	bbox = (1457.5680, 652.3720) - (1457.5960, 652.5000) on Layer M8
violation type: Min Width
	srcs: net:net91514
	bbox = (1458.6560, 2559.4920) - (1458.6840, 2559.6200) on Layer M8
violation type: Min Width
	srcs: net:net93986
	bbox = (1458.2080, 2701.5720) - (1458.2360, 2701.7000) on Layer M8
violation type: Min Width
	srcs: net:net51891
	bbox = (1465.9520, 2664.7720) - (1465.9800, 2664.9000) on Layer M8
violation type: Min Width
	srcs: net:net71922
	bbox = (1472.8640, 599.8120) - (1472.8920, 599.9400) on Layer M8
violation type: Min Width
	srcs: net:mod/_11985_
	bbox = (1471.7120, 720.9320) - (1471.7400, 721.0600) on Layer M8
violation type: Min Width
	srcs: net:ex_controller/mesh/mesh/mesh_14_0/tile_0_0/_0042_
	bbox = (1474.9760, 1491.4120) - (1475.0040, 1491.5400) on Layer M8
violation type: Min Width
	srcs: net:net36844
	bbox = (1473.4400, 1494.1320) - (1473.4680, 1494.2600) on Layer M8
violation type: Min Width
	srcs: net:net52771
	bbox = (1474.3360, 2533.8120) - (1474.3640, 2533.9400) on Layer M8
violation type: Min Width
	srcs: net:mod/_27306_
	bbox = (1480.9280, 585.2520) - (1480.9560, 585.3800) on Layer M8
violation type: Min Width
	srcs: net:mod/_05799_
	bbox = (1481.0560, 608.1320) - (1481.0840, 608.2600) on Layer M8
violation type: Min Width
	srcs: net:net84525
	bbox = (1482.6560, 652.7720) - (1482.6840, 652.9000) on Layer M8
violation type: Min Width
	srcs: net:net54546
	bbox = (1481.7600, 1561.1720) - (1481.7880, 1561.3000) on Layer M8
violation type: Min Width
	srcs: net:net134949
	bbox = (1480.9920, 2519.0120) - (1481.0200, 2519.1400) on Layer M8
violation type: Min Width
	srcs: net:net135484
	bbox = (1480.9920, 2632.1320) - (1481.0200, 2632.2600) on Layer M8
violation type: Min Width
	srcs: net:mod/_25306_
	bbox = (1488.5440, 600.0520) - (1488.5720, 600.1800) on Layer M8
violation type: Min Width
	srcs: net:mod/_01079_
	bbox = (1486.5600, 624.2120) - (1486.5880, 624.3400) on Layer M8
violation type: Min Width
	srcs: net:ex_controller/mesh/mesh/_mesh_14_0_io_out_b_0\[11\]
	bbox = (1496.0960, 1500.6120) - (1496.1240, 1500.7400) on Layer M8
violation type: Min Width
	srcs: net:net59693
	bbox = (1497.1840, 2400.9320) - (1497.2120, 2401.0600) on Layer M8
violation type: Min Width
	srcs: net:net135703
	bbox = (1495.0080, 2473.6520) - (1495.0360, 2473.7800) on Layer M8
violation type: Min Width
	srcs: net:spad/_acc_adders_io_out_9_0\[29\]
	bbox = (1495.5840, 2474.0520) - (1495.6120, 2474.1800) on Layer M8
violation type: Min Width
	srcs: net:mod/ex/_047339_
	bbox = (1504.5440, 1409.8920) - (1504.5720, 1410.0200) on Layer M8
violation type: Min Width
	srcs: net:net135050
	bbox = (1504.2240, 2408.1320) - (1504.2520, 2408.2600) on Layer M8
violation type: Min Width
	srcs: net:net8386
	bbox = (1503.3920, 2575.2520) - (1503.4200, 2575.3800) on Layer M8
violation type: Min Width
	srcs: net:net111300
	bbox = (1512.2280, 1402.1320) - (1512.2560, 1402.2600) on Layer M8
violation type: Min Width
	srcs: net:mod/ld_input/_25832_
	bbox = (1517.4080, 304.8520) - (1517.4360, 304.9800) on Layer M8
violation type: Min Width
	srcs: net:net24905
	bbox = (1518.6880, 1446.6120) - (1518.7160, 1446.7400) on Layer M8
violation type: Min Width
	srcs: net:net134609
	bbox = (1518.4320, 2414.2920) - (1518.4600, 2414.4200) on Layer M8
violation type: Min Width
	srcs: net:net135631
	bbox = (1519.0080, 2427.8920) - (1519.0360, 2428.0200) on Layer M8
violation type: Min Width
	srcs: net:net91767
	bbox = (1517.0240, 2492.0520) - (1517.0520, 2492.1800) on Layer M8
violation type: Min Width
	srcs: net:net93302
	bbox = (1518.1760, 2589.8920) - (1518.2040, 2590.0200) on Layer M8
violation type: Min Width
	srcs: net:net108256
	bbox = (1518.6240, 2632.5320) - (1518.6520, 2632.6600) on Layer M8
violation type: Min Width
	srcs: net:net52866
	bbox = (1518.5600, 2702.4520) - (1518.5880, 2702.5800) on Layer M8
violation type: Min Width
	srcs: net:net111545
	bbox = (1533.6640, 955.9720) - (1533.6920, 956.1000) on Layer M8
violation type: Min Width
	srcs: net:spad/_acc_mems_1_io_adder_op1_6_0\[12\]
	bbox = (1533.4720, 2466.0520) - (1533.5000, 2466.1800) on Layer M8
violation type: Min Width
	srcs: net:mod/ld_input/_24424_
	bbox = (1540.0640, 318.8520) - (1540.0920, 318.9800) on Layer M8
violation type: Min Width
	srcs: net:net92332
	bbox = (1540.0000, 2612.7720) - (1540.0280, 2612.9000) on Layer M8
violation type: Min Width
	srcs: net:net8420
	bbox = (1547.2320, 2503.8120) - (1547.2600, 2503.9400) on Layer M8
violation type: Min Width
	srcs: net:net92367
	bbox = (1558.2400, 2582.3720) - (1558.2680, 2582.5000) on Layer M8
violation type: Min Width
	srcs: net:ex_controller/mesh/mesh/mesh_14_1/tile_0_0/_0355_
	bbox = (1563.1680, 1531.8920) - (1563.1960, 1532.0200) on Layer M8
violation type: Min Width
	srcs: net:net91145
	bbox = (1564.2560, 2408.4520) - (1564.2840, 2408.5800) on Layer M8
violation type: Min Width
	srcs: net:net93521
	bbox = (1565.2800, 2503.8120) - (1565.3080, 2503.9400) on Layer M8
violation type: Min Width
	srcs: net:net93084
	bbox = (1565.4720, 2518.7720) - (1565.5000, 2518.9000) on Layer M8
violation type: Min Width
	srcs: net:net61801
	bbox = (1570.9760, 1401.8120) - (1571.0040, 1401.9400) on Layer M8
violation type: Min Width
	srcs: net:net114962
	bbox = (1572.0000, 1606.8520) - (1572.0280, 1606.9800) on Layer M8
violation type: Min Width
	srcs: net:net93772
	bbox = (1572.1920, 2680.7720) - (1572.2200, 2680.9000) on Layer M8
violation type: Min Width
	srcs: net:spad/acc_mems_1/pipelined_writes_1_bits_mask_13
	bbox = (1580.1920, 2437.2520) - (1580.2200, 2437.3800) on Layer M8
violation type: Min Width
	srcs: net:net91961
	bbox = (1580.0640, 2445.7320) - (1580.0920, 2445.8600) on Layer M8
violation type: Min Width
	srcs: net:net92554
	bbox = (1578.5280, 2695.1720) - (1578.5560, 2695.3000) on Layer M8
violation type: Min Width
	srcs: net:net134606
	bbox = (1588.0640, 2406.9320) - (1588.0920, 2407.0600) on Layer M8
violation type: Min Width
	srcs: net:net101801
	bbox = (1588.3200, 2438.0520) - (1588.3480, 2438.1800) on Layer M8
violation type: Min Width
	srcs: net:net92185
	bbox = (1585.5680, 2580.0520) - (1585.5960, 2580.1800) on Layer M8
violation type: Min Width
	srcs: net:net61841
	bbox = (1586.6560, 2626.6120) - (1586.6840, 2626.7400) on Layer M8
violation type: Min Width
	srcs: net:net124159
	bbox = (1594.0800, 252.6920) - (1594.1080, 252.8200) on Layer M8
violation type: Min Width
	srcs: net:ex_controller/mesh/mesh/mesh_15_3/tile_0_0/_0201_
	bbox = (1592.7360, 1788.3720) - (1592.7640, 1788.5000) on Layer M8
violation type: Min Width
	srcs: net:spad/_acc_mems_1_io_adder_op1_0_0\[18\]
	bbox = (1595.7440, 2459.1720) - (1595.7720, 2459.3000) on Layer M8
violation type: Min Width
	srcs: net:spad/_acc_mems_1_io_adder_op1_7_0\[27\]
	bbox = (1595.8080, 2632.9320) - (1595.8360, 2633.0600) on Layer M8
violation type: Min Width
	srcs: net:net94146
	bbox = (1593.8240, 2692.2120) - (1593.8520, 2692.3400) on Layer M8
violation type: Min Width
	srcs: net:net139057
	bbox = (1601.8240, 2399.1720) - (1601.8520, 2399.3000) on Layer M8
violation type: Min Width
	srcs: net:net106649
	bbox = (1602.7200, 2415.7320) - (1602.7480, 2415.8600) on Layer M8
violation type: Min Width
	srcs: net:net135278
	bbox = (1601.6960, 2481.5720) - (1601.7240, 2481.7000) on Layer M8
violation type: Min Width
	srcs: net:spad/_acc_mems_1_io_adder_op1_4_0\[29\]
	bbox = (1600.6080, 2490.5320) - (1600.6360, 2490.6600) on Layer M8
violation type: Min Width
	srcs: net:net135401
	bbox = (1609.2480, 2405.8920) - (1609.2760, 2406.0200) on Layer M8
violation type: Min Width
	srcs: net:net94180
	bbox = (1615.0080, 2687.8120) - (1615.0360, 2687.9400) on Layer M8
violation type: Min Width
	srcs: net:net98455
	bbox = (1625.8880, 1695.2520) - (1625.9160, 1695.3800) on Layer M8
violation type: Min Width
	srcs: net:net70031
	bbox = (1623.9040, 2022.8520) - (1623.9320, 2022.9800) on Layer M8
violation type: Min Width
	srcs: net:ex_controller/mesh/mesh/mesh_15_4/tile_0_0/_0325_
	bbox = (1631.6480, 2005.7320) - (1631.6760, 2005.8600) on Layer M8
violation type: Min Width
	srcs: net:ex_controller/mesh/mesh/mesh_13_0/tile_0_0/_0383_
	bbox = (1638.5600, 1454.4520) - (1638.5880, 1454.5800) on Layer M8
violation type: Min Width
	srcs: net:mod/ld_input/_39377_
	bbox = (1648.4800, 409.5720) - (1648.5080, 409.7000) on Layer M8
violation type: Min Width
	srcs: net:net133867
	bbox = (1647.6480, 473.0120) - (1647.6760, 473.1400) on Layer M8
violation type: Min Width
	srcs: net:net127684
	bbox = (1647.1360, 1437.4120) - (1647.1640, 1437.5400) on Layer M8
violation type: Min Width
	srcs: net:net134351
	bbox = (1654.4960, 487.8920) - (1654.5240, 488.0200) on Layer M8
violation type: Min Width
	srcs: net:ex_controller/mesh/mesh/mesh_13_0/tile_0_0/_0463_
	bbox = (1653.9840, 1447.2520) - (1654.0120, 1447.3800) on Layer M8
violation type: Min Width
	srcs: net:net96777
	bbox = (1664.0960, 1516.1320) - (1664.1240, 1516.2600) on Layer M8
violation type: Min Width
	srcs: net:net16018
	bbox = (1661.3440, 1688.8520) - (1661.3720, 1688.9800) on Layer M8
violation type: Min Width
	srcs: net:ex_controller/mesh/mesh/mesh_14_3/tile_0_0/_0367_
	bbox = (1670.9440, 1748.2920) - (1670.9720, 1748.4200) on Layer M8
violation type: Min Width
	srcs: net:net94092
	bbox = (1668.7680, 2443.4920) - (1668.7960, 2443.6200) on Layer M8
violation type: Min Width
	srcs: net:net18069
	bbox = (1676.2560, 1703.8920) - (1676.2840, 1704.0200) on Layer M8
violation type: Min Width
	srcs: net:ex_controller/mesh/mesh/mesh_13_1/tile_0_0/_0665_
	bbox = (1685.7920, 1516.1320) - (1685.8200, 1516.2600) on Layer M8
violation type: Min Width
	srcs: net:net110621
	bbox = (1692.2560, 175.2520) - (1692.2840, 175.3800) on Layer M8
violation type: Min Width
	srcs: net:net65961
	bbox = (1693.0880, 1508.3720) - (1693.1160, 1508.5000) on Layer M8
violation type: Min Width
	srcs: net:net52241
	bbox = (1692.1280, 2527.6520) - (1692.1560, 2527.7800) on Layer M8
violation type: Min Width
	srcs: net:net124882
	bbox = (1700.8320, 236.3720) - (1700.8600, 236.5000) on Layer M8
violation type: Min Width
	srcs: net:net133235
	bbox = (1700.8960, 492.4520) - (1700.9240, 492.5800) on Layer M8
violation type: Min Width
	srcs: net:ex_controller/mesh/mesh/mesh_13_1/tile_0_0/_0344_
	bbox = (1700.9600, 1515.4920) - (1700.9880, 1515.6200) on Layer M8
violation type: Min Width
	srcs: net:spad/_acc_mems_1_io_adder_op1_10_0\[30\]
	bbox = (1708.3200, 2527.0920) - (1708.3480, 2527.2200) on Layer M8
violation type: Min Width
	srcs: net:spad/_acc_mems_1_io_adder_op1_15_0\[13\]
	bbox = (1706.2720, 2544.2120) - (1706.3000, 2544.3400) on Layer M8
violation type: Min Width
	srcs: net:net116728
	bbox = (1707.8080, 2551.2520) - (1707.8360, 2551.3800) on Layer M8
violation type: Min Width
	srcs: net:net93839
	bbox = (1708.3840, 2665.5720) - (1708.4120, 2665.7000) on Layer M8
violation type: Min Width
	srcs: net:net110620
	bbox = (1716.1920, 261.7320) - (1716.2200, 261.8600) on Layer M8
violation type: Min Width
	srcs: net:ex_controller/mesh/mesh/mesh_14_4/tile_0_0/_0336_
	bbox = (1713.5680, 1943.8120) - (1713.5960, 1943.9400) on Layer M8
violation type: Min Width
	srcs: net:net110620
	bbox = (1721.8880, 212.6120) - (1721.9160, 212.7400) on Layer M8
violation type: Min Width
	srcs: net:net132623
	bbox = (1721.8240, 979.2520) - (1721.8520, 979.3800) on Layer M8
violation type: Min Width
	srcs: net:net14227
	bbox = (1721.5040, 2528.2920) - (1721.5320, 2528.4200) on Layer M8
violation type: Min Width
	srcs: net:net134625
	bbox = (1723.2320, 2541.0120) - (1723.2600, 2541.1400) on Layer M8
violation type: Min Width
	srcs: net:net6404
	bbox = (1722.1440, 2820.7720) - (1722.1720, 2820.9000) on Layer M8
violation type: Min Width
	srcs: net:ex_controller/mesh/mesh/mesh_12_0/tile_0_0/_0408_
	bbox = (1731.3600, 1387.5720) - (1731.3880, 1387.7000) on Layer M8
violation type: Min Width
	srcs: net:spad/_acc_mems_1_io_adder_op1_11_0\[3\]
	bbox = (1729.3760, 2649.7320) - (1729.4040, 2649.8600) on Layer M8
violation type: Min Width
	srcs: net:net124665
	bbox = (1737.1840, 206.5320) - (1737.2120, 206.6600) on Layer M8
violation type: Min Width
	srcs: net:net134674
	bbox = (1738.1440, 2518.4520) - (1738.1720, 2518.5800) on Layer M8
violation type: Min Width
	srcs: net:ex_controller/mesh/mesh/mesh_13_3/tile_0_0/_0442_
	bbox = (1745.0560, 1720.4520) - (1745.0840, 1720.5800) on Layer M8
violation type: Min Width
	srcs: net:net44774
	bbox = (1759.0720, 2974.1320) - (1759.1000, 2974.2600) on Layer M8
violation type: Min Width
	srcs: net:net42218
	bbox = (1760.3520, 2988.8520) - (1760.3800, 2988.9800) on Layer M8
violation type: Min Width
	srcs: net:ex_controller/mesh/mesh/mesh_13_3/tile_0_0/_0495_
	bbox = (1768.1600, 1705.6520) - (1768.1880, 1705.7800) on Layer M8
violation type: Min Width
	srcs: net:ex_controller/mesh/mesh/mesh_13_3/tile_0_0/_0490_
	bbox = (1768.6080, 1710.2920) - (1768.6360, 1710.4200) on Layer M8
violation type: Min Width
	srcs: net:ex_controller/mesh/mesh/mesh_13_3/tile_0_0/_0692_
	bbox = (1768.7360, 1721.0120) - (1768.7640, 1721.1400) on Layer M8
violation type: Min Width
	srcs: net:spad/writer/_02935_
	bbox = (1769.6320, 2936.6920) - (1769.6600, 2936.8200) on Layer M8
violation type: Min Width
	srcs: net:spad/writer/_02935_
	bbox = (1769.6320, 2951.0120) - (1769.6600, 2951.1400) on Layer M8
violation type: Min Width
	srcs: net:net67146
	bbox = (1777.3120, 1702.3720) - (1777.3400, 1702.5000) on Layer M8
violation type: Min Width
	srcs: net:spad/writer/_13161_
	bbox = (1774.9440, 2937.1720) - (1774.9720, 2937.3000) on Layer M8
violation type: Min Width
	srcs: net:spad/writer/_04186_
	bbox = (1776.1600, 2957.8920) - (1776.1880, 2958.0200) on Layer M8
violation type: Min Width
	srcs: net:clknet_10_498_0_clock
	bbox = (1776.8000, 2980.2920) - (1776.8280, 2980.4200) on Layer M8
violation type: Min Width
	srcs: net:net97158
	bbox = (1783.3920, 1264.8520) - (1783.4200, 1264.9800) on Layer M8
violation type: Min Width
	srcs: net:ex_controller/mesh/mesh/mesh_12_1/tile_0_0/_0423_
	bbox = (1784.0960, 1470.7720) - (1784.1240, 1470.9000) on Layer M8
violation type: Min Width
	srcs: net:net6523
	bbox = (1781.9200, 2807.3320) - (1781.9480, 2807.4600) on Layer M8
violation type: Min Width
	srcs: net:net44766
	bbox = (1784.9280, 2891.1720) - (1784.9560, 2891.3000) on Layer M8
violation type: Min Width
	srcs: net:net44746
	bbox = (1784.2280, 2960.1320) - (1784.2560, 2960.2600) on Layer M8
violation type: Min Width
	srcs: net:net41009
	bbox = (1783.8400, 2966.7720) - (1783.8680, 2966.9000) on Layer M8
violation type: Min Width
	srcs: net:spad/writer/_00149_
	bbox = (1783.8400, 3012.5320) - (1783.8680, 3012.6600) on Layer M8
violation type: Min Width
	srcs: net:net40275
	bbox = (1782.7520, 3169.6520) - (1782.7800, 3169.7800) on Layer M8
violation type: Min Width
	srcs: net:ex_controller/mesh/mesh/mesh_12_1/tile_0_0/_0037_
	bbox = (1792.4160, 1482.6120) - (1792.4440, 1482.7400) on Layer M8
violation type: Min Width
	srcs: net:net130764
	bbox = (1815.2000, 970.5320) - (1815.2280, 970.6600) on Layer M8
violation type: Min Width
	srcs: net:ex_controller/mesh/mesh/mesh_12_2/tile_0_0/_0067_
	bbox = (1820.9600, 1551.9720) - (1820.9880, 1552.1000) on Layer M8
violation type: Min Width
	srcs: net:net61799
	bbox = (1852.8320, 1400.7720) - (1852.8600, 1400.9000) on Layer M8
violation type: Min Width
	srcs: net:spad/writer/_09073_
	bbox = (1850.3360, 2967.4920) - (1850.3640, 2967.6200) on Layer M8
violation type: Min Width
	srcs: net:net98494
	bbox = (1857.8240, 1690.3720) - (1857.8520, 1690.5000) on Layer M8
violation type: Min Width
	srcs: net:net117421
	bbox = (1895.2640, 2571.3320) - (1895.2920, 2571.4600) on Layer M8
violation type: Min Width
	srcs: net:net15073
	bbox = (1904.6720, 940.6920) - (1904.7000, 940.8200) on Layer M8
violation type: Min Width
	srcs: net:ex_controller/mesh/mesh/mesh_11_2_io_in_control_0_shift_pipe_b\[2\]
	bbox = (1925.6000, 1529.3320) - (1925.6280, 1529.4600) on Layer M8
violation type: Min Width
	srcs: net:ex_controller/mesh/mesh/mesh_11_2/tile_0_0/_0260_
	bbox = (1926.6880, 1537.0120) - (1926.7160, 1537.1400) on Layer M8
violation type: Min Width
	srcs: net:ex_controller/mesh/mesh/mesh_9_1/tile_0_0/_0199_
	bbox = (1965.1520, 1334.6920) - (1965.1800, 1334.8200) on Layer M8
violation type: Min Width
	srcs: net:net16140
	bbox = (1964.4480, 1689.6520) - (1964.4760, 1689.7800) on Layer M8
violation type: Min Width
	srcs: net:ex_controller/mesh/mesh/mesh_15_7_io_in_control_0_shift_pipe_b\[2\]
	bbox = (1965.5360, 2293.8920) - (1965.5640, 2294.0200) on Layer M8
violation type: Min Width
	srcs: net:ex_controller/mesh/mesh/mesh_11_3/tile_0_0/_0839_
	bbox = (1980.5760, 1675.4120) - (1980.6040, 1675.5400) on Layer M8
violation type: Min Width
	srcs: net:net19020
	bbox = (1996.4480, 1274.1320) - (1996.4760, 1274.2600) on Layer M8
violation type: Min Width
	srcs: net:ex_controller/mesh/mesh/mesh_10_2/tile_0_0/_0203_
	bbox = (2010.0160, 1513.0920) - (2010.0440, 1513.2200) on Layer M8
violation type: Min Width
	srcs: net:ex_controller/mesh/mesh/mesh_8_1_io_in_control_0_shift_pipe_b\[1\]
	bbox = (2018.0160, 1273.3320) - (2018.0440, 1273.4600) on Layer M8
violation type: Min Width
	srcs: net:ex_controller/mesh/mesh/mesh_7_0/tile_0_0/_0286_
	bbox = (2023.8440, 980.2120) - (2023.8720, 980.3400) on Layer M8
violation type: Min Width
	srcs: net:ex_controller/mesh/mesh/mesh_12_5/tile_0_0/_0050_
	bbox = (2032.5440, 1899.9720) - (2032.5720, 1900.1000) on Layer M8
violation type: Min Width
	srcs: net:ex_controller/mesh/mesh/mesh_13_6/tile_0_0/_0272_
	bbox = (2032.1600, 2058.8520) - (2032.1880, 2058.9800) on Layer M8
violation type: Min Width
	srcs: net:spad/_01995_
	bbox = (2046.4960, 494.6920) - (2046.5240, 494.8200) on Layer M8
violation type: Min Width
	srcs: net:ex_controller/mesh/mesh/mesh_9_2/tile_0_0/_0490_
	bbox = (2055.2040, 1455.2520) - (2055.2320, 1455.3800) on Layer M8
violation type: Min Width
	srcs: net:net66669
	bbox = (2054.1760, 1620.4520) - (2054.2040, 1620.5800) on Layer M8
violation type: Min Width
	srcs: net:ex_controller/mesh/mesh/mesh_9_2/tile_0_0/_0804_
	bbox = (2071.2000, 1446.3720) - (2071.2280, 1446.5000) on Layer M8
violation type: Min Width
	srcs: net:ex_controller/mesh/mesh/mesh_6_1/tile_0_0/_0664_
	bbox = (2084.7040, 1037.4120) - (2084.7320, 1037.5400) on Layer M8
violation type: Min Width
	srcs: net:ex_controller/mesh/mesh/mesh_13_7/tile_0_0/_0691_
	bbox = (2110.1120, 2179.8920) - (2110.1400, 2180.0200) on Layer M8
violation type: Min Width
	srcs: net:ex_controller/mesh/mesh/mesh_7_2/tile_0_0/_0804_
	bbox = (2115.0400, 1280.6120) - (2115.0680, 1280.7400) on Layer M8
violation type: Min Width
	srcs: net:net114907
	bbox = (2117.3440, 1296.4520) - (2117.3720, 1296.5800) on Layer M8
violation type: Min Width
	srcs: net:ex_controller/mesh/mesh/mesh_11_5_io_in_control_0_shift_pipe_b\[3\]
	bbox = (2116.5120, 1877.5720) - (2116.5400, 1877.7000) on Layer M8
violation type: Min Width
	srcs: net:ex_controller/mesh/mesh/mesh_11_5/tile_0_0/_0067_
	bbox = (2116.2600, 1901.0120) - (2116.2880, 1901.1400) on Layer M8
violation type: Min Width
	srcs: net:net113626
	bbox = (2138.4000, 925.8920) - (2138.4280, 926.0200) on Layer M8
violation type: Min Width
	srcs: net:net56646
	bbox = (2159.7760, 681.3320) - (2159.8040, 681.4600) on Layer M8
violation type: Min Width
	srcs: net:net99365
	bbox = (2168.2240, 699.9720) - (2168.2520, 700.1000) on Layer M8
violation type: Min Width
	srcs: net:ex_controller/mesh/mesh/mesh_8_3/tile_0_0/_0278_
	bbox = (2176.8640, 1522.2120) - (2176.8920, 1522.3400) on Layer M8
violation type: Min Width
	srcs: net:ex_controller/mesh/mesh/mesh_8_3/tile_0_0/_0286_
	bbox = (2175.7800, 1530.5320) - (2175.8080, 1530.6600) on Layer M8
violation type: Min Width
	srcs: net:ex_controller/mesh/mesh/mesh_12_7/tile_0_0/_0253_
	bbox = (2176.5440, 2110.1320) - (2176.5720, 2110.2600) on Layer M8
violation type: Min Width
	srcs: net:clknet_10_569_0_clock
	bbox = (2197.7280, 691.6520) - (2197.7560, 691.7800) on Layer M8
violation type: Min Width
	srcs: net:net26395
	bbox = (2200.5440, 1447.4920) - (2200.5720, 1447.6200) on Layer M8
violation type: Min Width
	srcs: net:ex_controller/mesh/mesh/mesh_11_6/tile_0_0/_0336_
	bbox = (2214.8160, 1970.5320) - (2214.8440, 1970.6600) on Layer M8
violation type: Min Width
	srcs: net:net25039
	bbox = (2228.8960, 908.3720) - (2228.9240, 908.5000) on Layer M8
violation type: Min Width
	srcs: net:ex_controller/mesh/mesh/mesh_4_1/tile_0_0/_0574_
	bbox = (2251.7440, 870.2920) - (2251.7720, 870.4200) on Layer M8
violation type: Min Width
	srcs: net:ex_controller/mesh/mesh/mesh_13_8/tile_0_0/_0530_
	bbox = (2260.0000, 2232.5320) - (2260.0280, 2232.6600) on Layer M8
violation type: Min Width
	srcs: net:ex_controller/mesh/RegShifted_r_29_0\[4\]
	bbox = (2266.8480, 653.6520) - (2266.8760, 653.7800) on Layer M8
violation type: Min Width
	srcs: net:ex_controller/mesh/_01194_
	bbox = (2275.0400, 684.6120) - (2275.0680, 684.7400) on Layer M8
violation type: Min Width
	srcs: net:ex_controller/mesh/mesh/mesh_11_7/tile_0_0/_0692_
	bbox = (2281.9520, 2067.4120) - (2281.9800, 2067.5400) on Layer M8
violation type: Min Width
	srcs: net:ex_controller/mesh/mesh/mesh_5_4/tile_0_0/_0686_
	bbox = (2304.4800, 1447.1720) - (2304.5080, 1447.3000) on Layer M8
violation type: Min Width
	srcs: net:ex_controller/mesh/mesh/_13883_
	bbox = (2343.1360, 775.0920) - (2343.1640, 775.2200) on Layer M8
violation type: Min Width
	srcs: net:ex_controller/mesh/mesh/mesh_3_1/tile_0_0/_0217_
	bbox = (2341.7280, 790.4520) - (2341.7560, 790.5800) on Layer M8
violation type: Min Width
	srcs: net:ex_controller/mesh/mesh/mesh_2_2/tile_0_0/_0514_
	bbox = (2344.3520, 926.7720) - (2344.3800, 926.9000) on Layer M8
violation type: Min Width
	srcs: net:ex_controller/mesh/mesh/mesh_15_10_io_in_control_0_shift_pipe_b\[2\]
	bbox = (2372.8960, 2520.8520) - (2372.9240, 2520.9800) on Layer M8
violation type: Min Width
	srcs: net:net114991
	bbox = (2380.7680, 1092.8520) - (2380.7960, 1092.9800) on Layer M8
violation type: Min Width
	srcs: net:ex_controller/mesh/mesh/mesh_3_4/tile_0_0/_0240_
	bbox = (2381.1560, 1317.8920) - (2381.1840, 1318.0200) on Layer M8
violation type: Min Width
	srcs: net:ex_controller/mesh/mesh/mesh_2_3/tile_0_0/_0063_
	bbox = (2387.2960, 1084.4520) - (2387.3240, 1084.5800) on Layer M8
violation type: Min Width
	srcs: net:ex_controller/mesh/mesh/mesh_2_1/tile_0_0/_0197_
	bbox = (2425.9520, 760.8520) - (2425.9800, 760.9800) on Layer M8
violation type: Min Width
	srcs: net:ex_controller/mesh/mesh/mesh_5_5/tile_0_0/_0402_
	bbox = (2434.0800, 1493.2520) - (2434.1080, 1493.3800) on Layer M8
violation type: Min Width
	srcs: net:ex_controller/mesh/mesh/mesh_5_5/tile_0_0/_0253_
	bbox = (2433.3120, 1500.2920) - (2433.3400, 1500.4200) on Layer M8
violation type: Min Width
	srcs: net:ex_controller/mesh/mesh/mesh_1_3/tile_0_0/_0313_
	bbox = (2441.8880, 1002.7720) - (2441.9160, 1002.9000) on Layer M8
violation type: Min Width
	srcs: net:net128527
	bbox = (2454.5600, 675.6520) - (2454.5880, 675.7800) on Layer M8
violation type: Min Width
	srcs: net:ex_controller/mesh/mesh/mesh_15_11/tile_0_0/_0346_
	bbox = (2472.8000, 2604.7720) - (2472.8280, 2604.9000) on Layer M8
violation type: Min Width
	srcs: net:ex_controller/mesh/mesh/pipe_b_262_0\[8\]
	bbox = (2478.3680, 825.7320) - (2478.3960, 825.8600) on Layer M8
violation type: Min Width
	srcs: net:net26726
	bbox = (2480.2240, 1403.4920) - (2480.2520, 1403.6200) on Layer M8
violation type: Min Width
	srcs: net:net25695
	bbox = (2492.6400, 757.4120) - (2492.6680, 757.5400) on Layer M8
violation type: Min Width
	srcs: net:net16255
	bbox = (2493.5360, 1680.2120) - (2493.5640, 1680.3400) on Layer M8
violation type: Min Width
	srcs: net:net25354
	bbox = (2501.4080, 677.1720) - (2501.4360, 677.3000) on Layer M8
violation type: Min Width
	srcs: net:ex_controller/mesh/mesh/mesh_15_12/tile_0_0/_0208_
	bbox = (2507.9360, 2707.5720) - (2507.9640, 2707.7000) on Layer M8
violation type: Min Width
	srcs: net:ex_controller/mesh/mesh/r_80_0\[1\]
	bbox = (2516.0640, 752.7720) - (2516.0920, 752.9000) on Layer M8
violation type: Min Width
	srcs: net:ex_controller/mesh/mesh/mesh_8_7/tile_0_0/_0039_
	bbox = (2532.9600, 1863.8920) - (2532.9880, 1864.0200) on Layer M8
violation type: Min Width
	srcs: net:ex_controller/mesh/mesh/mesh_5_6/tile_0_0/_0782_
	bbox = (2554.1440, 1514.6120) - (2554.1720, 1514.7400) on Layer M8
violation type: Min Width
	srcs: net:ex_controller/mesh/mesh/_14301_
	bbox = (2561.5680, 1205.8920) - (2561.5960, 1206.0200) on Layer M8
violation type: Min Width
	srcs: net:ex_controller/mesh/mesh/mesh_12_10/tile_0_0/_0756_
	bbox = (2561.4400, 2392.2120) - (2561.4680, 2392.3400) on Layer M8
violation type: Min Width
	srcs: net:ex_controller/mesh/mesh/mesh_0_2/tile_0_0/_0495_
	bbox = (2570.7840, 871.5720) - (2570.8120, 871.7000) on Layer M8
violation type: Min Width
	srcs: net:ex_controller/mesh/mesh/mesh_4_6/tile_0_0/_0240_
	bbox = (2569.6960, 1424.8520) - (2569.7240, 1424.9800) on Layer M8
violation type: Min Width
	srcs: net:ex_controller/mesh/mesh/mesh_12_10/tile_0_0/_0210_
	bbox = (2577.3120, 2385.4920) - (2577.3400, 2385.6200) on Layer M8
violation type: Min Width
	srcs: net:net95968
	bbox = (2638.4320, 797.0120) - (2638.4600, 797.1400) on Layer M8
violation type: Min Width
	srcs: net:ex_controller/mesh/mesh/mesh_4_0/tile_0_0/_0272_
	bbox = (2652.4480, 667.0120) - (2652.4760, 667.1400) on Layer M8
violation type: Min Width
	srcs: net:net50523
	bbox = (2669.0240, 1182.2120) - (2669.0520, 1182.3400) on Layer M8
violation type: Min Width
	srcs: net:ex_controller/mesh/mesh/mesh_4_7/tile_0_0/_0250_
	bbox = (2666.4000, 1515.3320) - (2666.4280, 1515.4600) on Layer M8
violation type: Min Width
	srcs: net:ex_controller/mesh/mesh/mesh_7_8/tile_0_0/_0228_
	bbox = (2676.5760, 1871.5720) - (2676.6040, 1871.7000) on Layer M8
violation type: Min Width
	srcs: net:ex_controller/mesh/mesh/mesh_4_7/tile_0_0/_0210_
	bbox = (2684.3840, 1513.6520) - (2684.4120, 1513.7800) on Layer M8
violation type: Min Width
	srcs: net:net114151
	bbox = (2711.7760, 1395.2520) - (2711.8040, 1395.3800) on Layer M8
violation type: Min Width
	srcs: net:net115481
	bbox = (2714.7840, 1400.6920) - (2714.8120, 1400.8200) on Layer M8
violation type: Min Width
	srcs: net:ex_controller/mesh/mesh/mesh_13_13/tile_0_0/_0307_
	bbox = (2772.1920, 2816.4520) - (2772.2200, 2816.5800) on Layer M8
violation type: Min Width
	srcs: net:ex_controller/mesh/mesh/mesh_11_11/tile_0_0/_0365_
	bbox = (2781.0880, 2446.7720) - (2781.1160, 2446.9000) on Layer M8
violation type: Min Width
	srcs: net:ex_controller/mesh/mesh/mesh_11_11/tile_0_0/_0577_
	bbox = (2779.5520, 2459.0120) - (2779.5800, 2459.1400) on Layer M8
violation type: Min Width
	srcs: net:ex_controller/mesh/mesh/mesh_14_15/tile_0_0/_0782_
	bbox = (2780.7040, 3149.4920) - (2780.7320, 3149.6200) on Layer M8
violation type: Min Width
	srcs: net:ex_controller/mesh/mesh/mesh_13_13/tile_0_0/_0246_
	bbox = (2787.4280, 2799.4920) - (2787.4560, 2799.6200) on Layer M8
violation type: Min Width
	srcs: net:net95622
	bbox = (2796.8960, 1939.4920) - (2796.9240, 1939.6200) on Layer M8
violation type: Min Width
	srcs: net:ex_controller/mesh/mesh/mesh_2_8/tile_0_0/_0346_
	bbox = (2834.7840, 1266.6120) - (2834.8120, 1266.7400) on Layer M8
violation type: Min Width
	srcs: net:ex_controller/mesh/mesh/mesh_10_12/tile_0_0/_0408_
	bbox = (2911.4560, 2468.5320) - (2911.4840, 2468.6600) on Layer M8
violation type: Min Width
	srcs: net:ex_controller/mesh/mesh/_mesh_1_9_io_out_b_0\[14\]
	bbox = (2924.4480, 1183.8120) - (2924.4760, 1183.9400) on Layer M8
violation type: Min Width
	srcs: net:ex_controller/mesh/mesh/mesh_4_9/tile_0_0/_0592_
	bbox = (2938.3400, 1597.1720) - (2938.3680, 1597.3000) on Layer M8
violation type: Min Width
	srcs: net:ex_controller/mesh/mesh/mesh_11_13/tile_0_0/_0201_
	bbox = (2939.9360, 2737.5720) - (2939.9640, 2737.7000) on Layer M8
violation type: Min Width
	srcs: net:ex_controller/mesh/mesh/mesh_3_11/tile_0_0/_0278_
	bbox = (3098.9120, 1568.6920) - (3098.9400, 1568.8200) on Layer M8
violation type: Min Width
	srcs: net:ex_controller/mesh/mesh/mesh_6_12/tile_0_0/_0668_
	bbox = (3098.3360, 2074.0520) - (3098.3640, 2074.1800) on Layer M8
violation type: Min Width
	srcs: net:ex_controller/mesh/mesh/mesh_3_12/tile_0_0/_0317_
	bbox = (3160.0960, 1622.4520) - (3160.1240, 1622.5800) on Layer M8
violation type: Min Width
	srcs: net:ex_controller/mesh/mesh/mesh_2_12_io_in_control_0_shift_pipe_b\[3\]
	bbox = (3173.4760, 1477.1720) - (3173.5040, 1477.3000) on Layer M8
violation type: Min Width
	srcs: net:ex_controller/mesh/mesh/mesh_10_15/tile_0_0/_0210_
	bbox = (3181.5360, 3017.7320) - (3181.5640, 3017.8600) on Layer M8
violation type: Min Width
	srcs: net:net116439
	bbox = (3189.2800, 1280.4520) - (3189.3080, 1280.5800) on Layer M8
violation type: Min Width
	srcs: net:ex_controller/mesh/mesh/mesh_8_14/tile_0_0/_0057_
	bbox = (3204.7720, 2670.1320) - (3204.8000, 2670.2600) on Layer M8
violation type: Min Width
	srcs: net:ex_controller/mesh/mesh/mesh_9_15/tile_0_0/_0281_
	bbox = (3242.6560, 2913.7320) - (3242.6840, 2913.8600) on Layer M8
violation type: Min Width
	srcs: net:ex_controller/mesh/mesh/mesh_8_15/tile_0_0/_0410_
	bbox = (3272.3520, 2710.9320) - (3272.3800, 2711.0600) on Layer M8
violation type: Min Width
	srcs: net:ex_controller/mesh/mesh/mesh_4_14/tile_0_0/_0812_
	bbox = (3332.8320, 1870.8520) - (3332.8600, 1870.9800) on Layer M8
violation type: Min Width
	srcs: net:ex_controller/mesh/mesh/_41351_
	bbox = (3333.5360, 2051.4120) - (3333.5640, 2051.5400) on Layer M8
violation type: Min Width
	srcs: net:spad/reader/_xactTracker_io_peek_entry_repeats\[10\]
	bbox = (140.5120, 2608.5320) - (140.5400, 2608.6600) on Layer M8
violation type: Min Width
	srcs: net:net128986
	bbox = (185.7600, 1928.1320) - (185.7880, 1928.2600) on Layer M8
violation type: Min Width
	srcs: net:spad/vsm/pipe_1/out_bits_data_muladder/mulAddRecFNToRaw_postMul/_1169_
	bbox = (201.3120, 2448.2120) - (201.3400, 2448.3400) on Layer M8
violation type: Min Width
	srcs: net:net24026
	bbox = (379.1040, 1398.5320) - (379.1320, 1398.6600) on Layer M8
violation type: Min Width
	srcs: net:net29189
	bbox = (449.6960, 1828.6120) - (449.7240, 1828.7400) on Layer M8
violation type: Min Width
	srcs: net:net61954
	bbox = (457.6960, 1799.2520) - (457.7240, 1799.3800) on Layer M8
violation type: Min Width
	srcs: net:net56219
	bbox = (502.1760, 1685.7320) - (502.2040, 1685.8600) on Layer M8
violation type: Min Width
	srcs: net:net37391
	bbox = (502.1760, 1694.4520) - (502.2040, 1694.5800) on Layer M8
violation type: Min Width
	srcs: net:net28462
	bbox = (531.6800, 1236.9320) - (531.7080, 1237.0600) on Layer M8
violation type: Min Width
	srcs: net:reservation_station/_36944_
	bbox = (530.2720, 1716.4520) - (530.3000, 1716.5800) on Layer M8
violation type: Min Width
	srcs: net:net33564
	bbox = (539.2960, 1829.0120) - (539.3240, 1829.1400) on Layer M8
violation type: Min Width
	srcs: net:net23195
	bbox = (549.2160, 1216.5320) - (549.2440, 1216.6600) on Layer M8
violation type: Min Width
	srcs: net:net23195
	bbox = (549.2160, 1247.4120) - (549.2440, 1247.5400) on Layer M8
violation type: Min Width
	srcs: net:net62065
	bbox = (546.4640, 1819.6520) - (546.4920, 1819.7800) on Layer M8
violation type: Min Width
	srcs: net:net70854
	bbox = (554.5280, 1260.7720) - (554.5560, 1260.9000) on Layer M8
violation type: Min Width
	srcs: net:net57661
	bbox = (563.1680, 1760.4520) - (563.1960, 1760.5800) on Layer M8
violation type: Min Width
	srcs: net:reservation_station/_33130_
	bbox = (563.4240, 1819.0920) - (563.4520, 1819.2200) on Layer M8
violation type: Min Width
	srcs: net:spad/vsm/pipe/out_bits_data_muladder/mulAddRecFNToRaw_postMul/_0731_
	bbox = (564.3200, 2312.2920) - (564.3480, 2312.4200) on Layer M8
violation type: Min Width
	srcs: net:net132111
	bbox = (568.9280, 1278.2920) - (568.9560, 1278.4200) on Layer M8
violation type: Min Width
	srcs: net:net120521
	bbox = (569.5680, 1459.8920) - (569.5960, 1460.0200) on Layer M8
violation type: Min Width
	srcs: net:net81746
	bbox = (578.9120, 1285.0920) - (578.9400, 1285.2200) on Layer M8
violation type: Min Width
	srcs: net:net81746
	bbox = (578.5960, 1291.4920) - (578.6240, 1291.6200) on Layer M8
violation type: Min Width
	srcs: net:net23624
	bbox = (578.5920, 1442.8520) - (578.6200, 1442.9800) on Layer M8
violation type: Min Width
	srcs: net:net24093
	bbox = (575.6520, 1700.6120) - (575.6800, 1700.7400) on Layer M8
violation type: Min Width
	srcs: net:mod_1/ldA/_02264_
	bbox = (593.7600, 1072.7720) - (593.7880, 1072.9000) on Layer M8
violation type: Min Width
	srcs: net:net68217
	bbox = (593.6960, 1231.8920) - (593.7240, 1232.0200) on Layer M8
violation type: Min Width
	srcs: net:net23614
	bbox = (594.5920, 1686.5320) - (594.6200, 1686.6600) on Layer M8
violation type: Min Width
	srcs: net:net33541
	bbox = (593.3120, 1724.7720) - (593.3400, 1724.9000) on Layer M8
violation type: Min Width
	srcs: net:mod_1/ex/_00040_
	bbox = (599.5840, 1358.7720) - (599.6120, 1358.9000) on Layer M8
violation type: Min Width
	srcs: net:mod_1/ex/_02984_
	bbox = (599.0720, 1413.1720) - (599.1000, 1413.3000) on Layer M8
violation type: Min Width
	srcs: net:net37318
	bbox = (598.6920, 1706.8520) - (598.7200, 1706.9800) on Layer M8
violation type: Min Width
	srcs: net:net35812
	bbox = (602.2120, 1746.7720) - (602.2400, 1746.9000) on Layer M8
violation type: Min Width
	srcs: net:net22574
	bbox = (609.4400, 1261.4920) - (609.4680, 1261.6200) on Layer M8
violation type: Min Width
	srcs: net:net120437
	bbox = (605.7280, 1443.5720) - (605.7560, 1443.7000) on Layer M8
violation type: Min Width
	srcs: net:reservation_station/_33185_
	bbox = (608.4800, 1829.8920) - (608.5080, 1830.0200) on Layer M8
violation type: Min Width
	srcs: net:net108774
	bbox = (616.4160, 1269.6520) - (616.4440, 1269.7800) on Layer M8
violation type: Min Width
	srcs: net:net41309
	bbox = (616.4800, 1804.7720) - (616.5080, 1804.9000) on Layer M8
violation type: Min Width
	srcs: net:net120350
	bbox = (621.4720, 1411.9720) - (621.5000, 1412.1000) on Layer M8
violation type: Min Width
	srcs: net:net40500
	bbox = (623.9680, 1806.2920) - (623.9960, 1806.4200) on Layer M8
violation type: Min Width
	srcs: net:net75876
	bbox = (622.9440, 1812.1320) - (622.9720, 1812.2600) on Layer M8
violation type: Min Width
	srcs: net:net109222
	bbox = (629.2800, 277.1720) - (629.3080, 277.3000) on Layer M8
violation type: Min Width
	srcs: net:net81265
	bbox = (628.5800, 1232.6920) - (628.6080, 1232.8200) on Layer M8
violation type: Min Width
	srcs: net:net131551
	bbox = (632.4160, 1451.3320) - (632.4440, 1451.4600) on Layer M8
violation type: Min Width
	srcs: net:net41856
	bbox = (628.5120, 1812.7720) - (628.5400, 1812.9000) on Layer M8
violation type: Min Width
	srcs: net:net108731
	bbox = (639.3280, 1298.4520) - (639.3560, 1298.5800) on Layer M8
violation type: Min Width
	srcs: net:net24024
	bbox = (636.7680, 1699.5720) - (636.7960, 1699.7000) on Layer M8
violation type: Min Width
	srcs: net:net75732
	bbox = (636.1920, 1821.7320) - (636.2200, 1821.8600) on Layer M8
violation type: Min Width
	srcs: net:spad/vsm/pipe_3/_0277_
	bbox = (638.0480, 2462.4520) - (638.0760, 2462.5800) on Layer M8
violation type: Min Width
	srcs: net:net108848
	bbox = (652.4480, 1413.3320) - (652.4760, 1413.4600) on Layer M8
violation type: Min Width
	srcs: net:net33016
	bbox = (651.8720, 1753.3320) - (651.9000, 1753.4600) on Layer M8
violation type: Min Width
	srcs: net:mod_1/ldB/_05426_
	bbox = (661.6000, 1283.9720) - (661.6280, 1284.1000) on Layer M8
violation type: Min Width
	srcs: net:net60017
	bbox = (666.5280, 1509.7320) - (666.5560, 1509.8600) on Layer M8
violation type: Min Width
	srcs: net:net131484
	bbox = (675.0400, 1397.0920) - (675.0680, 1397.2200) on Layer M8
violation type: Min Width
	srcs: net:net132818
	bbox = (675.2320, 1411.1720) - (675.2600, 1411.3000) on Layer M8
violation type: Min Width
	srcs: net:net120458
	bbox = (700.3840, 1458.1320) - (700.4120, 1458.2600) on Layer M8
violation type: Min Width
	srcs: net:net105791
	bbox = (737.8240, 1555.4120) - (737.8520, 1555.5400) on Layer M8
violation type: Min Width
	srcs: net:spad/vsm/pipe_3/out_bits_data_muladder/mulAddRecFNToRaw_postMul/_0469_
	bbox = (735.5840, 2615.6520) - (735.6120, 2615.7800) on Layer M8
violation type: Min Width
	srcs: net:store_controller/_06282_
	bbox = (745.8240, 2002.4520) - (745.8520, 2002.5800) on Layer M8
violation type: Min Width
	srcs: net:net130889
	bbox = (826.3360, 1397.8120) - (826.3640, 1397.9400) on Layer M8
violation type: Min Width
	srcs: net:mod/ld_weights/_022606_
	bbox = (835.0400, 1481.4920) - (835.0680, 1481.6200) on Layer M8
violation type: Min Width
	srcs: net:store_controller/_00652_
	bbox = (841.6960, 1904.8520) - (841.7240, 1904.9800) on Layer M8
violation type: Min Width
	srcs: net:mod/ld_weights/_019379_
	bbox = (866.4000, 1434.8520) - (866.4280, 1434.9800) on Layer M8
violation type: Min Width
	srcs: net:mod/ld_weights/_018435_
	bbox = (870.4360, 1482.2120) - (870.4640, 1482.3400) on Layer M8
violation type: Min Width
	srcs: net:spad/reader/beatPacker/_08551_
	bbox = (915.8720, 2833.5720) - (915.9000, 2833.7000) on Layer M8
violation type: Min Width
	srcs: net:spad/acc_scale_unit/activated_data_e_scaled_rec_fn_to_in_4/_0280_
	bbox = (918.8840, 3001.6520) - (918.9120, 3001.7800) on Layer M8
violation type: Min Width
	srcs: net:spad/reader/beatPacker/_09133_
	bbox = (926.8160, 2818.6920) - (926.8440, 2818.8200) on Layer M8
violation type: Min Width
	srcs: net:spad/reader/beatPacker/_08994_
	bbox = (947.2960, 2871.2520) - (947.3240, 2871.3800) on Layer M8
violation type: Min Width
	srcs: net:spad/reader/beatPacker/_00505_
	bbox = (956.0000, 2774.7720) - (956.0280, 2774.9000) on Layer M8
violation type: Min Width
	srcs: net:spad/reader/beatPacker/_06861_
	bbox = (955.6160, 2888.5320) - (955.6440, 2888.6600) on Layer M8
violation type: Min Width
	srcs: net:net39674
	bbox = (969.1200, 2864.2920) - (969.1480, 2864.4200) on Layer M8
violation type: Min Width
	srcs: net:net100683
	bbox = (991.9680, 2788.0520) - (991.9960, 2788.1800) on Layer M8
violation type: Min Width
	srcs: net:net100689
	bbox = (995.2320, 2835.2520) - (995.2600, 2835.3800) on Layer M8
violation type: Min Width
	srcs: net:spad/reader/beatPacker/_11557_
	bbox = (992.6720, 2931.3320) - (992.7000, 2931.4600) on Layer M8
violation type: Min Width
	srcs: net:net109514
	bbox = (999.6480, 1072.5320) - (999.6760, 1072.6600) on Layer M8
violation type: Min Width
	srcs: net:net109961
	bbox = (1007.2640, 1133.1720) - (1007.2920, 1133.3000) on Layer M8
violation type: Min Width
	srcs: net:net58642
	bbox = (1016.5440, 2310.4520) - (1016.5720, 2310.5800) on Layer M8
violation type: Min Width
	srcs: net:net90898
	bbox = (1015.5840, 2850.3720) - (1015.6120, 2850.5000) on Layer M8
violation type: Min Width
	srcs: net:net60291
	bbox = (1025.5040, 1457.9720) - (1025.5320, 1458.1000) on Layer M8
violation type: Min Width
	srcs: net:net59801
	bbox = (1033.0560, 2404.2120) - (1033.0840, 2404.3400) on Layer M8
violation type: Min Width
	srcs: net:mod/ld_weights/_027358_
	bbox = (1040.3520, 1361.1720) - (1040.3800, 1361.3000) on Layer M8
violation type: Min Width
	srcs: net:net133517
	bbox = (1045.3440, 376.9320) - (1045.3720, 377.0600) on Layer M8
violation type: Min Width
	srcs: net:mod/ld_weights/_080807_
	bbox = (1052.7680, 997.0920) - (1052.7960, 997.2200) on Layer M8
violation type: Min Width
	srcs: net:spad/_reader_io_resp_bits_data\[126\]
	bbox = (1059.8720, 2661.8920) - (1059.9000, 2662.0200) on Layer M8
violation type: Min Width
	srcs: net:net84139
	bbox = (1089.7600, 726.0520) - (1089.7880, 726.1800) on Layer M8
violation type: Min Width
	srcs: net:net53738
	bbox = (1097.3120, 724.6120) - (1097.3400, 724.7400) on Layer M8
violation type: Min Width
	srcs: net:net46668
	bbox = (1100.0000, 2742.4520) - (1100.0280, 2742.5800) on Layer M8
violation type: Min Width
	srcs: net:net68394
	bbox = (1113.7600, 610.6920) - (1113.7880, 610.8200) on Layer M8
violation type: Min Width
	srcs: net:net45974
	bbox = (1120.8000, 1656.2120) - (1120.8280, 1656.3400) on Layer M8
violation type: Min Width
	srcs: net:spad/_vsm_in_q_1_io_deq_bits_in_11\[22\]
	bbox = (1122.3360, 2654.2120) - (1122.3640, 2654.3400) on Layer M8
violation type: Min Width
	srcs: net:net15445
	bbox = (1131.3600, 598.0520) - (1131.3880, 598.1800) on Layer M8
violation type: Min Width
	srcs: net:net50279
	bbox = (1128.7360, 702.8520) - (1128.7640, 702.9800) on Layer M8
violation type: Min Width
	srcs: net:net10022
	bbox = (1128.6080, 1602.5320) - (1128.6360, 1602.6600) on Layer M8
violation type: Min Width
	srcs: net:ex_controller/_04024_
	bbox = (1129.1840, 1599.8120) - (1129.2120, 1599.9400) on Layer M8
violation type: Min Width
	srcs: net:net27646
	bbox = (1146.5280, 1632.2920) - (1146.5560, 1632.4200) on Layer M8
violation type: Min Width
	srcs: net:spad/reader/beatPacker/_03985_
	bbox = (1143.7760, 2751.8120) - (1143.8040, 2751.9400) on Layer M8
violation type: Min Width
	srcs: net:mod/ld_weights/_013979_
	bbox = (1158.9440, 733.3320) - (1158.9720, 733.4600) on Layer M8
violation type: Min Width
	srcs: net:net60081
	bbox = (1167.7760, 1449.9720) - (1167.8040, 1450.1000) on Layer M8
violation type: Min Width
	srcs: net:ex_controller/mesh/_06541_
	bbox = (1169.1840, 1618.0520) - (1169.2120, 1618.1800) on Layer M8
violation type: Min Width
	srcs: net:net90467
	bbox = (1174.1760, 1646.6120) - (1174.2040, 1646.7400) on Layer M8
violation type: Min Width
	srcs: net:mod/ld_weights/_013981_
	bbox = (1189.6000, 731.0920) - (1189.6280, 731.2200) on Layer M8
violation type: Min Width
	srcs: net:ex_controller/_mesh_io_tags_in_progress_0_addr_data\[13\]
	bbox = (1196.0640, 1708.2120) - (1196.0920, 1708.3400) on Layer M8
violation type: Min Width
	srcs: net:net107136
	bbox = (1198.3680, 2669.2520) - (1198.3960, 2669.3800) on Layer M8
violation type: Min Width
	srcs: net:spad/acc_scale_unit/pipe_out_p/_24763_
	bbox = (1206.3680, 2237.0920) - (1206.3960, 2237.2200) on Layer M8
violation type: Min Width
	srcs: net:net119615
	bbox = (1204.3840, 2667.0920) - (1204.4120, 2667.2200) on Layer M8
violation type: Min Width
	srcs: net:net16293
	bbox = (1210.7200, 1624.0520) - (1210.7480, 1624.1800) on Layer M8
violation type: Min Width
	srcs: net:net57220
	bbox = (1227.4240, 1638.3720) - (1227.4520, 1638.5000) on Layer M8
violation type: Min Width
	srcs: net:net38515
	bbox = (1226.1440, 2320.5320) - (1226.1720, 2320.6600) on Layer M8
violation type: Min Width
	srcs: net:net98437
	bbox = (1244.5760, 1700.4520) - (1244.6040, 1700.5800) on Layer M8
violation type: Min Width
	srcs: net:net125059
	bbox = (1250.4640, 301.9720) - (1250.4920, 302.1000) on Layer M8
violation type: Min Width
	srcs: net:mod/ld_bias/_00724_
	bbox = (1258.5960, 481.7320) - (1258.6240, 481.8600) on Layer M8
violation type: Min Width
	srcs: net:net134256
	bbox = (1271.2000, 491.4920) - (1271.2280, 491.6200) on Layer M8
violation type: Min Width
	srcs: net:net60270
	bbox = (1274.9760, 2321.0920) - (1275.0040, 2321.2200) on Layer M8
violation type: Min Width
	srcs: net:net92999
	bbox = (1286.4320, 2605.2520) - (1286.4600, 2605.3800) on Layer M8
violation type: Min Width
	srcs: net:spad/_acc_mems_0_io_adder_op1_8_0\[8\]
	bbox = (1294.6920, 2454.5320) - (1294.7200, 2454.6600) on Layer M8
violation type: Min Width
	srcs: net:net91258
	bbox = (1296.9920, 2485.3320) - (1297.0200, 2485.4600) on Layer M8
violation type: Min Width
	srcs: net:net92776
	bbox = (1304.0320, 2418.7720) - (1304.0600, 2418.9000) on Layer M8
violation type: Min Width
	srcs: net:net102009
	bbox = (1304.0320, 2416.2920) - (1304.0600, 2416.4200) on Layer M8
violation type: Min Width
	srcs: net:spad/acc_mems_0/_0143_
	bbox = (1310.2400, 2575.0120) - (1310.2680, 2575.1400) on Layer M8
violation type: Min Width
	srcs: net:net92910
	bbox = (1317.2800, 2553.8920) - (1317.3080, 2554.0200) on Layer M8
violation type: Min Width
	srcs: net:net93278
	bbox = (1318.3040, 2600.8520) - (1318.3320, 2600.9800) on Layer M8
violation type: Min Width
	srcs: net:spad/acc_mems_1/pipelined_writes_1_bits_mask_50
	bbox = (1317.4720, 2653.1720) - (1317.5000, 2653.3000) on Layer M8
violation type: Min Width
	srcs: net:spad/_acc_mems_0_io_adder_op1_5_0\[10\]
	bbox = (1325.3440, 2485.3320) - (1325.3720, 2485.4600) on Layer M8
violation type: Min Width
	srcs: net:net135675
	bbox = (1327.0720, 2485.4920) - (1327.1000, 2485.6200) on Layer M8
violation type: Min Width
	srcs: net:net82823
	bbox = (1331.4880, 718.6120) - (1331.5160, 718.7400) on Layer M8
violation type: Min Width
	srcs: net:net135735
	bbox = (1335.4560, 2393.8920) - (1335.4840, 2394.0200) on Layer M8
violation type: Min Width
	srcs: net:net108409
	bbox = (1332.7680, 2485.6520) - (1332.7960, 2485.7800) on Layer M8
violation type: Min Width
	srcs: net:net119455
	bbox = (1333.0240, 2623.4920) - (1333.0520, 2623.6200) on Layer M8
violation type: Min Width
	srcs: net:spad/_acc_mems_0_io_adder_op1_10_0\[3\]
	bbox = (1334.6240, 2661.5720) - (1334.6520, 2661.7000) on Layer M8
violation type: Min Width
	srcs: net:spad/acc_mems_0/_0217_
	bbox = (1333.4720, 2673.3320) - (1333.5000, 2673.4600) on Layer M8
violation type: Min Width
	srcs: net:net34072
	bbox = (1334.3040, 2714.3720) - (1334.3320, 2714.5000) on Layer M8
violation type: Min Width
	srcs: net:net51720
	bbox = (1341.9200, 2591.6520) - (1341.9480, 2591.7800) on Layer M8
violation type: Min Width
	srcs: net:spad/acc_adders/_0285_
	bbox = (1349.7280, 2577.4120) - (1349.7560, 2577.5400) on Layer M8
violation type: Min Width
	srcs: net:net26390
	bbox = (1357.1520, 1413.8120) - (1357.1800, 1413.9400) on Layer M8
violation type: Min Width
	srcs: net:net55714
	bbox = (1357.0240, 2457.7320) - (1357.0520, 2457.8600) on Layer M8
violation type: Min Width
	srcs: net:net134924
	bbox = (1364.8960, 2471.4920) - (1364.9240, 2471.6200) on Layer M8
violation type: Min Width
	srcs: net:net93894
	bbox = (1361.9520, 2554.5320) - (1361.9800, 2554.6600) on Layer M8
violation type: Min Width
	srcs: net:net93623
	bbox = (1361.9520, 2645.8920) - (1361.9800, 2646.0200) on Layer M8
violation type: Min Width
	srcs: net:net72465
	bbox = (1371.2960, 604.0520) - (1371.3240, 604.1800) on Layer M8
violation type: Min Width
	srcs: net:net111321
	bbox = (1371.4240, 1405.4120) - (1371.4520, 1405.5400) on Layer M8
violation type: Min Width
	srcs: net:ex_controller/mesh/mesh/mesh_15_0/tile_0_0/_0240_
	bbox = (1369.5040, 1542.4520) - (1369.5320, 1542.5800) on Layer M8
violation type: Min Width
	srcs: net:ex_controller/mesh/mesh/pipe_b_15_0\[6\]
	bbox = (1377.1200, 1481.8120) - (1377.1480, 1481.9400) on Layer M8
violation type: Min Width
	srcs: net:net135184
	bbox = (1379.2320, 2533.3320) - (1379.2600, 2533.4600) on Layer M8
violation type: Min Width
	srcs: net:net51774
	bbox = (1376.9960, 2592.1320) - (1377.0240, 2592.2600) on Layer M8
violation type: Min Width
	srcs: net:net72465
	bbox = (1387.9360, 604.2920) - (1387.9640, 604.4200) on Layer M8
violation type: Min Width
	srcs: net:net135175
	bbox = (1387.1680, 2727.2520) - (1387.1960, 2727.3800) on Layer M8
violation type: Min Width
	srcs: net:net82676
	bbox = (1392.1600, 619.8920) - (1392.1880, 620.0200) on Layer M8
violation type: Min Width
	srcs: net:ex_controller/mesh/mesh/pipe_b_15_0\[6\]
	bbox = (1392.8000, 1482.5320) - (1392.8280, 1482.6600) on Layer M8
violation type: Min Width
	srcs: net:net135433
	bbox = (1393.8240, 2524.6120) - (1393.8520, 2524.7400) on Layer M8
violation type: Min Width
	srcs: net:net84605
	bbox = (1407.2680, 529.5720) - (1407.2960, 529.7000) on Layer M8
violation type: Min Width
	srcs: net:net71883
	bbox = (1409.4400, 618.6120) - (1409.4680, 618.7400) on Layer M8
violation type: Min Width
	srcs: net:net135404
	bbox = (1407.3920, 2668.1320) - (1407.4200, 2668.2600) on Layer M8
violation type: Min Width
	srcs: net:net135404
	bbox = (1410.9120, 2669.4920) - (1410.9400, 2669.6200) on Layer M8
violation type: Min Width
	srcs: net:net83892
	bbox = (1415.8400, 567.5720) - (1415.8680, 567.7000) on Layer M8
violation type: Min Width
	srcs: net:net134523
	bbox = (1424.3520, 2464.7720) - (1424.3800, 2464.9000) on Layer M8
violation type: Min Width
	srcs: net:net54037
	bbox = (1433.5680, 634.8520) - (1433.5960, 634.9800) on Layer M8
violation type: Min Width
	srcs: net:mod/_25551_
	bbox = (1432.6720, 641.0920) - (1432.7000, 641.2200) on Layer M8
violation type: Min Width
	srcs: net:net135318
	bbox = (1431.9680, 2388.2120) - (1431.9960, 2388.3400) on Layer M8
violation type: Min Width
	srcs: net:net68976
	bbox = (1438.0480, 635.4920) - (1438.0760, 635.6200) on Layer M8
violation type: Min Width
	srcs: net:net134884
	bbox = (1453.6640, 2479.2520) - (1453.6920, 2479.3800) on Layer M8
violation type: Min Width
	srcs: net:net134943
	bbox = (1456.0320, 2476.8520) - (1456.0600, 2476.9800) on Layer M8
violation type: Min Width
	srcs: net:net135311
	bbox = (1454.5600, 2523.9720) - (1454.5880, 2524.1000) on Layer M8
violation type: Min Width
	srcs: net:ex_controller/mesh/mesh/mesh_15_1/tile_0_0/_0253_
	bbox = (1461.5360, 1556.6920) - (1461.5640, 1556.8200) on Layer M8
violation type: Min Width
	srcs: net:ex_controller/mesh/mesh/mesh_15_1/tile_0_0/_0426_
	bbox = (1462.3040, 1563.7320) - (1462.3320, 1563.8600) on Layer M8
violation type: Min Width
	srcs: net:net134833
	bbox = (1462.6240, 2492.9320) - (1462.6520, 2493.0600) on Layer M8
violation type: Min Width
	srcs: net:net134833
	bbox = (1460.7040, 2493.8920) - (1460.7320, 2494.0200) on Layer M8
violation type: Min Width
	srcs: net:net72504
	bbox = (1471.5200, 581.2520) - (1471.5480, 581.3800) on Layer M8
violation type: Min Width
	srcs: net:net43171
	bbox = (1470.1120, 1496.0520) - (1470.1400, 1496.1800) on Layer M8
violation type: Min Width
	srcs: net:ex_controller/mesh/mesh/mesh_15_2/tile_0_0/mac_unit/_0308_
	bbox = (1469.6640, 1678.2920) - (1469.6920, 1678.4200) on Layer M8
violation type: Min Width
	srcs: net:net52691
	bbox = (1467.6160, 2461.9720) - (1467.6440, 2462.1000) on Layer M8
violation type: Min Width
	srcs: net:spad/acc_adders/_0126_
	bbox = (1476.3840, 2380.4520) - (1476.4120, 2380.5800) on Layer M8
violation type: Min Width
	srcs: net:mod/_00841_
	bbox = (1484.3200, 603.5720) - (1484.3480, 603.7000) on Layer M8
violation type: Min Width
	srcs: net:mod/_00841_
	bbox = (1484.3200, 624.6120) - (1484.3480, 624.7400) on Layer M8
violation type: Min Width
	srcs: net:mod/_27318_
	bbox = (1482.7200, 640.9320) - (1482.7480, 641.0600) on Layer M8
violation type: Min Width
	srcs: net:net92050
	bbox = (1492.1280, 2553.3320) - (1492.1560, 2553.4600) on Layer M8
violation type: Min Width
	srcs: net:ex_controller/mesh/mesh/mesh_14_0/tile_0_0/_0054_
	bbox = (1497.8240, 1497.1720) - (1497.8520, 1497.3000) on Layer M8
violation type: Min Width
	srcs: net:ex_controller/mesh/mesh/mesh_15_2/tile_0_0/_0867_
	bbox = (1501.2160, 1655.4120) - (1501.2440, 1655.5400) on Layer M8
violation type: Min Width
	srcs: net:_ex_controller_io_acc_write_0_bits_data_8_0\[15\]
	bbox = (1500.4480, 2411.8920) - (1500.4760, 2412.0200) on Layer M8
violation type: Min Width
	srcs: net:net134834
	bbox = (1499.3600, 2479.5720) - (1499.3880, 2479.7000) on Layer M8
violation type: Min Width
	srcs: net:net111326
	bbox = (1507.5520, 1403.2520) - (1507.5800, 1403.3800) on Layer M8
violation type: Min Width
	srcs: net:spad/vsm_1/in_bits_in_10\[2\]
	bbox = (1508.6400, 2418.6120) - (1508.6680, 2418.7400) on Layer M8
violation type: Min Width
	srcs: net:net135458
	bbox = (1507.7440, 2532.8520) - (1507.7720, 2532.9800) on Layer M8
violation type: Min Width
	srcs: net:net111986
	bbox = (1514.4640, 754.6120) - (1514.4920, 754.7400) on Layer M8
violation type: Min Width
	srcs: net:mod/ex/_061596_
	bbox = (1512.9280, 1413.2520) - (1512.9560, 1413.3800) on Layer M8
violation type: Min Width
	srcs: net:spad/_acc_mems_1_io_adder_op1_0_0\[3\]
	bbox = (1516.8960, 2683.4120) - (1516.9240, 2683.5400) on Layer M8
violation type: Min Width
	srcs: net:net94004
	bbox = (1515.3600, 2698.1320) - (1515.3880, 2698.2600) on Layer M8
violation type: Min Width
	srcs: net:net134640
	bbox = (1521.8240, 2388.5320) - (1521.8520, 2388.6600) on Layer M8
violation type: Min Width
	srcs: net:net119333
	bbox = (1521.5720, 2448.4520) - (1521.6000, 2448.5800) on Layer M8
violation type: Min Width
	srcs: net:net91848
	bbox = (1522.7840, 2577.2520) - (1522.8120, 2577.3800) on Layer M8
violation type: Min Width
	srcs: net:net52670
	bbox = (1529.5040, 2516.6920) - (1529.5320, 2516.8200) on Layer M8
violation type: Min Width
	srcs: net:net50980
	bbox = (1539.4880, 2880.8520) - (1539.5160, 2880.9800) on Layer M8
violation type: Min Width
	srcs: net:spad/_acc_mems_1_io_adder_op1_12_0\[29\]
	bbox = (1543.3920, 2531.1720) - (1543.4200, 2531.3000) on Layer M8
violation type: Min Width
	srcs: net:net135026
	bbox = (1545.2480, 2546.6920) - (1545.2760, 2546.8200) on Layer M8
violation type: Min Width
	srcs: net:net93738
	bbox = (1544.5440, 2598.6920) - (1544.5720, 2598.8200) on Layer M8
violation type: Min Width
	srcs: net:net134799
	bbox = (1544.3520, 2682.6920) - (1544.3800, 2682.8200) on Layer M8
violation type: Min Width
	srcs: net:net67020
	bbox = (1560.6720, 1534.3720) - (1560.7000, 1534.5000) on Layer M8
violation type: Min Width
	srcs: net:net94180
	bbox = (1561.0560, 2713.3320) - (1561.0840, 2713.4600) on Layer M8
violation type: Min Width
	srcs: net:net92066
	bbox = (1568.4800, 2449.9720) - (1568.5080, 2450.1000) on Layer M8
violation type: Min Width
	srcs: net:net134314
	bbox = (1575.4560, 460.6920) - (1575.4840, 460.8200) on Layer M8
violation type: Min Width
	srcs: net:net135557
	bbox = (1576.1600, 2674.0520) - (1576.1880, 2674.1800) on Layer M8
violation type: Min Width
	srcs: net:net91677
	bbox = (1582.1120, 2464.4520) - (1582.1400, 2464.5800) on Layer M8
violation type: Min Width
	srcs: net:spad/_acc_mems_1_io_adder_op1_8_0\[9\]
	bbox = (1582.3040, 2501.8920) - (1582.3320, 2502.0200) on Layer M8
violation type: Min Width
	srcs: net:net14113
	bbox = (1582.1760, 2524.4520) - (1582.2040, 2524.5800) on Layer M8
violation type: Min Width
	srcs: net:net14097
	bbox = (1582.8800, 2523.2520) - (1582.9080, 2523.3800) on Layer M8
violation type: Min Width
	srcs: net:net134577
	bbox = (1591.2000, 2408.7720) - (1591.2280, 2408.9000) on Layer M8
violation type: Min Width
	srcs: net:net134804
	bbox = (1590.6240, 2433.4120) - (1590.6520, 2433.5400) on Layer M8
violation type: Min Width
	srcs: net:spad/acc_scale_unit/_1134_
	bbox = (1590.4320, 2472.5320) - (1590.4600, 2472.6600) on Layer M8
violation type: Min Width
	srcs: net:net91909
	bbox = (1590.4960, 2544.9320) - (1590.5240, 2545.0600) on Layer M8
violation type: Min Width
	srcs: net:net61790
	bbox = (1589.9200, 2584.2920) - (1589.9480, 2584.4200) on Layer M8
violation type: Min Width
	srcs: net:net14096
	bbox = (1591.0720, 2593.0120) - (1591.1000, 2593.1400) on Layer M8
violation type: Min Width
	srcs: net:net124563
	bbox = (1597.6640, 385.9720) - (1597.6920, 386.1000) on Layer M8
violation type: Min Width
	srcs: net:net92177
	bbox = (1596.9600, 2403.4120) - (1596.9880, 2403.5400) on Layer M8
violation type: Min Width
	srcs: net:net134431
	bbox = (1596.2560, 2418.0520) - (1596.2840, 2418.1800) on Layer M8
violation type: Min Width
	srcs: net:spad/_acc_mems_1_io_adder_op1_1_0\[10\]
	bbox = (1598.1120, 2432.5320) - (1598.1400, 2432.6600) on Layer M8
violation type: Min Width
	srcs: net:net91100
	bbox = (1596.3200, 2620.4520) - (1596.3480, 2620.5800) on Layer M8
violation type: Min Width
	srcs: net:net139057
	bbox = (1613.4080, 2404.4520) - (1613.4360, 2404.5800) on Layer M8
violation type: Min Width
	srcs: net:net93435
	bbox = (1613.3440, 2424.4520) - (1613.3720, 2424.5800) on Layer M8
violation type: Min Width
	srcs: net:net74330
	bbox = (1644.2560, 1443.3320) - (1644.2840, 1443.4600) on Layer M8
violation type: Min Width
	srcs: net:mod/ex/_080369_
	bbox = (1672.4160, 966.8520) - (1672.4440, 966.9800) on Layer M8
violation type: Min Width
	srcs: net:ex_controller/mesh/mesh/mesh_13_1/tile_0_0/_0340_
	bbox = (1671.8400, 1495.5720) - (1671.8680, 1495.7000) on Layer M8
violation type: Min Width
	srcs: net:ex_controller/mesh/mesh/mesh_13_2/tile_0_0/_0203_
	bbox = (1674.0160, 1600.6120) - (1674.0440, 1600.7400) on Layer M8
violation type: Min Width
	srcs: net:net34571
	bbox = (1680.6080, 620.3720) - (1680.6360, 620.5000) on Layer M8
violation type: Min Width
	srcs: net:net66708
	bbox = (1679.2640, 1502.2920) - (1679.2920, 1502.4200) on Layer M8
violation type: Min Width
	srcs: net:net52217
	bbox = (1681.3120, 2666.9320) - (1681.3400, 2667.0600) on Layer M8
violation type: Min Width
	srcs: net:net36869
	bbox = (1689.5040, 1495.2520) - (1689.5320, 1495.3800) on Layer M8
violation type: Min Width
	srcs: net:net67094
	bbox = (1688.5440, 1510.0520) - (1688.5720, 1510.1800) on Layer M8
violation type: Min Width
	srcs: net:net92525
	bbox = (1690.7840, 2537.3320) - (1690.8120, 2537.4600) on Layer M8
violation type: Min Width
	srcs: net:net135457
	bbox = (1695.7120, 2548.0520) - (1695.7400, 2548.1800) on Layer M8
violation type: Min Width
	srcs: net:ex_controller/mesh/mesh/mesh_13_1/tile_0_0/_0036_
	bbox = (1709.6640, 1509.6520) - (1709.6920, 1509.7800) on Layer M8
violation type: Min Width
	srcs: net:net138944
	bbox = (1709.6040, 2517.7320) - (1709.6320, 2517.8600) on Layer M8
violation type: Min Width
	srcs: net:net135131
	bbox = (1712.8640, 2540.1320) - (1712.8920, 2540.2600) on Layer M8
violation type: Min Width
	srcs: net:ex_controller/mesh/mesh/mesh_12_0/tile_0_0/_0402_
	bbox = (1718.7520, 1405.5720) - (1718.7800, 1405.7000) on Layer M8
violation type: Min Width
	srcs: net:net133269
	bbox = (1732.3840, 512.4520) - (1732.4120, 512.5800) on Layer M8
violation type: Min Width
	srcs: net:net138946
	bbox = (1740.9600, 2553.0920) - (1740.9880, 2553.2200) on Layer M8
violation type: Min Width
	srcs: net:net12531
	bbox = (1748.9600, 2832.6120) - (1748.9880, 2832.7400) on Layer M8
violation type: Min Width
	srcs: net:net41007
	bbox = (1748.1920, 3006.0520) - (1748.2200, 3006.1800) on Layer M8
violation type: Min Width
	srcs: net:spad/writer/_04715_
	bbox = (1749.0880, 3016.8520) - (1749.1160, 3016.9800) on Layer M8
violation type: Min Width
	srcs: net:spad/writer/_10195_
	bbox = (1748.5120, 3028.6920) - (1748.5400, 3028.8200) on Layer M8
violation type: Min Width
	srcs: net:spad/writer/_02943_
	bbox = (1757.4080, 2911.3320) - (1757.4360, 2911.4600) on Layer M8
violation type: Min Width
	srcs: net:net52029
	bbox = (1770.8480, 2524.2920) - (1770.8760, 2524.4200) on Layer M8
violation type: Min Width
	srcs: net:net34513
	bbox = (1778.3360, 937.9720) - (1778.3640, 938.1000) on Layer M8
violation type: Min Width
	srcs: net:ex_controller/mesh/mesh/mesh_12_1/tile_0_0/_0253_
	bbox = (1779.8080, 1467.0920) - (1779.8360, 1467.2200) on Layer M8
violation type: Min Width
	srcs: net:net37074
	bbox = (1779.3600, 2826.2920) - (1779.3880, 2826.4200) on Layer M8
violation type: Min Width
	srcs: net:spad/writer/_03258_
	bbox = (1780.0640, 2947.8120) - (1780.0920, 2947.9400) on Layer M8
violation type: Min Width
	srcs: net:ex_controller/mesh/mesh/mesh_10_0/tile_0_0/_0514_
	bbox = (1785.3120, 1276.5320) - (1785.3400, 1276.6600) on Layer M8
violation type: Min Width
	srcs: net:net108190
	bbox = (1788.5760, 2870.6920) - (1788.6040, 2870.8200) on Layer M8
violation type: Min Width
	srcs: net:spad/writer/_12925_
	bbox = (1788.6400, 2886.3720) - (1788.6680, 2886.5000) on Layer M8
violation type: Min Width
	srcs: net:net44744
	bbox = (1787.9360, 2961.2520) - (1787.9640, 2961.3800) on Layer M8
violation type: Min Width
	srcs: net:spad/writer/_00120_
	bbox = (1788.2560, 3002.3720) - (1788.2840, 3002.5000) on Layer M8
violation type: Min Width
	srcs: net:net105036
	bbox = (1802.8480, 1977.8120) - (1802.8760, 1977.9400) on Layer M8
violation type: Min Width
	srcs: net:net134560
	bbox = (1802.8480, 2546.6120) - (1802.8760, 2546.7400) on Layer M8
violation type: Min Width
	srcs: net:ex_controller/mesh/mesh/mesh_12_2/tile_0_0/_0468_
	bbox = (1808.8640, 1565.1720) - (1808.8920, 1565.3000) on Layer M8
violation type: Min Width
	srcs: net:net113843
	bbox = (1841.8880, 1208.6120) - (1841.9160, 1208.7400) on Layer M8
violation type: Min Width
	srcs: net:spad/acc_scale_unit/activated_data_e_scaled_rec_fn_to_in_8/_0593_
	bbox = (1847.8400, 2789.3320) - (1847.8680, 2789.4600) on Layer M8
violation type: Min Width
	srcs: net:mod/ex/_075084_
	bbox = (1863.3920, 930.2920) - (1863.4200, 930.4200) on Layer M8
violation type: Min Width
	srcs: net:net94859
	bbox = (1863.2000, 976.2920) - (1863.2280, 976.4200) on Layer M8
violation type: Min Width
	srcs: net:ex_controller/mesh/mesh/mesh_12_3/tile_0_0/_0674_
	bbox = (1885.8560, 1691.9720) - (1885.8840, 1692.1000) on Layer M8
violation type: Min Width
	srcs: net:net34499
	bbox = (1907.1040, 1115.9720) - (1907.1320, 1116.1000) on Layer M8
violation type: Min Width
	srcs: net:ex_controller/mesh/mesh/mesh_10_1/tile_0_0/_0479_
	bbox = (1906.1440, 1391.0120) - (1906.1720, 1391.1400) on Layer M8
violation type: Min Width
	srcs: net:ex_controller/mesh/mesh/mesh_11_2/tile_0_0/_0563_
	bbox = (1929.2480, 1535.7320) - (1929.2760, 1535.8600) on Layer M8
violation type: Min Width
	srcs: net:net113835
	bbox = (1945.1840, 1172.3720) - (1945.2120, 1172.5000) on Layer M8
violation type: Min Width
	srcs: net:net96709
	bbox = (1944.4160, 1928.1320) - (1944.4440, 1928.2600) on Layer M8
violation type: Min Width
	srcs: net:ex_controller/mesh/mesh/mesh_8_0/tile_0_0/_0305_
	bbox = (1954.7840, 1187.3320) - (1954.8120, 1187.4600) on Layer M8
violation type: Min Width
	srcs: net:clknet_10_537_0_clock
	bbox = (1959.0720, 696.2920) - (1959.1000, 696.4200) on Layer M8
violation type: Min Width
	srcs: net:ex_controller/mesh/mesh/mesh_11_4/tile_0_0/_0365_
	bbox = (1975.9040, 1776.6920) - (1975.9320, 1776.8200) on Layer M8
violation type: Min Width
	srcs: net:ex_controller/mesh/mesh/mesh_11_4/tile_0_0/_0399_
	bbox = (1976.2880, 1784.2120) - (1976.3160, 1784.3400) on Layer M8
violation type: Min Width
	srcs: net:ex_controller/mesh/mesh/mesh_15_7_io_in_control_0_shift_pipe_b\[4\]
	bbox = (1977.2480, 2274.8520) - (1977.2760, 2274.9800) on Layer M8
violation type: Min Width
	srcs: net:ex_controller/mesh/mesh/mesh_15_7/tile_0_0/_0050_
	bbox = (1982.1760, 2282.5320) - (1982.2040, 2282.6600) on Layer M8
violation type: Min Width
	srcs: net:net26196
	bbox = (1989.4720, 1683.0120) - (1989.5000, 1683.1400) on Layer M8
violation type: Min Width
	srcs: net:net61240
	bbox = (2000.1600, 1487.1720) - (2000.1880, 1487.3000) on Layer M8
violation type: Min Width
	srcs: net:net80113
	bbox = (2006.6880, 634.6920) - (2006.7160, 634.8200) on Layer M8
violation type: Min Width
	srcs: net:ex_controller/mesh/mesh/mesh_10_2/tile_0_0/_0585_
	bbox = (2019.4880, 1511.5720) - (2019.5160, 1511.7000) on Layer M8
violation type: Min Width
	srcs: net:ex_controller/mesh/mesh/mesh_12_5/tile_0_0/_0417_
	bbox = (2038.3680, 1904.4520) - (2038.3960, 1904.5800) on Layer M8
violation type: Min Width
	srcs: net:net28318
	bbox = (2037.2160, 2055.2520) - (2037.2440, 2055.3800) on Layer M8
violation type: Min Width
	srcs: net:ex_controller/mesh/mesh/mesh_6_1/tile_0_0/_0253_
	bbox = (2058.4040, 1034.9320) - (2058.4320, 1035.0600) on Layer M8
violation type: Min Width
	srcs: net:ex_controller/mesh/mesh/mesh_10_4/tile_0_0/_0495_
	bbox = (2073.3760, 1753.0120) - (2073.4040, 1753.1400) on Layer M8
violation type: Min Width
	srcs: net:ex_controller/mesh/mesh/mesh_10_4/tile_0_0/_0286_
	bbox = (2075.7480, 1759.4120) - (2075.7760, 1759.5400) on Layer M8
violation type: Min Width
	srcs: net:net16599
	bbox = (2080.8000, 1035.5720) - (2080.8280, 1035.7000) on Layer M8
violation type: Min Width
	srcs: net:net80333
	bbox = (2102.6240, 709.1720) - (2102.6520, 709.3000) on Layer M8
violation type: Min Width
	srcs: net:net99906
	bbox = (2112.6080, 484.2120) - (2112.6360, 484.3400) on Layer M8
violation type: Min Width
	srcs: net:net115422
	bbox = (2120.4160, 2001.0120) - (2120.4440, 2001.1400) on Layer M8
violation type: Min Width
	srcs: net:net95788
	bbox = (2126.8160, 1201.4920) - (2126.8440, 1201.6200) on Layer M8
violation type: Min Width
	srcs: net:ex_controller/mesh/mesh/mesh_9_3/tile_0_0/_0325_
	bbox = (2134.6240, 1593.1720) - (2134.6520, 1593.3000) on Layer M8
violation type: Min Width
	srcs: net:net35340
	bbox = (2151.3920, 726.1320) - (2151.4200, 726.2600) on Layer M8
violation type: Min Width
	srcs: net:net99434
	bbox = (2149.9200, 733.6520) - (2149.9480, 733.7800) on Layer M8
violation type: Min Width
	srcs: net:spad/acc_scale_unit/activated_data_e_scaled_muladder_9/mulAddRecFNToRaw_postMul/_1291_
	bbox = (2150.6240, 2456.2920) - (2150.6520, 2456.4200) on Layer M8
violation type: Min Width
	srcs: net:net99447
	bbox = (2157.6000, 686.3720) - (2157.6280, 686.5000) on Layer M8
violation type: Min Width
	srcs: net:net74370
	bbox = (2164.1280, 710.2920) - (2164.1560, 710.4200) on Layer M8
violation type: Min Width
	srcs: net:net26807
	bbox = (2170.7840, 1510.9320) - (2170.8120, 1511.0600) on Layer M8
violation type: Min Width
	srcs: net:net16056
	bbox = (2172.9600, 1700.6920) - (2172.9880, 1700.8200) on Layer M8
violation type: Min Width
	srcs: net:spad/acc_scale_unit/activated_data_e_scaled_muladder_10/_0007_
	bbox = (2170.9120, 2674.8520) - (2170.9400, 2674.9800) on Layer M8
violation type: Min Width
	srcs: net:net74571
	bbox = (2187.1040, 648.9320) - (2187.1320, 649.0600) on Layer M8
violation type: Min Width
	srcs: net:ex_controller/mesh/mesh/mesh_7_3_io_in_control_0_shift_pipe_b\[4\]
	bbox = (2195.4240, 1435.4920) - (2195.4520, 1435.6200) on Layer M8
violation type: Min Width
	srcs: net:net70491
	bbox = (2195.1680, 1853.0120) - (2195.1960, 1853.1400) on Layer M8
violation type: Min Width
	srcs: net:ex_controller/mesh/mesh/mesh_7_3/tile_0_0/_0294_
	bbox = (2201.4440, 1442.3720) - (2201.4720, 1442.5000) on Layer M8
violation type: Min Width
	srcs: net:net11782
	bbox = (2209.2480, 658.2120) - (2209.2760, 658.3400) on Layer M8
violation type: Min Width
	srcs: net:ex_controller/mesh/mesh/mesh_11_6/tile_0_0/_0463_
	bbox = (2208.5440, 1966.2920) - (2208.5720, 1966.4200) on Layer M8
violation type: Min Width
	srcs: net:net96945
	bbox = (2211.1040, 1978.5320) - (2211.1320, 1978.6600) on Layer M8
violation type: Min Width
	srcs: net:ex_controller/mesh/mesh/mesh_5_3/tile_0_0/_0402_
	bbox = (2225.1200, 1284.4520) - (2225.1480, 1284.5800) on Layer M8
violation type: Min Width
	srcs: net:ex_controller/mesh/mesh/mesh_4_3/tile_0_0/_0623_
	bbox = (2241.0560, 1195.0920) - (2241.0840, 1195.2200) on Layer M8
violation type: Min Width
	srcs: net:spad/acc_scale_unit/activated_data_e_scaled_muladder_10/mulAddRecFNToRaw_postMul/_0414_
	bbox = (2241.0560, 2659.5720) - (2241.0840, 2659.7000) on Layer M8
violation type: Min Width
	srcs: net:ex_controller/mesh/_09015_
	bbox = (2247.5840, 633.6520) - (2247.6120, 633.7800) on Layer M8
violation type: Min Width
	srcs: net:net63610
	bbox = (2249.4400, 685.8120) - (2249.4680, 685.9400) on Layer M8
violation type: Min Width
	srcs: net:ex_controller/mesh/mesh/mesh_4_1/tile_0_0/_0259_
	bbox = (2255.0080, 861.2520) - (2255.0360, 861.3800) on Layer M8
violation type: Min Width
	srcs: net:ex_controller/mesh/mesh/mesh_4_1/tile_0_0/_0563_
	bbox = (2262.5600, 839.4920) - (2262.5880, 839.6200) on Layer M8
violation type: Min Width
	srcs: net:net104722
	bbox = (2262.1760, 851.4120) - (2262.2040, 851.5400) on Layer M8
violation type: Min Width
	srcs: net:ex_controller/mesh/mesh/mesh_3_2/tile_0_0/_0253_
	bbox = (2261.9840, 988.2920) - (2262.0120, 988.4200) on Layer M8
violation type: Min Width
	srcs: net:ex_controller/mesh/mesh/mesh_9_5/tile_0_0/_0344_
	bbox = (2285.5360, 1805.6520) - (2285.5640, 1805.7800) on Layer M8
violation type: Min Width
	srcs: net:ex_controller/mesh/mesh/mesh_15_9/tile_0_0/_0417_
	bbox = (2285.6640, 2387.9720) - (2285.6920, 2388.1000) on Layer M8
violation type: Min Width
	srcs: net:net26676
	bbox = (2300.2560, 1694.1320) - (2300.2840, 1694.2600) on Layer M8
violation type: Min Width
	srcs: net:ex_controller/mesh/mesh/mesh_10_6/tile_0_0/_0198_
	bbox = (2300.3200, 1934.2120) - (2300.3480, 1934.3400) on Layer M8
violation type: Min Width
	srcs: net:ex_controller/mesh/transposer/_pes_1_14_io_outL\[0\]
	bbox = (2331.1040, 436.3720) - (2331.1320, 436.5000) on Layer M8
violation type: Min Width
	srcs: net:net26621
	bbox = (2340.3200, 1698.6120) - (2340.3480, 1698.7400) on Layer M8
violation type: Min Width
	srcs: net:ex_controller/mesh/mesh/mesh_12_8/tile_0_0/_0336_
	bbox = (2337.3760, 2177.6520) - (2337.4040, 2177.7800) on Layer M8
violation type: Min Width
	srcs: net:ex_controller/mesh/mesh/_14208_
	bbox = (2346.6560, 936.3720) - (2346.6840, 936.5000) on Layer M8
violation type: Min Width
	srcs: net:ex_controller/mesh/transposer/pes_0_6/_27_
	bbox = (2360.4160, 565.6520) - (2360.4440, 565.7800) on Layer M8
violation type: Min Width
	srcs: net:ex_controller/mesh/mesh/mesh_15_10/tile_0_0/_0256_
	bbox = (2369.1240, 2516.9320) - (2369.1520, 2517.0600) on Layer M8
violation type: Min Width
	srcs: net:net26759
	bbox = (2376.8000, 1693.8120) - (2376.8280, 1693.9400) on Layer M8
violation type: Min Width
	srcs: net:ex_controller/mesh/mesh/mesh_7_5/tile_0_0/_0653_
	bbox = (2386.3360, 1655.9720) - (2386.3640, 1656.1000) on Layer M8
violation type: Min Width
	srcs: net:ex_controller/mesh/_04329_
	bbox = (2393.8880, 746.0520) - (2393.9160, 746.1800) on Layer M8
violation type: Min Width
	srcs: net:ex_controller/mesh/_04277_
	bbox = (2412.6400, 749.0920) - (2412.6680, 749.2200) on Layer M8
violation type: Min Width
	srcs: net:net129773
	bbox = (2429.7280, 997.8120) - (2429.7560, 997.9400) on Layer M8
violation type: Min Width
	srcs: net:net114067
	bbox = (2444.8320, 1398.9320) - (2444.8600, 1399.0600) on Layer M8
violation type: Min Width
	srcs: net:ex_controller/mesh/mesh/mesh_5_5/tile_0_0/_0260_
	bbox = (2445.4720, 1496.2920) - (2445.5000, 1496.4200) on Layer M8
violation type: Min Width
	srcs: net:net96793
	bbox = (2466.4640, 2260.7720) - (2466.4920, 2260.9000) on Layer M8
violation type: Min Width
	srcs: net:ex_controller/mesh/_05230_
	bbox = (2473.9520, 778.0520) - (2473.9800, 778.1800) on Layer M8
violation type: Min Width
	srcs: net:ex_controller/mesh/mesh/mesh_2_5/tile_0_0/_0490_
	bbox = (2497.5040, 1247.7320) - (2497.5320, 1247.8600) on Layer M8
violation type: Min Width
	srcs: net:net73980
	bbox = (2506.7200, 648.0520) - (2506.7480, 648.1800) on Layer M8
violation type: Min Width
	srcs: net:ex_controller/mesh/mesh/mesh_0_1/tile_0_0/_0408_
	bbox = (2504.9280, 650.6120) - (2504.9560, 650.7400) on Layer M8
violation type: Min Width
	srcs: net:ex_controller/mesh/mesh/mesh_1_0/tile_0_0/_0790_
	bbox = (2536.3560, 269.8920) - (2536.3840, 270.0200) on Layer M8
violation type: Min Width
	srcs: net:net129127
	bbox = (2560.0960, 1305.8920) - (2560.1240, 1306.0200) on Layer M8
violation type: Min Width
	srcs: net:ex_controller/mesh/mesh/mesh_9_8/tile_0_0/_0623_
	bbox = (2557.9200, 2002.8520) - (2557.9480, 2002.9800) on Layer M8
violation type: Min Width
	srcs: net:ex_controller/mesh/mesh/mesh_2_0/tile_0_0/_0336_
	bbox = (2572.3200, 430.9320) - (2572.3480, 431.0600) on Layer M8
violation type: Min Width
	srcs: net:ex_controller/mesh/mesh/mesh_3_6/tile_0_0/_0399_
	bbox = (2605.2800, 1353.5720) - (2605.3080, 1353.7000) on Layer M8
violation type: Min Width
	srcs: net:ex_controller/mesh/mesh/mesh_15_13/tile_0_0/_0235_
	bbox = (2602.0800, 2827.8120) - (2602.1080, 2827.9400) on Layer M8
violation type: Min Width
	srcs: net:ex_controller/mesh/mesh/mesh_15_13/tile_0_0/_0197_
	bbox = (2602.6560, 2832.9320) - (2602.6840, 2833.0600) on Layer M8
violation type: Min Width
	srcs: net:ex_controller/mesh/mesh/mesh_5_0/tile_0_0/_0286_
	bbox = (2627.1680, 800.2120) - (2627.1960, 800.3400) on Layer M8
violation type: Min Width
	srcs: net:net16273
	bbox = (2639.6480, 1429.5720) - (2639.6760, 1429.7000) on Layer M8
violation type: Min Width
	srcs: net:ex_controller/mesh/mesh/mesh_4_7/tile_0_0/_0199_
	bbox = (2672.4800, 1518.8520) - (2672.5080, 1518.9800) on Layer M8
violation type: Min Width
	srcs: net:ex_controller/mesh/mesh/mesh_4_7/tile_0_0/_0317_
	bbox = (2670.9440, 1526.3720) - (2670.9720, 1526.5000) on Layer M8
violation type: Min Width
	srcs: net:ex_controller/mesh/mesh/mesh_1_6/tile_0_0/_0803_
	bbox = (2679.4560, 1169.9720) - (2679.4840, 1170.1000) on Layer M8
violation type: Min Width
	srcs: net:ex_controller/mesh/mesh/mesh_4_7/tile_0_0/_0824_
	bbox = (2679.4560, 1505.0120) - (2679.4840, 1505.1400) on Layer M8
violation type: Min Width
	srcs: net:ex_controller/mesh/mesh/mesh_6_8/tile_0_0/_0417_
	bbox = (2710.5600, 1798.2120) - (2710.5880, 1798.3400) on Layer M8
violation type: Min Width
	srcs: net:net16050
	bbox = (2716.5760, 1699.8920) - (2716.6040, 1700.0200) on Layer M8
violation type: Min Width
	srcs: net:net95511
	bbox = (2733.8560, 2018.6920) - (2733.8840, 2018.8200) on Layer M8
violation type: Min Width
	srcs: net:net129146
	bbox = (2762.4000, 1503.6520) - (2762.4280, 1503.7800) on Layer M8
violation type: Min Width
	srcs: net:net21789
	bbox = (2771.8720, 1707.4920) - (2771.9000, 1707.6200) on Layer M8
violation type: Min Width
	srcs: net:ex_controller/mesh/mesh/mesh_9_10/tile_0_0/_0782_
	bbox = (2791.0120, 2200.6920) - (2791.0400, 2200.8200) on Layer M8
violation type: Min Width
	srcs: net:ex_controller/mesh/mesh/mesh_11_12/tile_0_0/_0514_
	bbox = (2839.1360, 2539.1720) - (2839.1640, 2539.3000) on Layer M8
violation type: Min Width
	srcs: net:ex_controller/mesh/mesh/mesh_1_9/tile_0_0/_0408_
	bbox = (2926.7520, 1193.7320) - (2926.7800, 1193.8600) on Layer M8
violation type: Min Width
	srcs: net:ex_controller/mesh/mesh/mesh_4_9/tile_0_0/_0250_
	bbox = (2937.1200, 1609.2520) - (2937.1480, 1609.3800) on Layer M8
violation type: Min Width
	srcs: net:ex_controller/mesh/mesh/mesh_6_10/tile_0_0/_0240_
	bbox = (2944.4800, 1903.2520) - (2944.5080, 1903.3800) on Layer M8
violation type: Min Width
	srcs: net:ex_controller/mesh/mesh/mesh_0_10/tile_0_0/_0056_
	bbox = (3002.4640, 1065.2520) - (3002.4920, 1065.3800) on Layer M8
violation type: Min Width
	srcs: net:ex_controller/mesh/mesh/mesh_6_11/tile_0_0/_0437_
	bbox = (3012.3200, 1979.7320) - (3012.3480, 1979.8600) on Layer M8
violation type: Min Width
	srcs: net:ex_controller/mesh/mesh/_mesh_6_11_io_out_b_0\[11\]
	bbox = (3025.1200, 1980.6120) - (3025.1480, 1980.7400) on Layer M8
violation type: Min Width
	srcs: net:net138579
	bbox = (3055.3280, 1857.7320) - (3055.3560, 1857.8600) on Layer M8
violation type: Min Width
	srcs: net:ex_controller/mesh/mesh/mesh_4_11/tile_0_0/_0585_
	bbox = (3072.0960, 1723.0120) - (3072.1240, 1723.1400) on Layer M8
violation type: Min Width
	srcs: net:ex_controller/mesh/mesh/pipe_b_491_0\[2\]
	bbox = (3071.2640, 2946.1320) - (3071.2920, 2946.2600) on Layer M8
violation type: Min Width
	srcs: net:ex_controller/mesh/mesh/mesh_0_11/tile_0_0/_0256_
	bbox = (3079.6480, 1110.2920) - (3079.6760, 1110.4200) on Layer M8
violation type: Min Width
	srcs: net:ex_controller/mesh/mesh/mesh_10_14/tile_0_0/_0355_
	bbox = (3095.7120, 2903.4920) - (3095.7400, 2903.6200) on Layer M8
violation type: Min Width
	srcs: net:ex_controller/mesh/mesh/mesh_3_11/tile_0_0/_0653_
	bbox = (3101.1560, 1557.7320) - (3101.1840, 1557.8600) on Layer M8
violation type: Min Width
	srcs: net:ex_controller/mesh/mesh/mesh_5_12/tile_0_0/_0050_
	bbox = (3125.3480, 1957.1720) - (3125.3760, 1957.3000) on Layer M8
violation type: Min Width
	srcs: net:ex_controller/mesh/mesh/mesh_1_12/tile_0_0/_0199_
	bbox = (3141.6640, 1337.4120) - (3141.6920, 1337.5400) on Layer M8
violation type: Min Width
	srcs: net:ex_controller/mesh/mesh/mesh_3_12/tile_0_0/_0399_
	bbox = (3156.5760, 1609.7320) - (3156.6040, 1609.8600) on Layer M8
violation type: Min Width
	srcs: net:ex_controller/mesh/mesh/mesh_3_12/tile_0_0/_0399_
	bbox = (3156.7680, 1617.1720) - (3156.7960, 1617.3000) on Layer M8
violation type: Min Width
	srcs: net:ex_controller/mesh/mesh/mesh_4_12/tile_0_0/_0763_
	bbox = (3155.0400, 1814.1320) - (3155.0680, 1814.2600) on Layer M8
violation type: Min Width
	srcs: net:ex_controller/mesh/mesh/mesh_2_12/tile_0_0/_0047_
	bbox = (3161.8880, 1480.2920) - (3161.9160, 1480.4200) on Layer M8
violation type: Min Width
	srcs: net:net138605
	bbox = (3162.2720, 1481.0920) - (3162.3000, 1481.2200) on Layer M8
violation type: Min Width
	srcs: net:ex_controller/mesh/mesh/mesh_2_12/tile_0_0/_0204_
	bbox = (3170.4640, 1473.9720) - (3170.4920, 1474.1000) on Layer M8
violation type: Min Width
	srcs: net:ex_controller/mesh/mesh/mesh_6_13/tile_0_0/_0495_
	bbox = (3169.3120, 2183.7320) - (3169.3400, 2183.8600) on Layer M8
violation type: Min Width
	srcs: net:ex_controller/mesh/mesh/mesh_4_13/tile_0_0/_0240_
	bbox = (3209.5040, 1859.7320) - (3209.5320, 1859.8600) on Layer M8
violation type: Min Width
	srcs: net:ex_controller/mesh/mesh/_33284_
	bbox = (3221.6000, 2887.3320) - (3221.6280, 2887.4600) on Layer M8
violation type: Min Width
	srcs: net:ex_controller/mesh/mesh/_33284_
	bbox = (3221.6000, 2894.8520) - (3221.6280, 2894.9800) on Layer M8
violation type: Min Width
	srcs: net:ex_controller/mesh/mesh/mesh_2_13/tile_0_0/_0231_
	bbox = (3244.8960, 1474.2120) - (3244.9240, 1474.3400) on Layer M8
violation type: Min Width
	srcs: net:ex_controller/mesh/mesh/mesh_6_14/tile_0_0/_0246_
	bbox = (3292.4480, 2260.7720) - (3292.4760, 2260.9000) on Layer M8
violation type: Min Width
	srcs: net:ex_controller/mesh/mesh/mesh_4_15/tile_0_0/_0803_
	bbox = (3300.2560, 1965.9720) - (3300.2840, 1966.1000) on Layer M8
violation type: Min Width
	srcs: net:ex_controller/mesh/mesh/mesh_5_14/tile_0_0/_0629_
	bbox = (3329.1200, 2040.9320) - (3329.1480, 2041.0600) on Layer M8
violation type: Min Width
	srcs: net:net58053
	bbox = (103.2000, 2210.7720) - (103.2280, 2210.9000) on Layer M8
violation type: Min Width
	srcs: net:net128876
	bbox = (275.3600, 2015.8920) - (275.3880, 2016.0200) on Layer M8
violation type: Min Width
	srcs: net:net7848
	bbox = (304.6720, 1892.6120) - (304.7000, 1892.7400) on Layer M8
violation type: Min Width
	srcs: net:net105739
	bbox = (328.2240, 1891.2520) - (328.2520, 1891.3800) on Layer M8
violation type: Min Width
	srcs: net:spad/vsm/pipe_1/_0162_
	bbox = (337.1840, 2476.0520) - (337.2120, 2476.1800) on Layer M8
violation type: Min Width
	srcs: net:net81877
	bbox = (367.4560, 1385.3320) - (367.4840, 1385.4600) on Layer M8
violation type: Min Width
	srcs: net:net23667
	bbox = (387.4880, 1408.2120) - (387.5160, 1408.3400) on Layer M8
violation type: Min Width
	srcs: net:net23991
	bbox = (409.4400, 1403.4120) - (409.4680, 1403.5400) on Layer M8
violation type: Min Width
	srcs: net:net119724
	bbox = (432.4160, 1446.6120) - (432.4440, 1446.7400) on Layer M8
violation type: Min Width
	srcs: net:net62405
	bbox = (442.3360, 1680.2920) - (442.3640, 1680.4200) on Layer M8
violation type: Min Width
	srcs: net:net42642
	bbox = (450.0800, 1740.5320) - (450.1080, 1740.6600) on Layer M8
violation type: Min Width
	srcs: net:net136921
	bbox = (464.5440, 1735.3320) - (464.5720, 1735.4600) on Layer M8
violation type: Min Width
	srcs: net:mod_1/arb/_0691_
	bbox = (471.7760, 1137.3320) - (471.8040, 1137.4600) on Layer M8
violation type: Min Width
	srcs: net:reservation_station/_36014_
	bbox = (487.4560, 1785.1720) - (487.4840, 1785.3000) on Layer M8
violation type: Min Width
	srcs: net:net20656
	bbox = (503.0720, 1357.0120) - (503.1000, 1357.1400) on Layer M8
violation type: Min Width
	srcs: net:net49371
	bbox = (500.0640, 1809.9720) - (500.0920, 1810.1000) on Layer M8
violation type: Min Width
	srcs: net:net24045
	bbox = (510.3680, 1402.1320) - (510.3960, 1402.2600) on Layer M8
violation type: Min Width
	srcs: net:net57688
	bbox = (508.4480, 1573.7320) - (508.4760, 1573.8600) on Layer M8
violation type: Min Width
	srcs: net:net57645
	bbox = (509.1520, 1674.4520) - (509.1800, 1674.5800) on Layer M8
violation type: Min Width
	srcs: net:net70749
	bbox = (525.2160, 1281.5720) - (525.2440, 1281.7000) on Layer M8
violation type: Min Width
	srcs: net:net49493
	bbox = (524.8960, 1763.4920) - (524.9240, 1763.6200) on Layer M8
violation type: Min Width
	srcs: net:net62078
	bbox = (530.2080, 1712.6920) - (530.2360, 1712.8200) on Layer M8
violation type: Min Width
	srcs: net:net41408
	bbox = (539.6800, 1584.1320) - (539.7080, 1584.2600) on Layer M8
violation type: Min Width
	srcs: net:net23195
	bbox = (549.2160, 1251.4120) - (549.2440, 1251.5400) on Layer M8
violation type: Min Width
	srcs: net:mod_1/arb/_0849_
	bbox = (555.4880, 1287.0920) - (555.5160, 1287.2200) on Layer M8
violation type: Min Width
	srcs: net:net62047
	bbox = (561.6960, 1629.8120) - (561.7240, 1629.9400) on Layer M8
violation type: Min Width
	srcs: net:net74703
	bbox = (561.0560, 1704.3720) - (561.0840, 1704.5000) on Layer M8
violation type: Min Width
	srcs: net:spad/vsm/pipe/out_bits_data_muladder/mulAddRecFNToRaw_postMul/_1166_
	bbox = (562.4640, 2309.1720) - (562.4920, 2309.3000) on Layer M8
violation type: Min Width
	srcs: net:mod_1/_05799_
	bbox = (583.1360, 1273.1720) - (583.1640, 1273.3000) on Layer M8
violation type: Min Width
	srcs: net:net120557
	bbox = (585.3120, 1439.0120) - (585.3400, 1439.1400) on Layer M8
violation type: Min Width
	srcs: net:net39104
	bbox = (585.6320, 1840.1320) - (585.6600, 1840.2600) on Layer M8
violation type: Min Width
	srcs: net:net39104
	bbox = (585.9520, 1847.2520) - (585.9800, 1847.3800) on Layer M8
violation type: Min Width
	srcs: net:net75639
	bbox = (584.0320, 1879.0120) - (584.0600, 1879.1400) on Layer M8
violation type: Min Width
	srcs: net:net53147
	bbox = (585.7600, 1891.4920) - (585.7880, 1891.6200) on Layer M8
violation type: Min Width
	srcs: net:mod_1/_ex_io_j\[11\]
	bbox = (599.9040, 1395.0920) - (599.9320, 1395.2200) on Layer M8
violation type: Min Width
	srcs: net:net23717
	bbox = (598.3680, 1687.9720) - (598.3960, 1688.1000) on Layer M8
violation type: Min Width
	srcs: net:net30145
	bbox = (599.2640, 1712.6920) - (599.2920, 1712.8200) on Layer M8
violation type: Min Width
	srcs: net:mod_1/ex/_00018_
	bbox = (607.7760, 1463.1720) - (607.8040, 1463.3000) on Layer M8
violation type: Min Width
	srcs: net:spad/vsm/arbOut_2_bits_scale_bits\[11\]
	bbox = (609.6320, 2393.6520) - (609.6600, 2393.7800) on Layer M8
violation type: Min Width
	srcs: net:net23753
	bbox = (616.0960, 1695.3320) - (616.1240, 1695.4600) on Layer M8
violation type: Min Width
	srcs: net:net61896
	bbox = (616.4800, 2398.5320) - (616.5080, 2398.6600) on Layer M8
violation type: Min Width
	srcs: net:mod_1/ex/_02547_
	bbox = (624.0320, 1440.2120) - (624.0600, 1440.3400) on Layer M8
violation type: Min Width
	srcs: net:net40500
	bbox = (623.9680, 1817.0120) - (623.9960, 1817.1400) on Layer M8
violation type: Min Width
	srcs: net:net108882
	bbox = (631.4560, 1445.8120) - (631.4840, 1445.9400) on Layer M8
violation type: Min Width
	srcs: net:net37642
	bbox = (629.0240, 1703.0120) - (629.0520, 1703.1400) on Layer M8
violation type: Min Width
	srcs: net:net108718
	bbox = (639.7760, 1318.6920) - (639.8040, 1318.8200) on Layer M8
violation type: Min Width
	srcs: net:net120377
	bbox = (637.0240, 1392.2920) - (637.0520, 1392.4200) on Layer M8
violation type: Min Width
	srcs: net:net108832
	bbox = (637.0240, 1430.3720) - (637.0520, 1430.5000) on Layer M8
violation type: Min Width
	srcs: net:net108863
	bbox = (653.1520, 1395.0120) - (653.1800, 1395.1400) on Layer M8
violation type: Min Width
	srcs: net:net35763
	bbox = (661.2800, 1815.8120) - (661.3080, 1815.9400) on Layer M8
violation type: Min Width
	srcs: net:net120240
	bbox = (667.9360, 1273.6520) - (667.9640, 1273.7800) on Layer M8
violation type: Min Width
	srcs: net:clknet_7_25_0_clock
	bbox = (705.6320, 1242.4520) - (705.6600, 1242.5800) on Layer M8
violation type: Min Width
	srcs: net:net65593
	bbox = (713.1840, 1438.0520) - (713.2120, 1438.1800) on Layer M8
violation type: Min Width
	srcs: net:reservation_station/_38500_
	bbox = (713.0560, 1644.6120) - (713.0840, 1644.7400) on Layer M8
violation type: Min Width
	srcs: net:net11000
	bbox = (720.2240, 1235.4920) - (720.2520, 1235.6200) on Layer M8
violation type: Min Width
	srcs: net:net11000
	bbox = (720.3520, 1244.6120) - (720.3800, 1244.7400) on Layer M8
violation type: Min Width
	srcs: net:net23318
	bbox = (727.5200, 1196.6920) - (727.5480, 1196.8200) on Layer M8
violation type: Min Width
	srcs: net:net53778
	bbox = (741.9200, 742.2920) - (741.9480, 742.4200) on Layer M8
violation type: Min Width
	srcs: net:net120949
	bbox = (765.5360, 350.7720) - (765.5640, 350.9000) on Layer M8
violation type: Min Width
	srcs: net:net133848
	bbox = (781.2800, 351.5720) - (781.3080, 351.7000) on Layer M8
violation type: Min Width
	srcs: net:net67702
	bbox = (787.8080, 2498.1320) - (787.8360, 2498.2600) on Layer M8
violation type: Min Width
	srcs: net:net60660
	bbox = (864.5440, 1401.4920) - (864.5720, 1401.6200) on Layer M8
violation type: Min Width
	srcs: net:mod/ld_weights/_018257_
	bbox = (872.9920, 1415.8120) - (873.0200, 1415.9400) on Layer M8
violation type: Min Width
	srcs: net:net74317
	bbox = (881.8880, 1414.8520) - (881.9160, 1414.9800) on Layer M8
violation type: Min Width
	srcs: net:net109709
	bbox = (888.3520, 1355.0920) - (888.3800, 1355.2200) on Layer M8
violation type: Min Width
	srcs: net:net100754
	bbox = (924.4480, 2694.0520) - (924.4760, 2694.1800) on Layer M8
violation type: Min Width
	srcs: net:net41181
	bbox = (932.2560, 2792.2120) - (932.2840, 2792.3400) on Layer M8
violation type: Min Width
	srcs: net:net41181
	bbox = (932.4480, 2800.7720) - (932.4760, 2800.9000) on Layer M8
violation type: Min Width
	srcs: net:net39661
	bbox = (949.2800, 2784.0520) - (949.3080, 2784.1800) on Layer M8
violation type: Min Width
	srcs: net:spad/reader/beatPacker/_08388_
	bbox = (948.4480, 2854.5320) - (948.4760, 2854.6600) on Layer M8
violation type: Min Width
	srcs: net:spad/reader/beatPacker/_09191_
	bbox = (947.1680, 2904.7720) - (947.1960, 2904.9000) on Layer M8
violation type: Min Width
	srcs: net:spad/reader/beatPacker/_09303_
	bbox = (954.5280, 2762.6920) - (954.5560, 2762.8200) on Layer M8
violation type: Min Width
	srcs: net:spad/reader/beatPacker/_08056_
	bbox = (954.5960, 2814.0520) - (954.6240, 2814.1800) on Layer M8
violation type: Min Width
	srcs: net:spad/reader/beatPacker/_09303_
	bbox = (955.5520, 2815.5720) - (955.5800, 2815.7000) on Layer M8
violation type: Min Width
	srcs: net:net29780
	bbox = (955.5520, 2847.0120) - (955.5800, 2847.1400) on Layer M8
violation type: Min Width
	srcs: net:net28609
	bbox = (955.0400, 2882.8520) - (955.0680, 2882.9800) on Layer M8
violation type: Min Width
	srcs: net:net44886
	bbox = (954.4640, 2892.4520) - (954.4920, 2892.5800) on Layer M8
violation type: Min Width
	srcs: net:net122631
	bbox = (961.5680, 1447.0920) - (961.5960, 1447.2200) on Layer M8
violation type: Min Width
	srcs: net:net138134
	bbox = (964.6400, 2315.5720) - (964.6680, 2315.7000) on Layer M8
violation type: Min Width
	srcs: net:net118619
	bbox = (976.7360, 2308.6920) - (976.7640, 2308.8200) on Layer M8
violation type: Min Width
	srcs: net:spad/reader/beatPacker/_17503_
	bbox = (976.4800, 2809.3320) - (976.5080, 2809.4600) on Layer M8
violation type: Min Width
	srcs: net:spad/reader/beatPacker/_00287_
	bbox = (984.9920, 2853.5720) - (985.0200, 2853.7000) on Layer M8
violation type: Min Width
	srcs: net:net110357
	bbox = (995.2960, 1040.2120) - (995.3240, 1040.3400) on Layer M8
violation type: Min Width
	srcs: net:net118421
	bbox = (995.2320, 2869.8120) - (995.2600, 2869.9400) on Layer M8
violation type: Min Width
	srcs: net:mod/ld_weights/_055664_
	bbox = (1002.5280, 1153.0120) - (1002.5560, 1153.1400) on Layer M8
violation type: Min Width
	srcs: net:net66521
	bbox = (1002.7840, 1438.6920) - (1002.8120, 1438.8200) on Layer M8
violation type: Min Width
	srcs: net:net110323
	bbox = (1015.0720, 1143.2520) - (1015.1000, 1143.3800) on Layer M8
violation type: Min Width
	srcs: net:mod/ld_weights/_039620_
	bbox = (1023.2640, 1454.6920) - (1023.2920, 1454.8200) on Layer M8
violation type: Min Width
	srcs: net:net133105
	bbox = (1040.4800, 367.0120) - (1040.5080, 367.1400) on Layer M8
violation type: Min Width
	srcs: net:net106918
	bbox = (1037.0240, 2655.7320) - (1037.0520, 2655.8600) on Layer M8
violation type: Min Width
	srcs: net:net109631
	bbox = (1047.8400, 1363.0920) - (1047.8680, 1363.2200) on Layer M8
violation type: Min Width
	srcs: net:spad/reader/beatPacker/_14472_
	bbox = (1048.1600, 2921.8920) - (1048.1880, 2922.0200) on Layer M8
violation type: Min Width
	srcs: net:net39704
	bbox = (1061.4080, 2648.9320) - (1061.4360, 2649.0600) on Layer M8
violation type: Min Width
	srcs: net:net106525
	bbox = (1070.2400, 2291.5720) - (1070.2680, 2291.7000) on Layer M8
violation type: Min Width
	srcs: net:spad/acc_scale_unit/activated_data_e_scaled_muladder/_0015_
	bbox = (1075.9360, 2127.3320) - (1075.9640, 2127.4600) on Layer M8
violation type: Min Width
	srcs: net:net39747
	bbox = (1100.5120, 2747.0120) - (1100.5400, 2747.1400) on Layer M8
violation type: Min Width
	srcs: net:net62851
	bbox = (1112.9920, 606.5320) - (1113.0200, 606.6600) on Layer M8
violation type: Min Width
	srcs: net:net117861
	bbox = (1114.4000, 1680.6120) - (1114.4280, 1680.7400) on Layer M8
violation type: Min Width
	srcs: net:net68825
	bbox = (1121.4400, 677.7320) - (1121.4680, 677.8600) on Layer M8
violation type: Min Width
	srcs: net:net59869
	bbox = (1138.2080, 1399.6520) - (1138.2360, 1399.7800) on Layer M8
violation type: Min Width
	srcs: net:clknet_10_51_0_clock
	bbox = (1135.8400, 1674.2120) - (1135.8680, 1674.3400) on Layer M8
violation type: Min Width
	srcs: net:net63197
	bbox = (1138.0800, 1681.0920) - (1138.1080, 1681.2200) on Layer M8
violation type: Min Width
	srcs: net:spad/reader/beatPacker/_17052_
	bbox = (1136.9920, 2896.6920) - (1137.0200, 2896.8200) on Layer M8
violation type: Min Width
	srcs: net:net125245
	bbox = (1143.4560, 472.6120) - (1143.4840, 472.7400) on Layer M8
violation type: Min Width
	srcs: net:net62955
	bbox = (1144.6080, 675.7320) - (1144.6360, 675.8600) on Layer M8
violation type: Min Width
	srcs: net:net83797
	bbox = (1143.9680, 735.1720) - (1143.9960, 735.3000) on Layer M8
violation type: Min Width
	srcs: net:net127370
	bbox = (1144.8000, 1613.6520) - (1144.8280, 1613.7800) on Layer M8
violation type: Min Width
	srcs: net:spad/acc_scale_unit/activated_data_e_scaled_muladder_1/_mulAddRecFNToRaw_postMul_io_rawOut_sig\[8\]
	bbox = (1151.3920, 1886.7720) - (1151.4200, 1886.9000) on Layer M8
violation type: Min Width
	srcs: net:ex_controller/_mesh_io_tags_in_progress_4_addr_data\[7\]
	bbox = (1167.5200, 1643.9720) - (1167.5480, 1644.1000) on Layer M8
violation type: Min Width
	srcs: net:ex_controller/_mesh_io_tags_in_progress_1_addr_data\[2\]
	bbox = (1168.9920, 1680.6120) - (1169.0200, 1680.7400) on Layer M8
violation type: Min Width
	srcs: net:ex_controller/_mesh_io_tags_in_progress_0_addr_data\[13\]
	bbox = (1166.9440, 1686.7720) - (1166.9720, 1686.9000) on Layer M8
violation type: Min Width
	srcs: net:ex_controller/_mesh_io_tags_in_progress_0_addr_data\[8\]
	bbox = (1165.2800, 1688.8520) - (1165.3080, 1688.9800) on Layer M8
violation type: Min Width
	srcs: net:mod/ld_bias/_15246_
	bbox = (1174.1120, 343.8120) - (1174.1400, 343.9400) on Layer M8
violation type: Min Width
	srcs: net:net14791
	bbox = (1181.6640, 1636.6120) - (1181.6920, 1636.7400) on Layer M8
violation type: Min Width
	srcs: net:spad/_11084_
	bbox = (1182.4320, 1680.0520) - (1182.4600, 1680.1800) on Layer M8
violation type: Min Width
	srcs: net:net29540
	bbox = (1195.6160, 1622.1320) - (1195.6440, 1622.2600) on Layer M8
violation type: Min Width
	srcs: net:ex_controller/_00034_
	bbox = (1204.3840, 1506.2920) - (1204.4120, 1506.4200) on Layer M8
violation type: Min Width
	srcs: net:net66514
	bbox = (1205.0880, 1705.6520) - (1205.1160, 1705.7800) on Layer M8
violation type: Min Width
	srcs: net:net98522
	bbox = (1210.7200, 1694.2920) - (1210.7480, 1694.4200) on Layer M8
violation type: Min Width
	srcs: net:net98437
	bbox = (1212.5120, 1696.5320) - (1212.5400, 1696.6600) on Layer M8
violation type: Min Width
	srcs: net:net65744
	bbox = (1210.7200, 1703.5720) - (1210.7480, 1703.7000) on Layer M8
violation type: Min Width
	srcs: net:spad/acc_scale_unit/activated_data_e_scaled_muladder_1/mulAddRecFNToRaw_preMul/_0760_
	bbox = (1214.1760, 1991.0120) - (1214.2040, 1991.1400) on Layer M8
violation type: Min Width
	srcs: net:net37892
	bbox = (1228.2560, 1506.2920) - (1228.2840, 1506.4200) on Layer M8
violation type: Min Width
	srcs: net:net125027
	bbox = (1235.2320, 352.5320) - (1235.2600, 352.6600) on Layer M8
violation type: Min Width
	srcs: net:net133334
	bbox = (1244.7680, 329.8920) - (1244.7960, 330.0200) on Layer M8
violation type: Min Width
	srcs: net:net61878
	bbox = (1240.9920, 1696.9320) - (1241.0200, 1697.0600) on Layer M8
violation type: Min Width
	srcs: net:net92823
	bbox = (1252.0640, 2444.7720) - (1252.0920, 2444.9000) on Layer M8
violation type: Min Width
	srcs: net:net33120
	bbox = (1258.9120, 363.8120) - (1258.9400, 363.9400) on Layer M8
violation type: Min Width
	srcs: net:mod/ex_io_req_bits_inner_bounds_batches\[14\]
	bbox = (1281.2480, 575.5720) - (1281.2760, 575.7000) on Layer M8
violation type: Min Width
	srcs: net:net16830
	bbox = (1281.1840, 1652.6920) - (1281.2120, 1652.8200) on Layer M8
violation type: Min Width
	srcs: net:net108384
	bbox = (1280.3520, 2415.1720) - (1280.3800, 2415.3000) on Layer M8
violation type: Min Width
	srcs: net:ex_controller/_07943_
	bbox = (1287.9040, 1531.0920) - (1287.9320, 1531.2200) on Layer M8
violation type: Min Width
	srcs: net:net67889
	bbox = (1287.7760, 2618.7720) - (1287.8040, 2618.9000) on Layer M8
violation type: Min Width
	srcs: net:spad/_acc_mems_0_io_adder_op1_6_0\[3\]
	bbox = (1290.0840, 2670.0520) - (1290.1120, 2670.1800) on Layer M8
violation type: Min Width
	srcs: net:spad/_acc_adders_io_out_5_0\[25\]
	bbox = (1295.9040, 2510.9320) - (1295.9320, 2511.0600) on Layer M8
violation type: Min Width
	srcs: net:spad/_02182_
	bbox = (1297.0560, 2542.4520) - (1297.0840, 2542.5800) on Layer M8
violation type: Min Width
	srcs: net:net93450
	bbox = (1304.0320, 2467.5720) - (1304.0600, 2467.7000) on Layer M8
violation type: Min Width
	srcs: net:net134936
	bbox = (1317.3440, 2551.6520) - (1317.3720, 2551.7800) on Layer M8
violation type: Min Width
	srcs: net:net93840
	bbox = (1326.0480, 2429.2520) - (1326.0760, 2429.3800) on Layer M8
violation type: Min Width
	srcs: net:net28215
	bbox = (1325.2160, 2445.1720) - (1325.2440, 2445.3000) on Layer M8
violation type: Min Width
	srcs: net:net55758
	bbox = (1325.3440, 2520.6920) - (1325.3720, 2520.8200) on Layer M8
violation type: Min Width
	srcs: net:spad/_acc_mems_0_io_adder_op1_10_0\[23\]
	bbox = (1326.3680, 2650.6920) - (1326.3960, 2650.8200) on Layer M8
violation type: Min Width
	srcs: net:net93499
	bbox = (1332.7040, 2468.4520) - (1332.7320, 2468.5800) on Layer M8
violation type: Min Width
	srcs: net:net135574
	bbox = (1349.3440, 2511.1720) - (1349.3720, 2511.3000) on Layer M8
violation type: Min Width
	srcs: net:net94060
	bbox = (1348.9600, 2695.0920) - (1348.9880, 2695.2200) on Layer M8
violation type: Min Width
	srcs: net:net134875
	bbox = (1357.1520, 2696.1320) - (1357.1800, 2696.2600) on Layer M8
violation type: Min Width
	srcs: net:net135660
	bbox = (1365.3440, 2413.2520) - (1365.3720, 2413.3800) on Layer M8
violation type: Min Width
	srcs: net:net119479
	bbox = (1363.6800, 2626.8520) - (1363.7080, 2626.9800) on Layer M8
violation type: Min Width
	srcs: net:net135103
	bbox = (1361.8240, 2688.5320) - (1361.8520, 2688.6600) on Layer M8
violation type: Min Width
	srcs: net:net66448
	bbox = (1370.6560, 1440.9320) - (1370.6840, 1441.0600) on Layer M8
violation type: Min Width
	srcs: net:net94193
	bbox = (1369.8240, 2563.9720) - (1369.8520, 2564.1000) on Layer M8
violation type: Min Width
	srcs: net:net28773
	bbox = (1377.4400, 1523.4920) - (1377.4680, 1523.6200) on Layer M8
violation type: Min Width
	srcs: net:spad/_02262_
	bbox = (1379.4920, 2526.4520) - (1379.5200, 2526.5800) on Layer M8
violation type: Min Width
	srcs: net:net51810
	bbox = (1380.0640, 2594.2920) - (1380.0920, 2594.4200) on Layer M8
violation type: Min Width
	srcs: net:net51810
	bbox = (1379.4880, 2624.6120) - (1379.5160, 2624.7400) on Layer M8
violation type: Min Width
	srcs: net:mod/_29278_
	bbox = (1384.8640, 590.6120) - (1384.8920, 590.7400) on Layer M8
violation type: Min Width
	srcs: net:ex_controller/mesh/mesh/mesh_15_0/tile_0_0/_0795_
	bbox = (1385.4400, 1522.3720) - (1385.4680, 1522.5000) on Layer M8
violation type: Min Width
	srcs: net:ex_controller/mesh/mesh/mesh_15_0/tile_0_0/_0462_
	bbox = (1385.3120, 1524.1320) - (1385.3400, 1524.2600) on Layer M8
violation type: Min Width
	srcs: net:net93001
	bbox = (1384.8640, 2549.6520) - (1384.8920, 2549.7800) on Layer M8
violation type: Min Width
	srcs: net:net93001
	bbox = (1387.5520, 2551.3320) - (1387.5800, 2551.4600) on Layer M8
violation type: Min Width
	srcs: net:spad/acc_adders/_0323_
	bbox = (1387.1040, 2573.8120) - (1387.1320, 2573.9400) on Layer M8
violation type: Min Width
	srcs: net:net8510
	bbox = (1385.6320, 2649.4120) - (1385.6600, 2649.5400) on Layer M8
violation type: Min Width
	srcs: net:net92915
	bbox = (1384.5440, 2656.0520) - (1384.5720, 2656.1800) on Layer M8
violation type: Min Width
	srcs: net:net91335
	bbox = (1394.8480, 2400.1320) - (1394.8760, 2400.2600) on Layer M8
violation type: Min Width
	srcs: net:net20926
	bbox = (1394.3360, 2678.6920) - (1394.3640, 2678.8200) on Layer M8
violation type: Min Width
	srcs: net:net94021
	bbox = (1395.1680, 2686.7720) - (1395.1960, 2686.9000) on Layer M8
violation type: Min Width
	srcs: net:mod/_25812_
	bbox = (1403.2960, 539.8920) - (1403.3240, 540.0200) on Layer M8
violation type: Min Width
	srcs: net:mod/_26245_
	bbox = (1403.3640, 579.4920) - (1403.3920, 579.6200) on Layer M8
violation type: Min Width
	srcs: net:mod/_28421_
	bbox = (1401.3120, 629.4920) - (1401.3400, 629.6200) on Layer M8
violation type: Min Width
	srcs: net:net55621
	bbox = (1409.3760, 2529.0920) - (1409.4040, 2529.2200) on Layer M8
violation type: Min Width
	srcs: net:mod/_25574_
	bbox = (1422.9440, 637.9720) - (1422.9720, 638.1000) on Layer M8
violation type: Min Width
	srcs: net:spad/xbar/_0395_
	bbox = (1426.2080, 2248.4520) - (1426.2360, 2248.5800) on Layer M8
violation type: Min Width
	srcs: net:net134972
	bbox = (1423.7760, 2389.8120) - (1423.8040, 2389.9400) on Layer M8
violation type: Min Width
	srcs: net:net93194
	bbox = (1423.4560, 2529.9720) - (1423.4840, 2530.1000) on Layer M8
violation type: Min Width
	srcs: net:net94187
	bbox = (1425.7600, 2722.4520) - (1425.7880, 2722.5800) on Layer M8
violation type: Min Width
	srcs: net:net108324
	bbox = (1432.4160, 2398.0520) - (1432.4440, 2398.1800) on Layer M8
violation type: Min Width
	srcs: net:net119377
	bbox = (1429.9840, 2603.7320) - (1430.0120, 2603.8600) on Layer M8
violation type: Min Width
	srcs: net:net38359
	bbox = (1432.6720, 2914.1320) - (1432.7000, 2914.2600) on Layer M8
violation type: Min Width
	srcs: net:mod/_25601_
	bbox = (1445.4720, 644.2920) - (1445.5000, 644.4200) on Layer M8
violation type: Min Width
	srcs: net:net71925
	bbox = (1454.5600, 660.8520) - (1454.5880, 660.9800) on Layer M8
violation type: Min Width
	srcs: net:net92362
	bbox = (1453.2200, 2665.9720) - (1453.2480, 2666.1000) on Layer M8
violation type: Min Width
	srcs: net:mod/_26944_
	bbox = (1469.8560, 614.6120) - (1469.8840, 614.7400) on Layer M8
violation type: Min Width
	srcs: net:net108251
	bbox = (1469.1520, 2603.5720) - (1469.1800, 2603.7000) on Layer M8
violation type: Min Width
	srcs: net:ex_controller/mesh/mesh/mesh_14_0/tile_0_0/_0246_
	bbox = (1478.4960, 1499.9720) - (1478.5240, 1500.1000) on Layer M8
violation type: Min Width
	srcs: net:net60729
	bbox = (1478.7520, 2378.4520) - (1478.7800, 2378.5800) on Layer M8
violation type: Min Width
	srcs: net:net84525
	bbox = (1482.7200, 644.9320) - (1482.7480, 645.0600) on Layer M8
violation type: Min Width
	srcs: net:net134519
	bbox = (1485.4080, 2415.1720) - (1485.4360, 2415.3000) on Layer M8
violation type: Min Width
	srcs: net:net52677
	bbox = (1483.6800, 2602.7720) - (1483.7080, 2602.9000) on Layer M8
violation type: Min Width
	srcs: net:net93658
	bbox = (1486.6880, 2625.9720) - (1486.7160, 2626.1000) on Layer M8
violation type: Min Width
	srcs: net:spad/_11214_
	bbox = (1486.6240, 2648.2120) - (1486.6520, 2648.3400) on Layer M8
violation type: Min Width
	srcs: net:spad/acc_adders/_0881_
	bbox = (1493.6000, 2611.4120) - (1493.6280, 2611.5400) on Layer M8
violation type: Min Width
	srcs: net:net108243
	bbox = (1490.7880, 2662.1320) - (1490.8160, 2662.2600) on Layer M8
violation type: Min Width
	srcs: net:mod/_25434_
	bbox = (1499.0400, 584.2120) - (1499.0680, 584.3400) on Layer M8
violation type: Min Width
	srcs: net:net91727
	bbox = (1500.0000, 2413.0920) - (1500.0280, 2413.2200) on Layer M8
violation type: Min Width
	srcs: net:net134464
	bbox = (1506.2720, 2391.4920) - (1506.3000, 2391.6200) on Layer M8
violation type: Min Width
	srcs: net:net134527
	bbox = (1508.2560, 2466.6920) - (1508.2840, 2466.8200) on Layer M8
violation type: Min Width
	srcs: net:net134766
	bbox = (1508.0640, 2498.9320) - (1508.0920, 2499.0600) on Layer M8
violation type: Min Width
	srcs: net:net134815
	bbox = (1514.0160, 2488.8520) - (1514.0440, 2488.9800) on Layer M8
violation type: Min Width
	srcs: net:spad/acc_mems_1/pipelined_writes_1_bits_mask_6
	bbox = (1514.4640, 2596.4520) - (1514.4920, 2596.5800) on Layer M8
violation type: Min Width
	srcs: net:net60729
	bbox = (1524.1280, 2375.6520) - (1524.1560, 2375.7800) on Layer M8
violation type: Min Width
	srcs: net:net94090
	bbox = (1521.1840, 2444.6120) - (1521.2120, 2444.7400) on Layer M8
violation type: Min Width
	srcs: net:net55833
	bbox = (1523.8760, 2551.4120) - (1523.9040, 2551.5400) on Layer M8
violation type: Min Width
	srcs: net:clknet_8_103_0_clock
	bbox = (1523.8720, 2550.5320) - (1523.9000, 2550.6600) on Layer M8
violation type: Min Width
	srcs: net:mod/ex/_040418_
	bbox = (1528.2240, 986.2920) - (1528.2520, 986.4200) on Layer M8
violation type: Min Width
	srcs: net:spad/_acc_mems_1_io_adder_op1_0_0\[24\]
	bbox = (1531.0400, 2415.0920) - (1531.0680, 2415.2200) on Layer M8
violation type: Min Width
	srcs: net:net91360
	bbox = (1529.0560, 2572.1320) - (1529.0840, 2572.2600) on Layer M8
violation type: Min Width
	srcs: net:net124153
	bbox = (1538.1440, 288.9320) - (1538.1720, 289.0600) on Layer M8
violation type: Min Width
	srcs: net:spad/_acc_mems_1_io_adder_op1_4_0\[8\]
	bbox = (1537.6320, 2428.2120) - (1537.6600, 2428.3400) on Layer M8
violation type: Min Width
	srcs: net:net69262
	bbox = (1545.5040, 507.7320) - (1545.5320, 507.8600) on Layer M8
violation type: Min Width
	srcs: net:net125631
	bbox = (1545.5040, 757.7320) - (1545.5320, 757.8600) on Layer M8
violation type: Min Width
	srcs: net:spad/_acc_mems_1_io_adder_op1_0_0\[1\]
	bbox = (1543.3920, 2376.2920) - (1543.4200, 2376.4200) on Layer M8
violation type: Min Width
	srcs: net:net8440
	bbox = (1543.3320, 2497.0120) - (1543.3600, 2497.1400) on Layer M8
violation type: Min Width
	srcs: net:net108256
	bbox = (1545.6960, 2635.4120) - (1545.7240, 2635.5400) on Layer M8
violation type: Min Width
	srcs: net:net52814
	bbox = (1546.9760, 2642.2920) - (1547.0040, 2642.4200) on Layer M8
violation type: Min Width
	srcs: net:net135341
	bbox = (1543.3280, 2692.6920) - (1543.3560, 2692.8200) on Layer M8
violation type: Min Width
	srcs: net:net134483
	bbox = (1552.4160, 2423.6520) - (1552.4440, 2423.7800) on Layer M8
violation type: Min Width
	srcs: net:spad/_acc_mems_1_io_adder_op1_5_0\[20\]
	bbox = (1553.6960, 2450.8520) - (1553.7240, 2450.9800) on Layer M8
violation type: Min Width
	srcs: net:net91735
	bbox = (1553.5080, 2520.8520) - (1553.5360, 2520.9800) on Layer M8
violation type: Min Width
	srcs: net:net91858
	bbox = (1550.9440, 2578.9320) - (1550.9720, 2579.0600) on Layer M8
violation type: Min Width
	srcs: net:net92023
	bbox = (1562.0800, 2521.1720) - (1562.1080, 2521.3000) on Layer M8
violation type: Min Width
	srcs: net:net52183
	bbox = (1560.7360, 2595.9720) - (1560.7640, 2596.1000) on Layer M8
violation type: Min Width
	srcs: net:net93738
	bbox = (1559.9040, 2597.8920) - (1559.9320, 2598.0200) on Layer M8
violation type: Min Width
	srcs: net:net91553
	bbox = (1576.3520, 2504.0520) - (1576.3800, 2504.1800) on Layer M8
violation type: Min Width
	srcs: net:spad/_acc_mems_1_io_adder_op1_8_0\[25\]
	bbox = (1573.6000, 2505.1720) - (1573.6280, 2505.3000) on Layer M8
violation type: Min Width
	srcs: net:spad/_acc_mems_1_io_adder_op1_9_0\[25\]
	bbox = (1576.6080, 2511.2520) - (1576.6360, 2511.3800) on Layer M8
violation type: Min Width
	srcs: net:spad/acc_adders/_0390_
	bbox = (1576.3520, 2534.0520) - (1576.3800, 2534.1800) on Layer M8
violation type: Min Width
	srcs: net:ex_controller/mesh/mesh/mesh_14_2/tile_0_0/_0384_
	bbox = (1581.1520, 1626.3720) - (1581.1800, 1626.5000) on Layer M8
violation type: Min Width
	srcs: net:net137528
	bbox = (1584.7360, 2399.2520) - (1584.7640, 2399.3800) on Layer M8
violation type: Min Width
	srcs: net:spad/_acc_mems_1_io_adder_op1_7_0\[9\]
	bbox = (1583.8400, 2482.9320) - (1583.8680, 2483.0600) on Layer M8
violation type: Min Width
	srcs: net:spad/_acc_mems_1_io_adder_op1_7_0\[9\]
	bbox = (1584.6080, 2488.5320) - (1584.6360, 2488.6600) on Layer M8
violation type: Min Width
	srcs: net:spad/_acc_mems_1_io_adder_op1_6_0\[21\]
	bbox = (1581.4080, 2499.2520) - (1581.4360, 2499.3800) on Layer M8
violation type: Min Width
	srcs: net:net8372
	bbox = (1583.5200, 2556.1320) - (1583.5480, 2556.2600) on Layer M8
violation type: Min Width
	srcs: net:net8372
	bbox = (1583.0720, 2559.4120) - (1583.1000, 2559.5400) on Layer M8
violation type: Min Width
	srcs: net:net91741
	bbox = (1583.3280, 2632.8520) - (1583.3560, 2632.9800) on Layer M8
violation type: Min Width
	srcs: net:net8478
	bbox = (1582.9440, 2633.8120) - (1582.9720, 2633.9400) on Layer M8
violation type: Min Width
	srcs: net:spad/acc_mems_1/_1823_
	bbox = (1584.3520, 2642.5320) - (1584.3800, 2642.6600) on Layer M8
violation type: Min Width
	srcs: net:spad/_acc_mems_1_io_adder_op1_9_0\[23\]
	bbox = (1584.9280, 2655.1720) - (1584.9560, 2655.3000) on Layer M8
violation type: Min Width
	srcs: net:net29482
	bbox = (1588.7040, 681.8920) - (1588.7320, 682.0200) on Layer M8
violation type: Min Width
	srcs: net:spad/_acc_mems_1_io_adder_op1_15_0\[20\]
	bbox = (1590.6240, 2468.2920) - (1590.6520, 2468.4200) on Layer M8
violation type: Min Width
	srcs: net:net135525
	bbox = (1590.3040, 2506.9320) - (1590.3320, 2507.0600) on Layer M8
violation type: Min Width
	srcs: net:mod/ld_input/_26689_
	bbox = (1598.5600, 251.1720) - (1598.5880, 251.3000) on Layer M8
violation type: Min Width
	srcs: net:spad/_acc_mems_1_io_adder_op1_2_0\[4\]
	bbox = (1598.1760, 2420.5320) - (1598.2040, 2420.6600) on Layer M8
violation type: Min Width
	srcs: net:spad/_acc_mems_1_io_adder_op1_3_0\[13\]
	bbox = (1597.4080, 2427.6520) - (1597.4360, 2427.7800) on Layer M8
violation type: Min Width
	srcs: net:net14137
	bbox = (1596.9600, 2701.4120) - (1596.9880, 2701.5400) on Layer M8
violation type: Min Width
	srcs: net:spad/_acc_mems_1_io_adder_op1_1_0\[16\]
	bbox = (1605.2160, 2431.4120) - (1605.2440, 2431.5400) on Layer M8
violation type: Min Width
	srcs: net:spad/_acc_mems_1_io_adder_op1_1_0\[24\]
	bbox = (1605.4720, 2450.2920) - (1605.5000, 2450.4200) on Layer M8
violation type: Min Width
	srcs: net:mod/ld_input/_32880_
	bbox = (1619.7440, 478.1320) - (1619.7720, 478.2600) on Layer M8
violation type: Min Width
	srcs: net:net93431
	bbox = (1621.4080, 2670.3720) - (1621.4360, 2670.5000) on Layer M8
violation type: Min Width
	srcs: net:net124699
	bbox = (1635.4880, 396.9320) - (1635.5160, 397.0600) on Layer M8
violation type: Min Width
	srcs: net:net134134
	bbox = (1636.7680, 501.4120) - (1636.7960, 501.5400) on Layer M8
violation type: Min Width
	srcs: net:ex_controller/mesh/mesh/mesh_13_0/tile_0_0/_0273_
	bbox = (1636.5760, 1439.1720) - (1636.6040, 1439.3000) on Layer M8
violation type: Min Width
	srcs: net:net135049
	bbox = (1637.8560, 2435.1720) - (1637.8840, 2435.3000) on Layer M8
violation type: Min Width
	srcs: net:net107151
	bbox = (1634.0800, 2673.3320) - (1634.1080, 2673.4600) on Layer M8
violation type: Min Width
	srcs: net:net77100
	bbox = (1643.1680, 2020.1320) - (1643.1960, 2020.2600) on Layer M8
violation type: Min Width
	srcs: net:net67192
	bbox = (1650.7840, 1432.8520) - (1650.8120, 1432.9800) on Layer M8
violation type: Min Width
	srcs: net:ex_controller/mesh/mesh/mesh_13_0/tile_0_0/_0463_
	bbox = (1656.7360, 1440.4520) - (1656.7640, 1440.5800) on Layer M8
violation type: Min Width
	srcs: net:spad/acc_mems_0/_0368_
	bbox = (1660.5760, 2673.3320) - (1660.6040, 2673.4600) on Layer M8
violation type: Min Width
	srcs: net:mod/ld_input/_32686_
	bbox = (1673.0560, 485.5720) - (1673.0840, 485.7000) on Layer M8
violation type: Min Width
	srcs: net:ex_controller/mesh/mesh/mesh_14_3/tile_0_0/_0278_
	bbox = (1673.5680, 1750.2920) - (1673.5960, 1750.4200) on Layer M8
violation type: Min Width
	srcs: net:ex_controller/mesh/mesh/mesh_13_1_io_in_control_0_shift_pipe_b\[3\]
	bbox = (1681.0560, 1507.0120) - (1681.0840, 1507.1400) on Layer M8
violation type: Min Width
	srcs: net:net65912
	bbox = (1688.2240, 1696.7720) - (1688.2520, 1696.9000) on Layer M8
violation type: Min Width
	srcs: net:net94141
	bbox = (1696.0320, 2664.2120) - (1696.0600, 2664.3400) on Layer M8
violation type: Min Width
	srcs: net:net106195
	bbox = (1697.2480, 2884.4520) - (1697.2760, 2884.5800) on Layer M8
violation type: Min Width
	srcs: net:net110690
	bbox = (1705.8880, 479.4120) - (1705.9160, 479.5400) on Layer M8
violation type: Min Width
	srcs: net:ex_controller/mesh/mesh/pipe_b_301_0\[17\]
	bbox = (1703.7760, 1569.1720) - (1703.8040, 1569.3000) on Layer M8
violation type: Min Width
	srcs: net:spad/_acc_mems_1_io_adder_op1_9_0\[7\]
	bbox = (1704.9920, 2657.6520) - (1705.0200, 2657.7800) on Layer M8
violation type: Min Width
	srcs: net:net82447
	bbox = (1711.9040, 222.0520) - (1711.9320, 222.1800) on Layer M8
violation type: Min Width
	srcs: net:net65864
	bbox = (1711.2640, 1490.8520) - (1711.2920, 1490.9800) on Layer M8
violation type: Min Width
	srcs: net:ex_controller/mesh/mesh/mesh_12_0/tile_0_0/_0699_
	bbox = (1719.1360, 1401.8120) - (1719.1640, 1401.9400) on Layer M8
violation type: Min Width
	srcs: net:ex_controller/mesh/mesh/pipe_b_285_0\[2\]
	bbox = (1717.2800, 1520.4520) - (1717.3080, 1520.5800) on Layer M8
violation type: Min Width
	srcs: net:mod/ld_input/_28844_
	bbox = (1740.5120, 244.1320) - (1740.5400, 244.2600) on Layer M8
violation type: Min Width
	srcs: net:net126908
	bbox = (1741.5360, 972.2920) - (1741.5640, 972.4200) on Layer M8
violation type: Min Width
	srcs: net:net41007
	bbox = (1748.5760, 3011.4920) - (1748.6040, 3011.6200) on Layer M8
violation type: Min Width
	srcs: net:spad/writer/_04631_
	bbox = (1755.1040, 2883.0920) - (1755.1320, 2883.2200) on Layer M8
violation type: Min Width
	srcs: net:ex_controller/mesh/mesh/mesh_11_0/tile_0_0/_0210_
	bbox = (1762.9760, 1332.7720) - (1763.0040, 1332.9000) on Layer M8
violation type: Min Width
	srcs: net:net44775
	bbox = (1765.7920, 2965.3320) - (1765.8200, 2965.4600) on Layer M8
violation type: Min Width
	srcs: net:net111042
	bbox = (1770.7840, 930.8520) - (1770.8120, 930.9800) on Layer M8
violation type: Min Width
	srcs: net:net33825
	bbox = (1771.8080, 1711.2520) - (1771.8360, 1711.3800) on Layer M8
violation type: Min Width
	srcs: net:net96717
	bbox = (1772.5120, 1717.2520) - (1772.5400, 1717.3800) on Layer M8
violation type: Min Width
	srcs: net:net44764
	bbox = (1772.8960, 2942.1320) - (1772.9240, 2942.2600) on Layer M8
violation type: Min Width
	srcs: net:ex_controller/mesh/mesh/mesh_10_0/tile_0_0/_0325_
	bbox = (1780.1920, 1280.2920) - (1780.2200, 1280.4200) on Layer M8
violation type: Min Width
	srcs: net:net26527
	bbox = (1777.6320, 1462.2120) - (1777.6600, 1462.3400) on Layer M8
violation type: Min Width
	srcs: net:net52100
	bbox = (1778.7200, 2529.1720) - (1778.7480, 2529.3000) on Layer M8
violation type: Min Width
	srcs: net:net37074
	bbox = (1779.3600, 2805.7320) - (1779.3880, 2805.8600) on Layer M8
violation type: Min Width
	srcs: net:net37074
	bbox = (1779.3600, 2823.0920) - (1779.3880, 2823.2200) on Layer M8
violation type: Min Width
	srcs: net:net12556
	bbox = (1780.4480, 2822.2920) - (1780.4760, 2822.4200) on Layer M8
violation type: Min Width
	srcs: net:spad/writer/_10493_
	bbox = (1779.1680, 2944.6120) - (1779.1960, 2944.7400) on Layer M8
violation type: Min Width
	srcs: net:net132100
	bbox = (1786.9120, 938.6920) - (1786.9400, 938.8200) on Layer M8
violation type: Min Width
	srcs: net:ex_controller/mesh/mesh/mesh_12_1/tile_0_0/_0689_
	bbox = (1788.0640, 1454.5320) - (1788.0920, 1454.6600) on Layer M8
violation type: Min Width
	srcs: net:ex_controller/mesh/mesh/mesh_12_1/tile_0_0/_0343_
	bbox = (1794.9760, 1485.3320) - (1795.0040, 1485.4600) on Layer M8
violation type: Min Width
	srcs: net:net103854
	bbox = (1854.6880, 933.7320) - (1854.7160, 933.8600) on Layer M8
violation type: Min Width
	srcs: net:ex_controller/mesh/mesh/r_193_0\[1\]
	bbox = (1853.2800, 1440.9320) - (1853.3080, 1441.0600) on Layer M8
violation type: Min Width
	srcs: net:ex_controller/mesh/mesh/mesh_11_1/tile_0_0/_0340_
	bbox = (1854.0480, 1439.0120) - (1854.0760, 1439.1400) on Layer M8
violation type: Min Width
	srcs: net:ex_controller/mesh/mesh/mesh_11_1/tile_0_0/_0653_
	bbox = (1870.2400, 1444.9320) - (1870.2680, 1445.0600) on Layer M8
violation type: Min Width
	srcs: net:ex_controller/mesh/mesh/mesh_11_1/tile_0_0/_0056_
	bbox = (1883.6160, 1462.9320) - (1883.6440, 1463.0600) on Layer M8
violation type: Min Width
	srcs: net:ex_controller/mesh/mesh/mesh_12_3/tile_0_0/_0294_
	bbox = (1884.0000, 1688.5320) - (1884.0280, 1688.6600) on Layer M8
violation type: Min Width
	srcs: net:spad/_xbar_auto_anon_out_a_bits_data\[97\]
	bbox = (1898.6560, 2172.8520) - (1898.6840, 2172.9800) on Layer M8
violation type: Min Width
	srcs: net:net67081
	bbox = (1898.6560, 2178.6920) - (1898.6840, 2178.8200) on Layer M8
violation type: Min Width
	srcs: net:ex_controller/mesh/mesh/mesh_15_6/tile_0_0/_0686_
	bbox = (1906.1440, 2157.8120) - (1906.1720, 2157.9400) on Layer M8
violation type: Min Width
	srcs: net:ex_controller/mesh/mesh/mesh_12_3_io_in_control_0_shift_pipe_b\[4\]
	bbox = (1914.0160, 1697.5720) - (1914.0440, 1697.7000) on Layer M8
violation type: Min Width
	srcs: net:net27655
	bbox = (1940.2560, 1391.8920) - (1940.2840, 1392.0200) on Layer M8
violation type: Min Width
	srcs: net:net128076
	bbox = (1938.3360, 1553.0120) - (1938.3640, 1553.1400) on Layer M8
violation type: Min Width
	srcs: net:net26623
	bbox = (1960.1600, 1694.2920) - (1960.1880, 1694.4200) on Layer M8
violation type: Min Width
	srcs: net:ex_controller/mesh/mesh/mesh_10_2/tile_0_0/_0260_
	bbox = (2014.1800, 1506.8520) - (2014.2080, 1506.9800) on Layer M8
violation type: Min Width
	srcs: net:ex_controller/mesh/mesh/mesh_13_6/tile_0_0/_0544_
	bbox = (2014.8160, 2059.4120) - (2014.8440, 2059.5400) on Layer M8
violation type: Min Width
	srcs: net:ex_controller/mesh/mesh/mesh_12_5/tile_0_0/_0235_
	bbox = (2036.5760, 1909.3320) - (2036.6040, 1909.4600) on Layer M8
violation type: Min Width
	srcs: net:ex_controller/mesh/mesh/mesh_14_7/tile_0_0/_0423_
	bbox = (2037.2160, 2227.4120) - (2037.2440, 2227.5400) on Layer M8
violation type: Min Width
	srcs: net:ex_controller/_01544_
	bbox = (2044.1920, 538.7720) - (2044.2200, 538.9000) on Layer M8
violation type: Min Width
	srcs: net:net99507
	bbox = (2043.1040, 843.7320) - (2043.1320, 843.8600) on Layer M8
violation type: Min Width
	srcs: net:net99917
	bbox = (2096.4160, 433.9720) - (2096.4440, 434.1000) on Layer M8
violation type: Min Width
	srcs: net:net61454
	bbox = (2112.2880, 1491.8920) - (2112.3160, 1492.0200) on Layer M8
violation type: Min Width
	srcs: net:ex_controller/mesh/mesh/mesh_6_2/tile_0_0/_0294_
	bbox = (2128.6080, 1181.0120) - (2128.6360, 1181.1400) on Layer M8
violation type: Min Width
	srcs: net:ex_controller/mesh/mesh/mesh_9_3/tile_0_0/_0059_
	bbox = (2127.7760, 1574.0520) - (2127.8040, 1574.1800) on Layer M8
violation type: Min Width
	srcs: net:spad/acc_scale_unit/activated_data_e_scaled_muladder_11/mulAddRecFNToRaw_preMul/_0670_
	bbox = (2126.1760, 2875.4920) - (2126.2040, 2875.6200) on Layer M8
violation type: Min Width
	srcs: net:spad/acc_scale_unit/activated_data_e_scaled_muladder_11/mulAddRecFNToRaw_preMul/_0670_
	bbox = (2126.1760, 2883.5720) - (2126.2040, 2883.7000) on Layer M8
violation type: Min Width
	srcs: net:ex_controller/mesh/_01111_
	bbox = (2141.7920, 530.0520) - (2141.8200, 530.1800) on Layer M8
violation type: Min Width
	srcs: net:net80418
	bbox = (2151.5200, 652.2920) - (2151.5480, 652.4200) on Layer M8
violation type: Min Width
	srcs: net:net36270
	bbox = (2155.6800, 2672.7720) - (2155.7080, 2672.9000) on Layer M8
violation type: Min Width
	srcs: net:ex_controller/mesh/mesh/mesh_8_3/tile_0_0/_0355_
	bbox = (2164.9600, 1529.8120) - (2164.9880, 1529.9400) on Layer M8
violation type: Min Width
	srcs: net:ex_controller/mesh/mesh/mesh_9_4/tile_0_0/_0391_
	bbox = (2166.4960, 1717.0920) - (2166.5240, 1717.2200) on Layer M8
violation type: Min Width
	srcs: net:net69408
	bbox = (2170.7840, 743.4920) - (2170.8120, 743.6200) on Layer M8
violation type: Min Width
	srcs: net:net16240
	bbox = (2173.0240, 1680.0520) - (2173.0520, 1680.1800) on Layer M8
violation type: Min Width
	srcs: net:net9312
	bbox = (2179.1680, 2904.2920) - (2179.1960, 2904.4200) on Layer M8
violation type: Min Width
	srcs: net:ex_controller/mesh/mesh/mesh_7_3/tile_0_0/_0634_
	bbox = (2187.6160, 1448.8520) - (2187.6440, 1448.9800) on Layer M8
violation type: Min Width
	srcs: net:ex_controller/mesh/mesh/mesh_7_3/tile_0_0/_0634_
	bbox = (2187.6160, 1453.8120) - (2187.6440, 1453.9400) on Layer M8
violation type: Min Width
	srcs: net:net56684
	bbox = (2211.4880, 737.3320) - (2211.5160, 737.4600) on Layer M8
violation type: Min Width
	srcs: net:net35268
	bbox = (2219.9360, 586.2120) - (2219.9640, 586.3400) on Layer M8
violation type: Min Width
	srcs: net:net36267
	bbox = (2227.4880, 2672.1320) - (2227.5160, 2672.2600) on Layer M8
violation type: Min Width
	srcs: net:ex_controller/mesh/mesh/mesh_4_3/tile_0_0/_0228_
	bbox = (2242.5280, 1211.4920) - (2242.5560, 1211.6200) on Layer M8
violation type: Min Width
	srcs: net:spad/acc_scale_unit/activated_data_e_scaled_muladder_10/mulAddRecFNToRaw_postMul/_1159_
	bbox = (2239.7120, 2658.2920) - (2239.7400, 2658.4200) on Layer M8
violation type: Min Width
	srcs: net:ex_controller/mesh/mesh/mesh_4_1/tile_0_0/_0068_
	bbox = (2255.3920, 834.9320) - (2255.4200, 835.0600) on Layer M8
violation type: Min Width
	srcs: net:ex_controller/mesh/mesh/mesh_3_2/tile_0_0/_0255_
	bbox = (2264.2880, 971.8120) - (2264.3160, 971.9400) on Layer M8
violation type: Min Width
	srcs: net:ex_controller/mesh/mesh/mesh_6_4/tile_0_0/_0067_
	bbox = (2269.0880, 1531.8120) - (2269.1160, 1531.9400) on Layer M8
violation type: Min Width
	srcs: net:ex_controller/mesh/mesh/mesh_9_5/tile_0_0/_0253_
	bbox = (2278.2400, 1816.9320) - (2278.2680, 1817.0600) on Layer M8
violation type: Min Width
	srcs: net:ex_controller/mesh/mesh/mesh_7_4/tile_0_0/_0634_
	bbox = (2284.6400, 1599.0120) - (2284.6680, 1599.1400) on Layer M8
violation type: Min Width
	srcs: net:ex_controller/mesh/mesh/mesh_3_3/tile_0_0/_0246_
	bbox = (2300.5120, 1113.0920) - (2300.5400, 1113.2200) on Layer M8
violation type: Min Width
	srcs: net:ex_controller/mesh/mesh/mesh_5_4/tile_0_0/_0231_
	bbox = (2301.7920, 1452.6120) - (2301.8200, 1452.7400) on Layer M8
violation type: Min Width
	srcs: net:ex_controller/mesh/mesh/_13391_
	bbox = (2300.2560, 1923.6520) - (2300.2840, 1923.7800) on Layer M8
violation type: Min Width
	srcs: net:ex_controller/mesh/RegShifted_r_213_0\[3\]
	bbox = (2345.7640, 783.2520) - (2345.7920, 783.3800) on Layer M8
violation type: Min Width
	srcs: net:ex_controller/mesh/mesh/mesh_14_9/tile_0_0/_0803_
	bbox = (2355.4240, 2368.3720) - (2355.4520, 2368.5000) on Layer M8
violation type: Min Width
	srcs: net:net114991
	bbox = (2382.4320, 1106.4520) - (2382.4600, 1106.5800) on Layer M8
violation type: Min Width
	srcs: net:ex_controller/mesh/mesh/mesh_7_5/tile_0_0/_0272_
	bbox = (2398.2400, 1636.7720) - (2398.2680, 1636.9000) on Layer M8
violation type: Min Width
	srcs: net:net16053
	bbox = (2409.0560, 1698.2120) - (2409.0840, 1698.3400) on Layer M8
violation type: Min Width
	srcs: net:spad/acc_scale_unit/activated_data_e_scaled_muladder_12/mulAddRecFNToRaw_postMul/_0901_
	bbox = (2414.2400, 2798.9320) - (2414.2680, 2799.0600) on Layer M8
violation type: Min Width
	srcs: net:net74084
	bbox = (2420.5760, 782.7720) - (2420.6040, 782.9000) on Layer M8
violation type: Min Width
	srcs: net:ex_controller/mesh/mesh/mesh_1_3/tile_0_0/_0424_
	bbox = (2430.1760, 1015.2520) - (2430.2040, 1015.3800) on Layer M8
violation type: Min Width
	srcs: net:net26755
	bbox = (2445.4720, 1498.8520) - (2445.5000, 1498.9800) on Layer M8
violation type: Min Width
	srcs: net:net73558
	bbox = (2458.1440, 749.8120) - (2458.1720, 749.9400) on Layer M8
violation type: Min Width
	srcs: net:ex_controller/mesh/mesh/mesh_12_9/tile_0_0/_0481_
	bbox = (2460.0640, 2270.3720) - (2460.0920, 2270.5000) on Layer M8
violation type: Min Width
	srcs: net:net96537
	bbox = (2465.8240, 2593.9720) - (2465.8520, 2594.1000) on Layer M8
violation type: Min Width
	srcs: net:ex_controller/mesh/mesh/mesh_1_1/tile_0_0/_0325_
	bbox = (2474.0800, 713.0120) - (2474.1080, 713.1400) on Layer M8
violation type: Min Width
	srcs: net:ex_controller/mesh/mesh/mesh_0_0/tile_0_0/_0246_
	bbox = (2482.8480, 207.3320) - (2482.8760, 207.4600) on Layer M8
violation type: Min Width
	srcs: net:ex_controller/mesh/mesh/mesh_1_1/tile_0_0/_0294_
	bbox = (2484.5760, 721.7320) - (2484.6040, 721.8600) on Layer M8
violation type: Min Width
	srcs: net:ex_controller/mesh/mesh/mesh_6_0/tile_0_0/_0255_
	bbox = (2483.1080, 850.2920) - (2483.1360, 850.4200) on Layer M8
violation type: Min Width
	srcs: net:ex_controller/mesh/mesh/mesh_0_1/tile_0_0/_0602_
	bbox = (2489.3760, 644.7720) - (2489.4040, 644.9000) on Layer M8
violation type: Min Width
	srcs: net:ex_controller/mesh/mesh/mesh_0_1/tile_0_0/_0571_
	bbox = (2489.7600, 653.7320) - (2489.7880, 653.8600) on Layer M8
violation type: Min Width
	srcs: net:net25645
	bbox = (2489.7600, 699.5720) - (2489.7880, 699.7000) on Layer M8
violation type: Min Width
	srcs: net:ex_controller/mesh/mesh/mesh_3_5/tile_0_0/_0623_
	bbox = (2488.8640, 1339.8120) - (2488.8920, 1339.9400) on Layer M8
violation type: Min Width
	srcs: net:ex_controller/mesh/mesh/mesh_0_1/tile_0_0/_0204_
	bbox = (2506.7840, 651.4920) - (2506.8120, 651.6200) on Layer M8
violation type: Min Width
	srcs: net:net128435
	bbox = (2505.3120, 722.2920) - (2505.3400, 722.4200) on Layer M8
violation type: Min Width
	srcs: net:ex_controller/mesh/mesh/mesh_15_12/tile_0_0/_0423_
	bbox = (2512.2240, 2724.6120) - (2512.2520, 2724.7400) on Layer M8
violation type: Min Width
	srcs: net:ex_controller/mesh/mesh/mesh_15_12/tile_0_0/_0325_
	bbox = (2513.2480, 2737.8920) - (2513.2760, 2738.0200) on Layer M8
violation type: Min Width
	srcs: net:net74010
	bbox = (2519.7120, 674.4520) - (2519.7400, 674.5800) on Layer M8
violation type: Min Width
	srcs: net:ex_controller/mesh/mesh/mesh_6_6/tile_0_0/_0468_
	bbox = (2522.1440, 1627.0920) - (2522.1720, 1627.2200) on Layer M8
violation type: Min Width
	srcs: net:net128509
	bbox = (2527.0720, 675.3320) - (2527.1000, 675.4600) on Layer M8
violation type: Min Width
	srcs: net:ex_controller/mesh/mesh/mesh_1_0/tile_0_0/_0199_
	bbox = (2542.7520, 267.1720) - (2542.7800, 267.3000) on Layer M8
violation type: Min Width
	srcs: net:net26773
	bbox = (2545.1200, 1523.8120) - (2545.1480, 1523.9400) on Layer M8
violation type: Min Width
	srcs: net:ex_controller/mesh/mesh/mesh_9_8/tile_0_0/_0623_
	bbox = (2557.9200, 2014.4520) - (2557.9480, 2014.5800) on Layer M8
violation type: Min Width
	srcs: net:ex_controller/mesh/mesh/mesh_12_10/tile_0_0/_0368_
	bbox = (2559.1360, 2390.2120) - (2559.1640, 2390.3400) on Layer M8
violation type: Min Width
	srcs: net:ex_controller/mesh/mesh/mesh_2_0/tile_0_0/_0386_
	bbox = (2564.0680, 435.0920) - (2564.0960, 435.2200) on Layer M8
violation type: Min Width
	srcs: net:net26761
	bbox = (2564.7680, 1401.2520) - (2564.7960, 1401.3800) on Layer M8
violation type: Min Width
	srcs: net:ex_controller/mesh/mesh/mesh_2_0/tile_0_0/_0286_
	bbox = (2574.6880, 425.2520) - (2574.7160, 425.3800) on Layer M8
violation type: Min Width
	srcs: net:ex_controller/mesh/mesh/mesh_0_2/tile_0_0/_0286_
	bbox = (2580.4480, 872.9320) - (2580.4760, 873.0600) on Layer M8
violation type: Min Width
	srcs: net:net26434
	bbox = (2580.2560, 1454.2120) - (2580.2840, 1454.3400) on Layer M8
violation type: Min Width
	srcs: net:ex_controller/mesh/mesh/mesh_0_3/tile_0_0/_0783_
	bbox = (2603.0400, 953.4120) - (2603.0680, 953.5400) on Layer M8
violation type: Min Width
	srcs: net:ex_controller/mesh/mesh/mesh_3_0/tile_0_0/_0253_
	bbox = (2612.1960, 563.5720) - (2612.2240, 563.7000) on Layer M8
violation type: Min Width
	srcs: net:ex_controller/mesh/mesh/mesh_0_5/tile_0_0/_0803_
	bbox = (2619.4240, 1084.0520) - (2619.4520, 1084.1800) on Layer M8
violation type: Min Width
	srcs: net:ex_controller/mesh/mesh/mesh_10_9_io_in_control_0_shift_pipe_b\[3\]
	bbox = (2618.0160, 2166.1320) - (2618.0440, 2166.2600) on Layer M8
violation type: Min Width
	srcs: net:ex_controller/mesh/mesh/mesh_14_12/tile_0_0/_0528_
	bbox = (2620.5120, 2725.1720) - (2620.5400, 2725.3000) on Layer M8
violation type: Min Width
	srcs: net:ex_controller/mesh/mesh/mesh_4_0/tile_0_0/_0049_
	bbox = (2627.9360, 684.5320) - (2627.9640, 684.6600) on Layer M8
violation type: Min Width
	srcs: net:ex_controller/mesh/mesh/mesh_4_0/tile_0_0/_0629_
	bbox = (2627.2320, 689.8120) - (2627.2600, 689.9400) on Layer M8
violation type: Min Width
	srcs: net:ex_controller/mesh/mesh/mesh_5_7_io_in_control_0_shift_pipe_b\[3\]
	bbox = (2634.4040, 1614.3720) - (2634.4320, 1614.5000) on Layer M8
violation type: Min Width
	srcs: net:ex_controller/mesh/mesh/mesh_4_0/tile_0_0/_0691_
	bbox = (2647.3280, 669.9720) - (2647.3560, 670.1000) on Layer M8
violation type: Min Width
	srcs: net:ex_controller/mesh/mesh/mesh_4_7/tile_0_0/_0336_
	bbox = (2665.4400, 1506.4520) - (2665.4680, 1506.5800) on Layer M8
violation type: Min Width
	srcs: net:ex_controller/mesh/mesh/mesh_4_7/tile_0_0/_0484_
	bbox = (2663.0720, 1529.8920) - (2663.1000, 1530.0200) on Layer M8
violation type: Min Width
	srcs: net:ex_controller/mesh/mesh/mesh_15_14/tile_0_0/_0408_
	bbox = (2672.9280, 2982.9320) - (2672.9560, 2983.0600) on Layer M8
violation type: Min Width
	srcs: net:ex_controller/mesh/mesh/mesh_15_14/tile_0_0/_0217_
	bbox = (2679.7120, 2983.0120) - (2679.7400, 2983.1400) on Layer M8
violation type: Min Width
	srcs: net:ex_controller/mesh/mesh/mesh_1_6/tile_0_0/_0255_
	bbox = (2684.7720, 1172.7720) - (2684.8000, 1172.9000) on Layer M8
violation type: Min Width
	srcs: net:net11264
	bbox = (2694.8160, 1416.8520) - (2694.8440, 1416.9800) on Layer M8
violation type: Min Width
	srcs: net:ex_controller/mesh/mesh/mesh_3_7/tile_0_0/_0426_
	bbox = (2725.6640, 1399.4920) - (2725.6920, 1399.6200) on Layer M8
violation type: Min Width
	srcs: net:net26083
	bbox = (2722.7200, 1417.5720) - (2722.7480, 1417.7000) on Layer M8
violation type: Min Width
	srcs: net:ex_controller/mesh/mesh/mesh_5_8_io_in_control_0_shift_pipe_b\[4\]
	bbox = (2726.4960, 1689.8120) - (2726.5240, 1689.9400) on Layer M8
violation type: Min Width
	srcs: net:ex_controller/mesh/mesh/mesh_1_7/tile_0_0/_0495_
	bbox = (2753.4400, 1145.6520) - (2753.4680, 1145.7800) on Layer M8
violation type: Min Width
	srcs: net:ex_controller/mesh/mesh/mesh_3_8/tile_0_0/_0346_
	bbox = (2816.8000, 1364.3720) - (2816.8280, 1364.5000) on Layer M8
violation type: Min Width
	srcs: net:ex_controller/mesh/mesh/mesh_13_14/tile_0_0/_0340_
	bbox = (2844.9600, 2967.1720) - (2844.9880, 2967.3000) on Layer M8
violation type: Min Width
	srcs: net:ex_controller/mesh/mesh/mesh_8_10/tile_0_0/_0367_
	bbox = (2853.0880, 2150.7720) - (2853.1160, 2150.9000) on Layer M8
violation type: Min Width
	srcs: net:ex_controller/mesh/mesh/mesh_7_10/tile_0_0/_0686_
	bbox = (2900.1920, 2022.6120) - (2900.2200, 2022.7400) on Layer M8
violation type: Min Width
	srcs: net:ex_controller/mesh/mesh/mesh_7_10/tile_0_0/_0408_
	bbox = (2898.6560, 2035.4120) - (2898.6840, 2035.5400) on Layer M8
violation type: Min Width
	srcs: net:ex_controller/mesh/mesh/mesh_9_11/tile_0_0/_0340_
	bbox = (2921.6320, 2332.2120) - (2921.6600, 2332.3400) on Layer M8
violation type: Min Width
	srcs: net:ex_controller/mesh/mesh/mesh_4_9/tile_0_0/_0832_
	bbox = (2942.2400, 1613.4920) - (2942.2680, 1613.6200) on Layer M8
violation type: Min Width
	srcs: net:net114376
	bbox = (2956.9640, 2242.4520) - (2956.9920, 2242.5800) on Layer M8
violation type: Min Width
	srcs: net:ex_controller/mesh/mesh/mesh_12_15/tile_0_0/_0340_
	bbox = (3004.3200, 3087.4920) - (3004.3480, 3087.6200) on Layer M8
violation type: Min Width
	srcs: net:ex_controller/mesh/mesh/mesh_12_15/tile_0_0/_0803_
	bbox = (3003.8720, 3088.1320) - (3003.9000, 3088.2600) on Layer M8
violation type: Min Width
	srcs: net:ex_controller/mesh/mesh/mesh_3_10/tile_0_0/_0260_
	bbox = (3018.3400, 1493.1720) - (3018.3680, 1493.3000) on Layer M8
violation type: Min Width
	srcs: net:ex_controller/mesh/mesh/mesh_5_12/tile_0_0/_0514_
	bbox = (3118.9440, 1969.0920) - (3118.9720, 1969.2200) on Layer M8
violation type: Min Width
	srcs: net:ex_controller/mesh/mesh/mesh_1_12/tile_0_0/_0233_
	bbox = (3156.1280, 1333.1720) - (3156.1560, 1333.3000) on Layer M8
violation type: Min Width
	srcs: net:net114526
	bbox = (3172.1920, 2839.4120) - (3172.2200, 2839.5400) on Layer M8
violation type: Min Width
	srcs: net:ex_controller/mesh/mesh/mesh_2_12/tile_0_0/_0307_
	bbox = (3177.8880, 1485.8120) - (3177.9160, 1485.9400) on Layer M8
violation type: Min Width
	srcs: net:ex_controller/mesh/mesh/mesh_4_13/tile_0_0/_0256_
	bbox = (3207.5840, 1853.0920) - (3207.6120, 1853.2200) on Layer M8
violation type: Min Width
	srcs: net:ex_controller/mesh/mesh/mesh_5_13/tile_0_0/_0664_
	bbox = (3214.8160, 2031.0120) - (3214.8440, 2031.1400) on Layer M8
violation type: Min Width
	srcs: net:ex_controller/mesh/mesh/mesh_9_15/tile_0_0/_0235_
	bbox = (3232.5440, 2906.1320) - (3232.5720, 2906.2600) on Layer M8
violation type: Min Width
	srcs: net:ex_controller/mesh/mesh/mesh_1_13/tile_0_0/_0803_
	bbox = (3267.8080, 1286.0520) - (3267.8360, 1286.1800) on Layer M8
violation type: Min Width
	srcs: net:ex_controller/mesh/mesh/mesh_3_15/tile_0_0/_0286_
	bbox = (3293.5360, 1786.6120) - (3293.5640, 1786.7400) on Layer M8
violation type: Min Width
	srcs: net:ex_controller/mesh/mesh/mesh_2_14/tile_0_0/_0426_
	bbox = (3329.4440, 1546.8520) - (3329.4720, 1546.9800) on Layer M8
violation type: Short
	srcs: net:net49314 net:net28812
	bbox = (1307.4000, 2525.3277) - (1307.4040, 2525.3283) on Layer M2
violation type: Short
	srcs: net:net51371 net:spad/acc_mems_0/q/_0317_
	bbox = (1489.6680, 2659.1520) - (1489.6720, 2659.2240) on Layer M2
violation type: Short
	srcs: net:net135044 net:net134568
	bbox = (1418.3560, 2547.7160) - (1418.5160, 2547.8760) on Layer M8
violation type: Short
	srcs: net:net135044 net:net134568
	bbox = (1418.3560, 2548.3560) - (1418.5160, 2548.5160) on Layer M8
violation type: Short
	srcs: net:net135026 net:net134568
	bbox = (1418.3560, 2548.4360) - (1418.5160, 2548.5960) on Layer M8
violation type: Short
	srcs: net:net134568 net:net10321
	bbox = (1418.3560, 2548.0360) - (1418.5160, 2548.1960) on Layer M8
violation type: Short
	srcs: net:spad/_acc_mems_1_io_adder_op1_9_0\[21\] net:net134705
	bbox = (1429.7160, 2509.2360) - (1429.8760, 2509.3960) on Layer M8
violation type: Short
	srcs: net:spad/_acc_mems_1_io_adder_op1_9_0\[21\] net:net134705
	bbox = (1426.1160, 2509.2360) - (1429.8760, 2509.3960) on Layer M8
violation type: Short
	srcs: net:net135044 net:net135026
	bbox = (1456.4360, 2546.8360) - (1456.5960, 2546.9960) on Layer M8
violation type: Short
	srcs: net:net135026 net:net101798
	bbox = (1456.4360, 2546.2760) - (1456.5960, 2546.4360) on Layer M8
violation type: Short
	srcs: net:net91920 net:net137811
	bbox = (1490.1960, 2433.3960) - (1490.3560, 2433.4760) on Layer M8
violation type: Short
	srcs: net:net91920 net:net91823
	bbox = (1490.1960, 2433.3160) - (1490.3560, 2433.4760) on Layer M8
violation type: Short
	srcs: net:net91920 net:net119330
	bbox = (1490.1960, 2432.9960) - (1490.3560, 2433.1560) on Layer M8
violation type: Short
	srcs: net:net45653 net:net39153
	bbox = (431.7960, 1808.6760) - (432.1160, 1808.8360) on Layer M8
violation type: Short
	srcs: net:spad/_acc_mems_0_io_adder_op1_8_0\[11\] net:net134757
	bbox = (1252.0360, 2664.4360) - (1252.1960, 2664.5960) on Layer M8
violation type: Short
	srcs: net:spad/_acc_mems_0_io_adder_op1_8_0\[11\] net:net134777
	bbox = (1252.0360, 2664.5160) - (1252.1960, 2664.6760) on Layer M8
violation type: Short
	srcs: net:spad/_acc_mems_0_io_adder_op1_8_0\[11\] net:net135233
	bbox = (1252.0360, 2664.1160) - (1252.1960, 2664.2760) on Layer M8
violation type: Short
	srcs: net:spad/_acc_mems_0_io_adder_op1_8_0\[11\] net:net135233
	bbox = (1252.0360, 2664.0360) - (1252.1960, 2664.2760) on Layer M8
violation type: Short
	srcs: net:net91199 net:net21657
	bbox = (1441.0760, 2445.0760) - (1441.3960, 2445.2360) on Layer M8
violation type: Short
	srcs: net:net91199 net:net91856
	bbox = (1441.0760, 2445.1560) - (1441.3960, 2445.3160) on Layer M8
violation type: Short
	srcs: net:net134833 net:net134728
	bbox = (1441.0760, 2496.5160) - (1441.2360, 2496.6760) on Layer M8
violation type: Short
	srcs: net:net91856 net:net21657
	bbox = (1463.7960, 2445.0760) - (1464.1160, 2445.2360) on Layer M8
violation type: Short
	srcs: net:net51349 net:spad/_acc_mems_1_io_adder_op1_7_0\[9\]
	bbox = (1583.6360, 2457.8760) - (1583.7960, 2458.1960) on Layer M9
violation type: Short
	srcs: net:net37642 net:net29855
	bbox = (514.1960, 1703.0760) - (514.3560, 1703.2360) on Layer M8
violation type: Short
	srcs: net:spad/_acc_mems_0_io_adder_op1_5_0\[10\] net:spad/_acc_mems_0_io_adder_op1_5_0\[6\]
	bbox = (1292.6800, 2482.5158) - (1292.8400, 2482.5163) on Layer M8
violation type: Short
	srcs: net:net91199 net:net135438
	bbox = (1443.8800, 2444.7560) - (1444.1920, 2444.8360) on Layer M8
violation type: Short
	srcs: net:net91199 net:net91856
	bbox = (1443.8800, 2444.7560) - (1444.1920, 2444.8360) on Layer M8
violation type: Short
	srcs: net:net91199 net:net135438
	bbox = (1443.8800, 2444.7560) - (1444.0400, 2444.9160) on Layer M8
violation type: Short
	srcs: net:net91199 net:net91856
	bbox = (1443.8800, 2444.7560) - (1444.0400, 2444.9160) on Layer M8
violation type: Short
	srcs: net:net91199 net:net135438
	bbox = (1443.8800, 2444.7560) - (1444.2200, 2444.8200) on Layer M8
violation type: Short
	srcs: net:net91199 net:net91856
	bbox = (1443.8800, 2444.7560) - (1444.2200, 2444.8200) on Layer M8
violation type: Short
	srcs: net:spad/writer/_00137_ net:spad/writer/_03054_
	bbox = (1777.0038, 2972.8560) - (1777.0042, 2972.8600) on Layer M3
violation type: Short
	srcs: net:spad/acc_adders/m_4/_103_ net:spad/acc_adders/m_4/_109_
	bbox = (1263.8760, 2437.9800) - (1264.0240, 2438.0520) on Layer M2
violation type: Short
	srcs: net:net93886 net:net93655
	bbox = (1300.4360, 2629.6360) - (1300.5960, 2629.7960) on Layer M8
violation type: Short
	srcs: net:net93886 net:net93655
	bbox = (1300.4360, 2629.6360) - (1300.5960, 2629.8760) on Layer M8
violation type: Short
	srcs: net:net93886 net:net93655
	bbox = (1300.4360, 2629.7160) - (1300.5960, 2629.8760) on Layer M8
violation type: Short
	srcs: net:net93886 net:net93655
	bbox = (1300.4360, 2629.7160) - (1300.5960, 2629.7960) on Layer M8
violation type: Short
	srcs: net:net119241 net:net93886
	bbox = (1330.7560, 2630.5160) - (1330.9160, 2630.5960) on Layer M8
violation type: Short
	srcs: net:net119479 net:spad/vsm_1/_0284_
	bbox = (1360.7560, 2627.7160) - (1360.9160, 2627.8760) on Layer M9
violation type: Short
	srcs: net:spad/_acc_mems_0_io_adder_op1_3_0\[14\] net:net135703
	bbox = (1341.8760, 2472.3560) - (1342.0360, 2472.5160) on Layer M8
violation type: Short
	srcs: net:spad/_acc_mems_0_io_adder_op1_3_0\[14\] net:net134421
	bbox = (1341.8760, 2472.1960) - (1342.0360, 2472.3560) on Layer M8
violation type: Short
	srcs: net:spad/_acc_mems_1_io_adder_op1_7_0\[27\] net:net93766
	bbox = (1409.8760, 2633.3960) - (1410.0360, 2633.5560) on Layer M8
violation type: Short
	srcs: net:spad/_acc_mems_1_io_adder_op1_7_0\[27\] net:net93766
	bbox = (1409.8760, 2633.9560) - (1410.0360, 2634.1160) on Layer M8
violation type: Short
	srcs: net:spad/_acc_mems_1_io_adder_op1_7_0\[27\] net:net93766
	bbox = (1409.8760, 2633.9560) - (1410.0360, 2634.1960) on Layer M8
violation type: Short
	srcs: net:spad/_acc_mems_1_io_adder_op1_7_0\[27\] net:net93766
	bbox = (1409.8760, 2634.0360) - (1410.0360, 2634.1960) on Layer M8
violation type: Short
	srcs: net:spad/_acc_mems_1_io_adder_op1_7_0\[27\] net:net93766
	bbox = (1409.8760, 2634.0360) - (1410.0360, 2634.1160) on Layer M8
violation type: Short
	srcs: net:net57199 net:net93658
	bbox = (1455.2360, 2625.1560) - (1455.3960, 2625.2360) on Layer M8
violation type: Short
	srcs: net:spad/_acc_mems_1_io_adder_op1_1_0\[28\] net:spad/_acc_mems_1_io_adder_op1_7_0\[24\]
	bbox = (1554.4360, 2449.1560) - (1554.5960, 2449.3160) on Layer M8
violation type: Short
	srcs: net:spad/_acc_mems_1_io_adder_op1_1_0\[28\] net:spad/_acc_mems_1_io_adder_op1_7_0\[24\]
	bbox = (1554.4360, 2449.2360) - (1557.8560, 2449.3160) on Layer M8
violation type: Short
	srcs: net:spad/_acc_mems_1_io_adder_op1_1_0\[28\] net:spad/_acc_mems_1_io_adder_op1_7_0\[24\]
	bbox = (1554.4360, 2449.2520) - (1557.8840, 2449.3160) on Layer M8
violation type: Short
	srcs: net:spad/_acc_mems_1_io_adder_op1_7_0\[24\] net:net21657
	bbox = (1554.4360, 2449.2360) - (1554.5960, 2449.3960) on Layer M8
violation type: Short
	srcs: net:spad/_acc_mems_1_io_adder_op1_7_0\[24\] net:net21657
	bbox = (1554.4360, 2449.2360) - (1557.8560, 2449.3960) on Layer M8
violation type: Short
	srcs: net:spad/_acc_mems_1_io_adder_op1_7_0\[24\] net:net21657
	bbox = (1554.4360, 2449.2520) - (1557.8840, 2449.3800) on Layer M8
violation type: Short
	srcs: net:net139057 net:net117300
	bbox = (1576.1800, 2404.9158) - (1576.3400, 2404.9163) on Layer M8
violation type: Short
	srcs: net:spad/writer/_05052_ net:spad/writer/_09907_
	bbox = (1776.6240, 2973.9640) - (1776.9520, 2974.0000) on Layer M2
violation type: Short
	srcs: net:net41009 net:spad/writer/_03054_
	bbox = (1776.6437, 2972.9640) - (1776.6443, 2972.9680) on Layer M3
violation type: Short
	srcs: net:spad/writer/_09885_ net:VDD
	bbox = (1776.3520, 2973.1480) - (1776.5360, 2973.1800) on Layer M4
violation type: Short
	srcs: net:net75732 net:net62065
	bbox = (532.9160, 1820.5160) - (533.0760, 1820.6760) on Layer M8
violation type: Short
	srcs: net:net75034 net:net62065
	bbox = (532.9160, 1820.8360) - (533.0760, 1820.9960) on Layer M8
violation type: Short
	srcs: net:net62065 net:reservation_station/_33130_
	bbox = (532.9160, 1821.2360) - (533.0760, 1821.3160) on Layer M8
violation type: Short
	srcs: net:net66558 net:net53422
	bbox = (1046.9800, 1441.2358) - (1049.1800, 1441.2362) on Layer M8
violation type: Short
	srcs: net:spad/_acc_mems_0_io_adder_op1_8_0\[11\] net:net135233
	bbox = (1252.0360, 2664.9960) - (1252.1960, 2665.1560) on Layer M8
violation type: Short
	srcs: net:spad/_acc_mems_0_io_adder_op1_8_0\[11\] net:net134702
	bbox = (1252.0360, 2664.9160) - (1252.1960, 2665.0760) on Layer M8
violation type: Short
	srcs: net:net93886 net:net93655
	bbox = (1200.3880, 2629.6360) - (1300.3680, 2629.7960) on Layer M8
violation type: Short
	srcs: net:net93886 net:net93655
	bbox = (1203.3280, 2629.6360) - (1300.3680, 2629.7960) on Layer M8
violation type: Short
	srcs: net:net93886 net:net93655
	bbox = (1203.3280, 2629.7160) - (1300.3680, 2629.7960) on Layer M8
violation type: Short
	srcs: net:net92792 net:net134890
	bbox = (1292.6800, 2425.3158) - (1292.8400, 2425.3162) on Layer M8
violation type: Short
	srcs: net:net92792 net:net134890
	bbox = (1292.6800, 2425.3158) - (1293.2160, 2425.3162) on Layer M8
violation type: Short
	srcs: net:net93886 net:net93655
	bbox = (1200.3880, 2629.7160) - (1304.2240, 2629.7960) on Layer M8
violation type: Short
	srcs: net:net93886 net:net93655
	bbox = (1203.3280, 2629.7160) - (1304.2240, 2629.8760) on Layer M8
violation type: Short
	srcs: net:net93886 net:net93655
	bbox = (1200.3880, 2629.7320) - (1304.2520, 2629.7960) on Layer M8
violation type: Short
	srcs: net:net93886 net:net93655
	bbox = (1203.3280, 2629.7320) - (1304.2520, 2629.8600) on Layer M8
violation type: Short
	srcs: net:net93886 net:net93785
	bbox = (1330.2760, 2630.5160) - (1330.4360, 2630.5960) on Layer M8
violation type: Short
	srcs: net:net93886 net:net93785
	bbox = (1330.2760, 2630.5160) - (1330.9160, 2630.5960) on Layer M8
violation type: Short
	srcs: net:net55705 net:net93886
	bbox = (1338.0200, 2630.0957) - (1338.3920, 2630.0963) on Layer M6
violation type: Short
	srcs: net:net139069 net:net119668
	bbox = (1345.9200, 2430.7560) - (1349.5360, 2430.9160) on Layer M8
violation type: Short
	srcs: net:net139069 net:net119668
	bbox = (1345.9200, 2430.7720) - (1349.5640, 2430.9000) on Layer M8
violation type: Short
	srcs: net:net55668 net:net135404
	bbox = (1406.0360, 2667.7960) - (1406.1960, 2667.9560) on Layer M8
violation type: Short
	srcs: net:net135404 net:net94108
	bbox = (1406.0360, 2668.1160) - (1406.1960, 2668.2760) on Layer M8
violation type: Short
	srcs: net:net135404 net:net94108
	bbox = (1406.0360, 2668.2757) - (1406.1960, 2668.2762) on Layer M8
violation type: Short
	srcs: net:net43440 net:net102003
	bbox = (1417.4760, 2476.6760) - (1417.6360, 2476.8360) on Layer M8
violation type: Short
	srcs: net:spad/_acc_mems_1_io_adder_op1_4_0\[1\] net:net102003
	bbox = (1417.4760, 2476.9960) - (1417.6360, 2477.1560) on Layer M8
violation type: Short
	srcs: net:net91199 net:net91856
	bbox = (1441.0760, 2445.5800) - (1441.3960, 2445.7400) on Layer M8
violation type: Short
	srcs: net:net91199 net:net28215
	bbox = (1441.0760, 2445.5800) - (1441.3960, 2445.7400) on Layer M8
violation type: Short
	srcs: net:net10340 net:net93696
	bbox = (1451.4400, 2622.5960) - (1456.5160, 2622.7560) on Layer M8
violation type: Short
	srcs: net:net91856 net:net28215
	bbox = (1463.7960, 2445.5800) - (1464.1160, 2445.7400) on Layer M8
violation type: Short
	srcs: net:net10340 net:net93696
	bbox = (1466.5600, 2622.5960) - (1466.7200, 2622.7560) on Layer M8
violation type: Short
	srcs: net:net91920 net:net137811
	bbox = (1489.1560, 2433.3960) - (1489.3160, 2433.4760) on Layer M8
violation type: Short
	srcs: net:net91920 net:net91823
	bbox = (1489.1560, 2433.3160) - (1489.3160, 2433.4760) on Layer M8
violation type: Short
	srcs: net:net91920 net:spad/_acc_mems_1_io_adder_op1_1_0\[10\]
	bbox = (1489.1560, 2432.7560) - (1489.3160, 2432.9160) on Layer M8
violation type: Short
	srcs: net:net91920 net:net137811
	bbox = (1489.1560, 2433.3960) - (1489.4000, 2433.4760) on Layer M8
violation type: Short
	srcs: net:net91920 net:net91823
	bbox = (1489.1560, 2433.3160) - (1489.4000, 2433.4760) on Layer M8
violation type: Short
	srcs: net:net91920 net:spad/_acc_mems_1_io_adder_op1_1_0\[10\]
	bbox = (1489.1560, 2432.7560) - (1489.4000, 2432.9160) on Layer M8
violation type: Short
	srcs: net:net91683 net:net91920
	bbox = (1508.1960, 2431.8760) - (1508.3560, 2432.0360) on Layer M8
violation type: Short
	srcs: net:net91920 net:net134911
	bbox = (1508.1960, 2431.8760) - (1508.3560, 2432.0360) on Layer M8
violation type: Short
	srcs: net:net91920 net:spad/_acc_mems_1_io_adder_op1_1_0\[10\]
	bbox = (1538.3800, 2432.7560) - (1538.5400, 2432.8360) on Layer M8
violation type: Short
	srcs: net:net120437 net:net119724
	bbox = (411.4000, 1445.7960) - (411.5600, 1445.9560) on Layer M8
violation type: Short
	srcs: net:net135044 net:net134568
	bbox = (1420.9160, 2548.4360) - (1421.0760, 2548.5160) on Layer M8
violation type: Short
	srcs: net:net69974 net:net135634
	bbox = (1496.4360, 2436.6760) - (1496.5960, 2436.8360) on Layer M8
violation type: Short
	srcs: net:spad/acc_mems_1/pipelined_writes_1_bits_mask_13 net:net135634
	bbox = (1496.4360, 2436.9960) - (1496.5960, 2437.1560) on Layer M8
violation type: Short
	srcs: net:spad/acc_mems_1/pipelined_writes_1_bits_mask_13 net:net135634
	bbox = (1496.2760, 2436.9960) - (1496.5960, 2437.1560) on Layer M8
violation type: Short
	srcs: net:net52798 net:net135354
	bbox = (1610.4360, 2663.7157) - (1610.5960, 2663.7162) on Layer M8
violation type: Short
	srcs: net:net52798 net:net135354
	bbox = (1609.7960, 2663.7160) - (1609.9560, 2663.8760) on Layer M8
violation type: Short
	srcs: net:net52798 net:net135354
	bbox = (1609.7960, 2663.7157) - (1610.5960, 2663.7162) on Layer M8
violation type: Short
	srcs: net:ex_controller/mesh/mesh/mesh_10_5/tile_0_0/_0230_ net:net114077
	bbox = (2192.4600, 1854.8480) - (2192.6080, 1854.8840) on Layer M2
violation type: Short
	srcs: net:net93886 net:net93655
	bbox = (1181.1760, 2629.6360) - (1300.3680, 2629.7960) on Layer M8
violation type: Short
	srcs: net:net93886 net:net93655
	bbox = (1181.1760, 2629.7160) - (1304.1000, 2629.7960) on Layer M8
violation type: Short
	srcs: net:net93064 net:net139069
	bbox = (1346.7560, 2432.3560) - (1388.1280, 2432.5160) on Layer M8
violation type: Short
	srcs: net:net93064 net:net134816
	bbox = (1346.7560, 2432.3560) - (1394.8360, 2432.5160) on Layer M8
violation type: Short
	srcs: net:net91920 net:net134928
	bbox = (1382.8600, 2431.7157) - (1383.0200, 2431.7162) on Layer M8
violation type: Short
	srcs: net:net91475 net:net135458
	bbox = (1397.9800, 2531.0760) - (1398.1400, 2531.2360) on Layer M8
violation type: Short
	srcs: net:net43440 net:net102003
	bbox = (1416.8800, 2476.6760) - (1417.0400, 2476.8360) on Layer M8
violation type: Short
	srcs: net:spad/_acc_mems_1_io_adder_op1_4_0\[1\] net:net102003
	bbox = (1416.8800, 2476.9960) - (1417.0400, 2477.0760) on Layer M8
violation type: Short
	srcs: net:spad/acc_mems_0/_0120_ net:net102003
	bbox = (1415.0760, 2476.9160) - (1415.2360, 2477.0760) on Layer M9
violation type: Short
	srcs: net:net93064 net:net134816
	bbox = (1346.7560, 2432.3560) - (1425.1680, 2432.4360) on Layer M8
violation type: Short
	srcs: net:spad/_acc_adders_io_out_9_0\[29\] net:net8432
	bbox = (1429.8760, 2475.3960) - (1430.0360, 2475.4760) on Layer M8
violation type: Short
	srcs: net:net135703 net:net8432
	bbox = (1429.8760, 2475.0760) - (1430.0360, 2475.2360) on Layer M8
violation type: Short
	srcs: net:net135703 net:net8432
	bbox = (1429.8760, 2475.3960) - (1430.0360, 2475.4760) on Layer M8
violation type: Short
	srcs: net:net8432 net:net8431
	bbox = (1429.8760, 2475.0760) - (1430.0360, 2475.2360) on Layer M8
violation type: Short
	srcs: net:net134705 net:net8432
	bbox = (1429.8760, 2475.3160) - (1430.0360, 2475.4760) on Layer M9
violation type: Short
	srcs: net:net91929 net:net14732
	bbox = (1443.8757, 2494.1800) - (1443.8763, 2494.3400) on Layer M9
violation type: Short
	srcs: net:net91683 net:net91920
	bbox = (1511.3800, 2431.8760) - (1511.5400, 2432.0360) on Layer M8
violation type: Short
	srcs: net:net93064 net:net91920
	bbox = (1511.3800, 2432.3558) - (1511.5400, 2432.3562) on Layer M8
violation type: Short
	srcs: net:net91920 net:net134911
	bbox = (1511.3800, 2431.8760) - (1511.5400, 2432.0360) on Layer M8
violation type: Short
	srcs: net:net92098 net:net94141
	bbox = (1512.6240, 2665.7958) - (1610.5120, 2665.7962) on Layer M8
violation type: Short
	srcs: net:net91973 net:net94141
	bbox = (1512.6240, 2665.7958) - (1616.6120, 2665.7962) on Layer M8
violation type: Short
	srcs: net:ex_controller/mesh/mesh/mesh_10_5/tile_0_0/_0408_ net:VSS
	bbox = (2192.0480, 1855.3720) - (2192.0880, 1855.5080) on Layer M3
violation type: Short
	srcs: net:store_controller/_08523_ net:store_controller/_08525_
	bbox = (715.2197, 2012.3200) - (715.2560, 2012.3720) on Layer M1
violation type: Short
	srcs: net:spad/_acc_mems_1_io_adder_op1_7_0\[24\] net:net135208
	bbox = (1405.5400, 2449.6360) - (1405.7000, 2449.7160) on Layer M8
violation type: Short
	srcs: net:net135390 net:net135208
	bbox = (1405.5400, 2449.6360) - (1405.7000, 2449.7160) on Layer M8
violation type: Short
	srcs: net:net135390 net:net135208
	bbox = (1405.5400, 2449.9560) - (1408.5440, 2450.0360) on Layer M8
violation type: Short
	srcs: net:net135390 net:net135208
	bbox = (1405.5400, 2449.8760) - (1405.7000, 2450.0360) on Layer M8
violation type: Short
	srcs: net:net10340 net:net93696
	bbox = (1466.5600, 2622.5960) - (1470.5000, 2622.7560) on Layer M8
violation type: Short
	srcs: net:net91209 net:net91791
	bbox = (1353.9880, 2540.0360) - (1534.6800, 2540.1160) on Layer M8
violation type: Short
	srcs: net:net135221 net:net94108
	bbox = (1476.4720, 2668.1157) - (1553.5800, 2668.1163) on Layer M8
violation type: Short
	srcs: net:ex_controller/mesh/mesh/mesh_10_5/tile_0_0/_0060_ net:ex_controller/mesh/mesh/mesh_10_5/tile_0_0/_0394_
	bbox = (2191.8480, 1853.6880) - (2192.1040, 1853.7160) on Layer M2
violation type: Short
	srcs: net:ex_controller/mesh/mesh/mesh_1_2/tile_0_0/_0426_ net:ex_controller/mesh/mesh/mesh_5_1/tile_0_0/_0260_
	bbox = (2292.8480, 923.0760) - (2322.4160, 923.1560) on Layer M8
violation type: Short
	srcs: net:ex_controller/mesh/mesh/mesh_8_6/tile_0_0/_0451_ net:ex_controller/mesh/mesh/mesh_8_6/tile_0_0/_0452_
	bbox = (2446.0278, 1792.0000) - (2446.0282, 1792.0040) on Layer M1
violation type: Short
	srcs: net:net49558 net:reservation_station/_40098_
	bbox = (449.5920, 1682.0920) - (449.8480, 1682.1280) on Layer M2
violation type: Short
	srcs: net:spad/_acc_mems_0_io_adder_op1_3_0\[2\] net:spad/_acc_mems_0_io_adder_op1_7_0\[24\]
	bbox = (1282.5160, 2450.9160) - (1282.5960, 2452.7600) on Layer M9
violation type: Short
	srcs: net:spad/_acc_mems_0_io_adder_op1_3_0\[2\] net:spad/_acc_mems_0_io_adder_op1_7_0\[24\]
	bbox = (1282.5160, 2452.6000) - (1282.5960, 2452.7600) on Layer M9
violation type: Short
	srcs: net:spad/_acc_mems_0_io_adder_op1_10_0\[3\] net:spad/_acc_mems_0_io_adder_op1_6_0\[7\]
	bbox = (1303.4800, 2659.7160) - (1303.6400, 2659.8760) on Layer M8
violation type: Short
	srcs: net:spad/_acc_mems_0_io_adder_op1_6_0\[7\] net:net135342
	bbox = (1303.4800, 2659.7160) - (1303.6400, 2659.8760) on Layer M8
violation type: Short
	srcs: net:spad/_acc_mems_0_io_adder_op1_6_0\[7\] net:net20926
	bbox = (1303.4800, 2659.3960) - (1303.6400, 2659.5560) on Layer M8
violation type: Short
	srcs: net:net51940 net:net93785
	bbox = (1360.0360, 2627.9560) - (1360.5440, 2628.1160) on Layer M8
violation type: Short
	srcs: net:net51940 net:net93785
	bbox = (1360.0360, 2627.9560) - (1360.1960, 2628.1160) on Layer M8
violation type: Short
	srcs: net:net51940 net:net93785
	bbox = (1360.0360, 2627.9720) - (1360.5720, 2628.1000) on Layer M8
violation type: Short
	srcs: net:clknet_2_1_4_clock net:net93655
	bbox = (1359.8760, 2629.8758) - (1360.0360, 2629.8762) on Layer M8
violation type: Short
	srcs: net:net101894 net:net93655
	bbox = (1359.8760, 2629.4760) - (1360.0360, 2629.6360) on Layer M8
violation type: Short
	srcs: net:net55668 net:net135404
	bbox = (1402.1960, 2667.7960) - (1402.3560, 2667.9560) on Layer M8
violation type: Short
	srcs: net:net135404 net:net94108
	bbox = (1402.1960, 2668.1160) - (1402.3560, 2668.2760) on Layer M8
violation type: Short
	srcs: net:net55668 net:net51314
	bbox = (1462.8520, 2667.6638) - (1462.8560, 2667.6642) on Layer M6
violation type: Short
	srcs: net:net55668 net:net135154
	bbox = (1462.5960, 2667.3160) - (1462.7560, 2667.4760) on Layer M8
violation type: Short
	srcs: net:spad/acc_mems_1/pipelined_writes_1_bits_mask_13 net:net135634
	bbox = (1493.9560, 2437.3960) - (1494.1160, 2437.5560) on Layer M8
violation type: Short
	srcs: net:net135484 net:net119479
	bbox = (1367.2360, 2632.9160) - (1367.3960, 2633.0760) on Layer M8
violation type: Short
	srcs: net:net119479 net:net93847
	bbox = (1367.2360, 2632.4360) - (1367.3960, 2632.5960) on Layer M8
violation type: Short
	srcs: net:net119446 net:net93725
	bbox = (1378.5400, 2637.9558) - (1379.2960, 2637.9563) on Layer M8
violation type: Short
	srcs: net:net119446 net:net93725
	bbox = (1378.5400, 2637.9558) - (1378.7000, 2637.9563) on Layer M8
violation type: Short
	srcs: net:net91920 net:net139069
	bbox = (1382.6760, 2433.1557) - (1383.0200, 2433.1562) on Layer M8
violation type: Short
	srcs: net:net139069 net:net135626
	bbox = (1382.6760, 2433.1560) - (1383.0200, 2433.3160) on Layer M8
violation type: Short
	srcs: net:net139069 net:net135626
	bbox = (1382.6760, 2433.1600) - (1384.9160, 2433.3160) on Layer M8
violation type: Short
	srcs: net:net108243 net:VDD
	bbox = (1490.2280, 2659.9720) - (1490.2800, 2660.1080) on Layer M3
violation type: Short
	srcs: net:ex_controller/mesh/mesh/mesh_12_0/tile_0_0/_0210_ net:ex_controller/mesh/mesh/mesh_12_0/tile_0_0/_0664_
	bbox = (1717.0760, 1389.7160) - (1717.2360, 1389.8760) on Layer M8
violation type: Short
	srcs: net:net134744 net:net93735
	bbox = (1363.4200, 2512.8360) - (1363.5800, 2512.9160) on Layer M8
violation type: Short
	srcs: net:net134744 net:net93735
	bbox = (1363.4200, 2512.8360) - (1363.9560, 2512.9160) on Layer M8
violation type: Short
	srcs: net:spad/_acc_mems_1_io_adder_op1_7_0\[9\] net:net134853
	bbox = (1443.2360, 2484.3560) - (1443.6360, 2484.5160) on Layer M8
violation type: Short
	srcs: net:spad/_acc_mems_1_io_adder_op1_7_0\[9\] net:net134853
	bbox = (1443.4760, 2484.3560) - (1443.6360, 2484.5160) on Layer M8
violation type: Short
	srcs: net:spad/_acc_mems_1_io_adder_op1_0_0\[18\] net:net93969
	bbox = (1454.1400, 2460.1960) - (1454.9440, 2460.2760) on Layer M8
violation type: Short
	srcs: net:spad/_acc_mems_1_io_adder_op1_10_0\[28\] net:net93969
	bbox = (1454.1400, 2460.1160) - (1454.9440, 2460.2760) on Layer M8
violation type: Short
	srcs: net:spad/_acc_mems_1_io_adder_op1_3_0\[11\] net:net135132
	bbox = (1496.8360, 2655.2360) - (1496.9960, 2721.7160) on Layer M9
violation type: Short
	srcs: net:spad/_acc_mems_1_io_adder_op1_1_0\[29\] net:net135088
	bbox = (1556.5960, 2462.7560) - (1556.7560, 2462.9160) on Layer M8
violation type: Short
	srcs: net:spad/_acc_mems_1_io_adder_op1_1_0\[29\] net:spad/_acc_mems_1_io_adder_op1_2_0\[22\]
	bbox = (1556.5960, 2463.1560) - (1556.7560, 2463.2360) on Layer M8
violation type: Short
	srcs: net:mod_1/ex/_07712_ net:mod_1/ex/_07780_
	bbox = (618.8837, 1397.8000) - (618.8842, 1397.8040) on Layer M1
violation type: Short
	srcs: net:net37232 net:net28999
	bbox = (948.7000, 2781.3958) - (950.1160, 2781.3962) on Layer M8
violation type: Short
	srcs: net:net39688 net:spad/reader/beatPacker/_00667_
	bbox = (971.3958, 2856.8800) - (971.3963, 2856.8840) on Layer M1
violation type: Short
	srcs: net:net134947 net:net107136
	bbox = (1197.8760, 2663.7400) - (1197.9560, 2663.9000) on Layer M9
violation type: Short
	srcs: net:clknet_2_1_4_clock net:net8568
	bbox = (1272.1600, 2630.0360) - (1376.6760, 2630.1960) on Layer M8
violation type: Short
	srcs: net:clknet_2_1_4_clock net:net8568
	bbox = (1272.1600, 2630.1160) - (1376.6760, 2630.1960) on Layer M8
violation type: Short
	srcs: net:net10340 net:net93696
	bbox = (1465.4800, 2622.7557) - (1466.7200, 2622.7562) on Layer M8
violation type: Short
	srcs: net:spad/acc_mems_1/pipelined_writes_1_bits_mask_13 net:net135634
	bbox = (1493.9560, 2436.9960) - (1494.1160, 2437.1560) on Layer M8
violation type: Short
	srcs: net:net91819 net:spad/_acc_mems_1_io_adder_op1_3_0\[11\]
	bbox = (1414.8320, 2653.9558) - (1500.5960, 2653.9563) on Layer M8
violation type: Short
	srcs: net:spad/_acc_mems_1_io_adder_op1_3_0\[11\] net:spad/_acc_mems_1_io_adder_op1_6_0\[7\]
	bbox = (1495.7200, 2654.5160) - (1496.3560, 2654.5960) on Layer M8
violation type: Short
	srcs: net:spad/_acc_mems_1_io_adder_op1_3_0\[11\] net:net134732
	bbox = (1495.7200, 2654.3560) - (1496.3560, 2654.5160) on Layer M8
violation type: Short
	srcs: net:spad/_acc_mems_1_io_adder_op1_3_0\[11\] net:spad/_acc_mems_1_io_adder_op1_6_0\[7\]
	bbox = (1495.7200, 2654.3560) - (1496.3560, 2654.5960) on Layer M8
violation type: Short
	srcs: net:spad/_acc_mems_1_io_adder_op1_3_0\[11\] net:spad/_acc_mems_1_io_adder_op1_6_0\[7\]
	bbox = (1495.7200, 2654.3560) - (1496.3560, 2654.5160) on Layer M8
violation type: Short
	srcs: net:net92162 net:net93684
	bbox = (1510.7560, 2653.1560) - (1510.9160, 2653.3160) on Layer M8
violation type: Short
	srcs: net:ex_controller/mesh/mesh/mesh_12_3/tile_0_0/_0674_ net:net112958
	bbox = (1771.6600, 1694.4360) - (1771.8200, 1694.5960) on Layer M8
violation type: Short
	srcs: net:ex_controller/mesh/mesh/mesh_3_1/tile_0_0/mac_unit/_0252_ net:ex_controller/mesh/mesh/mesh_3_1/tile_0_0/mac_unit/_0284_
	bbox = (2365.2438, 856.7200) - (2365.2443, 856.7240) on Layer M1
violation type: Short
	srcs: net:ex_controller/mesh/mesh/mesh_2_15/tile_0_0/_0653_ net:ex_controller/mesh/mesh/mesh_2_15/tile_0_0/_0655_
	bbox = (3291.1800, 1609.6600) - (3291.3280, 1609.7320) on Layer M2
violation type: Short
	srcs: net:net24093 net:net23752
	bbox = (520.4800, 1697.3960) - (520.6400, 1697.5560) on Layer M8
violation type: Short
	srcs: net:spad/_acc_mems_0_io_adder_op1_5_0\[10\] net:net134889
	bbox = (1191.3960, 2482.5160) - (1292.7600, 2482.6760) on Layer M8
violation type: Short
	srcs: net:net92995 net:net101776
	bbox = (1299.0760, 2491.0760) - (1299.2360, 2491.1560) on Layer M8
violation type: Short
	srcs: net:net92995 net:net101776
	bbox = (1299.0760, 2491.0760) - (1300.9600, 2491.1560) on Layer M8
violation type: Short
	srcs: net:net93165 net:spad/_acc_mems_0_io_adder_op1_5_0\[6\]
	bbox = (1257.8600, 2482.4360) - (1330.5600, 2482.5160) on Layer M8
violation type: Short
	srcs: net:spad/_acc_mems_0_io_adder_op1_5_0\[6\] net:net134889
	bbox = (1191.3960, 2482.5158) - (1330.5600, 2482.5163) on Layer M8
violation type: Short
	srcs: net:spad/_acc_mems_0_io_adder_op1_5_0\[6\] net:net134884
	bbox = (1214.6760, 2482.5158) - (1330.5600, 2482.5163) on Layer M8
violation type: Short
	srcs: net:spad/_acc_mems_0_io_adder_op1_7_0\[0\] net:net134880
	bbox = (1318.1960, 2438.8360) - (1318.3560, 2438.9960) on Layer M8
violation type: Short
	srcs: net:net93165 net:spad/_acc_mems_0_io_adder_op1_5_0\[6\]
	bbox = (1257.8600, 2482.5160) - (1333.3960, 2482.5960) on Layer M8
violation type: Short
	srcs: net:spad/_acc_mems_0_io_adder_op1_5_0\[6\] net:net134889
	bbox = (1191.3960, 2482.5160) - (1333.3960, 2482.6760) on Layer M8
violation type: Short
	srcs: net:spad/_acc_mems_0_io_adder_op1_5_0\[6\] net:net134884
	bbox = (1214.6760, 2482.5160) - (1333.3960, 2482.6760) on Layer M8
violation type: Short
	srcs: net:spad/acc_adders/_0285_ net:net8433
	bbox = (1349.3960, 2580.5800) - (1349.4760, 2580.7400) on Layer M9
violation type: Short
	srcs: net:clknet_2_1_4_clock net:net93655
	bbox = (1203.3280, 2629.8758) - (1376.6760, 2629.8762) on Layer M8
violation type: Short
	srcs: net:net91683 net:net91920
	bbox = (1343.8800, 2431.8760) - (1500.6240, 2432.0360) on Layer M8
violation type: Short
	srcs: net:net91683 net:net91920
	bbox = (1343.8800, 2431.8758) - (1500.6240, 2431.8762) on Layer M8
violation type: Short
	srcs: net:net93064 net:net91920
	bbox = (1346.7560, 2432.3560) - (1486.4160, 2432.4360) on Layer M8
violation type: Short
	srcs: net:net93064 net:net91920
	bbox = (1356.9560, 2432.3560) - (1486.4160, 2432.5160) on Layer M8
violation type: Short
	srcs: net:net91425 net:net135703
	bbox = (1479.0760, 2512.7560) - (1479.2360, 2512.9160) on Layer M9
violation type: Short
	srcs: net:net91209 net:net135132
	bbox = (1356.8040, 2538.9960) - (1496.9960, 2539.0760) on Layer M8
violation type: Short
	srcs: net:net52749 net:net93799
	bbox = (1507.0600, 2643.0757) - (1507.2200, 2643.0763) on Layer M8
violation type: Short
	srcs: net:net52169 net:net139214
	bbox = (1545.0760, 2543.3960) - (1545.2360, 2543.5560) on Layer M8
violation type: Short
	srcs: net:net52169 net:net139214
	bbox = (1544.9160, 2543.3960) - (1545.2360, 2543.5560) on Layer M8
violation type: Short
	srcs: net:ex_controller/mesh/mesh/mesh_14_4/tile_0_0/_0217_ net:net105122
	bbox = (1688.6040, 1945.4240) - (1688.6080, 1945.4960) on Layer M2
violation type: Short
	srcs: net:ex_controller/mesh/mesh/mesh_15_15_io_in_control_0_shift_pipe_b\[4\] net:ex_controller/mesh/mesh/mesh_15_15/tile_0_0/_0218_
	bbox = (2667.6600, 3172.2517) - (2668.0600, 3172.2523) on Layer M2
violation type: Short
	srcs: net:ex_controller/mesh/mesh/mesh_15_15_io_in_control_0_shift_pipe_b\[4\] net:ex_controller/mesh/mesh/mesh_15_15/tile_0_0/_0440_
	bbox = (2667.5880, 3171.3998) - (2667.8080, 3171.4003) on Layer M2
violation type: Short
	srcs: net:net91835 net:spad/acc_adders/_0390_
	bbox = (1414.7560, 2534.3560) - (1414.9160, 2534.5160) on Layer M8
violation type: Short
	srcs: net:ex_controller/mesh/mesh/mesh_15_12/tile_0_0/_0029_ net:ex_controller/mesh/mesh/mesh_15_12/tile_0_0/_0590_
	bbox = (2510.1797, 2737.5160) - (2510.1802, 2737.5200) on Layer M1
violation type: Short
	srcs: net:net59881 net:mod/ld_weights/_018851_
	bbox = (837.7160, 1440.9960) - (837.8760, 1441.1560) on Layer M8
violation type: Short
	srcs: net:spad/_acc_mems_0_io_adder_op1_8_0\[11\] net:net94107
	bbox = (1205.7000, 2663.3158) - (1256.1160, 2663.3162) on Layer M8
violation type: Short
	srcs: net:net92150 net:net134884
	bbox = (1389.7640, 2482.5160) - (1399.1200, 2482.6760) on Layer M8
violation type: Short
	srcs: net:ex_controller/mesh/mesh/mesh_5_1/tile_0_0/_0780_ net:VDD
	bbox = (2138.1520, 949.2280) - (2138.3360, 949.2600) on Layer M4
violation type: Short
	srcs: net:spad/acc_scale_unit/activated_data_e_scaled_rec_fn_to_in/_0392_ net:spad/acc_scale_unit/activated_data_e_scaled_rec_fn_to_in/_0512_
	bbox = (962.5398, 2206.1560) - (962.5403, 2206.1600) on Layer M1
violation type: Short
	srcs: net:net138965 net:net93735
	bbox = (1176.5960, 2516.3558) - (1288.4400, 2516.3562) on Layer M8
violation type: Short
	srcs: net:net92968 net:spad/acc_adders/_0283_
	bbox = (1349.3040, 2432.6120) - (1349.4880, 2432.6840) on Layer M2
violation type: Short
	srcs: net:net91920 net:net119668
	bbox = (1335.3040, 2432.6757) - (1349.7960, 2432.6762) on Layer M8
violation type: Short
	srcs: net:net28185 net:net134748
	bbox = (1364.6760, 2455.3160) - (1364.8360, 2455.4760) on Layer M8
violation type: Short
	srcs: net:net91920 net:net139069
	bbox = (1335.3040, 2433.1557) - (1382.9400, 2433.1562) on Layer M8
violation type: Short
	srcs: net:spad/acc_adders/_0492_ net:net134757
	bbox = (1378.0000, 2662.0360) - (1378.1600, 2662.1960) on Layer M8
violation type: Short
	srcs: net:net91463 net:net119446
	bbox = (1420.9280, 2636.5960) - (1423.8760, 2636.7560) on Layer M8
violation type: Short
	srcs: net:net91920 net:spad/_acc_mems_1_io_adder_op1_1_0\[10\]
	bbox = (1404.9400, 2432.7560) - (1497.6160, 2432.9160) on Layer M8
violation type: Short
	srcs: net:net91920 net:net139177
	bbox = (1544.4360, 2433.3160) - (1545.6960, 2433.4760) on Layer M8
violation type: Short
	srcs: net:net91920 net:net139177
	bbox = (1544.4360, 2433.3160) - (1544.5960, 2433.4760) on Layer M8
violation type: Short
	srcs: net:net91920 net:net139177
	bbox = (1544.4360, 2433.6360) - (1544.5960, 2433.7960) on Layer M8
violation type: Short
	srcs: net:net91920 net:net139177
	bbox = (1544.4360, 2433.3320) - (1545.7240, 2433.4600) on Layer M8
violation type: Short
	srcs: net:net26431 net:net111233
	bbox = (1438.4480, 1396.8360) - (1605.4200, 1396.9160) on Layer M8
violation type: Short
	srcs: net:ex_controller/mesh/mesh/mesh_12_0/tile_0_0/_0664_ net:net126466
	bbox = (1549.7640, 1389.7960) - (1697.8840, 1389.8760) on Layer M8
violation type: Short
	srcs: net:ex_controller/mesh/mesh/mesh_12_0/tile_0_0/_0210_ net:ex_controller/mesh/mesh/mesh_12_0/tile_0_0/_0664_
	bbox = (1718.2000, 1389.7160) - (1718.3600, 1389.8760) on Layer M8
violation type: Short
	srcs: net:ex_controller/mesh/mesh/mesh_12_0/tile_0_0/_0210_ net:ex_controller/mesh/mesh/mesh_12_0/tile_0_0/_0664_
	bbox = (1549.7640, 1389.7160) - (1718.3600, 1389.7960) on Layer M8
violation type: Short
	srcs: net:ex_controller/mesh/mesh/mesh_9_1/tile_0_0/_0229_ net:net127913
	bbox = (1955.0400, 1329.0720) - (1955.1160, 1329.1080) on Layer M2
violation type: Short
	srcs: net:spad/vsm/pipe_1/out_bits_data_muladder/_2843_ net:spad/vsm/pipe_1/out_bits_data_muladder/_2846_
	bbox = (266.7840, 2515.8798) - (266.7880, 2515.8803) on Layer M2
violation type: Short
	srcs: net:net62065 net:net45550
	bbox = (516.1600, 1820.1960) - (516.3200, 1820.2760) on Layer M8
violation type: Short
	srcs: net:spad/write_scale_q/ram_ext/_04842_ net:net98795
	bbox = (872.6838, 2022.0400) - (872.6843, 2022.0440) on Layer M1
violation type: Short
	srcs: net:net135331 net:net135089
	bbox = (1313.8600, 2452.5160) - (1361.6360, 2452.6760) on Layer M8
violation type: Short
	srcs: net:net135703 net:net8433
	bbox = (1340.4360, 2476.3560) - (1340.5960, 2476.5160) on Layer M8
violation type: Short
	srcs: net:net134943 net:net8433
	bbox = (1340.4360, 2476.1960) - (1340.5960, 2476.5160) on Layer M8
violation type: Short
	srcs: net:net134943 net:net8433
	bbox = (1340.4360, 2476.1960) - (1340.5960, 2476.3560) on Layer M8
violation type: Short
	srcs: net:net134943 net:net8433
	bbox = (1340.4360, 2476.3560) - (1340.5960, 2476.5160) on Layer M8
violation type: Short
	srcs: net:net134924 net:net8433
	bbox = (1340.4360, 2476.0360) - (1340.5960, 2476.1960) on Layer M8
violation type: Short
	srcs: net:net8433 net:net102003
	bbox = (1340.4360, 2476.3560) - (1340.5960, 2476.5160) on Layer M8
violation type: Short
	srcs: net:net8433 net:net102003
	bbox = (1340.4360, 2476.6760) - (1340.5960, 2476.8360) on Layer M8
violation type: Short
	srcs: net:net8433 net:net8432
	bbox = (1340.4360, 2476.3560) - (1340.5960, 2476.5160) on Layer M8
violation type: Short
	srcs: net:net55668 net:net93685
	bbox = (1462.5960, 2666.9960) - (1462.7560, 2667.1560) on Layer M8
violation type: Short
	srcs: net:net92152 net:net134673
	bbox = (1540.5400, 2513.3960) - (1540.7000, 2513.4760) on Layer M8
violation type: Short
	srcs: net:net91888 net:spad/acc_adders/_0679_
	bbox = (1538.3800, 2514.2760) - (1538.5400, 2514.3560) on Layer M8
violation type: Short
	srcs: net:net51835 net:net135084
	bbox = (1397.6160, 2542.2760) - (1553.7560, 2542.3560) on Layer M8
violation type: Short
	srcs: net:net104722 net:VDD
	bbox = (2262.3520, 850.0440) - (2262.5360, 850.0520) on Layer M4
violation type: Short
	srcs: net:reservation_station/_17744_ net:reservation_station/_17745_
	bbox = (727.0997, 1601.9200) - (727.1002, 1601.9240) on Layer M1
violation type: Short
	srcs: net:net118335 net:spad/writer/_07040_
	bbox = (802.3920, 2813.9558) - (802.3960, 2813.9563) on Layer M2
violation type: Short
	srcs: net:net93797 net:net93725
	bbox = (1191.3760, 2638.2757) - (1304.1440, 2638.2762) on Layer M8
violation type: Short
	srcs: net:net135019 net:net93725
	bbox = (1340.4720, 2638.1157) - (1375.1200, 2638.1163) on Layer M8
violation type: Short
	srcs: net:net119446 net:net108256
	bbox = (1332.4840, 2636.5160) - (1421.0080, 2636.6760) on Layer M8
violation type: Short
	srcs: net:net119446 net:net8569
	bbox = (1233.0880, 2639.1557) - (1363.5000, 2639.1562) on Layer M8
violation type: Short
	srcs: net:net8569 net:net93725
	bbox = (1195.3760, 2639.3158) - (1363.5000, 2639.3162) on Layer M8
violation type: Short
	srcs: net:net134709 net:net134708
	bbox = (1414.2080, 2503.2360) - (1415.3160, 2503.3160) on Layer M8
violation type: Short
	srcs: net:spad/_acc_mems_1_io_adder_op1_8_0\[9\] net:net134709
	bbox = (1414.2080, 2503.0757) - (1415.3160, 2503.0763) on Layer M8
violation type: Short
	srcs: net:net134709 net:net134708
	bbox = (1414.1800, 2503.2360) - (1415.3160, 2503.3160) on Layer M8
violation type: Short
	srcs: net:net91425 net:net134705
	bbox = (1292.4800, 2510.5158) - (1432.6200, 2510.5163) on Layer M8
violation type: Short
	srcs: net:net91425 net:net134705
	bbox = (1292.4800, 2510.4360) - (1425.0600, 2510.5160) on Layer M8
violation type: Short
	srcs: net:net91425 net:net134705
	bbox = (1292.4800, 2510.5158) - (1425.0600, 2510.5163) on Layer M8
violation type: Short
	srcs: net:net91425 net:net134705
	bbox = (1292.4800, 2510.4360) - (1432.6200, 2510.5160) on Layer M8
violation type: Short
	srcs: net:spad/_acc_mems_1_io_adder_op1_9_0\[21\] net:net134705
	bbox = (1367.9400, 2508.9160) - (1429.9200, 2508.9960) on Layer M8
violation type: Short
	srcs: net:net134705 net:net93714
	bbox = (1337.7320, 2510.6757) - (1425.0600, 2510.6762) on Layer M8
violation type: Short
	srcs: net:net134914 net:net119446
	bbox = (1435.7800, 2636.2000) - (1435.9400, 2636.3600) on Layer M9
violation type: Short
	srcs: net:spad/_acc_mems_1_io_adder_op1_9_0\[21\] net:net108379
	bbox = (1452.9960, 2508.9160) - (1453.2200, 2508.9960) on Layer M8
violation type: Short
	srcs: net:spad/_acc_mems_1_io_adder_op1_9_0\[21\] net:net108379
	bbox = (1452.9960, 2508.9160) - (1453.1560, 2508.9960) on Layer M8
violation type: Short
	srcs: net:spad/_acc_mems_1_io_adder_op1_9_0\[21\] net:net108379
	bbox = (1367.9400, 2508.9160) - (1461.7800, 2508.9960) on Layer M8
violation type: Short
	srcs: net:spad/_acc_mems_1_io_adder_op1_3_0\[11\] net:net14082
	bbox = (1502.2760, 2654.8360) - (1502.4360, 2654.9960) on Layer M8
violation type: Short
	srcs: net:net9822 net:net135019
	bbox = (1355.8400, 2637.4758) - (1525.9360, 2637.4763) on Layer M8
violation type: Short
	srcs: net:spad/_acc_mems_0_io_adder_op1_2_0\[7\] net:net134648
	bbox = (1513.8600, 2660.3560) - (1524.6120, 2660.4360) on Layer M8
violation type: Short
	srcs: net:net92177 net:net117300
	bbox = (1576.1800, 2404.5960) - (1578.1960, 2404.6760) on Layer M8
violation type: Short
	srcs: net:spad/writer/_05027_ net:spad/writer/_05056_
	bbox = (1776.4440, 2972.4960) - (1777.1680, 2972.5320) on Layer M2
violation type: Short
	srcs: net:ex_controller/mesh/mesh/mesh_8_3/tile_0_0/_0040_ net:ex_controller/mesh/mesh/mesh_8_3/tile_0_0/_0464_
	bbox = (2182.9398, 1528.4800) - (2182.9760, 1528.5920) on Layer M1
violation type: Short
	srcs: net:net51840 net:net134757
	bbox = (1187.5560, 2664.9960) - (1328.9400, 2665.0760) on Layer M8
violation type: Short
	srcs: net:net51840 net:net93810
	bbox = (1204.1640, 2665.1557) - (1328.9400, 2665.1562) on Layer M8
violation type: Short
	srcs: net:spad/_acc_mems_0_io_adder_op1_7_0\[10\] net:net134833
	bbox = (1261.0920, 2496.6760) - (1338.1280, 2496.7560) on Layer M8
violation type: Short
	srcs: net:net84614 net:net72465
	bbox = (1366.4360, 600.5960) - (1366.5960, 600.7560) on Layer M8
violation type: Short
	srcs: net:net134880 net:net14732
	bbox = (1400.1160, 2439.3160) - (1400.2760, 2439.4760) on Layer M8
violation type: Short
	srcs: net:net134833 net:net134728
	bbox = (1441.7200, 2496.5960) - (1441.8800, 2496.6760) on Layer M8
violation type: Short
	srcs: net:spad/_acc_mems_1_io_adder_op1_3_0\[11\] net:net8420
	bbox = (1518.9400, 2655.1000) - (1519.1000, 2655.2600) on Layer M9
violation type: Short
	srcs: net:spad/acc_adders/_0679_ net:net134673
	bbox = (1534.3560, 2513.9558) - (1537.4880, 2513.9563) on Layer M8
violation type: Short
	srcs: net:net62259 net:reservation_station/_01457_
	bbox = (442.6440, 1685.2760) - (442.7920, 1685.3480) on Layer M2
violation type: Short
	srcs: net:reservation_station/_01459_ net:reservation_station/_39944_
	bbox = (442.7880, 1685.4637) - (443.1520, 1685.4642) on Layer M2
violation type: Short
	srcs: net:net23753 net:net23664
	bbox = (428.0960, 1694.9960) - (590.7560, 1695.1560) on Layer M8
violation type: Short
	srcs: net:net91920 net:net134816
	bbox = (1303.3160, 2432.3560) - (1425.1680, 2432.4360) on Layer M8
violation type: Short
	srcs: net:net91920 net:net134816
	bbox = (1303.3160, 2432.3560) - (1394.8360, 2432.4360) on Layer M8
violation type: Short
	srcs: net:net91920 net:net139069
	bbox = (1303.3160, 2432.3560) - (1387.2360, 2432.4360) on Layer M8
violation type: Short
	srcs: net:net91920 net:net119668
	bbox = (1312.7080, 2432.6757) - (1349.4600, 2432.6762) on Layer M8
violation type: Short
	srcs: net:net91920 net:net119668
	bbox = (1304.6160, 2432.6757) - (1349.4600, 2432.6762) on Layer M8
violation type: Short
	srcs: net:net139069 net:net134816
	bbox = (1240.5160, 2432.3560) - (1387.2360, 2432.4360) on Layer M8
violation type: Short
	srcs: net:net139069 net:net134816
	bbox = (1240.5160, 2432.3560) - (1387.2360, 2432.5160) on Layer M8
violation type: Short
	srcs: net:net134816 net:net119668
	bbox = (1240.5160, 2432.5158) - (1349.4600, 2432.5163) on Layer M8
violation type: Short
	srcs: net:net93157 net:net91993
	bbox = (1358.5600, 2493.2360) - (1358.7200, 2493.3160) on Layer M8
violation type: Short
	srcs: net:net91993 net:net8440
	bbox = (1358.5600, 2493.2360) - (1358.7200, 2493.3960) on Layer M8
violation type: Short
	srcs: net:net91993 net:net91929
	bbox = (1358.5600, 2493.2360) - (1358.7200, 2493.3160) on Layer M8
violation type: Short
	srcs: net:net91993 net:net8440
	bbox = (1355.7600, 2493.2360) - (1360.8800, 2493.3960) on Layer M8
violation type: Short
	srcs: net:net134833 net:net117229
	bbox = (1273.1560, 2493.8760) - (1360.7200, 2494.0360) on Layer M8
violation type: Short
	srcs: net:net93157 net:net91993
	bbox = (1362.3400, 2493.1560) - (1362.5000, 2493.3160) on Layer M8
violation type: Short
	srcs: net:net93157 net:net91993
	bbox = (1360.7200, 2493.2360) - (1362.5000, 2493.3160) on Layer M8
violation type: Short
	srcs: net:net91993 net:net91929
	bbox = (1362.3400, 2493.1560) - (1362.5000, 2493.3160) on Layer M8
violation type: Short
	srcs: net:net91993 net:net8440
	bbox = (1362.3400, 2493.2360) - (1362.5000, 2493.3960) on Layer M8
violation type: Short
	srcs: net:net91993 net:net91929
	bbox = (1360.7200, 2493.2360) - (1362.5000, 2493.3160) on Layer M8
violation type: Short
	srcs: net:net91993 net:net8440
	bbox = (1360.7200, 2493.2360) - (1362.5000, 2493.3960) on Layer M8
violation type: Short
	srcs: net:net93157 net:net14040
	bbox = (1372.4840, 2493.2360) - (1376.2080, 2493.3160) on Layer M8
violation type: Short
	srcs: net:net93157 net:net8440
	bbox = (1355.7600, 2493.2360) - (1376.2080, 2493.3160) on Layer M8
violation type: Short
	srcs: net:net84615 net:net72465
	bbox = (1400.2760, 604.0360) - (1400.4360, 604.1960) on Layer M8
violation type: Short
	srcs: net:spad/_acc_mems_1_io_adder_op1_7_0\[24\] net:net135208
	bbox = (1403.8760, 2449.5560) - (1404.0360, 2449.7160) on Layer M8
violation type: Short
	srcs: net:spad/_acc_mems_1_io_adder_op1_7_0\[24\] net:net135208
	bbox = (1403.8760, 2449.6360) - (1405.7000, 2449.7160) on Layer M8
violation type: Short
	srcs: net:spad/_acc_mems_1_io_adder_op1_8_0\[14\] net:net134720
	bbox = (1505.9800, 2501.9558) - (1506.1400, 2501.9563) on Layer M8
violation type: Short
	srcs: net:spad/_acc_mems_1_io_adder_op1_8_0\[9\] net:net134720
	bbox = (1505.9800, 2501.9560) - (1506.1400, 2502.0360) on Layer M8
violation type: Short
	srcs: net:spad/_acc_mems_1_io_adder_op1_3_0\[11\] net:net134732
	bbox = (1337.2800, 2653.2360) - (1519.5560, 2653.3160) on Layer M8
violation type: Short
	srcs: net:spad/_acc_mems_1_io_adder_op1_6_0\[7\] net:net134732
	bbox = (1406.0200, 2653.6360) - (1524.9600, 2653.7160) on Layer M8
violation type: Short
	srcs: net:net93064 net:net91920
	bbox = (1356.9560, 2432.4360) - (1534.7520, 2432.5160) on Layer M8
violation type: Short
	srcs: net:net91920 net:spad/_acc_mems_1_io_adder_op1_1_0\[10\]
	bbox = (1404.9400, 2432.7560) - (1538.4600, 2432.8360) on Layer M8
violation type: Short
	srcs: net:net91920 net:net139177
	bbox = (1391.0400, 2433.6360) - (1544.4000, 2433.7960) on Layer M8
violation type: Short
	srcs: net:net91920 net:net134804
	bbox = (1402.6240, 2433.6357) - (1544.4000, 2433.6363) on Layer M8
violation type: Short
	srcs: net:net92177 net:net135653
	bbox = (1558.9000, 2404.5158) - (1559.0600, 2404.5163) on Layer M8
violation type: Short
	srcs: net:spad/_acc_mems_1_io_adder_op1_0_0\[29\] net:spad/_acc_mems_1_io_adder_op1_10_0\[28\]
	bbox = (1386.7040, 2458.2760) - (1564.9960, 2458.3560) on Layer M8
violation type: Short
	srcs: net:net26374 net:net16050
	bbox = (2528.5800, 1699.0760) - (2705.9560, 1699.2360) on Layer M8
violation type: Short
	srcs: net:ex_controller/mesh/mesh/mesh_0_9/tile_0_0/_0402_ net:ex_controller/mesh/mesh/mesh_0_9/tile_0_0/_0429_
	bbox = (2915.8277, 1058.1160) - (2915.8283, 1058.1200) on Layer M1
violation type: Short
	srcs: net:net30080 net:net93945
	bbox = (1165.7800, 2436.4360) - (1165.9400, 2436.5960) on Layer M8
violation type: Short
	srcs: net:net139285 net:spad/_acc_mems_0_io_adder_op1_11_0\[31\]
	bbox = (1263.2320, 2657.0760) - (1264.1960, 2657.1560) on Layer M8
violation type: Short
	srcs: net:net139285 net:spad/_acc_mems_0_io_adder_op1_11_0\[31\]
	bbox = (1264.0360, 2657.0760) - (1264.1960, 2657.1560) on Layer M8
violation type: Short
	srcs: net:net92762 net:net14716
	bbox = (1301.8600, 2431.2360) - (1302.0200, 2431.3960) on Layer M8
violation type: Short
	srcs: net:spad/_acc_mems_0_io_adder_op1_9_0\[0\] net:net14716
	bbox = (1301.8600, 2431.0760) - (1302.0200, 2431.2360) on Layer M8
violation type: Short
	srcs: net:net134928 net:net14716
	bbox = (1301.8600, 2431.5560) - (1302.0200, 2431.7160) on Layer M8
violation type: Short
	srcs: net:net91920 net:net134816
	bbox = (1303.3160, 2432.2760) - (1394.8360, 2432.4360) on Layer M8
violation type: Short
	srcs: net:net91920 net:net134816
	bbox = (1303.3160, 2432.2760) - (1425.1680, 2432.4360) on Layer M8
violation type: Short
	srcs: net:net93165 net:net134884
	bbox = (1400.1400, 2482.4360) - (1400.3000, 2482.5960) on Layer M8
violation type: Short
	srcs: net:spad/_acc_mems_1_io_adder_op1_4_0\[25\] net:net134884
	bbox = (1400.1400, 2482.1160) - (1400.3000, 2482.2760) on Layer M8
violation type: Short
	srcs: net:net134884 net:net14097
	bbox = (1400.1400, 2481.7960) - (1400.3000, 2481.9560) on Layer M8
violation type: Short
	srcs: net:net135557 net:net94024
	bbox = (1385.4760, 2671.5560) - (1418.5960, 2671.7160) on Layer M8
violation type: Short
	srcs: net:net135540 net:net134813
	bbox = (1318.3560, 2507.3960) - (1466.6400, 2507.4760) on Layer M8
violation type: Short
	srcs: net:net92519 net:spad/acc_adders/m_4/_066_
	bbox = (1412.0160, 2636.1960) - (1482.1600, 2636.3560) on Layer M8
violation type: Short
	srcs: net:spad/acc_mems_1/pipelined_writes_1_bits_mask_13 net:net135634
	bbox = (1385.2840, 2436.9960) - (1496.3400, 2437.1560) on Layer M8
violation type: Short
	srcs: net:net135634 net:net101801
	bbox = (1400.3240, 2436.9958) - (1496.3400, 2436.9963) on Layer M8
violation type: Short
	srcs: net:net134673 net:net108408
	bbox = (1376.3240, 2512.5957) - (1495.2600, 2512.5963) on Layer M8
violation type: Short
	srcs: net:net91541 net:net92150
	bbox = (1513.5400, 2483.0757) - (1513.7000, 2483.0763) on Layer M8
violation type: Short
	srcs: net:net91541 net:spad/_acc_mems_1_io_adder_op1_7_0\[9\]
	bbox = (1513.5400, 2483.0757) - (1513.7000, 2483.0763) on Layer M8
violation type: Short
	srcs: net:net91463 net:net108256
	bbox = (1540.0000, 2634.8360) - (1540.1600, 2634.9960) on Layer M8
violation type: Short
	srcs: net:net8478 net:net108256
	bbox = (1540.0000, 2634.9960) - (1540.1600, 2635.1560) on Layer M8
violation type: Short
	srcs: net:net78374 net:spad/_acc_mems_1_io_adder_op1_10_0\[28\]
	bbox = (1381.5440, 2460.9960) - (1565.0760, 2461.1560) on Layer M8
violation type: Short
	srcs: net:ex_controller/mesh/mesh/mesh_9_2/tile_0_0/_0351_ net:ex_controller/mesh/mesh/mesh_9_2/tile_0_0/_0355_
	bbox = (2073.1920, 1453.1037) - (2073.3400, 1453.1043) on Layer M2
violation type: Short
	srcs: net:mod_1/stC/_08906_ net:mod_1/stC/_09023_
	bbox = (379.1237, 1260.6400) - (379.1243, 1260.6440) on Layer M1
violation type: Short
	srcs: net:net49387 net:reservation_station/_32928_
	bbox = (406.4040, 1813.8760) - (447.1200, 1814.0360) on Layer M8
violation type: Short
	srcs: net:mod/st/_00173_ net:mod/st/_09452_
	bbox = (776.1318, 580.2400) - (776.1322, 580.2440) on Layer M1
violation type: Short
	srcs: net:net92998 net:net55621
	bbox = (1221.3800, 2510.0358) - (1371.4720, 2510.0363) on Layer M8
violation type: Short
	srcs: net:clknet_10_406_0_clock net:net108379
	bbox = (1267.7000, 2509.3160) - (1442.3400, 2509.3960) on Layer M8
violation type: Short
	srcs: net:clknet_10_406_0_clock net:net134705
	bbox = (1257.1240, 2509.2360) - (1426.1960, 2509.3960) on Layer M8
violation type: Short
	srcs: net:net134705 net:net108379
	bbox = (1267.7000, 2509.3160) - (1426.1960, 2509.3960) on Layer M8
violation type: Short
	srcs: net:net35146 net:net94209
	bbox = (1178.3720, 2682.3560) - (1315.4720, 2682.4360) on Layer M8
violation type: Short
	srcs: net:spad/_acc_mems_1_io_adder_op1_4_0\[25\] net:net134884
	bbox = (1354.9160, 2480.0360) - (1403.3960, 2480.1160) on Layer M8
violation type: Short
	srcs: net:spad/_acc_mems_1_io_adder_op1_4_0\[25\] net:net134884
	bbox = (1354.9160, 2480.0360) - (1403.3960, 2480.1960) on Layer M8
violation type: Short
	srcs: net:net91898 net:net134820
	bbox = (1407.0760, 2501.3160) - (1408.8640, 2501.3960) on Layer M8
violation type: Short
	srcs: net:net91898 net:net134820
	bbox = (1407.0760, 2501.3160) - (1407.2360, 2501.3960) on Layer M8
violation type: Short
	srcs: net:net134820 net:net134708
	bbox = (1407.0760, 2500.6760) - (1407.2360, 2500.8360) on Layer M8
violation type: Short
	srcs: net:net134820 net:net8420
	bbox = (1407.0760, 2501.1560) - (1407.2360, 2501.3160) on Layer M8
violation type: Short
	srcs: net:net134820 net:net134766
	bbox = (1407.0760, 2500.9960) - (1407.2360, 2501.1560) on Layer M8
violation type: Short
	srcs: net:net134820 net:net8420
	bbox = (1407.0760, 2501.2360) - (1408.8640, 2501.3160) on Layer M8
violation type: Short
	srcs: net:net134943 net:net102003
	bbox = (1411.6320, 2476.9160) - (1416.9160, 2476.9960) on Layer M8
violation type: Short
	srcs: net:net52670 net:net119493
	bbox = (1414.7200, 2516.4360) - (1414.8800, 2516.5160) on Layer M8
violation type: Short
	srcs: net:net52670 net:net119493
	bbox = (1414.7200, 2516.4360) - (1415.5840, 2516.5160) on Layer M8
violation type: Short
	srcs: net:net91929 net:net8502
	bbox = (1301.3800, 2494.5160) - (1440.1960, 2494.6760) on Layer M8
violation type: Short
	srcs: net:net91929 net:net8440
	bbox = (1355.7600, 2493.2360) - (1439.0760, 2493.3160) on Layer M8
violation type: Short
	srcs: net:net119445 net:net93749
	bbox = (1435.4760, 2676.1960) - (1455.3000, 2676.2760) on Layer M8
violation type: Short
	srcs: net:net91566 net:net134983
	bbox = (1387.1560, 2397.3160) - (1511.1960, 2397.3960) on Layer M8
violation type: Short
	srcs: net:net134655 net:net108430
	bbox = (1394.4480, 2658.8360) - (1532.1960, 2658.9960) on Layer M8
violation type: Short
	srcs: net:spad/_acc_adders_io_out_7_0\[20\] net:net135026
	bbox = (1539.4600, 2547.0760) - (1539.6200, 2547.1560) on Layer M8
violation type: Short
	srcs: net:spad/acc_scale_unit/activated_data_e_scaled_muladder_8/mulAddRecFNToRaw_postMul/_1375_ net:spad/acc_scale_unit/activated_data_e_scaled_muladder_8/mulAddRecFNToRaw_postMul/_1448_
	bbox = (1555.4597, 2893.6000) - (1555.4603, 2893.6040) on Layer M1
violation type: Short
	srcs: net:ex_controller/mesh/mesh/mesh_10_3/tile_0_0/_0562_ net:ex_controller/mesh/mesh/mesh_10_3/tile_0_0/_0563_
	bbox = (2062.6278, 1608.4000) - (2062.6283, 1608.4040) on Layer M1
violation type: Short
	srcs: net:ex_controller/mesh/mesh/mesh_6_5/tile_0_0/_0344_ net:ex_controller/mesh/mesh/mesh_6_5/tile_0_0/_0387_
	bbox = (2431.7717, 1571.6800) - (2431.8080, 1571.7320) on Layer M1
violation type: Short
	srcs: net:net24045 net:net23685
	bbox = (324.8480, 1402.7558) - (379.0800, 1402.7562) on Layer M8
violation type: Short
	srcs: net:net37642 net:net29855
	bbox = (436.6760, 1703.0760) - (514.0800, 1703.2360) on Layer M8
violation type: Short
	srcs: net:net58992 net:spad/vsm/arb_1/_0078_
	bbox = (436.7957, 2489.6800) - (436.7962, 2489.6840) on Layer M1
violation type: Short
	srcs: net:clknet_8_26_0_clock net:net11079
	bbox = (557.0757, 1428.7600) - (557.0762, 1431.2760) on Layer M9
violation type: Short
	srcs: net:clknet_8_26_0_clock net:net11079
	bbox = (557.0757, 1429.8400) - (557.0762, 1431.2760) on Layer M9
violation type: Short
	srcs: net:net137363 net:spad/vsm/arb/_0677_
	bbox = (571.7957, 2452.9600) - (571.7962, 2452.9640) on Layer M1
violation type: Short
	srcs: net:net28081 net:spad/reader/beatPacker/_00221_
	bbox = (928.0360, 2797.2000) - (928.1160, 2945.2800) on Layer M9
violation type: Short
	srcs: net:net39670 net:spad/reader/beatPacker/_09301_
	bbox = (928.9158, 2879.2800) - (928.9162, 3052.0360) on Layer M9
violation type: Short
	srcs: net:spad/vsm/_00529_ net:spad/vsm/_04463_
	bbox = (989.3400, 2356.0720) - (989.4520, 2356.1000) on Layer M2
violation type: Short
	srcs: net:net30080 net:net93945
	bbox = (1164.8480, 2436.4360) - (1165.9400, 2436.5960) on Layer M8
violation type: Short
	srcs: net:net92792 net:net138965
	bbox = (1291.6360, 2332.5160) - (1291.7160, 2422.9800) on Layer M9
violation type: Short
	srcs: net:net134753 net:net101991
	bbox = (1155.1400, 2529.3960) - (1332.6240, 2529.4760) on Layer M8
violation type: Short
	srcs: net:spad/acc_mems_0/_0205_ net:net14732
	bbox = (1343.4760, 2442.6760) - (1343.6360, 2442.8360) on Layer M8
violation type: Short
	srcs: net:spad/acc_mems_0/_0205_ net:net14732
	bbox = (1343.4760, 2442.6760) - (1344.2880, 2442.8360) on Layer M8
violation type: Short
	srcs: net:net135676 net:net135342
	bbox = (1196.9120, 2662.4360) - (1354.0000, 2662.5960) on Layer M8
violation type: Short
	srcs: net:net134673 net:net108408
	bbox = (1352.9440, 2513.9558) - (1493.1360, 2513.9563) on Layer M8
violation type: Short
	srcs: net:net119479 net:net117229
	bbox = (1360.8360, 2627.7960) - (1360.8800, 2680.8360) on Layer M9
violation type: Short
	srcs: net:net135233 net:net134947
	bbox = (1236.3120, 2664.0358) - (1385.8760, 2664.0363) on Layer M8
violation type: Short
	srcs: net:net135233 net:net134947
	bbox = (1235.5400, 2664.1160) - (1385.8760, 2664.1960) on Layer M8
violation type: Short
	srcs: net:net8478 net:net93766
	bbox = (1399.7160, 2634.1960) - (1403.4760, 2634.3560) on Layer M8
violation type: Short
	srcs: net:net8478 net:net93766
	bbox = (1407.1600, 2634.1960) - (1407.3200, 2634.3560) on Layer M8
violation type: Short
	srcs: net:spad/acc_mems_0/_0128_ net:net93766
	bbox = (1407.0760, 2634.1960) - (1407.2360, 2634.3560) on Layer M9
violation type: Short
	srcs: net:spad/acc_mems_0/_0120_ net:net134523
	bbox = (1418.9960, 2303.4760) - (1419.1560, 2470.2760) on Layer M9
violation type: Short
	srcs: net:net134914 net:net119446
	bbox = (1435.7960, 2457.1560) - (1435.9400, 2636.2800) on Layer M9
violation type: Short
	srcs: net:net52813 net:net52685
	bbox = (1339.2360, 2587.7157) - (1482.9200, 2587.7162) on Layer M8
violation type: Short
	srcs: net:net135401 net:net135050
	bbox = (1421.2520, 2405.6360) - (1501.8760, 2405.7160) on Layer M8
violation type: Short
	srcs: net:net91553 net:net135540
	bbox = (1388.6120, 2505.4760) - (1507.3160, 2505.5560) on Layer M8
violation type: Short
	srcs: net:spad/_acc_mems_1_io_adder_op1_8_0\[25\] net:net135540
	bbox = (1385.6040, 2505.3960) - (1507.3160, 2505.5560) on Layer M8
violation type: Short
	srcs: net:spad/acc_mems_1/pipelined_writes_1_bits_mask_6 net:net134453
	bbox = (1509.9558, 2408.5960) - (1509.9562, 2571.0760) on Layer M9
violation type: Short
	srcs: net:net124740 net:net110475
	bbox = (1518.7558, 125.5200) - (1518.7562, 301.8600) on Layer M9
violation type: Short
	srcs: net:net92152 net:net134673
	bbox = (1558.3600, 2513.3960) - (1558.5200, 2513.4760) on Layer M8
violation type: Short
	srcs: net:net92066 net:net93772
	bbox = (1570.0360, 2492.9160) - (1570.1160, 2644.6760) on Layer M9
violation type: Short
	srcs: net:spad/acc_adders/m_11/_150_ net:spad/acc_adders/m_11/_153_
	bbox = (1580.7120, 2596.8637) - (1580.7160, 2596.8643) on Layer M2
violation type: Short
	srcs: net:ex_controller/mesh/mesh/mesh_13_1/tile_0_0/_0664_ net:net105088
	bbox = (1519.6200, 1514.5960) - (1590.9600, 1514.6760) on Layer M8
violation type: Short
	srcs: net:mod/ld_input/_05762_ net:net124318
	bbox = (1714.4358, 133.1200) - (1714.4362, 133.1240) on Layer M1
violation type: Short
	srcs: net:ex_controller/mesh/mesh/mesh_11_0/tile_0_0/_0803_ net:ex_controller/mesh/mesh/mesh_11_0/tile_0_0/_0828_
	bbox = (1769.9478, 1334.0800) - (1769.9482, 1334.0840) on Layer M1
violation type: Short
	srcs: net:ex_controller/mesh/mesh/mesh_10_1/tile_0_0/_0198_ net:VSS
	bbox = (1905.8480, 1399.6120) - (1905.8880, 1399.7480) on Layer M3
violation type: Short
	srcs: net:ex_controller/mesh/mesh/mesh_2_8/tile_0_0/_0693_ net:ex_controller/mesh/mesh/mesh_2_8/tile_0_0/_0694_
	bbox = (2811.4997, 1287.6400) - (2811.5003, 1287.6440) on Layer M1
violation type: Short
	srcs: net:ex_controller/mesh/mesh/mesh_10_12/tile_0_0/_0198_ net:ex_controller/mesh/mesh/mesh_10_12/tile_0_0/_0308_
	bbox = (2901.3558, 2489.6800) - (2901.3562, 2489.6840) on Layer M1
violation type: Short
	srcs: net:net23789 net:net16873
	bbox = (276.3560, 1701.7160) - (379.0800, 1701.7960) on Layer M8
violation type: Short
	srcs: net:net62065 net:net45550
	bbox = (350.8640, 1820.1960) - (516.2400, 1820.2760) on Layer M8
violation type: Short
	srcs: net:net62065 net:reservation_station/_33130_
	bbox = (375.4280, 1821.2360) - (530.2800, 1821.3160) on Layer M8
violation type: Short
	srcs: net:net45550 net:reservation_station/_33130_
	bbox = (375.4240, 1819.0760) - (519.4800, 1819.1560) on Layer M8
violation type: Short
	srcs: net:net75174 net:net42682
	bbox = (325.7600, 1814.3557) - (488.7000, 1814.3563) on Layer M8
violation type: Short
	srcs: net:net62046 net:net57595
	bbox = (437.0760, 1671.4758) - (495.5040, 1671.4762) on Layer M8
violation type: Short
	srcs: net:net75732 net:net75554
	bbox = (448.1960, 1821.7160) - (571.8600, 1821.8760) on Layer M8
violation type: Short
	srcs: net:net22746 net:net94486
	bbox = (532.0360, 1240.0360) - (583.2000, 1240.1960) on Layer M8
violation type: Short
	srcs: net:mod_1/ex/_06524_ net:net131997
	bbox = (593.3960, 1407.1600) - (593.4760, 1409.9560) on Layer M9
violation type: Short
	srcs: net:mod_1/ex/_06524_ net:net131997
	bbox = (593.3960, 1407.1600) - (593.4760, 1407.3200) on Layer M9
violation type: Short
	srcs: net:net23900 net:net23754
	bbox = (492.6720, 1691.7957) - (626.4360, 1691.7963) on Layer M8
violation type: Short
	srcs: net:net130889 net:net108844
	bbox = (677.6200, 1397.9558) - (677.7800, 1397.9562) on Layer M8
violation type: Short
	srcs: net:net130889 net:net108844
	bbox = (677.6200, 1397.9558) - (681.3120, 1397.9562) on Layer M8
violation type: Short
	srcs: net:mod_1/ex/_07661_ net:net130889
	bbox = (647.2880, 1397.7957) - (740.8480, 1397.7963) on Layer M8
violation type: Short
	srcs: net:mod_1/ex/_07661_ net:net130889
	bbox = (642.9440, 1397.6357) - (740.8480, 1397.6363) on Layer M8
violation type: Short
	srcs: net:net66896 net:clknet_8_26_0_clock
	bbox = (580.9960, 1435.3960) - (744.7560, 1435.5560) on Layer M8
violation type: Short
	srcs: net:net28606 net:spad/reader/beatPacker/_09301_
	bbox = (778.9440, 2864.1160) - (928.7840, 2864.2760) on Layer M8
violation type: Short
	srcs: net:net66203 net:net13405
	bbox = (902.8520, 1691.7960) - (941.2200, 1691.8760) on Layer M8
violation type: Short
	srcs: net:net39687 net:spad/reader/beatPacker/_08994_
	bbox = (762.4160, 2870.9160) - (944.5400, 2871.0760) on Layer M8
violation type: Short
	srcs: net:net137032 net:net127446
	bbox = (966.1160, 1698.9960) - (1116.1960, 1699.0760) on Layer M8
violation type: Short
	srcs: net:net137032 net:net98437
	bbox = (1010.4600, 1699.1557) - (1150.2240, 1699.1562) on Layer M8
violation type: Short
	srcs: net:net138965 net:spad/_acc_mems_0_io_adder_op1_10_0\[22\]
	bbox = (1105.3280, 2516.1957) - (1288.4400, 2516.1962) on Layer M8
violation type: Short
	srcs: net:net139069 net:net134816
	bbox = (1207.9360, 2432.3560) - (1387.2360, 2432.5160) on Layer M8
violation type: Short
	srcs: net:net139069 net:net119668
	bbox = (1200.0480, 2432.5158) - (1349.4600, 2432.5163) on Layer M8
violation type: Short
	srcs: net:net134816 net:net119668
	bbox = (1207.9360, 2432.5158) - (1349.4600, 2432.5163) on Layer M8
violation type: Short
	srcs: net:net62714 net:mod/_25551_
	bbox = (1244.6760, 641.5560) - (1320.0280, 641.6360) on Layer M8
violation type: Short
	srcs: net:net93157 net:net91993
	bbox = (1191.4920, 2493.2360) - (1360.8000, 2493.3160) on Layer M8
violation type: Short
	srcs: net:net93157 net:net91929
	bbox = (1252.1440, 2493.1560) - (1376.2080, 2493.3160) on Layer M8
violation type: Short
	srcs: net:net91993 net:net91929
	bbox = (1252.1440, 2493.2360) - (1360.8000, 2493.3160) on Layer M8
violation type: Short
	srcs: net:spad/_acc_mems_0_io_adder_op1_3_0\[2\] net:net117174
	bbox = (1119.4240, 2411.5557) - (1281.4200, 2411.5563) on Layer M8
violation type: Short
	srcs: net:net134463 net:net117186
	bbox = (1251.9720, 2410.2757) - (1302.9920, 2410.2762) on Layer M8
violation type: Short
	srcs: net:net91258 net:net137832
	bbox = (1109.0720, 2485.7960) - (1291.1520, 2485.8760) on Layer M8
violation type: Short
	srcs: net:net137832 net:net135633
	bbox = (1120.4360, 2485.7960) - (1291.1520, 2485.8760) on Layer M8
violation type: Short
	srcs: net:net137832 net:net135675
	bbox = (1140.9240, 2485.7160) - (1291.1520, 2485.8760) on Layer M8
violation type: Short
	srcs: net:net108409 net:net93734
	bbox = (1144.7720, 2486.3560) - (1290.0360, 2486.4360) on Layer M8
violation type: Short
	srcs: net:net137480 net:spad/_acc_mems_0_io_adder_op1_2_0\[14\]
	bbox = (1157.7640, 2464.3560) - (1306.8000, 2464.4360) on Layer M8
violation type: Short
	srcs: net:net135675 net:net135633
	bbox = (1140.9240, 2485.7960) - (1306.8000, 2485.8760) on Layer M8
violation type: Short
	srcs: net:spad/_acc_mems_0_io_adder_op1_6_0\[7\] net:net20926
	bbox = (1206.3360, 2659.3960) - (1303.5600, 2659.5560) on Layer M8
violation type: Short
	srcs: net:net134847 net:net134519
	bbox = (1296.5160, 2417.0757) - (1314.3600, 2417.0763) on Layer M8
violation type: Short
	srcs: net:net93145 net:net135471
	bbox = (1301.6600, 2440.1957) - (1323.6000, 2440.1962) on Layer M8
violation type: Short
	srcs: net:net51382 net:net134763
	bbox = (1205.8280, 2464.6760) - (1323.0800, 2464.8360) on Layer M8
violation type: Short
	srcs: net:net51382 net:net134523
	bbox = (1235.5680, 2464.6760) - (1323.0800, 2464.8360) on Layer M8
violation type: Short
	srcs: net:net91637 net:spad/_acc_mems_0_io_adder_op1_5_0\[10\]
	bbox = (1324.0000, 2484.9160) - (1324.1600, 2485.0760) on Layer M8
violation type: Short
	srcs: net:net91637 net:spad/_acc_mems_0_io_adder_op1_5_0\[10\]
	bbox = (1255.4920, 2484.9160) - (1324.1600, 2484.9960) on Layer M8
violation type: Short
	srcs: net:spad/_acc_mems_0_io_adder_op1_5_0\[10\] net:net134853
	bbox = (1324.0000, 2484.8358) - (1324.1600, 2484.8362) on Layer M8
violation type: Short
	srcs: net:spad/_acc_mems_0_io_adder_op1_5_0\[10\] net:net134853
	bbox = (1263.4800, 2484.8358) - (1324.1600, 2484.8362) on Layer M8
violation type: Short
	srcs: net:spad/acc_mems_0/_0205_ net:net14732
	bbox = (1257.3960, 2442.6757) - (1343.5200, 2442.6762) on Layer M8
violation type: Short
	srcs: net:net139281 net:net135708
	bbox = (1251.9680, 2462.2760) - (1342.0360, 2462.4360) on Layer M8
violation type: Short
	srcs: net:net139281 net:net134710
	bbox = (1235.6520, 2462.2760) - (1342.0360, 2462.3560) on Layer M8
violation type: Short
	srcs: net:spad/_acc_mems_0_io_adder_op1_3_0\[14\] net:net134421
	bbox = (1281.6680, 2472.1157) - (1341.9000, 2472.1163) on Layer M8
violation type: Short
	srcs: net:net135627 net:net119455
	bbox = (1331.9560, 2623.1560) - (1332.1160, 2623.3160) on Layer M8
violation type: Short
	srcs: net:net119455 net:net93696
	bbox = (1331.9560, 2622.9160) - (1332.1160, 2623.0760) on Layer M8
violation type: Short
	srcs: net:net119455 net:net93696
	bbox = (1278.8000, 2622.9160) - (1332.1160, 2623.0760) on Layer M8
violation type: Short
	srcs: net:spad/_acc_mems_0_io_adder_op1_14_0\[2\] net:net135184
	bbox = (1188.0360, 2537.8760) - (1353.8080, 2538.0360) on Layer M8
violation type: Short
	srcs: net:net135132 net:net8552
	bbox = (1311.6360, 2539.1557) - (1469.4040, 2539.1562) on Layer M8
violation type: Short
	srcs: net:spad/acc_adders/_0492_ net:net134757
	bbox = (1208.5800, 2662.1160) - (1378.0800, 2662.1960) on Layer M8
violation type: Short
	srcs: net:net135463 net:net134947
	bbox = (1276.7560, 2660.7560) - (1386.1160, 2660.8360) on Layer M8
violation type: Short
	srcs: net:net134519 net:spad/vsm_1/in_bits_in_10\[2\]
	bbox = (1320.6400, 2417.0760) - (1481.9360, 2417.2360) on Layer M8
violation type: Short
	srcs: net:net134885 net:net134884
	bbox = (1316.5160, 2479.9560) - (1403.3960, 2480.1160) on Layer M8
violation type: Short
	srcs: net:net134885 net:net134884
	bbox = (1316.5160, 2479.9558) - (1403.3960, 2479.9563) on Layer M8
violation type: Short
	srcs: net:net134884 net:net134834
	bbox = (1311.3640, 2479.7960) - (1403.3960, 2479.9560) on Layer M8
violation type: Short
	srcs: net:spad/_acc_mems_0_io_adder_op1_5_0\[14\] net:net135675
	bbox = (1350.4600, 2487.1560) - (1350.6200, 2487.2360) on Layer M8
violation type: Short
	srcs: net:spad/_acc_mems_0_io_adder_op1_5_0\[14\] net:net135675
	bbox = (1350.4600, 2487.1560) - (1352.4800, 2487.2360) on Layer M8
violation type: Short
	srcs: net:net135433 net:net93792
	bbox = (1205.9960, 2524.3560) - (1354.1280, 2524.4360) on Layer M8
violation type: Short
	srcs: net:net55706 net:spad/acc_adders/_0285_
	bbox = (1349.0920, 2571.5997) - (1349.3840, 2571.6002) on Layer M6
violation type: Short
	srcs: net:net51774 net:net94051
	bbox = (1189.1840, 2592.5960) - (1353.2360, 2592.6760) on Layer M8
violation type: Short
	srcs: net:net135404 net:net134828
	bbox = (1193.8760, 2668.5160) - (1363.7280, 2668.5960) on Layer M8
violation type: Short
	srcs: net:net134620 net:spad/vsm_1/_0284_
	bbox = (1206.2120, 2676.9158) - (1362.9600, 2676.9163) on Layer M8
violation type: Short
	srcs: net:net91112 net:spad/vsm_1/_0284_
	bbox = (1188.2080, 2676.9158) - (1362.9600, 2676.9163) on Layer M8
violation type: Short
	srcs: net:net91112 net:net134620
	bbox = (1206.2120, 2676.9160) - (1372.4320, 2677.0760) on Layer M8
violation type: Short
	srcs: net:net134628 net:net108514
	bbox = (1313.4120, 2396.8358) - (1439.1000, 2396.8362) on Layer M8
violation type: Short
	srcs: net:spad/acc_mems_0/_0278_ net:net28185
	bbox = (1209.4720, 2456.3560) - (1363.8560, 2456.5160) on Layer M8
violation type: Short
	srcs: net:net28185 net:net134748
	bbox = (1308.7400, 2455.3160) - (1364.6760, 2455.4760) on Layer M8
violation type: Short
	srcs: net:net84398 net:net72465
	bbox = (1365.5800, 604.5160) - (1365.7960, 604.6760) on Layer M8
violation type: Short
	srcs: net:net84398 net:net72465
	bbox = (1365.5800, 604.5160) - (1365.7400, 604.6760) on Layer M8
violation type: Short
	srcs: net:net134972 net:net134640
	bbox = (1333.8280, 2389.7960) - (1421.9680, 2389.8760) on Layer M8
violation type: Short
	srcs: net:spad/_acc_mems_0_io_adder_op1_5_0\[14\] net:net135675
	bbox = (1365.5800, 2487.1560) - (1366.3040, 2487.2360) on Layer M8
violation type: Short
	srcs: net:spad/_acc_mems_0_io_adder_op1_5_0\[14\] net:net135675
	bbox = (1365.5800, 2487.1560) - (1365.7400, 2487.2360) on Layer M8
violation type: Short
	srcs: net:spad/_acc_mems_0_io_adder_op1_5_0\[14\] net:net135675
	bbox = (1365.5800, 2487.1720) - (1366.3320, 2487.2360) on Layer M8
violation type: Short
	srcs: net:net55833 net:net134568
	bbox = (1335.7160, 2547.7960) - (1414.6080, 2547.8760) on Layer M8
violation type: Short
	srcs: net:net135026 net:net134568
	bbox = (1304.4360, 2548.5160) - (1420.7400, 2548.5960) on Layer M8
violation type: Short
	srcs: net:net135026 net:net134568
	bbox = (1285.6360, 2548.5160) - (1420.7400, 2548.5960) on Layer M8
violation type: Short
	srcs: net:spad/_acc_mems_0_io_adder_op1_8_0\[8\] net:spad/_acc_mems_1_io_adder_op1_8_0\[4\]
	bbox = (1372.0360, 2454.5158) - (1482.7160, 2454.5163) on Layer M8
violation type: Short
	srcs: net:spad/_acc_mems_0_io_adder_op1_8_0\[8\] net:spad/acc_mems_1/_1839_
	bbox = (1331.2320, 2454.6757) - (1482.7160, 2454.6762) on Layer M8
violation type: Short
	srcs: net:net135245 net:net134824
	bbox = (1335.5560, 2456.0360) - (1510.3800, 2456.1960) on Layer M8
violation type: Short
	srcs: net:clknet_2_1_4_clock net:net8568
	bbox = (1376.9200, 2630.0360) - (1377.0800, 2630.1960) on Layer M8
violation type: Short
	srcs: net:clknet_2_1_4_clock net:net93655
	bbox = (1376.9200, 2630.3558) - (1377.0800, 2630.3562) on Layer M8
violation type: Short
	srcs: net:clknet_2_1_4_clock net:net8568
	bbox = (1272.1600, 2630.0360) - (1377.0800, 2630.1960) on Layer M8
violation type: Short
	srcs: net:clknet_2_1_4_clock net:net8568
	bbox = (1376.9200, 2630.1957) - (1377.1560, 2630.1962) on Layer M8
violation type: Short
	srcs: net:clknet_2_1_4_clock net:net93655
	bbox = (1376.9200, 2630.3558) - (1377.1560, 2630.3562) on Layer M8
violation type: Short
	srcs: net:net134763 net:net134523
	bbox = (1235.5680, 2464.6760) - (1400.2080, 2464.8360) on Layer M8
violation type: Short
	srcs: net:net135404 net:net94108
	bbox = (1366.5960, 2668.1157) - (1401.8400, 2668.1163) on Layer M8
violation type: Short
	srcs: net:net135404 net:net94108
	bbox = (1366.5960, 2668.1160) - (1401.8400, 2668.2760) on Layer M8
violation type: Short
	srcs: net:net135404 net:net20926
	bbox = (1222.9120, 2669.4758) - (1394.0360, 2669.4763) on Layer M8
violation type: Short
	srcs: net:net20926 net:net93637
	bbox = (1226.1120, 2669.3158) - (1394.0360, 2669.3162) on Layer M8
violation type: Short
	srcs: net:net84615 net:mod/_00841_
	bbox = (1296.3240, 603.6360) - (1400.2200, 603.7960) on Layer M8
violation type: Short
	srcs: net:net134880 net:net14732
	bbox = (1247.7360, 2439.3160) - (1401.8400, 2439.3960) on Layer M8
violation type: Short
	srcs: net:net93194 net:net55670
	bbox = (1258.4360, 2530.1157) - (1421.9680, 2530.1163) on Layer M8
violation type: Short
	srcs: net:net93194 net:spad/acc_mems_1/_0270_
	bbox = (1291.4600, 2530.0360) - (1421.9680, 2530.1160) on Layer M8
violation type: Short
	srcs: net:net135019 net:net108244
	bbox = (1370.6680, 2628.8358) - (1465.0200, 2628.8362) on Layer M8
violation type: Short
	srcs: net:mod/_25649_ net:mod/_26473_
	bbox = (1233.2200, 611.0760) - (1410.4480, 611.1560) on Layer M8
violation type: Short
	srcs: net:net91898 net:net134820
	bbox = (1279.6360, 2500.3560) - (1405.6480, 2500.4360) on Layer M8
violation type: Short
	srcs: net:net52704 net:net134903
	bbox = (1372.5480, 2477.9560) - (1420.7400, 2478.0360) on Layer M8
violation type: Short
	srcs: net:spad/_acc_mems_1_io_adder_op1_4_0\[25\] net:net134884
	bbox = (1407.2360, 2480.0360) - (1407.3960, 2480.1960) on Layer M8
violation type: Short
	srcs: net:spad/_acc_mems_1_io_adder_op1_4_0\[25\] net:net134884
	bbox = (1403.3160, 2480.0360) - (1407.3960, 2480.1960) on Layer M8
violation type: Short
	srcs: net:spad/_acc_mems_1_io_adder_op1_4_0\[25\] net:net134884
	bbox = (1354.9160, 2480.0360) - (1407.3960, 2480.1160) on Layer M8
violation type: Short
	srcs: net:spad/_acc_mems_1_io_adder_op1_4_0\[25\] net:net134884
	bbox = (1354.9160, 2480.0360) - (1407.3960, 2480.1960) on Layer M8
violation type: Short
	srcs: net:net134885 net:net134884
	bbox = (1407.2360, 2479.9560) - (1407.3960, 2480.1160) on Layer M8
violation type: Short
	srcs: net:net134885 net:net134884
	bbox = (1403.3160, 2479.9560) - (1407.3960, 2480.1160) on Layer M8
violation type: Short
	srcs: net:net134885 net:net134884
	bbox = (1316.5160, 2479.9560) - (1407.3960, 2480.1160) on Layer M8
violation type: Short
	srcs: net:net134884 net:net134834
	bbox = (1407.2360, 2479.7960) - (1407.3960, 2479.9560) on Layer M8
violation type: Short
	srcs: net:net134884 net:net134834
	bbox = (1403.3160, 2479.7960) - (1407.3960, 2479.9560) on Layer M8
violation type: Short
	srcs: net:net134884 net:net134834
	bbox = (1311.3640, 2479.9558) - (1407.3960, 2479.9563) on Layer M8
violation type: Short
	srcs: net:net80950 net:net119493
	bbox = (1256.5760, 2516.1160) - (1412.4320, 2516.2760) on Layer M8
violation type: Short
	srcs: net:net135404 net:net94108
	bbox = (1366.5960, 2668.1160) - (1407.3920, 2668.2760) on Layer M8
violation type: Short
	srcs: net:net135404 net:net94108
	bbox = (1366.5960, 2668.1320) - (1407.4200, 2668.2600) on Layer M8
violation type: Short
	srcs: net:net83999 net:net71922
	bbox = (1284.3560, 602.8360) - (1431.5400, 602.9160) on Layer M8
violation type: Short
	srcs: net:net91677 net:net135708
	bbox = (1394.1160, 2464.0360) - (1436.3040, 2464.1160) on Layer M8
violation type: Short
	srcs: net:net92066 net:net94113
	bbox = (1379.0120, 2447.2357) - (1437.4800, 2447.2362) on Layer M8
violation type: Short
	srcs: net:net119333 net:net94113
	bbox = (1334.5320, 2447.3958) - (1437.4800, 2447.3962) on Layer M8
violation type: Short
	srcs: net:net119323 net:net94113
	bbox = (1372.8480, 2447.3958) - (1437.4800, 2447.3962) on Layer M8
violation type: Short
	srcs: net:net80950 net:net52670
	bbox = (1341.1520, 2516.7560) - (1441.2600, 2516.8360) on Layer M8
violation type: Short
	srcs: net:net78375 net:spad/_11851_
	bbox = (1393.0760, 2616.5960) - (1458.0000, 2616.6760) on Layer M8
violation type: Short
	srcs: net:net55668 net:net51891
	bbox = (1277.5560, 2666.6760) - (1462.2240, 2666.7560) on Layer M8
violation type: Short
	srcs: net:net91898 net:net8420
	bbox = (1346.7600, 2501.3158) - (1467.7200, 2501.3162) on Layer M8
violation type: Short
	srcs: net:net135311 net:net14097
	bbox = (1394.8840, 2523.3960) - (1467.8000, 2523.4760) on Layer M8
violation type: Short
	srcs: net:net135471 net:net135049
	bbox = (1486.2760, 2439.6360) - (1486.4360, 2439.7960) on Layer M8
violation type: Short
	srcs: net:net135471 net:net135049
	bbox = (1486.2760, 2440.1957) - (1486.4360, 2440.1962) on Layer M8
violation type: Short
	srcs: net:net135471 net:net135049
	bbox = (1486.5400, 2440.1960) - (1486.7000, 2440.3560) on Layer M8
violation type: Short
	srcs: net:net135471 net:net135049
	bbox = (1486.2760, 2440.1957) - (1486.7000, 2440.1962) on Layer M8
violation type: Short
	srcs: net:net135471 net:net135049
	bbox = (1486.5400, 2440.1960) - (1486.8800, 2440.3560) on Layer M8
violation type: Short
	srcs: net:net135471 net:net135049
	bbox = (1486.5400, 2440.2120) - (1486.9080, 2440.3400) on Layer M8
violation type: Short
	srcs: net:net134885 net:net134834
	bbox = (1316.5160, 2479.9558) - (1497.5520, 2479.9563) on Layer M8
violation type: Short
	srcs: net:spad/_acc_mems_1_io_adder_op1_8_0\[14\] net:net134720
	bbox = (1385.5520, 2501.9558) - (1506.0600, 2501.9563) on Layer M8
violation type: Short
	srcs: net:spad/_acc_mems_1_io_adder_op1_8_0\[9\] net:net134720
	bbox = (1393.8600, 2501.9560) - (1506.0600, 2502.0360) on Layer M8
violation type: Short
	srcs: net:net134766 net:net8420
	bbox = (1346.7600, 2501.1557) - (1507.1400, 2501.1562) on Layer M8
violation type: Short
	srcs: net:net91380 net:net52725
	bbox = (1347.4400, 2485.3958) - (1520.6400, 2485.3962) on Layer M8
violation type: Short
	srcs: net:spad/_acc_mems_0_io_adder_op1_5_0\[14\] net:spad/_acc_mems_1_io_adder_op1_5_0\[21\]
	bbox = (1373.6360, 2487.0760) - (1536.5600, 2487.2360) on Layer M8
violation type: Short
	srcs: net:spad/_acc_mems_0_io_adder_op1_5_0\[14\] net:spad/_acc_mems_1_io_adder_op1_5_0\[21\]
	bbox = (1367.3360, 2487.0760) - (1536.5600, 2487.2360) on Layer M8
violation type: Short
	srcs: net:spad/_acc_mems_0_io_adder_op1_5_0\[14\] net:spad/_acc_mems_1_io_adder_op1_5_0\[21\]
	bbox = (1373.6360, 2487.2357) - (1536.5600, 2487.2362) on Layer M8
violation type: Short
	srcs: net:net14040 net:net8440
	bbox = (1372.4840, 2493.3958) - (1541.7000, 2493.3962) on Layer M8
violation type: Short
	srcs: net:spad/_acc_mems_1_io_adder_op1_12_0\[29\] net:spad/acc_adders/_0390_
	bbox = (1386.1160, 2531.7960) - (1537.9200, 2531.9560) on Layer M8
violation type: Short
	srcs: net:spad/_acc_mems_1_io_adder_op1_12_0\[29\] net:spad/acc_scale_unit/pipe_out_p/_17433_
	bbox = (1397.1240, 2532.1160) - (1531.7280, 2532.1960) on Layer M8
violation type: Short
	srcs: net:spad/acc_scale_unit/_0140_ net:spad/acc_scale_unit/activated_data_e_scaled_in_to_rec_fn_3/_0262_
	bbox = (1529.1077, 2132.7160) - (1529.1082, 2132.7200) on Layer M1
violation type: Short
	srcs: net:net91250 net:net92135
	bbox = (1419.9720, 2426.7560) - (1540.0800, 2426.8360) on Layer M8
violation type: Short
	srcs: net:spad/_acc_mems_1_io_adder_op1_1_0\[29\] net:spad/_acc_mems_1_io_adder_op1_2_0\[22\]
	bbox = (1383.7480, 2463.1560) - (1556.2800, 2463.2360) on Layer M8
violation type: Short
	srcs: net:net91131 net:spad/acc_scale_unit/pipe_out_p/_17424_
	bbox = (1396.4840, 2555.7958) - (1569.4880, 2555.7962) on Layer M8
violation type: Short
	srcs: net:net92177 net:net135653
	bbox = (1408.9640, 2404.5158) - (1558.9800, 2404.5163) on Layer M8
violation type: Short
	srcs: net:net108401 net:net108386
	bbox = (1382.8520, 2418.1960) - (1558.4400, 2418.3560) on Layer M8
violation type: Short
	srcs: net:spad/_acc_mems_1_io_adder_op1_13_0\[12\] net:spad/_acc_mems_1_io_adder_op1_7_0\[24\]
	bbox = (1444.5280, 2449.6360) - (1551.5680, 2449.7160) on Layer M8
violation type: Short
	srcs: net:spad/_acc_mems_1_io_adder_op1_1_0\[28\] net:spad/_acc_mems_1_io_adder_op1_7_0\[24\]
	bbox = (1407.2560, 2448.8360) - (1553.1680, 2448.9160) on Layer M8
violation type: Short
	srcs: net:spad/_acc_mems_1_io_adder_op1_5_0\[24\] net:net119323
	bbox = (1372.8480, 2447.4760) - (1550.1600, 2447.5560) on Layer M8
violation type: Short
	srcs: net:spad/_acc_mems_1_io_adder_op1_7_0\[24\] net:net21657
	bbox = (1399.3000, 2448.7560) - (1553.1680, 2448.9160) on Layer M8
violation type: Short
	srcs: net:spad/_acc_mems_1_io_adder_op1_4_0\[26\] net:net134885
	bbox = (1400.7720, 2480.4360) - (1559.5200, 2480.5160) on Layer M8
violation type: Short
	srcs: net:net14040 net:net117229
	bbox = (1372.4840, 2493.5557) - (1549.8560, 2493.5563) on Layer M8
violation type: Short
	srcs: net:spad/_acc_mems_1_io_adder_op1_8_0\[14\] net:spad/_acc_mems_1_io_adder_op1_8_0\[9\]
	bbox = (1393.8600, 2501.8760) - (1570.8600, 2501.9560) on Layer M8
violation type: Short
	srcs: net:spad/_acc_mems_1_io_adder_op1_0_0\[12\] net:net135304
	bbox = (1414.7560, 2441.9558) - (1563.3800, 2441.9563) on Layer M8
violation type: Short
	srcs: net:net139057 net:net117300
	bbox = (1425.3280, 2404.9158) - (1576.2600, 2404.9163) on Layer M8
violation type: Short
	srcs: net:net139177 net:net134804
	bbox = (1402.6240, 2433.3160) - (1576.5160, 2433.3960) on Layer M8
violation type: Short
	srcs: net:net139069 net:spad/_acc_mems_1_io_adder_op1_7_0\[13\]
	bbox = (1405.9560, 2434.6760) - (1568.7560, 2434.7560) on Layer M8
violation type: Short
	srcs: net:net78375 net:net8508
	bbox = (1392.0640, 2645.3160) - (1574.6400, 2645.3960) on Layer M8
violation type: Short
	srcs: net:net52749 net:spad/acc_mems_1/_1823_
	bbox = (1404.9960, 2643.6360) - (1581.6600, 2643.7960) on Layer M8
violation type: Short
	srcs: net:net91693 net:net21657
	bbox = (1401.9040, 2442.3560) - (1581.6600, 2442.5160) on Layer M8
violation type: Short
	srcs: net:net91909 net:net108389
	bbox = (1402.4960, 2544.9160) - (1580.8800, 2545.0760) on Layer M8
violation type: Short
	srcs: net:spad/_acc_mems_1_io_adder_op1_15_0\[4\] net:spad/_acc_mems_1_io_adder_op1_1_0\[28\]
	bbox = (1466.4360, 2449.3158) - (1590.8400, 2449.3162) on Layer M8
violation type: Short
	srcs: net:spad/_acc_mems_1_io_adder_op1_1_0\[28\] net:net21657
	bbox = (1407.2560, 2448.8360) - (1586.5760, 2448.9160) on Layer M8
violation type: Short
	srcs: net:net91653 net:spad/acc_mems_1/_0245_
	bbox = (1420.6760, 2659.8760) - (1590.3000, 2659.9560) on Layer M8
violation type: Short
	srcs: net:net49296 net:net134674
	bbox = (1550.0840, 2518.1957) - (1608.0280, 2518.1962) on Layer M8
violation type: Short
	srcs: net:net135049 net:net10330
	bbox = (1449.8600, 2435.1560) - (1620.0000, 2435.2360) on Layer M8
violation type: Short
	srcs: net:net138946 net:spad/_acc_mems_1_io_adder_op1_11_0\[10\]
	bbox = (1588.7520, 2553.6357) - (1737.7200, 2553.6363) on Layer M8
violation type: Short
	srcs: net:net46164 net:net12563
	bbox = (1587.5560, 2968.9160) - (1747.4400, 2968.9960) on Layer M8
violation type: Short
	srcs: net:spad/writer/_00120_ net:spad/writer/_11045_
	bbox = (1603.3560, 3001.8760) - (1764.8160, 3002.0360) on Layer M8
violation type: Short
	srcs: net:net51349 net:spad/_acc_mems_1_io_adder_op1_14_0\[6\]
	bbox = (1599.9200, 2538.0358) - (1771.4200, 2538.0363) on Layer M8
violation type: Short
	srcs: net:ex_controller/mesh/mesh/mesh_8_1/tile_0_0/_0399_ net:net97158
	bbox = (1818.1800, 1269.7960) - (1971.1560, 1269.8760) on Layer M8
violation type: Short
	srcs: net:net74528 net:net113387
	bbox = (2269.5560, 748.5160) - (2284.9160, 748.5960) on Layer M8
violation type: Short
	srcs: net:ex_controller/mesh/mesh/mesh_6_7/tile_0_0/_0355_ net:net26855
	bbox = (2417.1040, 1693.4758) - (2500.2800, 1693.4762) on Layer M8
violation type: Short
	srcs: net:ex_controller/mesh/mesh/mesh_6_7/tile_0_0/_0355_ net:net26855
	bbox = (2417.1040, 1693.4758) - (2539.6200, 1693.4762) on Layer M8
violation type: Short
	srcs: net:ex_controller/mesh/mesh/mesh_13_12/tile_0_0/_0256_ net:spad/acc_scale_unit/activated_data_e_scaled_rec_fn_to_in_12/_0164_
	bbox = (2506.5640, 2691.3158) - (2600.9440, 2691.3162) on Layer M8
violation type: Short
	srcs: net:net139043 net:net26349
	bbox = (2594.7840, 1396.6758) - (2707.5560, 1396.6762) on Layer M8
violation type: Short
	srcs: net:ex_controller/mesh/mesh/mesh_1_15/tile_0_0/mac_unit/_0431_ net:ex_controller/mesh/mesh/mesh_1_15/tile_0_0/mac_unit/_0432_
	bbox = (3224.0597, 1344.8800) - (3224.0960, 1344.9560) on Layer M1
violation type: Short
	srcs: net:ex_controller/mesh/mesh/mesh_2_15/tile_0_0/_0045_ net:ex_controller/mesh/mesh/mesh_2_15/tile_0_0/_0046_
	bbox = (3292.9080, 1579.5840) - (3293.0560, 1579.6200) on Layer M2
violation type: Short
	srcs: net:counters/counterfile/_09294_ net:net128859
	bbox = (274.7040, 2015.8720) - (274.7080, 2015.9440) on Layer M2
violation type: Short
	srcs: net:net44018 net:net40344
	bbox = (255.4920, 1687.1560) - (435.7280, 1687.2360) on Layer M8
violation type: Short
	srcs: net:reservation_station/_issue_id_T_13 net:net23579
	bbox = (284.9920, 1688.5160) - (463.7160, 1688.5960) on Layer M8
violation type: Short
	srcs: net:reservation_station/_issue_id_T_13 net:net23579
	bbox = (284.9920, 1688.5160) - (461.4560, 1688.6760) on Layer M8
violation type: Short
	srcs: net:net37391 net:net21809
	bbox = (314.1760, 1694.5957) - (475.7400, 1694.5963) on Layer M8
violation type: Short
	srcs: net:net24092 net:net21809
	bbox = (288.1960, 1694.7558) - (440.5920, 1694.7562) on Layer M8
violation type: Short
	srcs: net:net24092 net:net21809
	bbox = (284.0360, 1694.9160) - (440.5920, 1695.0760) on Layer M8
violation type: Short
	srcs: net:net24092 net:net21809
	bbox = (288.1960, 1694.7558) - (442.4360, 1694.7562) on Layer M8
violation type: Short
	srcs: net:net24092 net:net21809
	bbox = (284.0360, 1694.9157) - (442.4360, 1694.9162) on Layer M8
violation type: Short
	srcs: net:reservation_station/_40994_ net:net29855
	bbox = (332.2360, 1703.3960) - (468.7200, 1703.5560) on Layer M8
violation type: Short
	srcs: net:net62266 net:net36389
	bbox = (294.9800, 1788.5957) - (453.6000, 1788.5963) on Layer M8
violation type: Short
	srcs: net:net49371 net:net39153
	bbox = (336.9000, 1808.6760) - (487.6200, 1808.7560) on Layer M8
violation type: Short
	srcs: net:net41540 net:net40523
	bbox = (325.9040, 1582.9958) - (506.5120, 1582.9962) on Layer M8
violation type: Short
	srcs: net:net62065 net:net62137
	bbox = (391.7480, 1818.3560) - (536.7200, 1818.5160) on Layer M8
violation type: Short
	srcs: net:net81671 net:net127327
	bbox = (564.1158, 1222.7560) - (564.1163, 1281.4200) on Layer M9
violation type: Short
	srcs: net:net132818 net:net127327
	bbox = (568.3560, 1410.5960) - (568.5160, 1410.7560) on Layer M8
violation type: Short
	srcs: net:net132818 net:net127327
	bbox = (486.5960, 1410.5960) - (568.5160, 1410.7560) on Layer M8
violation type: Short
	srcs: net:mod_1/ex/_01242_ net:net131997
	bbox = (446.3400, 1408.6760) - (594.0360, 1408.8360) on Layer M8
violation type: Short
	srcs: net:net120557 net:net120437
	bbox = (583.3960, 1446.1160) - (583.5560, 1446.2760) on Layer M8
violation type: Short
	srcs: net:net120557 net:net120437
	bbox = (405.2400, 1446.1160) - (583.5560, 1446.2760) on Layer M8
violation type: Short
	srcs: net:net65694 net:net60017
	bbox = (634.9920, 1508.1160) - (682.5160, 1508.2760) on Layer M8
violation type: Short
	srcs: net:net65694 net:net60017
	bbox = (612.4960, 1508.2758) - (682.5160, 1508.2762) on Layer M8
violation type: Short
	srcs: net:net58222 net:mod_1/ex/_04435_
	bbox = (679.4240, 1432.2760) - (696.6000, 1432.3560) on Layer M8
violation type: Short
	srcs: net:mod/ld_weights/_018851_ net:mod_1/ex/_06524_
	bbox = (662.4360, 1438.7560) - (781.3960, 1438.9160) on Layer M8
violation type: Short
	srcs: net:net59881 net:mod/ld_weights/_018851_
	bbox = (659.7160, 1440.9960) - (837.5400, 1441.1560) on Layer M8
violation type: Short
	srcs: net:mod/ld_weights/_018851_ net:net136960
	bbox = (747.0760, 1438.7560) - (849.9600, 1438.9160) on Layer M8
violation type: Short
	srcs: net:net61411 net:net108843
	bbox = (776.8360, 1399.7158) - (851.5480, 1399.7162) on Layer M8
violation type: Short
	srcs: net:net66436 net:net41388
	bbox = (914.3080, 1702.4360) - (1003.6320, 1702.5960) on Layer M8
violation type: Short
	srcs: net:net56227 net:net29540
	bbox = (1002.6720, 1621.8760) - (1006.7680, 1621.9560) on Layer M8
violation type: Short
	srcs: net:net66558 net:net53422
	bbox = (868.3520, 1441.1560) - (1048.8080, 1441.2360) on Layer M8
violation type: Short
	srcs: net:net66558 net:net53422
	bbox = (868.3520, 1441.2358) - (1049.1800, 1441.2362) on Layer M8
violation type: Short
	srcs: net:net9538 net:net30959
	bbox = (967.5800, 2121.0760) - (1040.7840, 2121.2360) on Layer M8
violation type: Short
	srcs: net:spad/reader/beatPacker/_06849_ net:spad/reader/beatPacker/_17241_
	bbox = (911.4400, 2900.2757) - (1078.8040, 2900.2762) on Layer M8
violation type: Short
	srcs: net:spad/_acc_mems_0_io_adder_op1_5_0\[10\] net:spad/_acc_mems_0_io_adder_op1_5_0\[6\]
	bbox = (1145.7960, 2482.5158) - (1292.7600, 2482.5163) on Layer M8
violation type: Short
	srcs: net:spad/_acc_mems_0_io_adder_op1_0_0\[6\] net:net30080
	bbox = (1095.4760, 2435.3160) - (1167.5040, 2435.3960) on Layer M8
violation type: Short
	srcs: net:net91247 net:net59754
	bbox = (1137.3480, 2491.6360) - (1307.9840, 2491.7960) on Layer M8
violation type: Short
	srcs: net:spad/_acc_mems_0_io_adder_op1_0_0\[6\] net:spad/_acc_mems_0_io_adder_op1_2_0\[16\]
	bbox = (1095.6200, 2427.7157) - (1210.9160, 2427.7162) on Layer M8
violation type: Short
	srcs: net:spad/_acc_mems_0_io_adder_op1_2_0\[16\] net:spad/acc_adders/_0225_
	bbox = (1080.1920, 2429.3160) - (1209.6360, 2429.4760) on Layer M8
violation type: Short
	srcs: net:spad/_acc_mems_0_io_adder_op1_2_0\[18\] net:spad/acc_adders/_0225_
	bbox = (1097.0720, 2428.1960) - (1267.3800, 2428.2760) on Layer M8
violation type: Short
	srcs: net:net35134 net:spad/_acc_mems_0_io_adder_op1_7_0\[24\]
	bbox = (1117.2520, 2450.9160) - (1282.5160, 2451.0760) on Layer M8
violation type: Short
	srcs: net:spad/_acc_mems_0_io_adder_op1_15_0\[16\] net:spad/_acc_mems_0_io_adder_op1_7_0\[24\]
	bbox = (1128.0360, 2453.5557) - (1281.4240, 2453.5563) on Layer M8
violation type: Short
	srcs: net:net135590 net:net135331
	bbox = (1209.0280, 2452.9160) - (1357.0720, 2453.0760) on Layer M8
violation type: Short
	srcs: net:net135590 net:net135331
	bbox = (1209.0280, 2452.9160) - (1367.2800, 2452.9960) on Layer M8
violation type: Short
	srcs: net:net135590 net:net135331
	bbox = (1179.8400, 2452.9960) - (1357.0720, 2453.0760) on Layer M8
violation type: Short
	srcs: net:spad/_acc_mems_0_io_adder_op1_0_0\[6\] net:spad/_acc_mems_0_io_adder_op1_7_0\[24\]
	bbox = (1282.1960, 2453.6360) - (1282.3560, 2626.0560) on Layer M9
violation type: Short
	srcs: net:spad/_acc_mems_0_io_adder_op1_7_0\[0\] net:net134887
	bbox = (1235.3320, 2438.8360) - (1318.1400, 2438.9960) on Layer M8
violation type: Short
	srcs: net:spad/_acc_mems_0_io_adder_op1_7_0\[0\] net:net134880
	bbox = (1224.2960, 2438.8360) - (1318.1400, 2438.9960) on Layer M8
violation type: Short
	srcs: net:net28157 net:net135626
	bbox = (1256.5800, 2438.1957) - (1397.4560, 2438.1962) on Layer M8
violation type: Short
	srcs: net:net134887 net:net134880
	bbox = (1235.3320, 2438.8360) - (1408.8600, 2438.9960) on Layer M8
violation type: Short
	srcs: net:net84614 net:net72465
	bbox = (1214.6800, 600.6760) - (1366.2000, 600.7560) on Layer M8
violation type: Short
	srcs: net:net92762 net:net14716
	bbox = (1132.8680, 2431.2357) - (1301.9400, 2431.2362) on Layer M8
violation type: Short
	srcs: net:net92762 net:spad/_acc_mems_0_io_adder_op1_9_0\[0\]
	bbox = (1132.8680, 2431.2357) - (1306.9160, 2431.2362) on Layer M8
violation type: Short
	srcs: net:spad/_acc_mems_0_io_adder_op1_9_0\[0\] net:net14716
	bbox = (1122.2400, 2431.0760) - (1301.9400, 2431.2360) on Layer M8
violation type: Short
	srcs: net:spad/_acc_mems_0_io_adder_op1_9_0\[4\] net:net28157
	bbox = (1294.8360, 2446.7560) - (1295.0000, 2446.8360) on Layer M8
violation type: Short
	srcs: net:spad/_acc_mems_0_io_adder_op1_9_0\[4\] net:net28157
	bbox = (1212.3560, 2446.7560) - (1295.0000, 2446.8360) on Layer M8
violation type: Short
	srcs: net:net91920 net:net134928
	bbox = (1321.5560, 2431.7157) - (1382.9400, 2431.7162) on Layer M8
violation type: Short
	srcs: net:net91920 net:net134928
	bbox = (1313.9000, 2431.7157) - (1382.9400, 2431.7162) on Layer M8
violation type: Short
	srcs: net:net139069 net:net119668
	bbox = (1199.3960, 2430.7557) - (1346.0000, 2430.7562) on Layer M8
violation type: Short
	srcs: net:net139069 net:net119668
	bbox = (1199.3960, 2430.5957) - (1352.7560, 2430.5963) on Layer M8
violation type: Short
	srcs: net:net134530 net:net8402
	bbox = (1305.9560, 2427.8760) - (1472.5800, 2427.9560) on Layer M8
violation type: Short
	srcs: net:net91199 net:net91856
	bbox = (1277.1560, 2444.7560) - (1443.9600, 2444.9160) on Layer M8
violation type: Short
	srcs: net:net91199 net:net139183
	bbox = (1303.3000, 2444.8360) - (1443.9600, 2444.9160) on Layer M8
violation type: Short
	srcs: net:net91199 net:net91856
	bbox = (1277.6840, 2445.5800) - (1441.1560, 2445.7400) on Layer M8
violation type: Short
	srcs: net:net91856 net:net134881
	bbox = (1280.7080, 2443.5560) - (1444.9440, 2443.6360) on Layer M8
violation type: Short
	srcs: net:net91856 net:net139183
	bbox = (1303.3000, 2444.8360) - (1466.1000, 2444.9160) on Layer M8
violation type: Short
	srcs: net:net93165 net:net134889
	bbox = (1257.8600, 2482.5160) - (1379.8760, 2482.5960) on Layer M8
violation type: Short
	srcs: net:net93165 net:net134884
	bbox = (1257.8600, 2482.5160) - (1400.2200, 2482.5960) on Layer M8
violation type: Short
	srcs: net:net134889 net:net134884
	bbox = (1214.6760, 2482.5160) - (1379.8760, 2482.6760) on Layer M8
violation type: Short
	srcs: net:net93285 net:net93658
	bbox = (1275.4840, 2625.8760) - (1345.5520, 2625.9560) on Layer M8
violation type: Short
	srcs: net:net93285 net:net77345
	bbox = (1171.7800, 2625.9560) - (1345.5520, 2626.0360) on Layer M8
violation type: Short
	srcs: net:net93285 net:net119479
	bbox = (1175.6800, 2625.8760) - (1345.5520, 2626.0360) on Layer M8
violation type: Short
	srcs: net:spad/_acc_mems_1_io_read_resp_bits_data_6_0\[4\] net:net117217
	bbox = (1173.5720, 2460.1960) - (1351.6320, 2460.2760) on Layer M8
violation type: Short
	srcs: net:net91321 net:net8433
	bbox = (1243.0760, 2473.5557) - (1350.7560, 2473.5563) on Layer M8
violation type: Short
	srcs: net:net91321 net:net8433
	bbox = (1248.0360, 2473.7157) - (1350.7560, 2473.7162) on Layer M8
violation type: Short
	srcs: net:spad/acc_adders/_0319_ net:net8433
	bbox = (1171.0760, 2476.0360) - (1355.8080, 2476.1960) on Layer M8
violation type: Short
	srcs: net:net135703 net:net8433
	bbox = (1306.3560, 2473.6360) - (1350.7560, 2473.7160) on Layer M8
violation type: Short
	srcs: net:net119668 net:net8433
	bbox = (1349.6360, 2473.5560) - (1349.7960, 2473.7160) on Layer M9
violation type: Short
	srcs: net:net55833 net:net93735
	bbox = (1336.5160, 2514.7560) - (1365.6600, 2514.9160) on Layer M8
violation type: Short
	srcs: net:net108408 net:net93735
	bbox = (1292.5480, 2514.0360) - (1379.1600, 2514.1160) on Layer M8
violation type: Short
	srcs: net:net134861 net:net94060
	bbox = (1348.1160, 2508.4000) - (1348.1960, 2612.3400) on Layer M9
violation type: Short
	srcs: net:net77345 net:net93658
	bbox = (1275.4840, 2625.9558) - (1359.2480, 2625.9563) on Layer M8
violation type: Short
	srcs: net:net77345 net:net93658
	bbox = (1298.6080, 2626.1157) - (1359.2480, 2626.1163) on Layer M8
violation type: Short
	srcs: net:net77345 net:net119479
	bbox = (1175.6800, 2625.9560) - (1359.2480, 2626.0360) on Layer M8
violation type: Short
	srcs: net:spad/acc_adders/_0285_ net:net8824
	bbox = (1348.6760, 2585.5200) - (1348.7560, 2763.7960) on Layer M9
violation type: Short
	srcs: net:net52699 net:net8420
	bbox = (1346.8680, 2506.1160) - (1521.7200, 2506.1960) on Layer M8
violation type: Short
	srcs: net:net134720 net:net134709
	bbox = (1318.1160, 2503.2360) - (1415.8800, 2503.3160) on Layer M8
violation type: Short
	srcs: net:net134720 net:net134708
	bbox = (1318.1160, 2503.2360) - (1468.7520, 2503.3960) on Layer M8
violation type: Short
	srcs: net:net134720 net:net8420
	bbox = (1327.8760, 2503.3160) - (1502.4360, 2503.3960) on Layer M8
violation type: Short
	srcs: net:net134709 net:net134708
	bbox = (1281.4760, 2503.2360) - (1415.8800, 2503.3160) on Layer M8
violation type: Short
	srcs: net:net134709 net:net8420
	bbox = (1327.8760, 2503.3158) - (1415.8800, 2503.3162) on Layer M8
violation type: Short
	srcs: net:net134708 net:net8420
	bbox = (1327.8760, 2503.3160) - (1468.7520, 2503.3960) on Layer M8
violation type: Short
	srcs: net:spad/_11214_ net:net8577
	bbox = (1300.1280, 2647.8760) - (1363.5800, 2647.9560) on Layer M8
violation type: Short
	srcs: net:spad/acc_mems_1/pipelined_writes_1_bits_mask_54 net:net8510
	bbox = (1197.6040, 2649.2360) - (1360.2720, 2649.3160) on Layer M8
violation type: Short
	srcs: net:spad/acc_mems_1/pipelined_writes_1_bits_mask_54 net:net8510
	bbox = (1190.3560, 2649.3158) - (1360.2720, 2649.3162) on Layer M8
violation type: Short
	srcs: net:net51940 net:net108244
	bbox = (1365.5240, 2628.1157) - (1366.2800, 2628.1163) on Layer M8
violation type: Short
	srcs: net:net119481 net:net8569
	bbox = (1267.2640, 2640.1957) - (1362.0360, 2640.1962) on Layer M8
violation type: Short
	srcs: net:net119481 net:net94100
	bbox = (1364.1960, 2640.0358) - (1364.3560, 2640.0363) on Layer M8
violation type: Short
	srcs: net:net119481 net:net94100
	bbox = (1361.8000, 2640.0358) - (1364.3560, 2640.0363) on Layer M8
violation type: Short
	srcs: net:net119481 net:net94100
	bbox = (1361.8000, 2640.0358) - (1361.9600, 2640.0363) on Layer M8
violation type: Short
	srcs: net:net8569 net:net93725
	bbox = (1365.5800, 2639.3160) - (1365.7400, 2639.3960) on Layer M8
violation type: Short
	srcs: net:net8569 net:net93725
	bbox = (1365.5800, 2639.3160) - (1367.7760, 2639.3960) on Layer M8
violation type: Short
	srcs: net:net28185 net:net93735
	bbox = (1364.5957, 2516.1160) - (1364.5963, 2643.3160) on Layer M9
violation type: Short
	srcs: net:net135675 net:net8569
	bbox = (1362.3560, 2640.0360) - (1362.5160, 2640.1960) on Layer M9
violation type: Short
	srcs: net:spad/_04059_ net:net134799
	bbox = (1356.3560, 2672.6760) - (1451.4240, 2672.7560) on Layer M8
violation type: Short
	srcs: net:net52691 net:net93969
	bbox = (1279.5360, 2461.9560) - (1450.8320, 2462.1160) on Layer M8
violation type: Short
	srcs: net:spad/acc_adders/m_6/_090_ net:net134943
	bbox = (1268.0320, 2476.9958) - (1393.8720, 2476.9963) on Layer M8
violation type: Short
	srcs: net:net91185 net:net135592
	bbox = (1336.3240, 2498.5957) - (1468.2600, 2498.5963) on Layer M8
violation type: Short
	srcs: net:net91929 net:net134821
	bbox = (1278.1160, 2497.7160) - (1455.9520, 2497.8760) on Layer M8
violation type: Short
	srcs: net:net134833 net:net134728
	bbox = (1369.6680, 2496.5960) - (1441.8000, 2496.6760) on Layer M8
violation type: Short
	srcs: net:net134766 net:net8502
	bbox = (1320.0640, 2497.3960) - (1488.9960, 2497.4760) on Layer M8
violation type: Short
	srcs: net:net91972 net:spad/_acc_mems_1_io_adder_op1_3_0\[11\]
	bbox = (1353.4120, 2655.1560) - (1496.8800, 2655.3160) on Layer M8
violation type: Short
	srcs: net:spad/_acc_mems_1_io_adder_op1_3_0\[11\] net:spad/_acc_mems_1_io_adder_op1_6_0\[7\]
	bbox = (1360.4720, 2655.1560) - (1496.8800, 2655.3160) on Layer M8
violation type: Short
	srcs: net:mod/_26944_ net:net121795
	bbox = (1281.8600, 615.0760) - (1413.1800, 615.1560) on Layer M8
violation type: Short
	srcs: net:net8478 net:net93766
	bbox = (1394.7640, 2634.2760) - (1409.9400, 2634.3560) on Layer M8
violation type: Short
	srcs: net:net8478 net:net93766
	bbox = (1394.7640, 2634.1957) - (1403.4600, 2634.1962) on Layer M8
violation type: Short
	srcs: net:net8478 net:net93766
	bbox = (1394.7640, 2634.1960) - (1397.9040, 2634.3560) on Layer M8
violation type: Short
	srcs: net:net134763 net:net134503
	bbox = (1262.2560, 2466.9158) - (1406.5440, 2466.9163) on Layer M8
violation type: Short
	srcs: net:net134763 net:net134503
	bbox = (1253.8000, 2466.9158) - (1406.5440, 2466.9163) on Layer M8
violation type: Short
	srcs: net:net8432 net:net102003
	bbox = (1242.4640, 2476.3560) - (1413.1800, 2476.5160) on Layer M8
violation type: Short
	srcs: net:net135703 net:net102003
	bbox = (1291.2360, 2476.3560) - (1413.1800, 2476.5160) on Layer M8
violation type: Short
	srcs: net:net134943 net:net102003
	bbox = (1268.0320, 2476.8358) - (1417.5000, 2476.8362) on Layer M8
violation type: Short
	srcs: net:net93150 net:net92034
	bbox = (1374.5920, 2556.5960) - (1420.7400, 2556.6760) on Layer M8
violation type: Short
	srcs: net:mod/_06507_ net:mod/_07045_
	bbox = (1422.2800, 639.7957) - (1422.4400, 639.7962) on Layer M8
violation type: Short
	srcs: net:mod/_06507_ net:mod/_07045_
	bbox = (1253.7600, 639.7957) - (1422.4400, 639.7962) on Layer M8
violation type: Short
	srcs: net:net91321 net:net135703
	bbox = (1306.3560, 2473.7160) - (1434.7800, 2473.7960) on Layer M8
violation type: Short
	srcs: net:net135703 net:net8432
	bbox = (1291.2360, 2476.3560) - (1428.3800, 2476.5160) on Layer M8
violation type: Short
	srcs: net:net91929 net:net135708
	bbox = (1438.9960, 2305.3160) - (1439.1560, 2464.0360) on Layer M9
violation type: Short
	srcs: net:net91767 net:net91929
	bbox = (1329.0240, 2492.1957) - (1445.6360, 2492.1962) on Layer M8
violation type: Short
	srcs: net:net57199 net:net93658
	bbox = (1281.1560, 2625.1560) - (1455.3000, 2625.2360) on Layer M8
violation type: Short
	srcs: net:spad/_acc_adders_io_out_9_0\[29\] net:net135703
	bbox = (1307.5880, 2474.0360) - (1481.2200, 2474.1960) on Layer M8
violation type: Short
	srcs: net:net135703 net:net8432
	bbox = (1429.9560, 2475.3960) - (1476.9000, 2475.4760) on Layer M8
violation type: Short
	srcs: net:net108256 net:net93847
	bbox = (1330.6280, 2632.5160) - (1478.4800, 2632.5960) on Layer M8
violation type: Short
	srcs: net:spad/_02182_ net:net135132
	bbox = (1312.8360, 2535.1557) - (1484.0000, 2535.1562) on Layer M8
violation type: Short
	srcs: net:spad/_02182_ net:net14084
	bbox = (1397.5720, 2535.3158) - (1484.0000, 2535.3162) on Layer M8
violation type: Short
	srcs: net:net91462 net:net135451
	bbox = (1384.1320, 2647.0760) - (1505.5200, 2647.2360) on Layer M8
violation type: Short
	srcs: net:spad/_acc_mems_1_io_adder_op1_0_0\[3\] net:net93772
	bbox = (1370.2760, 2679.9560) - (1500.6600, 2680.0360) on Layer M8
violation type: Short
	srcs: net:net91683 net:net91920
	bbox = (1343.8760, 2431.7157) - (1500.7400, 2431.7162) on Layer M8
violation type: Short
	srcs: net:net57196 net:spad/_acc_mems_1_io_adder_op1_4_0\[8\]
	bbox = (1341.6360, 2430.1160) - (1511.9000, 2430.1960) on Layer M8
violation type: Short
	srcs: net:net91541 net:spad/_acc_mems_1_io_adder_op1_7_0\[9\]
	bbox = (1395.8400, 2482.9158) - (1513.6200, 2482.9163) on Layer M8
violation type: Short
	srcs: net:net91541 net:net137811
	bbox = (1344.8800, 2483.9558) - (1515.2360, 2483.9563) on Layer M8
violation type: Short
	srcs: net:spad/_acc_mems_1_io_adder_op1_6_0\[9\] net:net134815
	bbox = (1341.2520, 2489.1560) - (1512.0000, 2489.2360) on Layer M8
violation type: Short
	srcs: net:spad/_acc_mems_1_io_adder_op1_7_0\[9\] net:net134815
	bbox = (1396.6080, 2489.1560) - (1512.0000, 2489.2360) on Layer M8
violation type: Short
	srcs: net:net91185 net:net8440
	bbox = (1355.5200, 2495.9560) - (1520.6760, 2496.1160) on Layer M8
violation type: Short
	srcs: net:net91185 net:net101802
	bbox = (1390.2240, 2498.5960) - (1522.8960, 2498.7560) on Layer M8
violation type: Short
	srcs: net:net92150 net:net137811
	bbox = (1389.7640, 2484.0360) - (1532.0480, 2484.1160) on Layer M8
violation type: Short
	srcs: net:spad/_acc_mems_1_io_adder_op1_6_0\[9\] net:spad/_acc_mems_1_io_adder_op1_7_0\[9\]
	bbox = (1396.6080, 2489.1560) - (1528.7400, 2489.3160) on Layer M8
violation type: Short
	srcs: net:net91254 net:net14064
	bbox = (1368.2600, 2552.6757) - (1543.4760, 2552.6762) on Layer M8
violation type: Short
	srcs: net:net92359 net:net116727
	bbox = (1394.8200, 2550.9958) - (1557.7120, 2550.9963) on Layer M8
violation type: Short
	srcs: net:net92359 net:net14064
	bbox = (1394.8160, 2552.5160) - (1543.4760, 2552.5960) on Layer M8
violation type: Short
	srcs: net:net116728 net:net116727
	bbox = (1517.9560, 2551.0760) - (1557.7120, 2551.1560) on Layer M8
violation type: Short
	srcs: net:net55833 net:net134732
	bbox = (1523.5557, 2465.3960) - (1523.5563, 2548.8800) on Layer M9
violation type: Short
	srcs: net:net55833 net:net134732
	bbox = (1523.5557, 2548.7200) - (1523.5563, 2548.8800) on Layer M9
violation type: Short
	srcs: net:net134640 net:net8420
	bbox = (1521.0757, 2506.5160) - (1521.0763, 2576.5160) on Layer M9
violation type: Short
	srcs: net:net91463 net:net108256
	bbox = (1531.9000, 2634.9160) - (1532.7560, 2634.9960) on Layer M8
violation type: Short
	srcs: net:net91463 net:net108256
	bbox = (1531.9000, 2634.9160) - (1532.0600, 2634.9960) on Layer M8
violation type: Short
	srcs: net:net91463 net:net108256
	bbox = (1528.1200, 2634.9958) - (1528.2800, 2634.9963) on Layer M8
violation type: Short
	srcs: net:net8478 net:net108256
	bbox = (1531.9000, 2634.9960) - (1532.7560, 2635.1560) on Layer M8
violation type: Short
	srcs: net:net8478 net:net108256
	bbox = (1531.9000, 2634.9960) - (1532.0600, 2635.1560) on Layer M8
violation type: Short
	srcs: net:net8478 net:net108256
	bbox = (1528.1200, 2634.9960) - (1528.2800, 2635.1560) on Layer M8
violation type: Short
	srcs: net:spad/_acc_mems_1_io_adder_op1_6_0\[7\] net:spad/_acc_mems_1_io_adder_op1_9_0\[23\]
	bbox = (1394.2000, 2655.3158) - (1547.6400, 2655.3162) on Layer M8
violation type: Short
	srcs: net:net91972 net:spad/_acc_mems_1_io_adder_op1_6_0\[7\]
	bbox = (1360.4720, 2655.1560) - (1542.2760, 2655.3160) on Layer M8
violation type: Short
	srcs: net:net91972 net:spad/_acc_mems_1_io_adder_op1_9_0\[23\]
	bbox = (1394.2000, 2655.3158) - (1542.2760, 2655.3162) on Layer M8
violation type: Short
	srcs: net:spad/_acc_mems_1_io_adder_op1_9_0\[7\] net:net134655
	bbox = (1515.1080, 2657.8760) - (1529.1560, 2658.0360) on Layer M8
violation type: Short
	srcs: net:net14064 net:net8372
	bbox = (1395.5240, 2556.2757) - (1541.9680, 2556.2762) on Layer M8
violation type: Short
	srcs: net:net92367 net:spad/acc_adders/_0285_
	bbox = (1370.2440, 2582.4360) - (1536.6760, 2582.5160) on Layer M8
violation type: Short
	srcs: net:net91463 net:net8478
	bbox = (1384.3560, 2634.9958) - (1556.2800, 2634.9963) on Layer M8
violation type: Short
	srcs: net:net91463 net:net108256
	bbox = (1543.2400, 2634.9958) - (1543.4000, 2634.9963) on Layer M8
violation type: Short
	srcs: net:net91463 net:net108256
	bbox = (1369.6160, 2634.9958) - (1543.4000, 2634.9963) on Layer M8
violation type: Short
	srcs: net:net8478 net:net108256
	bbox = (1543.2400, 2634.9960) - (1543.4000, 2635.1560) on Layer M8
violation type: Short
	srcs: net:net8478 net:net108256
	bbox = (1384.3560, 2634.9960) - (1543.4000, 2635.1560) on Layer M8
violation type: Short
	srcs: net:spad/_acc_mems_1_io_adder_op1_8_0\[4\] net:spad/_acc_mems_1_io_adder_op1_9_0\[20\]
	bbox = (1396.1200, 2454.3560) - (1558.9800, 2454.4360) on Layer M8
violation type: Short
	srcs: net:net92998 net:spad/_acc_mems_1_io_adder_op1_8_0\[22\]
	bbox = (1395.1160, 2504.8358) - (1560.6560, 2504.8362) on Layer M8
violation type: Short
	srcs: net:net91425 net:net134673
	bbox = (1479.3160, 2512.7557) - (1562.0640, 2512.7562) on Layer M8
violation type: Short
	srcs: net:net92152 net:net134673
	bbox = (1401.3480, 2513.3960) - (1561.1400, 2513.4760) on Layer M8
violation type: Short
	srcs: net:net91254 net:net135148
	bbox = (1554.2760, 2365.9560) - (1554.4360, 2538.3560) on Layer M9
violation type: Short
	srcs: net:spad/_acc_mems_1_io_adder_op1_2_0\[7\] net:spad/_acc_mems_1_io_adder_op1_6_0\[3\]
	bbox = (1414.9120, 2657.5560) - (1558.0960, 2657.7160) on Layer M8
violation type: Short
	srcs: net:net135481 net:net106649
	bbox = (1415.9040, 2416.1960) - (1577.8800, 2416.2760) on Layer M8
violation type: Short
	srcs: net:net136145 net:spad/_acc_mems_1_io_adder_op1_10_0\[30\]
	bbox = (1518.8360, 2526.6760) - (1576.4000, 2526.8360) on Layer M8
violation type: Short
	srcs: net:spad/_02262_ net:spad/acc_adders/_0679_
	bbox = (1534.4360, 2526.2760) - (1568.2840, 2526.3560) on Layer M8
violation type: Short
	srcs: net:net91741 net:spad/_acc_mems_1_io_adder_op1_7_0\[27\]
	bbox = (1395.3280, 2633.7960) - (1570.9400, 2633.8760) on Layer M8
violation type: Short
	srcs: net:spad/_acc_mems_1_io_adder_op1_1_0\[24\] net:spad/_acc_mems_1_io_adder_op1_6_0\[28\]
	bbox = (1417.4760, 2450.5160) - (1586.5760, 2450.5960) on Layer M8
violation type: Short
	srcs: net:net92041 net:net28157
	bbox = (1424.4520, 2446.7560) - (1588.0640, 2446.8360) on Layer M8
violation type: Short
	srcs: net:net91972 net:spad/_acc_mems_1_io_adder_op1_11_0\[31\]
	bbox = (1543.3760, 2655.7160) - (1591.7600, 2655.7960) on Layer M8
violation type: Short
	srcs: net:net126913 net:net126908
	bbox = (1556.6360, 972.5160) - (1616.2200, 972.6760) on Layer M8
violation type: Short
	srcs: net:net92525 net:net134625
	bbox = (1535.2360, 2541.5557) - (1690.7040, 2541.5563) on Layer M8
violation type: Short
	srcs: net:spad/_acc_mems_1_io_adder_op1_11_0\[3\] net:spad/_acc_mems_1_io_adder_op1_3_0\[11\]
	bbox = (1524.3360, 2649.7160) - (1682.5960, 2649.8760) on Layer M8
violation type: Short
	srcs: net:spad/_acc_mems_1_io_adder_op1_10_0\[3\] net:spad/_acc_mems_1_io_adder_op1_9_0\[7\]
	bbox = (1516.9920, 2656.6757) - (1694.9920, 2656.6762) on Layer M8
violation type: Short
	srcs: net:net138944 net:net101693
	bbox = (1521.7960, 2518.4360) - (1700.6880, 2518.5960) on Layer M8
violation type: Short
	srcs: net:spad/_acc_mems_1_io_adder_op1_10_0\[30\] net:net14227
	bbox = (1533.5040, 2528.3560) - (1702.6200, 2528.4360) on Layer M8
violation type: Short
	srcs: net:net52100 net:net49273
	bbox = (1545.8760, 2528.8358) - (1704.9880, 2528.8362) on Layer M8
violation type: Short
	srcs: net:ex_controller/mesh/mesh/mesh_11_1/tile_0_0/_0653_ net:ex_controller/mesh/mesh/mesh_13_0/tile_0_0/_0057_
	bbox = (1682.2400, 1445.4758) - (1840.7840, 1445.4762) on Layer M8
violation type: Short
	srcs: net:ex_controller/mesh/mesh/mesh_10_1/tile_0_0/_0047_ net:ex_controller/mesh/mesh/mesh_10_1/tile_0_0/_0259_
	bbox = (1902.3360, 1394.9958) - (1904.5440, 1394.9962) on Layer M8
violation type: Short
	srcs: net:ex_controller/mesh/mesh/r_298_0 net:net36927
	bbox = (1841.4120, 1476.9960) - (2019.2160, 1477.1560) on Layer M8
violation type: Short
	srcs: net:ex_controller/mesh/mesh/mesh_13_7/tile_0_0/_0198_ net:ex_controller/mesh/mesh/mesh_13_7/tile_0_0/_0308_
	bbox = (2088.1157, 2178.6400) - (2088.1163, 2178.6440) on Layer M1
violation type: Short
	srcs: net:ex_controller/mesh/mesh/mesh_13_8/tile_0_0/_0532_ net:ex_controller/mesh/mesh/mesh_13_8/tile_0_0/_0533_
	bbox = (2255.7317, 2232.6400) - (2255.7680, 2232.6920) on Layer M1
violation type: Short
	srcs: net:ex_controller/mesh/mesh/mesh_1_2/tile_0_0/_0621_ net:ex_controller/mesh/mesh/mesh_5_1/tile_0_0/_0204_
	bbox = (2297.8400, 924.5957) - (2342.1920, 924.5963) on Layer M8
violation type: Short
	srcs: net:ex_controller/mesh/mesh/mesh_5_4/tile_0_0/_0408_ net:net26434
	bbox = (2390.1960, 1454.4360) - (2497.8200, 1454.5960) on Layer M8
violation type: Short
	srcs: net:net16733 net:net107242
	bbox = (2341.9560, 677.6360) - (2402.6760, 677.7960) on Layer M8
violation type: Short
	srcs: net:ex_controller/mesh/mesh_io_in_control_10_0_shift_r\[0\] net:net128435
	bbox = (2317.3120, 722.9160) - (2487.6320, 722.9960) on Layer M8
violation type: Short
	srcs: net:ex_controller/mesh/mesh/mesh_3_11/tile_0_0/_0286_ net:spad/spad_mems_3/_mem_RW0_rdata\[29\]
	bbox = (2911.4080, 1567.7158) - (2939.5560, 1567.7162) on Layer M8
violation type: Short
	srcs: net:ex_controller/mesh/mesh/mesh_1_11/tile_0_0/_0006_ net:ex_controller/mesh/mesh/mesh_1_11/tile_0_0/mac_unit/_0184_
	bbox = (3095.9718, 1204.4800) - (3095.9722, 1204.4840) on Layer M1
violation type: Short
	srcs: net:ex_controller/mesh/mesh/mesh_8_13/tile_0_0/_0283_ net:ex_controller/mesh/mesh/mesh_8_13/tile_0_0/_0284_
	bbox = (3102.4518, 2536.1200) - (3102.4880, 2536.2080) on Layer M1
violation type: Short
	srcs: net:ex_controller/mesh/mesh/mesh_0_12/tile_0_0/_0458_ net:ex_controller/mesh/mesh/mesh_0_12/tile_0_0/_0538_
	bbox = (3154.0757, 1167.7600) - (3154.0763, 1167.7640) on Layer M1
violation type: Metal Spacing
	srcs: net:net119667
	bbox = (1391.1720, 2432.9920) - (1391.2840, 2433.0480) on Layer M2
violation type: Metal Spacing
	srcs: net:net93268 net:VSS
	bbox = (1511.5600, 2416.8600) - (1511.7440, 2416.9480) on Layer M4
violation type: Metal Spacing
	srcs: net:spad/acc_mems_0/_0345_ net:spad/acc_mems_0/_2385_
	bbox = (1511.2520, 2653.3800) - (1511.2960, 2653.3840) on Layer M1
violation type: Metal Spacing
	srcs: net:net51568 net:net135696
	bbox = (1290.3000, 2626.3120) - (1290.4480, 2626.3480) on Layer M2
violation type: Metal Spacing
	srcs: net:net51568 net:VSS
	bbox = (1290.2880, 2626.4920) - (1290.3560, 2626.4960) on Layer M3
violation type: Metal Spacing
	srcs: net:net134505
	bbox = (1442.1120, 2443.8000) - (1442.2240, 2443.8360) on Layer M2
violation type: Metal Spacing
	srcs: net:clknet_leaf_4304_clock inst:spad/acc_adders/m_8/io_sum\[4\]$_DFF_P_
	bbox = (1496.2880, 2431.2560) - (1496.3480, 2431.2600) on Layer M1
violation type: Metal Spacing
	srcs: net:mod/st/_14367_ net:mod/st/_14374_
	bbox = (926.4680, 186.5560) - (926.4960, 186.5600) on Layer M1
violation type: Metal Spacing
	srcs: net:net74302
	bbox = (1183.2080, 1699.3440) - (1183.4080, 1699.4080) on Layer M6
violation type: Metal Spacing
	srcs: net:spad/_acc_mems_0_io_adder_op1_2_0\[14\]
	bbox = (1303.7360, 2464.2080) - (1303.9360, 2464.2080) on Layer M6
violation type: Metal Spacing
	srcs: net:spad/acc_mems_0/_0284_ net:spad/acc_mems_0/_2576_
	bbox = (1364.7320, 2629.1440) - (1364.7600, 2629.1480) on Layer M1
violation type: Metal Spacing
	srcs: net:net55712 net:net135584
	bbox = (1409.4920, 2502.4160) - (1409.7680, 2502.5440) on Layer M6
violation type: Metal Spacing
	srcs: net:net55712 net:net135598
	bbox = (1409.4920, 2502.6720) - (1409.7680, 2502.8640) on Layer M6
violation type: Metal Spacing
	srcs: net:net44775 net:spad/writer/_11045_
	bbox = (1764.8800, 3001.7880) - (1765.0720, 3001.8480) on Layer M7
violation type: Metal Spacing
	srcs: net:net44786 net:net44775
	bbox = (1765.2000, 3001.7880) - (1765.3280, 3002.0200) on Layer M7
violation type: Metal Spacing
	srcs: net:spad/acc_scale_unit/activated_data_e_scaled_in_to_rec_fn_9/_0133_ net:spad/acc_scale_unit/activated_data_e_scaled_in_to_rec_fn_9/_0476_
	bbox = (1983.5720, 2563.6360) - (1983.6000, 2563.6400) on Layer M1
violation type: Metal Spacing
	srcs: net:ex_controller/mesh/mesh/mesh_12_15/tile_0_0/_0832_
	bbox = (3018.2120, 3082.2560) - (3018.4280, 3082.4480) on Layer M6
violation type: Metal Spacing
	srcs: net:clknet_leaf_4241_clock inst:spad/acc_mems_1/q/ram\[193\]$_DFFE_PP_
	bbox = (1341.4160, 2473.3760) - (1341.4760, 2473.3800) on Layer M1
violation type: Metal Spacing
	srcs: net:ex_controller/mesh/mesh/mesh_7_3/tile_0_0/_0576_ net:net104437
	bbox = (2204.4240, 1455.0400) - (2204.4680, 1455.0440) on Layer M1
violation type: Metal Spacing
	srcs: net:ex_controller/mesh/mesh/mesh_7_3/tile_0_0/_0576_ net:net104437
	bbox = (2204.4240, 1455.0440) - (2204.4680, 1455.0720) on Layer M1
violation type: Metal Spacing
	srcs: net:ex_controller/mesh/mesh/mesh_7_3/tile_0_0/_0575_ net:ex_controller/mesh/mesh/mesh_7_3/tile_0_0/_0576_
	bbox = (2204.5400, 1455.0400) - (2204.5680, 1455.0440) on Layer M1
violation type: Metal Spacing
	srcs: net:spad/_acc_mems_0_io_adder_op1_15_0\[4\] net:spad/_acc_mems_0_io_adder_op1_7_0\[24\]
	bbox = (1285.4120, 2450.3200) - (1285.4480, 2450.5120) on Layer M6
violation type: Metal Spacing
	srcs: net:spad/acc_adders/m_4/_064_ net:spad/acc_adders/m_4/_173_
	bbox = (1302.7120, 2639.2640) - (1302.7760, 2639.2680) on Layer M1
violation type: Metal Spacing
	srcs: net:net57355 net:spad/_02073_
	bbox = (1378.1240, 2654.2120) - (1378.1520, 2654.2160) on Layer M1
violation type: Metal Spacing
	srcs: net:net135391
	bbox = (1657.7160, 2664.5960) - (1657.8760, 2664.6760) on Layer M8
violation type: Metal Spacing
	srcs: net:net135391
	bbox = (1657.7160, 2664.5960) - (1660.5760, 2664.6760) on Layer M8
violation type: Metal Spacing
	srcs: net:reservation_station/_01453_ net:reservation_station/_40030_
	bbox = (446.7320, 1691.5600) - (446.7600, 1691.5640) on Layer M1
violation type: Metal Spacing
	srcs: net:net58222 net:mod_1/ex/_04435_
	bbox = (696.5200, 1432.5960) - (700.5760, 1432.6760) on Layer M8
violation type: Metal Spacing
	srcs: net:net58222 net:mod_1/ex/_04435_
	bbox = (696.5200, 1432.5960) - (696.6800, 1432.6760) on Layer M8
violation type: Metal Spacing
	srcs: net:net80956 net:spad/acc_adders/m_4/_103_
	bbox = (1263.8760, 2437.9720) - (1263.8800, 2437.9800) on Layer M2
violation type: Metal Spacing
	srcs: net:spad/acc_adders/_0181_ net:VDD
	bbox = (1301.2640, 2629.8680) - (1301.2800, 2629.9120) on Layer M3
violation type: Metal Spacing
	srcs: net:spad/acc_mems_1/_0232_ inst:wire86865
	bbox = (1402.3880, 2432.3360) - (1402.4320, 2432.3400) on Layer M1
violation type: Metal Spacing
	srcs: net:net91791 net:net134717
	bbox = (1494.9120, 2539.8600) - (1496.8920, 2539.9560) on Layer M8
violation type: Metal Spacing
	srcs: net:net91791 net:net134717
	bbox = (1494.9120, 2539.8760) - (1496.8640, 2539.9560) on Layer M8
violation type: Metal Spacing
	srcs: net:net27594
	bbox = (1306.4480, 1436.0680) - (1306.6400, 1436.2840) on Layer M7
violation type: Metal Spacing
	srcs: net:net135484 net:net93766
	bbox = (1409.8760, 2634.4360) - (1410.0360, 2634.5160) on Layer M8
violation type: Metal Spacing
	srcs: net:net119446 net:net93766
	bbox = (1409.8760, 2634.4360) - (1410.0360, 2634.5160) on Layer M8
violation type: Metal Spacing
	srcs: net:net8478 net:net93766
	bbox = (1409.8760, 2634.4360) - (1410.0360, 2634.5800) on Layer M8
violation type: Metal Spacing
	srcs: net:net93847 net:net93766
	bbox = (1409.8760, 2634.4360) - (1410.0360, 2634.5160) on Layer M8
violation type: Metal Spacing
	srcs: net:net134775
	bbox = (1464.1640, 2506.1920) - (1464.3800, 2506.3840) on Layer M6
violation type: Metal Spacing
	srcs: net:net135094 net:VDD
	bbox = (1473.9520, 2541.3320) - (1474.1360, 2541.4680) on Layer M4
violation type: Metal Spacing
	srcs: net:ex_controller/mesh/mesh/mesh_7_2/tile_0_0/mac_unit/_0077_ net:ex_controller/mesh/mesh/mesh_7_2/tile_0_0/mac_unit/_0119_
	bbox = (2161.3400, 1241.2000) - (2161.3680, 1241.2040) on Layer M1
violation type: Metal Spacing
	srcs: net:ex_controller/mesh/mesh/mesh_7_2/tile_0_0/mac_unit/_0118_ net:ex_controller/mesh/mesh/mesh_7_2/tile_0_0/mac_unit/_0119_
	bbox = (2161.2240, 1241.2000) - (2161.2680, 1241.2040) on Layer M1
violation type: Metal Spacing
	srcs: net:net53116
	bbox = (533.6480, 1754.0200) - (533.8400, 1754.2360) on Layer M7
violation type: Metal Spacing
	srcs: net:net92792 net:net134890
	bbox = (1292.6800, 2425.3000) - (1293.2440, 2425.3160) on Layer M8
violation type: Metal Spacing
	srcs: net:spad/acc_adders/_0051_
	bbox = (1322.3600, 2627.0360) - (1322.3960, 2627.1840) on Layer M3
violation type: Metal Spacing
	srcs: net:clknet_leaf_3649_clock
	bbox = (1329.7920, 2627.8280) - (1330.6600, 2627.8720) on Layer M2
violation type: Metal Spacing
	srcs: net:net93886
	bbox = (1330.1960, 2630.7560) - (1330.2760, 2630.9160) on Layer M8
violation type: Metal Spacing
	srcs: net:net93886
	bbox = (1330.1960, 2630.7560) - (1330.2760, 2630.9600) on Layer M8
violation type: Metal Spacing
	srcs: net:net93886
	bbox = (1330.1960, 2630.6760) - (1330.2760, 2630.7560) on Layer M8
violation type: Metal Spacing
	srcs: net:net51374 inst:spad/acc_mems_0/q/_5909_
	bbox = (1336.5080, 2629.9760) - (1336.5520, 2629.9800) on Layer M1
violation type: Metal Spacing
	srcs: net:net55705 net:net93655
	bbox = (1338.0200, 2629.7760) - (1338.3920, 2629.9680) on Layer M6
violation type: Metal Spacing
	srcs: net:spad/acc_mems_1/_0273_ net:VSS
	bbox = (1425.1600, 2432.2520) - (1425.3440, 2432.3640) on Layer M4
violation type: Metal Spacing
	srcs: net:spad/acc_mems_0/q/_2905_ net:net119395
	bbox = (1441.5720, 2445.6680) - (1441.7200, 2445.7040) on Layer M2
violation type: Metal Spacing
	srcs: net:net91199 net:net135471
	bbox = (1441.0760, 2445.7400) - (1441.3960, 2445.8760) on Layer M8
violation type: Metal Spacing
	srcs: net:net119333 net:net94113
	bbox = (1437.4000, 2447.3000) - (1440.0600, 2447.3960) on Layer M8
violation type: Metal Spacing
	srcs: net:net51372 net:VDD
	bbox = (1473.9520, 2653.6520) - (1474.1360, 2653.9320) on Layer M4
violation type: Metal Spacing
	srcs: net:net91708 net:VSS
	bbox = (1571.1440, 2555.1000) - (1571.3920, 2555.1880) on Layer M4
violation type: Metal Spacing
	srcs: net:net135645 net:VSS
	bbox = (1587.1600, 2667.6920) - (1587.3440, 2667.7560) on Layer M4
violation type: Metal Spacing
	srcs: net:net92098 net:net94141
	bbox = (1613.7960, 2665.8760) - (1614.0480, 2665.9560) on Layer M8
violation type: Metal Spacing
	srcs: net:net44775 net:spad/writer/_09349_
	bbox = (1764.8800, 3001.4240) - (1765.2440, 3001.6160) on Layer M6
violation type: Metal Spacing
	srcs: net:reservation_station/_22151_ net:reservation_station/_22163_
	bbox = (539.1800, 1912.3960) - (539.2080, 1912.4000) on Layer M1
violation type: Metal Spacing
	srcs: net:net43355 net:spad/reader/beatPacker/_08070_
	bbox = (899.3520, 2813.6800) - (899.3960, 2813.6840) on Layer M1
violation type: Metal Spacing
	srcs: net:net43352 net:spad/reader/beatPacker/_08070_
	bbox = (899.4680, 2813.6800) - (899.4960, 2813.6840) on Layer M1
violation type: Metal Spacing
	srcs: net:spad/_acc_mems_0_io_adder_op1_4_0\[6\] net:VDD
	bbox = (1295.7520, 2474.3720) - (1295.9360, 2474.5080) on Layer M4
violation type: Metal Spacing
	srcs: net:net121800 net:VDD
	bbox = (1436.1520, 612.4520) - (1436.3360, 612.6360) on Layer M4
violation type: Metal Spacing
	srcs: net:net24045 net:net23685
	bbox = (366.0400, 1402.4600) - (367.8400, 1402.5960) on Layer M8
violation type: Metal Spacing
	srcs: net:spad/_acc_mems_0_io_adder_op1_4_0\[30\] net:spad/acc_mems_0/q/_2079_
	bbox = (1315.0880, 2484.1760) - (1315.1480, 2484.1800) on Layer M1
violation type: Metal Spacing
	srcs: net:net91920 net:net134928
	bbox = (1382.8600, 2431.6360) - (1385.0560, 2431.7160) on Layer M8
violation type: Metal Spacing
	srcs: net:net91920 net:net134928
	bbox = (1382.8600, 2431.6200) - (1385.0840, 2431.7160) on Layer M8
violation type: Metal Spacing
	srcs: net:net57390 net:spad/_02108_
	bbox = (1444.0040, 2445.5440) - (1444.0320, 2445.5480) on Layer M1
violation type: Metal Spacing
	srcs: net:ex_controller/mesh/mesh/mesh_10_5/tile_0_0/_0403_ net:ex_controller/mesh/mesh/mesh_10_5/tile_0_0/_0408_
	bbox = (2191.8160, 1855.7360) - (2191.8480, 1855.8080) on Layer M2
violation type: Metal Spacing
	srcs: net:ex_controller/mesh/mesh/mesh_8_13/tile_0_0/_0006_ net:ex_controller/mesh/mesh/mesh_8_13/tile_0_0/mac_unit/_0184_
	bbox = (3163.3640, 2499.9160) - (3163.3920, 2499.9200) on Layer M1
violation type: Metal Spacing
	srcs: net:store_controller/_08521_ net:store_controller/_08525_
	bbox = (715.1040, 2012.3200) - (715.1480, 2012.3240) on Layer M1
violation type: Metal Spacing
	srcs: net:mod/ld_weights/_020253_ net:mod/ld_weights/_020255_
	bbox = (911.0160, 1378.8760) - (911.0600, 1378.8800) on Layer M1
violation type: Metal Spacing
	srcs: net:mod/ld_weights/_020253_ net:mod/ld_weights/_020255_
	bbox = (911.0160, 1378.8560) - (911.0600, 1378.8760) on Layer M1
violation type: Metal Spacing
	srcs: net:mod/ld_weights/_020254_ net:mod/ld_weights/_020255_
	bbox = (911.1320, 1378.8760) - (911.1600, 1378.8800) on Layer M1
violation type: Metal Spacing
	srcs: net:ex_controller/mesh/mesh/mesh_15_1/tile_0_0/_0408_ net:ex_controller/mesh/mesh/mesh_15_1/tile_0_0/_0535_
	bbox = (1463.7600, 1572.1960) - (1463.8040, 1572.2000) on Layer M1
violation type: Metal Spacing
	srcs: net:net91791 net:net134717
	bbox = (1347.8520, 2539.8760) - (1494.9920, 2539.9560) on Layer M8
violation type: Metal Spacing
	srcs: net:net135634 net:net135132
	bbox = (1501.6360, 2433.9560) - (1501.7160, 2434.1160) on Layer M9
violation type: Metal Spacing
	srcs: net:ex_controller/mesh/mesh/mesh_8_6/tile_0_0/_0449_ net:ex_controller/mesh/mesh/mesh_8_6/tile_0_0/_0452_
	bbox = (2445.9120, 1792.0000) - (2445.9560, 1792.0040) on Layer M1
violation type: Metal Spacing
	srcs: net:net23934
	bbox = (421.1800, 1698.7680) - (421.4120, 1698.7680) on Layer M6
violation type: Metal Spacing
	srcs: net:net57344 net:spad/_08036_
	bbox = (1198.6440, 2426.1920) - (1199.1520, 2426.2480) on Layer M2
violation type: Metal Spacing
	srcs: net:spad/_acc_mems_0_io_adder_op1_6_0\[24\] net:VDD
	bbox = (1295.7520, 2476.5320) - (1295.9360, 2476.6200) on Layer M4
violation type: Metal Spacing
	srcs: net:net51940 net:net93785
	bbox = (1360.0360, 2627.8760) - (1360.5440, 2627.9560) on Layer M8
violation type: Metal Spacing
	srcs: net:net51940 net:net93785
	bbox = (1360.0360, 2627.8760) - (1360.1960, 2627.9560) on Layer M8
violation type: Metal Spacing
	srcs: net:net51940 net:net93785
	bbox = (1360.0360, 2627.8760) - (1360.5720, 2627.9720) on Layer M8
violation type: Metal Spacing
	srcs: net:net91888 net:net93735
	bbox = (1379.1560, 2514.1960) - (1379.3160, 2514.2760) on Layer M8
violation type: Metal Spacing
	srcs: net:mod/_25860_ net:mod/_26091_
	bbox = (1411.9200, 571.0360) - (1411.9640, 571.0400) on Layer M1
violation type: Metal Spacing
	srcs: net:net55709 net:VDD
	bbox = (1457.8800, 2539.1440) - (1457.9360, 2539.1480) on Layer M3
violation type: Metal Spacing
	srcs: net:ex_controller/mesh/mesh/mesh_12_0/tile_0_0/_0030_ net:ex_controller/mesh/mesh/mesh_12_0/tile_0_0/_0548_
	bbox = (1735.3880, 1388.0800) - (1735.4160, 1388.0840) on Layer M1
violation type: Metal Spacing
	srcs: net:ex_controller/mesh/mesh/mesh_1_1/tile_0_0/_0228_ net:ex_controller/mesh/mesh/mesh_1_1/tile_0_0/_0494_
	bbox = (2455.7120, 731.9840) - (2455.7760, 731.9880) on Layer M1
violation type: Metal Spacing
	srcs: net:ex_controller/mesh/mesh/mesh_7_6/tile_0_0/_0449_ net:ex_controller/mesh/mesh/mesh_7_6/tile_0_0/_0452_
	bbox = (2486.4200, 1712.0800) - (2486.4480, 1712.0840) on Layer M1
violation type: Metal Spacing
	srcs: net:spad/reader/beatPacker/_05792_ net:net118828
	bbox = (1125.5040, 2866.6000) - (1125.5480, 2866.6040) on Layer M1
violation type: Metal Spacing
	srcs: net:net77640 net:spad/reader/beatPacker/_05792_
	bbox = (1125.6200, 2866.6000) - (1125.6480, 2866.6040) on Layer M1
violation type: Metal Spacing
	srcs: net:net55713
	bbox = (1367.3240, 2481.4920) - (1367.3600, 2481.6080) on Layer M1
violation type: Metal Spacing
	srcs: net:net55713
	bbox = (1365.5960, 2481.4440) - (1367.3440, 2481.5000) on Layer M2
violation type: Metal Spacing
	srcs: net:net119446 net:net93725
	bbox = (1378.5400, 2637.9560) - (1379.3240, 2637.9720) on Layer M8
violation type: Metal Spacing
	srcs: net:net91920 net:net139069
	bbox = (1382.6760, 2433.1560) - (1384.9160, 2433.1600) on Layer M8
violation type: Metal Spacing
	srcs: net:mod/_11098_ net:mod/_11724_
	bbox = (1490.1120, 709.8400) - (1490.1560, 709.8440) on Layer M1
violation type: Metal Spacing
	srcs: net:net84507 net:mod/_11724_
	bbox = (1490.2280, 709.8400) - (1490.2560, 709.8440) on Layer M1
violation type: Metal Spacing
	srcs: net:net105122
	bbox = (1688.3600, 1945.4040) - (1688.5600, 1945.4520) on Layer M4
violation type: Metal Spacing
	srcs: net:spad/acc_scale_unit/activated_data_e_scaled_in_to_rec_fn_9/_0410_ net:spad/acc_scale_unit/activated_data_e_scaled_in_to_rec_fn_9/_0476_
	bbox = (1983.4560, 2563.6360) - (1983.5000, 2563.6400) on Layer M1
violation type: Metal Spacing
	srcs: net:net63616 net:net11782
	bbox = (2225.2000, 657.4880) - (2226.0760, 657.6800) on Layer M6
violation type: Metal Spacing
	srcs: net:ex_controller/mesh/mesh/mesh_7_5/tile_0_0/_0417_
	bbox = (2391.2680, 1635.7280) - (2391.4840, 1635.9840) on Layer M6
violation type: Metal Spacing
	srcs: net:reservation_station/_24984_ net:reservation_station/_42826_
	bbox = (394.4600, 1774.7200) - (394.4880, 1774.7240) on Layer M1
violation type: Metal Spacing
	srcs: net:reservation_station/_02204_ net:reservation_station/_42826_
	bbox = (394.3440, 1774.7200) - (394.3880, 1774.7240) on Layer M1
violation type: Metal Spacing
	srcs: net:mod/st/_12752_
	bbox = (901.4120, 146.0640) - (901.6280, 146.3200) on Layer M6
violation type: Metal Spacing
	srcs: net:net51840 net:spad/_acc_mems_0_io_adder_op1_8_0\[11\]
	bbox = (1253.8000, 2665.4760) - (1253.9600, 2665.5560) on Layer M8
violation type: Metal Spacing
	srcs: net:spad/_acc_mems_0_io_adder_op1_8_0\[11\] net:net134757
	bbox = (1253.8000, 2665.4760) - (1253.9600, 2665.5560) on Layer M8
violation type: Metal Spacing
	srcs: net:net135475
	bbox = (1474.5680, 2655.9520) - (1474.6240, 2656.1440) on Layer M6
violation type: Metal Spacing
	srcs: net:ex_controller/mesh/mesh/mesh_3_13/tile_0_0/_0781_ net:VDD
	bbox = (3212.7560, 1677.1720) - (3212.8080, 1677.3080) on Layer M3
violation type: Metal Spacing
	srcs: net:reservation_station/_22157_ net:reservation_station/_22190_
	bbox = (541.2240, 1912.3960) - (541.2680, 1912.4000) on Layer M1
violation type: Metal Spacing
	srcs: net:reservation_station/_22189_ net:reservation_station/_22190_
	bbox = (541.3400, 1912.3960) - (541.3680, 1912.4000) on Layer M1
violation type: Metal Spacing
	srcs: net:net27135 net:spad/reader/beatPacker/_00667_
	bbox = (971.2800, 2856.8800) - (971.3240, 2856.8840) on Layer M1
violation type: Metal Spacing
	srcs: net:net98437
	bbox = (1190.6200, 1699.7160) - (1190.7800, 1699.7960) on Layer M8
violation type: Metal Spacing
	srcs: net:net98437
	bbox = (1190.6200, 1699.7160) - (1193.1560, 1699.7960) on Layer M8
violation type: Metal Spacing
	srcs: net:net93846 net:VSS
	bbox = (1371.1600, 2630.9720) - (1371.3440, 2631.0840) on Layer M4
violation type: Metal Spacing
	srcs: net:net57370 net:spad/_02195_
	bbox = (1393.7480, 2511.1760) - (1393.7920, 2511.1800) on Layer M1
violation type: Metal Spacing
	srcs: net:spad/_acc_mems_0_io_adder_op1_8_0\[22\] net:spad/acc_mems_0/q/_1937_
	bbox = (1403.4320, 2510.0960) - (1403.4920, 2510.1000) on Layer M1
violation type: Metal Spacing
	srcs: net:spad/acc_mems_1/q/_1939_ net:net134705
	bbox = (1416.8240, 2510.0960) - (1416.8840, 2510.1000) on Layer M1
violation type: Metal Spacing
	srcs: net:ex_controller/mesh/mesh/mesh_5_4/tile_0_0/_0198_ net:ex_controller/mesh/mesh/mesh_5_4/tile_0_0/_0308_
	bbox = (2301.7400, 1461.5200) - (2301.7680, 1461.5240) on Layer M1
violation type: Metal Spacing
	srcs: net:ex_controller/mesh/mesh/mesh_3_1/tile_0_0/mac_unit/_0279_ net:ex_controller/mesh/mesh/mesh_3_1/tile_0_0/mac_unit/_0284_
	bbox = (2365.1280, 856.7200) - (2365.1720, 856.7240) on Layer M1
violation type: Metal Spacing
	srcs: net:ex_controller/mesh/mesh/mesh_5_5/tile_0_0/_0063_ net:ex_controller/mesh/mesh/mesh_5_5/tile_0_0/_0782_
	bbox = (2424.8600, 1480.9600) - (2424.8880, 1480.9640) on Layer M1
violation type: Metal Spacing
	srcs: net:ex_controller/mesh/mesh/mesh_5_5/tile_0_0/_0064_ net:ex_controller/mesh/mesh/mesh_5_5/tile_0_0/_0782_
	bbox = (2424.7440, 1480.9600) - (2424.7880, 1480.9640) on Layer M1
violation type: Metal Spacing
	srcs: net:clknet_10_103_0_clock
	bbox = (473.2480, 1695.8880) - (473.2520, 1696.0160) on Layer M6
violation type: Metal Spacing
	srcs: net:mod/st/_31473_ net:mod/st/_31486_
	bbox = (850.8680, 397.1560) - (850.8960, 397.1600) on Layer M1
violation type: Metal Spacing
	srcs: net:spad/acc_scale_unit/activated_data_e_scaled_muladder_6/mulAddRecFNToRaw_postMul/_0790_ net:spad/acc_scale_unit/activated_data_e_scaled_muladder_6/mulAddRecFNToRaw_postMul/_0791_
	bbox = (1291.2920, 3224.0800) - (1291.3200, 3224.0840) on Layer M1
violation type: Metal Spacing
	srcs: net:spad/acc_scale_unit/activated_data_e_scaled_muladder_6/mulAddRecFNToRaw_postMul/_0790_ net:spad/acc_scale_unit/activated_data_e_scaled_muladder_6/mulAddRecFNToRaw_postMul/_0791_
	bbox = (1291.2920, 3224.0840) - (1291.3200, 3224.0880) on Layer M1
violation type: Metal Spacing
	srcs: net:net135530 net:VDD
	bbox = (1295.7520, 2508.5880) - (1295.9360, 2508.7480) on Layer M4
violation type: Metal Spacing
	srcs: net:spad/_acc_mems_0_io_adder_op1_14_0\[2\] net:net135162
	bbox = (1318.1960, 2536.1960) - (1318.3560, 2536.2760) on Layer M8
violation type: Metal Spacing
	srcs: net:spad/acc_mems_0/_0205_ net:spad/acc_mems_0/_2821_
	bbox = (1387.8440, 2445.5440) - (1387.8720, 2445.5480) on Layer M1
violation type: Metal Spacing
	srcs: net:net135026 net:net101798
	bbox = (1477.3960, 2546.4360) - (1479.3240, 2546.5160) on Layer M8
violation type: Metal Spacing
	srcs: net:spad/acc_mems_1/_0245_ net:net134648
	bbox = (1590.3560, 2660.1200) - (1590.5960, 2660.2760) on Layer M8
violation type: Metal Spacing
	srcs: net:net60618
	bbox = (1760.0360, 1469.0720) - (1760.2520, 1469.3280) on Layer M6
violation type: Metal Spacing
	srcs: net:ex_controller/mesh/mesh/mesh_3_7/tile_0_0/_0030_ net:net26349
	bbox = (2705.0760, 1396.8360) - (2705.3120, 1396.9280) on Layer M8
violation type: Metal Spacing
	srcs: net:spad/vsm/pipe/out_bits_data_muladder/_0327_ net:spad/vsm/pipe/out_bits_data_muladder/_0459_
	bbox = (468.1160, 2290.3960) - (468.1440, 2290.4000) on Layer M1
violation type: Metal Spacing
	srcs: net:spad/vsm/pipe/out_bits_data_muladder/_0326_ net:spad/vsm/pipe/out_bits_data_muladder/_0459_
	bbox = (468.0000, 2290.3960) - (468.0440, 2290.4000) on Layer M1
violation type: Metal Spacing
	srcs: net:spad/write_issue_q/ram_ext/_4867_ net:net106457
	bbox = (1026.6920, 2086.2760) - (1026.7200, 2086.2800) on Layer M1
violation type: Metal Spacing
	srcs: net:spad/acc_mems_0/_2642_ net:net119664
	bbox = (1481.4440, 2488.1400) - (1481.4680, 2488.1440) on Layer M1
violation type: Metal Spacing
	srcs: net:ex_controller/mesh/mesh/mesh_15_15/tile_0_0/mac_unit/_0291_ net:ex_controller/mesh/mesh/mesh_15_15/tile_0_0/mac_unit/_0606_
	bbox = (2691.0720, 3107.4400) - (2691.1160, 3107.4440) on Layer M1
violation type: Metal Spacing
	srcs: net:ex_controller/mesh/mesh/r_255_0\[6\] net:ex_controller/mesh/mesh/mesh_15_15/tile_0_0/mac_unit/_0291_
	bbox = (2691.1880, 3107.4400) - (2691.2160, 3107.4440) on Layer M1
violation type: Metal Spacing
	srcs: net:mod_1/ex/_02206_ net:mod_1/ex/_03454_
	bbox = (659.4920, 1507.9600) - (659.5200, 1507.9640) on Layer M1
violation type: Metal Spacing
	srcs: net:spad/vsm/pipe_2/out_bits_data_muladder/mulAddRecFNToRaw_preMul/_0211_ net:spad/vsm/pipe_2/out_bits_data_muladder/mulAddRecFNToRaw_preMul/_0212_
	bbox = (772.8920, 2279.0800) - (772.9200, 2279.0840) on Layer M1
violation type: Metal Spacing
	srcs: net:spad/acc_scale_unit/activated_data_e_scaled_muladder_4/mulAddRecFNToRaw_postMul/_0009_ net:spad/acc_scale_unit/activated_data_e_scaled_muladder_4/mulAddRecFNToRaw_postMul/_1468_
	bbox = (1043.1080, 3096.6400) - (1043.1360, 3096.6440) on Layer M1
violation type: Metal Spacing
	srcs: net:spad/_acc_mems_0_io_adder_op1_8_0\[11\] net:net135342
	bbox = (1197.6960, 2663.2360) - (1256.1160, 2663.3160) on Layer M8
violation type: Metal Spacing
	srcs: net:spad/_acc_mems_0_io_adder_op1_8_0\[11\] net:net134757
	bbox = (1187.7160, 2665.4760) - (1253.8800, 2665.5560) on Layer M8
violation type: Metal Spacing
	srcs: net:net92792 net:net134861
	bbox = (1171.3920, 2425.1560) - (1291.7960, 2425.2360) on Layer M8
violation type: Metal Spacing
	srcs: net:spad/_acc_mems_0_io_adder_op1_14_0\[2\] net:net135162
	bbox = (1317.5200, 2536.1960) - (1317.6800, 2536.2760) on Layer M8
violation type: Metal Spacing
	srcs: net:mod/_26090_ net:mod/_26091_
	bbox = (1412.0360, 571.0360) - (1412.0640, 571.0400) on Layer M1
violation type: Metal Spacing
	srcs: net:net91972 net:net135420
	bbox = (1543.4840, 2656.0160) - (1543.6960, 2656.0800) on Layer M6
violation type: Metal Spacing
	srcs: net:net91972
	bbox = (1543.4400, 2655.6880) - (1543.6960, 2655.7400) on Layer M7
violation type: Metal Spacing
	srcs: net:net91972 net:net135451
	bbox = (1543.3120, 2655.4200) - (1543.3760, 2655.6880) on Layer M7
violation type: Metal Spacing
	srcs: net:mod/ld_input/_14184_ net:mod/ld_input/_14191_
	bbox = (1604.4920, 397.1560) - (1604.5200, 397.1600) on Layer M1
violation type: Metal Spacing
	srcs: net:net88931 net:ex_controller/mesh/mesh/mesh_14_2/tile_0_0/mac_unit/_0291_
	bbox = (1625.4440, 1666.1560) - (1625.4720, 1666.1600) on Layer M1
violation type: Metal Spacing
	srcs: net:ex_controller/mesh/mesh/mesh_13_6/tile_0_0/_0576_ net:net105189
	bbox = (2011.1040, 2059.2760) - (2011.1480, 2059.2800) on Layer M1
violation type: Metal Spacing
	srcs: net:ex_controller/mesh/mesh/mesh_13_6/tile_0_0/_0575_ net:ex_controller/mesh/mesh/mesh_13_6/tile_0_0/_0576_
	bbox = (2011.2200, 2059.2760) - (2011.2480, 2059.2800) on Layer M1
violation type: Metal Spacing
	srcs: net:ex_controller/mesh/mesh/mesh_5_1/tile_0_0/_0198_ net:ex_controller/mesh/mesh/mesh_5_1/tile_0_0/_0308_
	bbox = (2138.2280, 947.4400) - (2138.2560, 947.4440) on Layer M1
violation type: Metal Spacing
	srcs: net:reservation_station/_34117_ net:reservation_station/_34121_
	bbox = (576.6480, 1828.7200) - (576.6920, 1828.7240) on Layer M1
violation type: Metal Spacing
	srcs: net:reservation_station/_34120_ net:reservation_station/_34121_
	bbox = (576.7640, 1828.7200) - (576.7920, 1828.7240) on Layer M1
violation type: Metal Spacing
	srcs: net:spad/write_issue_q/ram_ext/_4867_ net:net98868
	bbox = (1026.5760, 2086.2760) - (1026.6200, 2086.2800) on Layer M1
violation type: Metal Spacing
	srcs: net:ex_controller/mesh/mesh/pipe_b_15_0\[6\] net:net109921
	bbox = (1195.7440, 1481.9560) - (1317.7960, 1482.0360) on Layer M8
violation type: Metal Spacing
	srcs: net:spad/_acc_mems_0_io_adder_op1_15_0\[8\] net:spad/acc_adders/m_4/_135_
	bbox = (1295.5560, 2494.2760) - (1295.7040, 2494.3200) on Layer M2
violation type: Metal Spacing
	srcs: net:net93791 net:VDD
	bbox = (1295.7520, 2493.8120) - (1295.9360, 2494.0920) on Layer M4
violation type: Metal Spacing
	srcs: net:spad/_acc_mems_0_io_adder_op1_15_0\[24\] net:net135601
	bbox = (1317.5200, 2458.9160) - (1317.6800, 2458.9960) on Layer M8
violation type: Metal Spacing
	srcs: net:net101854
	bbox = (1424.6000, 2636.6640) - (1424.6360, 2636.7760) on Layer M3
violation type: Metal Spacing
	srcs: net:mod/ex/_097034_ net:mod/ex/_097095_
	bbox = (1468.8440, 968.4760) - (1468.8720, 968.4800) on Layer M1
violation type: Metal Spacing
	srcs: net:mod/ex/_097094_ net:mod/ex/_097095_
	bbox = (1468.7280, 968.4760) - (1468.7720, 968.4800) on Layer M1
violation type: Metal Spacing
	srcs: net:net91920
	bbox = (1356.9560, 2432.5960) - (1489.3160, 2432.6760) on Layer M8
violation type: Metal Spacing
	srcs: net:net91920
	bbox = (1356.9560, 2432.5960) - (1497.6160, 2432.6760) on Layer M8
violation type: Metal Spacing
	srcs: net:ex_controller/mesh/mesh/mesh_12_0/tile_0_0/_0201_ net:ex_controller/mesh/mesh/mesh_12_0/tile_0_0/_0664_
	bbox = (1549.7640, 1389.6360) - (1714.0640, 1389.7160) on Layer M8
violation type: Metal Spacing
	srcs: net:ex_controller/mesh/mesh/mesh_11_4/tile_0_0/_0449_ net:ex_controller/mesh/mesh/mesh_11_4/tile_0_0/_0452_
	bbox = (1961.6400, 1792.0000) - (1961.6840, 1792.0040) on Layer M1
violation type: Metal Spacing
	srcs: net:ex_controller/mesh/mesh/mesh_11_4/tile_0_0/_0451_ net:ex_controller/mesh/mesh/mesh_11_4/tile_0_0/_0452_
	bbox = (1961.7560, 1792.0000) - (1961.7840, 1792.0040) on Layer M1
violation type: Metal Spacing
	srcs: net:net87188 net:ex_controller/mesh/mesh/mesh_6_11/tile_0_0/mac_unit/_0291_
	bbox = (3074.3720, 1959.9160) - (3074.4000, 1959.9200) on Layer M1
violation type: Metal Spacing
	srcs: net:spad/acc_scale_unit/activated_data_e_scaled_muladder_6/mulAddRecFNToRaw_postMul/_0788_ net:spad/acc_scale_unit/activated_data_e_scaled_muladder_6/mulAddRecFNToRaw_postMul/_0791_
	bbox = (1291.1760, 3224.0800) - (1291.2200, 3224.0840) on Layer M1
violation type: Metal Spacing
	srcs: net:net135026 net:net108389
	bbox = (1461.1600, 2544.8360) - (1464.6080, 2544.9160) on Layer M8
violation type: Metal Spacing
	srcs: net:net135026 net:net108389
	bbox = (1461.1600, 2544.8360) - (1464.6360, 2544.9160) on Layer M8
violation type: Metal Spacing
	srcs: net:spad/acc_adders/m_4/_012_ net:net135084
	bbox = (1397.6160, 2542.1160) - (1480.0960, 2542.1960) on Layer M8
violation type: Metal Spacing
	srcs: net:spad/_acc_mems_0_io_read_resp_bits_data_9_0\[27\] net:spad/acc_mems_0/q/_0317_
	bbox = (1491.3800, 2657.7000) - (1491.4240, 2657.7040) on Layer M1
violation type: Metal Spacing
	srcs: net:net91553 net:net52699
	bbox = (1521.6400, 2505.9560) - (1521.8000, 2506.0360) on Layer M8
violation type: Metal Spacing
	srcs: net:net91888 net:spad/acc_adders/_0679_
	bbox = (1538.3800, 2514.3560) - (1539.3960, 2514.4360) on Layer M8
violation type: Metal Spacing
	srcs: net:ex_controller/mesh/mesh/mesh_8_1/tile_0_0/_0548_ net:net114803
	bbox = (2013.4800, 1288.1560) - (2013.5240, 1288.1600) on Layer M1
violation type: Metal Spacing
	srcs: net:ex_controller/mesh/mesh/mesh_8_1/tile_0_0/_0297_ net:ex_controller/mesh/mesh/mesh_8_1/tile_0_0/_0548_
	bbox = (2013.5960, 1288.1560) - (2013.6240, 1288.1600) on Layer M1
violation type: Metal Spacing
	srcs: net:spad/ex_read_pipe_3/ram_ext/_2129_ net:net101102
	bbox = (2225.0600, 773.5600) - (2225.0880, 773.5640) on Layer M1
violation type: Metal Spacing
	srcs: net:ex_controller/mesh/mesh/mesh_13_9/tile_0_0/mac_unit/_0088_ net:ex_controller/mesh/mesh/mesh_13_9/tile_0_0/mac_unit/_0116_
	bbox = (2407.0480, 2264.2440) - (2407.0520, 2264.2800) on Layer M2
violation type: Metal Spacing
	srcs: net:ex_controller/mesh/mesh/mesh_9_12/tile_0_0/_0030_ net:ex_controller/mesh/mesh/mesh_9_12/tile_0_0/_0548_
	bbox = (2997.6920, 2437.2760) - (2997.7200, 2437.2800) on Layer M1
violation type: Metal Spacing
	srcs: net:ex_controller/mesh/mesh/mesh_2_10/tile_0_0/mac_unit/_0115_ net:ex_controller/mesh/mesh/mesh_2_10/tile_0_0/mac_unit/_0118_
	bbox = (3049.7480, 1297.3600) - (3049.7760, 1297.3640) on Layer M1
violation type: Metal Spacing
	srcs: net:ex_controller/mesh/mesh/mesh_6_12/tile_0_0/_0465_
	bbox = (3097.7640, 2058.7680) - (3099.8560, 2058.8960) on Layer M6
violation type: Metal Spacing
	srcs: net:mod_1/stC_spad/_0484_ net:net119730
	bbox = (406.2240, 1444.2400) - (406.2680, 1444.2440) on Layer M1
violation type: Metal Spacing
	srcs: net:mod_1/stC_spad/_0481_ net:mod_1/stC_spad/_0484_
	bbox = (406.3400, 1444.2400) - (406.3680, 1444.2440) on Layer M1
violation type: Metal Spacing
	srcs: net:spad/vsm/pipe_3/_0146_ net:spad/vsm/pipe_3/_0149_
	bbox = (625.4640, 2480.4760) - (625.5080, 2480.4800) on Layer M1
violation type: Metal Spacing
	srcs: net:spad/vsm/pipe_3/_0147_ net:spad/vsm/pipe_3/_0149_
	bbox = (625.5800, 2480.4760) - (625.6080, 2480.4800) on Layer M1
violation type: Metal Spacing
	srcs: net:reservation_station/_05193_ net:reservation_station/_17745_
	bbox = (726.9840, 1601.9200) - (727.0280, 1601.9240) on Layer M1
violation type: Metal Spacing
	srcs: net:mod/ld_weights/_043440_ net:net122749
	bbox = (840.5000, 1225.5160) - (840.5280, 1225.5200) on Layer M1
violation type: Metal Spacing
	srcs: net:net105846 net:store_controller/_02293_
	bbox = (838.5560, 1875.6760) - (838.5840, 1875.6800) on Layer M1
violation type: Metal Spacing
	srcs: net:spad/acc_scale_unit/activated_data_e_scaled_muladder_5/_1665_ net:spad/acc_scale_unit/activated_data_e_scaled_muladder_5/_2080_
	bbox = (1140.6240, 3234.3160) - (1140.6680, 3234.3200) on Layer M1
violation type: Metal Spacing
	srcs: net:spad/acc_scale_unit/activated_data_e_scaled_muladder_5/_2079_ net:spad/acc_scale_unit/activated_data_e_scaled_muladder_5/_2080_
	bbox = (1140.7400, 3234.3160) - (1140.7680, 3234.3200) on Layer M1
violation type: Metal Spacing
	srcs: net:spad/acc_scale_unit/activated_data_e_scaled_muladder_1/mulAddRecFNToRaw_preMul/_0032_ net:spad/acc_scale_unit/activated_data_e_scaled_muladder_1/mulAddRecFNToRaw_preMul/_0174_
	bbox = (1217.4200, 1895.6800) - (1217.4480, 1895.6840) on Layer M1
violation type: Metal Spacing
	srcs: net:spad/acc_scale_unit/activated_data_e_scaled_muladder_1/mulAddRecFNToRaw_preMul/_0032_ net:spad/acc_scale_unit/activated_data_e_scaled_muladder_1/mulAddRecFNToRaw_preMul/_0242_
	bbox = (1217.3040, 1895.6800) - (1217.3480, 1895.6840) on Layer M1
violation type: Metal Spacing
	srcs: net:net41195 net:net34048
	bbox = (1117.4440, 2684.3560) - (1282.9880, 2684.4360) on Layer M8
violation type: Metal Spacing
	srcs: net:net92013 net:net119446
	bbox = (1241.9840, 2636.7560) - (1329.4800, 2636.8360) on Layer M8
violation type: Metal Spacing
	srcs: net:net93847 net:net93725
	bbox = (1287.8760, 2638.0360) - (1375.1200, 2638.1160) on Layer M8
violation type: Metal Spacing
	srcs: net:net135331 net:net119479
	bbox = (1360.6760, 2627.7960) - (1360.7200, 2639.3200) on Layer M9
violation type: Metal Spacing
	srcs: net:net52665 net:spad/_06062_
	bbox = (1367.7560, 2547.4360) - (1367.7840, 2547.4400) on Layer M1
violation type: Metal Spacing
	srcs: net:spad/_06062_ net:net28811
	bbox = (1367.6400, 2547.4360) - (1367.6840, 2547.4400) on Layer M1
violation type: Metal Spacing
	srcs: net:mod/ex/_056249_ net:mod/ex/_056253_
	bbox = (1391.7320, 1124.5600) - (1391.7600, 1124.5640) on Layer M1
violation type: Metal Spacing
	srcs: net:spad/_acc_mems_1_io_adder_op1_8_0\[9\] net:net134709
	bbox = (1414.1800, 2503.0760) - (1415.3160, 2503.0920) on Layer M8
violation type: Metal Spacing
	srcs: net:spad/_acc_mems_1_io_adder_op1_9_0\[21\] net:net134705
	bbox = (1367.9400, 2508.7560) - (1421.9040, 2508.8360) on Layer M8
violation type: Metal Spacing
	srcs: net:net134705 net:net93714
	bbox = (1337.7320, 2510.5960) - (1432.6200, 2510.6760) on Layer M8
violation type: Metal Spacing
	srcs: net:net137599
	bbox = (1419.8120, 1411.3440) - (1420.0280, 1411.5360) on Layer M6
violation type: Metal Spacing
	srcs: net:spad/acc_adders/m_11/_181_ net:spad/acc_adders/m_11/_182_
	bbox = (1427.5520, 2637.6400) - (1427.6160, 2637.6440) on Layer M1
violation type: Metal Spacing
	srcs: net:mod/ld_input/_24185_ net:mod/ld_input/_25714_
	bbox = (1512.4760, 316.7200) - (1512.5040, 316.7240) on Layer M1
violation type: Metal Spacing
	srcs: net:net78375 net:net135019
	bbox = (1516.2920, 2638.4360) - (1521.2600, 2638.5160) on Layer M8
violation type: Metal Spacing
	srcs: net:net78375 net:net135019
	bbox = (1392.0000, 2638.4360) - (1522.3400, 2638.5160) on Layer M8
violation type: Metal Spacing
	srcs: net:ex_controller/mesh/mesh/r_227_0\[6\] net:net26196
	bbox = (1803.0720, 1684.1160) - (1860.0960, 1684.1800) on Layer M8
violation type: Metal Spacing
	srcs: net:ex_controller/mesh/mesh/mesh_9_2/tile_0_0/_0040_ net:ex_controller/mesh/mesh/mesh_9_2/tile_0_0/_0464_
	bbox = (2071.2680, 1452.3160) - (2071.2960, 1452.3200) on Layer M1
violation type: Metal Spacing
	srcs: net:ex_controller/mesh/mesh/mesh_15_9/tile_0_0/mac_unit/_0424_ net:ex_controller/mesh/mesh/mesh_15_9/tile_0_0/mac_unit/_0435_
	bbox = (2311.3440, 2425.9600) - (2311.3880, 2425.9640) on Layer M1
violation type: Metal Spacing
	srcs: net:ex_controller/mesh/mesh/mesh_3_3/tile_0_0/mac_unit/_0279_ net:ex_controller/mesh/mesh/mesh_3_3/tile_0_0/mac_unit/_0284_
	bbox = (2344.2920, 1187.2000) - (2344.3200, 1187.2040) on Layer M1
violation type: Metal Spacing
	srcs: net:ex_controller/mesh/mesh/mesh_3_3/tile_0_0/mac_unit/_0251_ net:ex_controller/mesh/mesh/mesh_3_3/tile_0_0/mac_unit/_0284_
	bbox = (2344.1760, 1187.2000) - (2344.2200, 1187.2040) on Layer M1
violation type: Metal Spacing
	srcs: net:ex_controller/mesh/mesh/mesh_14_12/tile_0_0/mac_unit/_0353_ net:ex_controller/mesh/mesh/mesh_14_12/tile_0_0/mac_unit/_0471_
	bbox = (2621.7360, 2766.1600) - (2621.7800, 2766.1640) on Layer M1
violation type: Metal Spacing
	srcs: net:ex_controller/mesh/mesh/mesh_14_12/tile_0_0/mac_unit/_0359_ net:ex_controller/mesh/mesh/mesh_14_12/tile_0_0/mac_unit/_0471_
	bbox = (2621.8520, 2766.1600) - (2621.8800, 2766.1640) on Layer M1
violation type: Metal Spacing
	srcs: net:ex_controller/mesh/mesh/mesh_8_9/tile_0_0/_0548_ net:net115761
	bbox = (2743.7760, 2039.8360) - (2743.8200, 2039.8400) on Layer M1
violation type: Metal Spacing
	srcs: net:ex_controller/mesh/mesh/mesh_8_9/tile_0_0/_0297_ net:ex_controller/mesh/mesh/mesh_8_9/tile_0_0/_0548_
	bbox = (2743.8920, 2039.8360) - (2743.9200, 2039.8400) on Layer M1
violation type: Metal Spacing
	srcs: net:net88241 net:ex_controller/mesh/mesh/mesh_2_11/tile_0_0/mac_unit/_0184_
	bbox = (3123.6200, 1361.5960) - (3123.6480, 1361.6000) on Layer M1
violation type: Metal Spacing
	srcs: net:ex_controller/mesh/mesh/mesh_5_13/tile_0_0/_0449_ net:ex_controller/mesh/mesh/mesh_5_13/tile_0_0/_0452_
	bbox = (3198.5720, 2042.5600) - (3198.6000, 2042.5640) on Layer M1
violation type: Metal Spacing
	srcs: net:ex_controller/mesh/mesh/mesh_5_13/tile_0_0/_0447_ net:ex_controller/mesh/mesh/mesh_5_13/tile_0_0/_0452_
	bbox = (3198.4560, 2042.5600) - (3198.5000, 2042.5640) on Layer M1
violation type: Metal Spacing
	srcs: net:ex_controller/mesh/mesh/mesh_5_14/tile_0_0/_0286_ net:ex_controller/mesh/mesh/mesh_5_14/tile_0_0/_0525_
	bbox = (3325.1480, 2049.0400) - (3325.1760, 2049.0440) on Layer M1
violation type: Metal Spacing
	srcs: net:tlb/tlbs_0/tlb/_2678_ net:tlb/tlbs_0/tlb/_2679_
	bbox = (104.9040, 1939.3960) - (104.9480, 1939.4000) on Layer M1
violation type: Metal Spacing
	srcs: net:tlb/tlbs_0/tlb/_2676_ net:tlb/tlbs_0/tlb/_2679_
	bbox = (105.0200, 1939.3960) - (105.0480, 1939.4000) on Layer M1
violation type: Metal Spacing
	srcs: net:counters/counterfile/_03350_ net:net7741
	bbox = (175.2200, 1923.1960) - (175.2480, 1923.2000) on Layer M1
violation type: Metal Spacing
	srcs: net:counters/counterfile/_03310_ net:net7741
	bbox = (204.3800, 1856.2360) - (204.4080, 1856.2400) on Layer M1
violation type: Metal Spacing
	srcs: net:mod_1/ex/_03341_ net:mod_1/ex/_03454_
	bbox = (659.3760, 1507.9600) - (659.4200, 1507.9640) on Layer M1
violation type: Metal Spacing
	srcs: net:spad/vsm/pipe_3/out_bits_data_muladder/mulAddRecFNToRaw_preMul/_0565_ net:spad/vsm/pipe_3/out_bits_data_muladder/mulAddRecFNToRaw_preMul/_0767_
	bbox = (694.0520, 2572.8400) - (694.0800, 2572.8440) on Layer M1
violation type: Metal Spacing
	srcs: net:mod/ld_weights/_060976_ net:net122835
	bbox = (907.0280, 1085.1160) - (907.0560, 1085.1200) on Layer M1
violation type: Metal Spacing
	srcs: net:spad/acc_scale_unit/activated_data_e_scaled_rec_fn_to_in_4/_0383_ net:net5767
	bbox = (907.7760, 3013.9960) - (907.8200, 3014.0000) on Layer M1
violation type: Metal Spacing
	srcs: net:spad/acc_scale_unit/activated_data_e_scaled_rec_fn_to_in_4/_0383_ net:spad/acc_scale_unit/activated_data_e_scaled_rec_fn_to_in_4/_0600_
	bbox = (907.8920, 3013.9960) - (907.9200, 3014.0000) on Layer M1
violation type: Metal Spacing
	srcs: net:net134833 net:net134728
	bbox = (1437.4000, 2496.4360) - (1437.5600, 2496.5160) on Layer M8
violation type: Metal Spacing
	srcs: net:net92758 net:spad/_acc_mems_1_io_adder_op1_7_0\[13\]
	bbox = (1413.7200, 2436.6760) - (1462.1080, 2436.7560) on Layer M8
violation type: Metal Spacing
	srcs: net:mod/ld_input/_14191_ net:net110545
	bbox = (1604.3760, 397.1560) - (1604.4200, 397.1600) on Layer M1
violation type: Metal Spacing
	srcs: net:mod/ex/_069264_ net:mod/ex/_069266_
	bbox = (1656.1160, 1158.5560) - (1656.1440, 1158.5600) on Layer M1
violation type: Metal Spacing
	srcs: net:mod/ex/_068559_ net:mod/ex/_069266_
	bbox = (1656.0000, 1158.5560) - (1656.0440, 1158.5600) on Layer M1
violation type: Metal Spacing
	srcs: net:ex_controller/mesh/mesh/mesh_14_4/tile_0_0/_0198_ net:ex_controller/mesh/mesh/mesh_14_4/tile_0_0/_0308_
	bbox = (1691.5400, 1959.9160) - (1691.5680, 1959.9200) on Layer M1
violation type: Metal Spacing
	srcs: net:ex_controller/mesh/mesh/mesh_11_3/tile_0_0/_0037_ net:ex_controller/mesh/mesh/mesh_11_3/tile_0_0/_0828_
	bbox = (1989.6200, 1672.6360) - (1989.6480, 1672.6400) on Layer M1
violation type: Metal Spacing
	srcs: net:ex_controller/mesh/mesh/mesh_14_7/tile_0_0/_0029_ net:ex_controller/mesh/mesh/mesh_14_7/tile_0_0/_0590_
	bbox = (2009.4920, 2216.9560) - (2009.5200, 2216.9600) on Layer M1
violation type: Metal Spacing
	srcs: net:ex_controller/mesh/mesh/mesh_5_2/tile_0_0/_0296_ net:ex_controller/mesh/mesh/mesh_5_2/tile_0_0/_0317_
	bbox = (2167.3680, 1101.1720) - (2167.5160, 1101.2080) on Layer M2
violation type: Metal Spacing
	srcs: net:ex_controller/mesh/mesh/mesh_15_9/tile_0_0/_0029_ net:ex_controller/mesh/mesh/mesh_15_9/tile_0_0/_0590_
	bbox = (2268.4760, 2370.3160) - (2268.5040, 2370.3200) on Layer M1
violation type: Metal Spacing
	srcs: net:ex_controller/mesh/mesh/mesh_0_2/tile_0_0/mac_unit/_0159_ net:ex_controller/mesh/mesh/mesh_0_2/tile_0_0/mac_unit/_0524_
	bbox = (2659.5440, 858.3160) - (2659.5800, 858.3200) on Layer M1
violation type: Metal Spacing
	srcs: net:ex_controller/mesh/mesh/mesh_0_2/tile_0_0/mac_unit/_0159_ net:ex_controller/mesh/mesh/mesh_0_2/tile_0_0/mac_unit/_0524_
	bbox = (2659.6520, 858.3160) - (2659.6800, 858.3200) on Layer M1
violation type: Metal Spacing
	srcs: net:ex_controller/mesh/mesh/mesh_3_7/tile_0_0/mac_unit/_0279_ net:ex_controller/mesh/mesh/mesh_3_7/tile_0_0/mac_unit/_0284_
	bbox = (2750.5880, 1334.0800) - (2750.6160, 1334.0840) on Layer M1
violation type: Metal Spacing
	srcs: net:ex_controller/mesh/mesh/mesh_3_7/tile_0_0/mac_unit/_0251_ net:ex_controller/mesh/mesh/mesh_3_7/tile_0_0/mac_unit/_0284_
	bbox = (2750.4720, 1334.0800) - (2750.5160, 1334.0840) on Layer M1
violation type: Metal Spacing
	srcs: net:mod_1/stC/_08794_ net:mod_1/stC/_08984_
	bbox = (396.0720, 1271.4400) - (396.1160, 1271.4440) on Layer M1
violation type: Metal Spacing
	srcs: net:mod_1/stC/_08973_ net:mod_1/stC/_08984_
	bbox = (396.1880, 1271.4400) - (396.2160, 1271.4440) on Layer M1
violation type: Metal Spacing
	srcs: net:net62259 net:reservation_station/_39944_
	bbox = (442.7880, 1685.3480) - (443.1880, 1685.3920) on Layer M2
violation type: Metal Spacing
	srcs: net:reservation_station/_01457_ net:reservation_station/_39944_
	bbox = (442.7880, 1685.3480) - (442.7920, 1685.3920) on Layer M2
violation type: Metal Spacing
	srcs: net:net37391 net:net23753
	bbox = (428.0960, 1695.1560) - (498.4200, 1695.2360) on Layer M8
violation type: Metal Spacing
	srcs: net:net37391 net:net23664
	bbox = (404.0320, 1695.1560) - (498.4200, 1695.2360) on Layer M8
violation type: Metal Spacing
	srcs: net:mod_1/ldD/_02257_ net:mod_1/ldD/_02408_
	bbox = (501.0480, 1058.1160) - (501.0920, 1058.1200) on Layer M1
violation type: Metal Spacing
	srcs: net:mod_1/ldD/_02407_ net:mod_1/ldD/_02408_
	bbox = (501.1640, 1058.1160) - (501.1920, 1058.1200) on Layer M1
violation type: Metal Spacing
	srcs: net:net74708 net:net24024
	bbox = (410.9120, 1698.6760) - (519.4760, 1698.7560) on Layer M8
violation type: Metal Spacing
	srcs: net:mod/st/_31514_ net:net120705
	bbox = (855.8360, 406.8760) - (855.8640, 406.8800) on Layer M1
violation type: Metal Spacing
	srcs: net:spad/reader/beatPacker/_00190_ net:spad/reader/beatPacker/_00996_
	bbox = (948.7160, 2802.8800) - (948.7440, 2802.8840) on Layer M1
violation type: Metal Spacing
	srcs: net:spad/reader/beatPacker/_00996_ net:spad/reader/beatPacker/_09349_
	bbox = (948.6000, 2802.8800) - (948.6440, 2802.8840) on Layer M1
violation type: Metal Spacing
	srcs: net:spad/acc_scale_unit/activated_data_e_scaled_muladder_6/_0330_ net:spad/acc_scale_unit/activated_data_e_scaled_muladder_6/_1279_
	bbox = (1256.5160, 3113.9200) - (1256.5440, 3113.9240) on Layer M1
violation type: Metal Spacing
	srcs: net:mod/ex/_035218_ net:net111321
	bbox = (1182.9120, 1405.7160) - (1318.2200, 1405.7960) on Layer M8
violation type: Metal Spacing
	srcs: net:net91920 net:net119668
	bbox = (1303.3160, 2432.4360) - (1349.4600, 2432.5160) on Layer M8
violation type: Metal Spacing
	srcs: net:net135590
	bbox = (1364.7560, 2450.9800) - (1364.8360, 2452.6760) on Layer M9
violation type: Metal Spacing
	srcs: net:net135590
	bbox = (1364.7560, 2450.9800) - (1364.8360, 2451.1400) on Layer M9
violation type: Metal Spacing
	srcs: net:net84615 net:mod/_00841_
	bbox = (1400.2760, 603.5560) - (1400.4360, 603.6360) on Layer M8
violation type: Metal Spacing
	srcs: net:net135390 net:net135208
	bbox = (1403.8760, 2449.7960) - (1404.0360, 2449.8760) on Layer M8
violation type: Metal Spacing
	srcs: net:net135390 net:net135208
	bbox = (1403.8760, 2449.7960) - (1405.7000, 2449.8760) on Layer M8
violation type: Metal Spacing
	srcs: net:net91920
	bbox = (1356.9560, 2432.5960) - (1538.4600, 2432.6760) on Layer M8
violation type: Metal Spacing
	srcs: net:net52680 net:spad/_05996_
	bbox = (1539.3600, 2426.4760) - (1539.4040, 2426.4800) on Layer M1
violation type: Metal Spacing
	srcs: net:net49276 net:spad/_05996_
	bbox = (1539.4760, 2426.4760) - (1539.5040, 2426.4800) on Layer M1
violation type: Metal Spacing
	srcs: net:spad/_acc_mems_1_io_adder_op1_2_0\[7\] net:net108430
	bbox = (1577.8760, 2659.0400) - (1578.1440, 2659.1560) on Layer M8
violation type: Metal Spacing
	srcs: net:ex_controller/mesh/mesh/mesh_11_5/tile_0_0/_0040_ net:ex_controller/mesh/mesh/mesh_11_5/tile_0_0/_0464_
	bbox = (2104.5320, 1865.4400) - (2104.5600, 1865.4440) on Layer M1
violation type: Metal Spacing
	srcs: net:ex_controller/mesh/mesh/mesh_11_5/tile_0_0/_0040_ net:ex_controller/mesh/mesh/mesh_11_5/tile_0_0/_0464_
	bbox = (2104.5320, 1865.4400) - (2104.5680, 1865.4440) on Layer M1
violation type: Metal Spacing
	srcs: net:ex_controller/mesh/mesh/mesh_15_8/tile_0_0/_0040_ net:ex_controller/mesh/mesh/mesh_15_8/tile_0_0/_0464_
	bbox = (2135.6360, 2290.3960) - (2135.6640, 2290.4000) on Layer M1
violation type: Metal Spacing
	srcs: net:ex_controller/mesh/mesh/mesh_7_4/tile_0_0/mac_unit/_0359_ net:ex_controller/mesh/mesh/mesh_7_4/tile_0_0/mac_unit/_0471_
	bbox = (2339.6400, 1618.6360) - (2339.6840, 1618.6400) on Layer M1
violation type: Metal Spacing
	srcs: net:ex_controller/mesh/mesh/mesh_7_4/tile_0_0/mac_unit/_0367_ net:ex_controller/mesh/mesh/mesh_7_4/tile_0_0/mac_unit/_0471_
	bbox = (2339.7560, 1618.6360) - (2339.7840, 1618.6400) on Layer M1
violation type: Metal Spacing
	srcs: net:ex_controller/mesh/mesh/mesh_5_8/tile_0_0/mac_unit/_0050_ net:ex_controller/mesh/mesh/mesh_5_8/tile_0_0/mac_unit/_0066_
	bbox = (2778.6680, 1638.6400) - (2778.6960, 1638.6440) on Layer M1
violation type: Metal Spacing
	srcs: net:ex_controller/mesh/mesh/mesh_3_12/tile_0_0/_0438_
	bbox = (3156.6320, 1619.2720) - (3156.6680, 1620.0960) on Layer M3
violation type: Metal Spacing
	srcs: net:ex_controller/mesh/mesh/mesh_6_13/tile_0_0/_0301_ net:net116241
	bbox = (3192.8400, 2178.6400) - (3192.8840, 2178.6440) on Layer M1
violation type: Metal Spacing
	srcs: net:ex_controller/mesh/mesh/mesh_6_13/tile_0_0/_0297_ net:ex_controller/mesh/mesh/mesh_6_13/tile_0_0/_0301_
	bbox = (3192.9560, 2178.6400) - (3192.9840, 2178.6440) on Layer M1
violation type: Metal Spacing
	srcs: net:ex_controller/cmd_q/_04150_ net:ex_controller/cmd_q/_04151_
	bbox = (1229.1840, 1627.8400) - (1229.2280, 1627.8440) on Layer M1
violation type: Metal Spacing
	srcs: net:ex_controller/cmd_q/_04151_ net:net117844
	bbox = (1229.3000, 1627.8400) - (1229.3280, 1627.8440) on Layer M1
violation type: Metal Spacing
	srcs: net:spad/acc_scale_unit/activated_data_e_scaled_muladder_1/mulAddRecFNToRaw_preMul/_0456_ net:spad/acc_scale_unit/activated_data_e_scaled_muladder_1/mulAddRecFNToRaw_preMul/mainAlignedSigC\[3\]
	bbox = (1226.4920, 1975.6000) - (1226.5200, 1975.6040) on Layer M1
violation type: Metal Spacing
	srcs: net:spad/acc_scale_unit/activated_data_e_scaled_muladder_1/mulAddRecFNToRaw_preMul/_0453_ net:spad/acc_scale_unit/activated_data_e_scaled_muladder_1/mulAddRecFNToRaw_preMul/mainAlignedSigC\[3\]
	bbox = (1226.3760, 1975.6000) - (1226.4200, 1975.6040) on Layer M1
violation type: Metal Spacing
	srcs: net:mod/ex/_010661_ net:mod/ex/_010671_
	bbox = (1272.5000, 1161.2800) - (1272.5280, 1161.2840) on Layer M1
violation type: Metal Spacing
	srcs: net:net51825 net:net119481
	bbox = (1269.6000, 2641.4760) - (1321.7440, 2641.5560) on Layer M8
violation type: Metal Spacing
	srcs: net:net92758 net:spad/acc_mems_1/pipelined_writes_1_bits_mask_13
	bbox = (1385.2840, 2436.9160) - (1462.1080, 2436.9960) on Layer M8
violation type: Metal Spacing
	srcs: net:net92758 net:net135634
	bbox = (1314.9000, 2436.9160) - (1462.1080, 2436.9960) on Layer M8
violation type: Metal Spacing
	srcs: net:net134853
	bbox = (1441.7200, 2484.5960) - (1441.8800, 2484.6760) on Layer M8
violation type: Metal Spacing
	srcs: net:net134853
	bbox = (1441.7200, 2484.5960) - (1442.9600, 2484.6760) on Layer M8
violation type: Metal Spacing
	srcs: net:net134673 net:net108408
	bbox = (1371.2400, 2512.5960) - (1495.2600, 2512.6760) on Layer M8
violation type: Metal Spacing
	srcs: net:net91888 net:spad/acc_adders/_0752_
	bbox = (1380.6120, 2511.9560) - (1539.5560, 2512.0360) on Layer M8
violation type: Metal Spacing
	srcs: net:net61841 net:net119324
	bbox = (1581.4120, 2626.5760) - (1581.7000, 2626.6400) on Layer M6
violation type: Metal Spacing
	srcs: net:spad/dma_read_pipe_2/ram_ext/_1898_ net:net100000
	bbox = (2105.6120, 360.4360) - (2105.6400, 360.4400) on Layer M1
violation type: Metal Spacing
	srcs: net:spad/dma_read_pipe_2/ram_ext/_1898_ net:net107545
	bbox = (2105.4960, 360.4360) - (2105.5400, 360.4400) on Layer M1
violation type: Metal Spacing
	srcs: net:ex_controller/mesh/mesh/mesh_5_8/tile_0_0/_0405_ net:net104584
	bbox = (2724.7680, 1682.3560) - (2724.8120, 1682.3600) on Layer M1
violation type: Metal Spacing
	srcs: net:ex_controller/mesh/mesh/mesh_1_9/tile_0_0/_0344_ net:ex_controller/mesh/mesh/mesh_1_9/tile_0_0/_0387_
	bbox = (2930.0840, 1188.7960) - (2930.1120, 1188.8000) on Layer M1
violation type: Metal Spacing
	srcs: net:ex_controller/mesh/mesh/mesh_7_11/tile_0_0/mac_unit/_0115_ net:ex_controller/mesh/mesh/mesh_7_11/tile_0_0/mac_unit/_0118_
	bbox = (3017.9960, 2076.5560) - (3018.0240, 2076.5600) on Layer M1
violation type: Metal Spacing
	srcs: net:counters/counterfile/_03573_ net:net43208
	bbox = (210.3120, 1776.3160) - (210.3560, 1776.3200) on Layer M1
violation type: Metal Spacing
	srcs: net:counters/counterfile/_03573_ net:net7729
	bbox = (210.4280, 1776.3160) - (210.4560, 1776.3200) on Layer M1
violation type: Metal Spacing
	srcs: net:net31489 net:spad/read_issue_q/ram_ext/_05174_
	bbox = (226.7280, 2168.9200) - (226.7720, 2168.9240) on Layer M1
violation type: Metal Spacing
	srcs: net:_load_controller_io_dma_req_bits_vaddr\[26\] net:spad/read_issue_q/ram_ext/_05174_
	bbox = (226.8440, 2168.9200) - (226.8720, 2168.9240) on Layer M1
violation type: Metal Spacing
	srcs: net:spad/read_issue_q/ram_ext/_05780_ net:net107044
	bbox = (239.6880, 2343.3160) - (239.7320, 2343.3200) on Layer M1
violation type: Metal Spacing
	srcs: net:spad/read_issue_q/ram_ext/_05780_ net:net107085
	bbox = (239.8040, 2343.3160) - (239.8320, 2343.3200) on Layer M1
violation type: Metal Spacing
	srcs: net:reservation_station/_08102_ net:reservation_station/_16491_
	bbox = (301.7960, 1709.3560) - (301.8240, 1709.3600) on Layer M1
violation type: Metal Spacing
	srcs: net:mod_1/stC/_09323_ net:mod_1/stC/_09324_
	bbox = (369.6200, 1268.7160) - (369.6480, 1268.7200) on Layer M1
violation type: Metal Spacing
	srcs: net:mod_1/stC/_08887_ net:mod_1/stC/_09023_
	bbox = (379.0080, 1260.6400) - (379.0520, 1260.6440) on Layer M1
violation type: Metal Spacing
	srcs: net:_load_controller_io_dma_req_bits_laddr_accumulate net:load_controller/cmd_q/ram_ext/_06891_
	bbox = (384.1920, 2076.5560) - (384.2360, 2076.5600) on Layer M1
violation type: Metal Spacing
	srcs: net:_load_controller_io_dma_req_bits_laddr_accumulate net:net95199
	bbox = (384.3080, 2076.5560) - (384.3360, 2076.5600) on Layer M1
violation type: Metal Spacing
	srcs: net:reservation_station/_18899_ net:reservation_station/_18900_
	bbox = (526.6520, 1534.9600) - (526.6800, 1534.9640) on Layer M1
violation type: Metal Spacing
	srcs: net:net70083 net:reservation_station/_22594_
	bbox = (549.6480, 1948.6000) - (549.6920, 1948.6040) on Layer M1
violation type: Metal Spacing
	srcs: net:mod_1/ldA/_04558_ net:mod_1/ldA/_04674_
	bbox = (588.6440, 1057.6000) - (588.6720, 1057.6040) on Layer M1
violation type: Metal Spacing
	srcs: net:mod/st/_29177_ net:mod/st/_29178_
	bbox = (702.9080, 112.6000) - (702.9360, 112.6040) on Layer M1
violation type: Metal Spacing
	srcs: net:store_controller/_04007_ net:store_controller/_11789_
	bbox = (768.5720, 2132.7160) - (768.6080, 2132.7200) on Layer M1
violation type: Metal Spacing
	srcs: net:store_controller/_04007_ net:store_controller/_11789_
	bbox = (768.5720, 2132.7160) - (768.6000, 2132.7200) on Layer M1
violation type: Metal Spacing
	srcs: net:spad/vsm/pipe_3/out_bits_data_muladder/_1644_ net:net3745
	bbox = (786.8160, 2510.7160) - (786.8600, 2510.7200) on Layer M1
violation type: Metal Spacing
	srcs: net:spad/vsm/pipe_3/out_bits_data_muladder/_1644_ net:net3746
	bbox = (786.9320, 2510.7160) - (786.9600, 2510.7200) on Layer M1
violation type: Metal Spacing
	srcs: net:net59439 net:net13405
	bbox = (759.5800, 1691.8760) - (824.5920, 1691.9560) on Layer M8
violation type: Metal Spacing
	srcs: net:mod/ld_weights/_043100_ net:mod/ld_weights/_043336_
	bbox = (847.8440, 1177.9960) - (847.8720, 1178.0000) on Layer M1
violation type: Metal Spacing
	srcs: net:spad/write_issue_q/ram_ext/_3719_ net:net106464
	bbox = (914.4720, 2122.9960) - (914.5160, 2123.0000) on Layer M1
violation type: Metal Spacing
	srcs: net:net9566 net:spad/write_issue_q/ram_ext/_3719_
	bbox = (914.5880, 2122.9960) - (914.6160, 2123.0000) on Layer M1
violation type: Metal Spacing
	srcs: net:net9542 net:spad/write_issue_q/ram_ext/_4542_
	bbox = (914.3720, 2132.2000) - (914.4000, 2132.2040) on Layer M1
violation type: Metal Spacing
	srcs: net:spad/reader/beatPacker/_09569_ net:spad/reader/beatPacker/_09856_
	bbox = (928.0800, 2601.2920) - (928.1240, 2601.2960) on Layer M1
violation type: Metal Spacing
	srcs: net:spad/reader/beatPacker/_09568_ net:spad/reader/beatPacker/_09569_
	bbox = (928.1960, 2601.2920) - (928.2240, 2601.2960) on Layer M1
violation type: Metal Spacing
	srcs: net:mod/ld_weights/_004257_ net:mod/ld_weights/_004258_
	bbox = (973.7720, 830.8000) - (973.8080, 830.8040) on Layer M1
violation type: Metal Spacing
	srcs: net:mod/ld_weights/_004257_ net:mod/ld_weights/_004258_
	bbox = (973.7720, 830.8000) - (973.8000, 830.8040) on Layer M1
violation type: Metal Spacing
	srcs: net:mod/ld_weights/_004129_ net:mod/ld_weights/_004258_
	bbox = (973.6560, 830.8000) - (973.7000, 830.8040) on Layer M1
violation type: Metal Spacing
	srcs: net:spad/reader/beatPacker/_02436_ net:net118928
	bbox = (1034.5680, 2893.6000) - (1034.6120, 2893.6040) on Layer M1
violation type: Metal Spacing
	srcs: net:spad/reader/beatPacker/_02436_ net:net118928
	bbox = (1034.5680, 2893.6040) - (1034.6120, 2893.6080) on Layer M1
violation type: Metal Spacing
	srcs: net:spad/reader/beatPacker/_02435_ net:spad/reader/beatPacker/_02436_
	bbox = (1034.6840, 2893.6000) - (1034.7120, 2893.6040) on Layer M1
violation type: Metal Spacing
	srcs: net:spad/acc_scale_unit/activated_data_e_scaled_in_to_rec_fn_4/roundAnyRawFNToRecFN/_025_ net:spad/acc_scale_unit/activated_data_e_scaled_in_to_rec_fn_4/roundAnyRawFNToRecFN/_093_
	bbox = (1185.4520, 2976.7600) - (1185.4800, 2976.7640) on Layer M1
violation type: Metal Spacing
	srcs: net:spad/_acc_mems_0_io_adder_op1_9_0\[14\] net:net108379
	bbox = (1267.7000, 2509.4760) - (1409.0760, 2509.5560) on Layer M8
violation type: Metal Spacing
	srcs: net:net35724 net:spad/acc_scale_unit/activated_data_e_scaled_in_to_rec_fn_1/roundAnyRawFNToRecFN/_015_
	bbox = (1284.9120, 2070.0760) - (1284.9560, 2070.0800) on Layer M1
violation type: Metal Spacing
	srcs: net:spad/acc_scale_unit/activated_data_e_scaled_in_to_rec_fn_1/_intAsRawFloat_sig_T\[27\] net:spad/acc_scale_unit/activated_data_e_scaled_in_to_rec_fn_1/roundAnyRawFNToRecFN/_015_
	bbox = (1285.0280, 2070.0760) - (1285.0560, 2070.0800) on Layer M1
violation type: Metal Spacing
	srcs: net:net93735 net:net93640
	bbox = (1233.1560, 2514.9160) - (1365.6600, 2514.9960) on Layer M8
violation type: Metal Spacing
	srcs: net:spad/_acc_mems_0_io_adder_op1_3_0\[14\] net:net134924
	bbox = (1342.9160, 2472.8360) - (1343.0760, 2472.9160) on Layer M8
violation type: Metal Spacing
	srcs: net:spad/_acc_mems_0_io_adder_op1_3_0\[14\] net:net135703
	bbox = (1342.9160, 2472.5160) - (1343.0760, 2472.5960) on Layer M8
violation type: Metal Spacing
	srcs: net:ex_controller/mesh/mesh/mesh_15_0/tile_0_0/_0294_ net:ex_controller/mesh/mesh/mesh_15_0/tile_0_0/_0468_
	bbox = (1376.5760, 1525.7840) - (1376.6400, 1525.7880) on Layer M1
violation type: Metal Spacing
	srcs: net:spad/_acc_mems_1_io_adder_op1_2_0\[7\] net:net20926
	bbox = (1364.5440, 2659.3160) - (1394.0360, 2659.3960) on Layer M8
violation type: Metal Spacing
	srcs: net:spad/_acc_mems_1_io_adder_op1_8_0\[9\] net:net134820
	bbox = (1407.0760, 2501.3960) - (1408.8640, 2501.4760) on Layer M8
violation type: Metal Spacing
	srcs: net:spad/_acc_mems_1_io_adder_op1_8_0\[9\] net:net134820
	bbox = (1407.0760, 2501.3960) - (1407.2360, 2501.4760) on Layer M8
violation type: Metal Spacing
	srcs: net:net134820 net:net134766
	bbox = (1407.0760, 2501.1560) - (1408.8640, 2501.2360) on Layer M8
violation type: Metal Spacing
	srcs: net:net102003
	bbox = (1411.6320, 2476.8360) - (1416.9160, 2476.9160) on Layer M8
violation type: Metal Spacing
	srcs: net:net91929 net:net14040
	bbox = (1372.4840, 2493.3160) - (1439.0760, 2493.3960) on Layer M8
violation type: Metal Spacing
	srcs: net:ex_controller/mesh/mesh/mesh_15_1/tile_0_0/_0524_ net:ex_controller/mesh/mesh/mesh_15_1/tile_0_0/_0535_
	bbox = (1463.8760, 1572.1960) - (1463.9040, 1572.2000) on Layer M1
violation type: Metal Spacing
	srcs: net:mod/ex/_053761_ net:net127056
	bbox = (1503.1880, 1051.1200) - (1503.2160, 1051.1240) on Layer M1
violation type: Metal Spacing
	srcs: net:mod/ex/_050467_ net:mod/ex/_050499_
	bbox = (1550.7080, 1262.2360) - (1550.7360, 1262.2400) on Layer M1
violation type: Metal Spacing
	srcs: net:mod/ex/_050497_ net:mod/ex/_050499_
	bbox = (1550.5920, 1262.2360) - (1550.6360, 1262.2400) on Layer M1
violation type: Metal Spacing
	srcs: net:net98441
	bbox = (1770.0400, 1699.7960) - (1770.2000, 1699.8760) on Layer M8
violation type: Metal Spacing
	srcs: net:net26150 net:net112958
	bbox = (1773.8200, 1694.0360) - (1773.9800, 1694.1160) on Layer M8
violation type: Metal Spacing
	srcs: net:net26150 net:net112958
	bbox = (1740.1640, 1694.0360) - (1773.9800, 1694.1160) on Layer M8
violation type: Metal Spacing
	srcs: net:ex_controller/mesh/mesh/mesh_13_5/tile_0_0/mac_unit/_0369_ net:ex_controller/mesh/mesh/mesh_13_5/tile_0_0/mac_unit/_0371_
	bbox = (1955.9960, 1875.6280) - (1956.0680, 1875.6800) on Layer M1
violation type: Metal Spacing
	srcs: net:ex_controller/mesh/mesh/mesh_13_5/tile_0_0/mac_unit/_0369_ net:ex_controller/mesh/mesh/mesh_13_5/tile_0_0/mac_unit/_0371_
	bbox = (1955.9960, 1875.6280) - (1956.0680, 1875.6800) on Layer M1
violation type: Metal Spacing
	srcs: net:ex_controller/mesh/mesh/mesh_13_5/tile_0_0/mac_unit/_0370_ net:ex_controller/mesh/mesh/mesh_13_5/tile_0_0/mac_unit/_0371_
	bbox = (1956.1400, 1875.6760) - (1956.1680, 1875.6800) on Layer M1
violation type: Metal Spacing
	srcs: net:spad/dma_read_pipe/ram_ext/_2139_ net:net101352
	bbox = (1978.1720, 507.3160) - (1978.2000, 507.3200) on Layer M1
violation type: Metal Spacing
	srcs: net:spad/acc_scale_unit/activated_data_e_scaled_in_to_rec_fn_11/_0015_ net:spad/acc_scale_unit/activated_data_e_scaled_in_to_rec_fn_11/_0046_
	bbox = (1994.4720, 2810.9560) - (1994.5160, 2810.9600) on Layer M1
violation type: Metal Spacing
	srcs: net:spad/acc_scale_unit/activated_data_e_scaled_in_to_rec_fn_11/_0016_ net:spad/acc_scale_unit/activated_data_e_scaled_in_to_rec_fn_11/_0046_
	bbox = (1994.5880, 2810.9560) - (1994.6160, 2810.9600) on Layer M1
violation type: Metal Spacing
	srcs: net:spad/acc_scale_unit/activated_data_e_scaled_in_to_rec_fn_9/_intAsRawFloat_sig_T\[26\] net:spad/acc_scale_unit/activated_data_e_scaled_in_to_rec_fn_9/roundAnyRawFNToRecFN/_015_
	bbox = (2018.6640, 2593.3600) - (2018.7080, 2593.3640) on Layer M1
violation type: Metal Spacing
	srcs: net:spad/acc_scale_unit/activated_data_e_scaled_in_to_rec_fn_9/roundAnyRawFNToRecFN/_012_ net:spad/acc_scale_unit/activated_data_e_scaled_in_to_rec_fn_9/roundAnyRawFNToRecFN/_015_
	bbox = (2018.7800, 2593.3600) - (2018.8080, 2593.3640) on Layer M1
violation type: Metal Spacing
	srcs: net:ex_controller/mesh/mesh/mesh_14_7/tile_0_0/mac_unit/_0096_ net:ex_controller/mesh/mesh/mesh_14_7/tile_0_0/mac_unit/_0119_
	bbox = (2049.3360, 2169.4360) - (2049.3800, 2169.4400) on Layer M1
violation type: Metal Spacing
	srcs: net:ex_controller/mesh/mesh/mesh_14_7/tile_0_0/mac_unit/_0118_ net:ex_controller/mesh/mesh/mesh_14_7/tile_0_0/mac_unit/_0119_
	bbox = (2049.4520, 2169.4360) - (2049.4800, 2169.4400) on Layer M1
violation type: Metal Spacing
	srcs: net:spad/acc_scale_unit/activated_data_e_scaled_muladder_9/roundRawFNToRecFN/roundAnyRawFNToRecFN/_0196_ net:spad/acc_scale_unit/activated_data_e_scaled_muladder_9/roundRawFNToRecFN/roundAnyRawFNToRecFN/_0198_
	bbox = (2147.0840, 2409.7600) - (2147.1120, 2409.7640) on Layer M1
violation type: Metal Spacing
	srcs: net:spad/ex_read_pipe_3/ram_ext/_2196_ net:net101098
	bbox = (2200.0040, 617.4760) - (2200.0320, 617.4800) on Layer M1
violation type: Metal Spacing
	srcs: net:ex_controller/mesh/mesh/mesh_11_7/tile_0_0/_0785_ net:ex_controller/mesh/mesh/mesh_11_7/tile_0_0/_0789_
	bbox = (2274.0360, 2047.0240) - (2274.1840, 2047.0360) on Layer M2
violation type: Metal Spacing
	srcs: net:net89879 net:ex_controller/mesh/mesh/mesh_10_7/tile_0_0/mac_unit/_0336_
	bbox = (2341.0520, 1966.3960) - (2341.0800, 1966.4000) on Layer M1
violation type: Metal Spacing
	srcs: net:spad/acc_scale_unit/activated_data_e_scaled_muladder_12/mulAddRecFNToRaw_postMul/_1327_ net:spad/acc_scale_unit/activated_data_e_scaled_muladder_12/mulAddRecFNToRaw_postMul/_1677_
	bbox = (2424.8600, 2856.8800) - (2424.8880, 2856.8840) on Layer M1
violation type: Metal Spacing
	srcs: net:net88105 net:ex_controller/mesh/mesh/mesh_2_4/tile_0_0/mac_unit/_0248_
	bbox = (2473.2440, 1195.2760) - (2473.2720, 1195.2800) on Layer M1
violation type: Metal Spacing
	srcs: net:ex_controller/mesh/mesh/mesh_6_5/tile_0_0/mac_unit/_0159_ net:ex_controller/mesh/mesh/mesh_6_5/tile_0_0/mac_unit/_0524_
	bbox = (2486.6360, 1555.9960) - (2486.6720, 1556.0000) on Layer M1
violation type: Metal Spacing
	srcs: net:ex_controller/mesh/mesh/mesh_6_5/tile_0_0/mac_unit/_0159_ net:ex_controller/mesh/mesh/mesh_6_5/tile_0_0/mac_unit/_0524_
	bbox = (2486.6360, 1555.9960) - (2486.6640, 1556.0000) on Layer M1
violation type: Metal Spacing
	srcs: net:ex_controller/mesh/mesh/mesh_7_6/tile_0_0/_0064_ net:ex_controller/mesh/mesh/mesh_7_6/tile_0_0/_0782_
	bbox = (2487.3840, 1701.2800) - (2487.4280, 1701.2840) on Layer M1
violation type: Metal Spacing
	srcs: net:ex_controller/mesh/mesh/mesh_7_6/tile_0_0/_0064_ net:ex_controller/mesh/mesh/mesh_7_6/tile_0_0/_0782_
	bbox = (2487.3840, 1701.2840) - (2487.4280, 1701.3160) on Layer M1
violation type: Metal Spacing
	srcs: net:ex_controller/mesh/mesh/mesh_7_6/tile_0_0/_0063_ net:ex_controller/mesh/mesh/mesh_7_6/tile_0_0/_0782_
	bbox = (2487.5000, 1701.2800) - (2487.5280, 1701.2840) on Layer M1
violation type: Metal Spacing
	srcs: net:ex_controller/mesh/mesh/mesh_7_6/tile_0_0/_0063_ net:ex_controller/mesh/mesh/mesh_7_6/tile_0_0/_0782_
	bbox = (2487.5000, 1701.2800) - (2487.5360, 1701.2840) on Layer M1
violation type: Metal Spacing
	srcs: net:ex_controller/mesh/mesh/mesh_7_6/tile_0_0/_0613_ net:ex_controller/mesh/mesh/mesh_7_6/tile_0_0/_0617_
	bbox = (2500.8920, 1701.2800) - (2500.9200, 1701.2840) on Layer M1
violation type: Metal Spacing
	srcs: net:ex_controller/mesh/mesh/mesh_7_6/tile_0_0/_0210_ net:ex_controller/mesh/mesh/mesh_7_6/tile_0_0/_0617_
	bbox = (2500.7760, 1701.2800) - (2500.8200, 1701.2840) on Layer M1
violation type: Metal Spacing
	srcs: net:ex_controller/mesh/mesh/mesh_1_0/tile_0_0/_0197_ net:ex_controller/mesh/mesh/mesh_1_0/tile_0_0/_0555_
	bbox = (2545.1720, 277.2760) - (2545.2000, 277.2800) on Layer M1
violation type: Metal Spacing
	srcs: net:ex_controller/mesh/mesh/mesh_9_9/tile_0_0/_0490_
	bbox = (2665.6960, 2076.6240) - (2666.2160, 2076.6880) on Layer M6
violation type: Metal Spacing
	srcs: net:ex_controller/mesh/mesh/mesh_2_6/tile_0_0/mac_unit/_0050_ net:ex_controller/mesh/mesh/mesh_2_6/tile_0_0/mac_unit/_0066_
	bbox = (2688.8120, 1262.2360) - (2688.8400, 1262.2400) on Layer M1
violation type: Metal Spacing
	srcs: net:ex_controller/mesh/mesh/mesh_12_12/tile_0_0/_0458_ net:ex_controller/mesh/mesh/mesh_12_12/tile_0_0/_0538_
	bbox = (2758.5800, 2599.8400) - (2758.6080, 2599.8440) on Layer M1
violation type: Metal Spacing
	srcs: net:ex_controller/mesh/mesh/mesh_13_13/tile_0_0/_0029_ net:ex_controller/mesh/mesh/mesh_13_13/tile_0_0/_0590_
	bbox = (2782.7720, 2820.1600) - (2782.8080, 2820.1640) on Layer M1
violation type: Metal Spacing
	srcs: net:ex_controller/mesh/mesh/mesh_13_13/tile_0_0/_0029_ net:ex_controller/mesh/mesh/mesh_13_13/tile_0_0/_0590_
	bbox = (2782.7720, 2820.1600) - (2782.8000, 2820.1640) on Layer M1
violation type: Metal Spacing
	srcs: net:ex_controller/mesh/mesh/mesh_7_10/tile_0_0/_0040_ net:ex_controller/mesh/mesh/mesh_7_10/tile_0_0/_0464_
	bbox = (2908.4840, 2033.3560) - (2908.5120, 2033.3600) on Layer M1
violation type: Metal Spacing
	srcs: net:ex_controller/mesh/mesh/mesh_11_12/tile_0_0/mac_unit/_0279_ net:ex_controller/mesh/mesh/mesh_11_12/tile_0_0/mac_unit/_0284_
	bbox = (2923.1720, 2563.1200) - (2923.2000, 2563.1240) on Layer M1
violation type: Metal Spacing
	srcs: net:ex_controller/mesh/mesh/mesh_6_12/tile_0_0/_0562_ net:ex_controller/mesh/mesh/mesh_6_12/tile_0_0/_0563_
	bbox = (3090.1400, 2076.5560) - (3090.1680, 2076.5600) on Layer M1
violation type: Metal Spacing
	srcs: net:ex_controller/mesh/mesh/mesh_8_13/tile_0_0/_0198_ net:ex_controller/mesh/mesh/mesh_8_13/tile_0_0/_0308_
	bbox = (3114.1160, 2553.9160) - (3114.1440, 2553.9200) on Layer M1
violation type: Metal Spacing
	srcs: net:ex_controller/mesh/mesh/mesh_0_15/tile_0_0/_0037_ net:ex_controller/mesh/mesh/mesh_0_15/tile_0_0/_0828_
	bbox = (3180.4280, 1268.7160) - (3180.4560, 1268.7200) on Layer M1
violation type: Metal Spacing
	srcs: net:net87955 net:ex_controller/mesh/mesh/mesh_3_12/tile_0_0/mac_unit/_0184_
	bbox = (3203.6400, 1562.4760) - (3203.6840, 1562.4800) on Layer M1
violation type: Metal Spacing
	srcs: net:ex_controller/mesh/mesh/r_60_0\[1\] net:ex_controller/mesh/mesh/mesh_3_12/tile_0_0/mac_unit/_0184_
	bbox = (3203.7560, 1562.4760) - (3203.7840, 1562.4800) on Layer M1
violation type: Metal Spacing
	srcs: net:ex_controller/mesh/mesh/mesh_7_14/tile_0_0/_0198_ net:ex_controller/mesh/mesh/mesh_7_14/tile_0_0/_0308_
	bbox = (3226.4360, 2472.4000) - (3226.4640, 2472.4040) on Layer M1
violation type: Metal Spacing
	srcs: net:tlb/tlbs_0/tlb/pmp/_0518_ net:tlb/tlbs_0/tlb/pmp/_0519_
	bbox = (28.7720, 1838.4400) - (28.8000, 1838.4440) on Layer M1
violation type: Metal Spacing
	srcs: net:counters/counterfile/_10262_ net:counters/counterfile/_10343_
	bbox = (141.9560, 1811.4400) - (141.9840, 1811.4440) on Layer M1
violation type: Metal Spacing
	srcs: net:reservation_station/_37052_ net:reservation_station/_37064_
	bbox = (492.3080, 1664.5600) - (492.3360, 1664.5640) on Layer M1
violation type: Metal Spacing
	srcs: net:store_controller/_00147_ net:store_controller/_01861_
	bbox = (776.5640, 1921.6000) - (776.5920, 1921.6040) on Layer M1
violation type: Metal Spacing
	srcs: net:store_controller/_00038_ net:store_controller/_01861_
	bbox = (776.4480, 1921.6000) - (776.4920, 1921.6040) on Layer M1
violation type: Metal Spacing
	srcs: net:reservation_station/_18422_ net:reservation_station/_18423_
	bbox = (791.2520, 1765.5160) - (791.2800, 1765.5200) on Layer M1
violation type: Metal Spacing
	srcs: net:reservation_station/_04824_ net:reservation_station/_17172_
	bbox = (824.4000, 1545.1960) - (824.4440, 1545.2000) on Layer M1
violation type: Metal Spacing
	srcs: net:reservation_station/_17171_ net:reservation_station/_17172_
	bbox = (824.5160, 1545.1960) - (824.5440, 1545.2000) on Layer M1
violation type: Metal Spacing
	srcs: net:spad/acc_scale_unit/activated_data_e_scaled_muladder_4/roundRawFNToRecFN/roundAnyRawFNToRecFN/_0001_ net:spad/acc_scale_unit/activated_data_e_scaled_muladder_4/roundRawFNToRecFN/roundAnyRawFNToRecFN/_0002_
	bbox = (958.3200, 3040.9960) - (958.3640, 3041.0000) on Layer M1
violation type: Metal Spacing
	srcs: net:spad/write_norm_q/ram_ext/_07341_ net:net98831
	bbox = (1018.8000, 1976.1160) - (1018.8440, 1976.1200) on Layer M1
violation type: Metal Spacing
	srcs: net:im2col/_1824_ net:net127381
	bbox = (1101.7440, 1856.2360) - (1101.7880, 1856.2400) on Layer M1
violation type: Metal Spacing
	srcs: net:im2col/_1824_ net:net43141
	bbox = (1101.8600, 1856.2360) - (1101.8880, 1856.2400) on Layer M1
violation type: Metal Spacing
	srcs: net:net42114 net:net26065
	bbox = (1119.8560, 1642.7040) - (1120.3800, 1642.7680) on Layer M6
violation type: Metal Spacing
	srcs: net:spad/acc_adders/m_4/_108_ net:spad/acc_adders/m_4/_109_
	bbox = (1263.4800, 2437.9240) - (1263.5200, 2437.9800) on Layer M2
violation type: Metal Spacing
	srcs: net:net80956 net:spad/acc_adders/m_4/_109_
	bbox = (1263.6600, 2437.9720) - (1263.8800, 2437.9800) on Layer M2
violation type: Metal Spacing
	srcs: net:net134753 net:net101991
	bbox = (1155.1400, 2529.4760) - (1334.3400, 2529.5560) on Layer M8
violation type: Metal Spacing
	srcs: net:net134673 net:net93735
	bbox = (1352.9440, 2513.9560) - (1379.1600, 2514.0360) on Layer M8
violation type: Metal Spacing
	srcs: net:spad/_acc_mems_0_io_read_resp_bits_data_8_0\[18\] net:spad/acc_mems_0/q/_0276_
	bbox = (1376.0640, 2507.3320) - (1376.1080, 2507.3360) on Layer M1
violation type: Metal Spacing
	srcs: net:spad/_acc_mems_0_io_read_resp_bits_data_8_0\[18\] net:spad/acc_mems_0/q/_1942_
	bbox = (1376.1800, 2507.3320) - (1376.2080, 2507.3360) on Layer M1
violation type: Metal Spacing
	srcs: net:net91741 net:net93766
	bbox = (1399.7160, 2633.9560) - (1403.4760, 2634.0360) on Layer M8
violation type: Metal Spacing
	srcs: net:net119446 net:net93766
	bbox = (1399.7160, 2634.4360) - (1403.4760, 2634.5160) on Layer M8
violation type: Metal Spacing
	srcs: net:net119446 net:net93766
	bbox = (1407.1600, 2634.4360) - (1407.3200, 2634.5160) on Layer M8
violation type: Metal Spacing
	srcs: net:net91199 net:spad/acc_adders/_0393_
	bbox = (1387.7280, 2445.5560) - (1441.1560, 2445.5800) on Layer M8
violation type: Metal Spacing
	srcs: net:net91856 net:spad/acc_adders/_0393_
	bbox = (1387.7280, 2445.5560) - (1463.8760, 2445.5800) on Layer M8
violation type: Metal Spacing
	srcs: net:net93521 net:net8420
	bbox = (1377.2000, 2504.1960) - (1526.0400, 2504.2760) on Layer M8
violation type: Metal Spacing
	srcs: net:ex_controller/mesh/mesh/mesh_13_1/tile_0_0/_0014_ net:ex_controller/mesh/mesh/mesh_13_1/tile_0_0/mac_unit/_0537_
	bbox = (1707.8400, 1544.6800) - (1707.8840, 1544.6840) on Layer M1
violation type: Metal Spacing
	srcs: net:ex_controller/mesh/mesh/mesh_13_1/tile_0_0/mac_unit/_0534_ net:ex_controller/mesh/mesh/mesh_13_1/tile_0_0/mac_unit/_0537_
	bbox = (1707.9560, 1544.6800) - (1707.9840, 1544.6840) on Layer M1
violation type: Metal Spacing
	srcs: net:mod/ld_input/_05762_ net:net124868
	bbox = (1714.3200, 133.1200) - (1714.3640, 133.1240) on Layer M1
violation type: Metal Spacing
	srcs: net:ex_controller/mesh/mesh/mesh_11_0/tile_0_0/_0787_ net:ex_controller/mesh/mesh/mesh_11_0/tile_0_0/_0828_
	bbox = (1769.8320, 1334.0800) - (1769.8760, 1334.0840) on Layer M1
violation type: Metal Spacing
	srcs: net:ex_controller/mesh/mesh/r_195_0\[6\] net:ex_controller/mesh/mesh/mesh_12_3/tile_0_0/mac_unit/_0248_
	bbox = (1898.3520, 1635.9160) - (1898.3960, 1635.9200) on Layer M1
violation type: Metal Spacing
	srcs: net:ex_controller/mesh/mesh/r_195_0\[7\] net:ex_controller/mesh/mesh/mesh_12_3/tile_0_0/mac_unit/_0248_
	bbox = (1898.4680, 1635.9160) - (1898.4960, 1635.9200) on Layer M1
violation type: Metal Spacing
	srcs: net:spad/dma_read_pipe_3/ram_ext/_2063_ net:net107491
	bbox = (1955.7080, 700.1200) - (1955.7360, 700.1240) on Layer M1
violation type: Metal Spacing
	srcs: net:spad/dma_read_pipe_3/ram_ext/_2063_ net:net15554
	bbox = (1955.5920, 700.1200) - (1955.6360, 700.1240) on Layer M1
violation type: Metal Spacing
	srcs: net:ex_controller/mesh/mesh/mesh_13_5/tile_0_0/_0286_ net:ex_controller/mesh/mesh/mesh_13_5/tile_0_0/_0525_
	bbox = (1955.9240, 1929.6760) - (1955.9520, 1929.6800) on Layer M1
violation type: Metal Spacing
	srcs: net:spad/dma_read_pipe/ram_ext/_1977_ net:net107624
	bbox = (1986.1640, 654.1960) - (1986.1920, 654.2000) on Layer M1
violation type: Metal Spacing
	srcs: net:spad/dma_read_pipe_3/ram_ext/_2036_ net:net107448
	bbox = (1996.7480, 736.8400) - (1996.7760, 736.8440) on Layer M1
violation type: Metal Spacing
	srcs: net:spad/dma_read_pipe_1/ram_ext/_2096_ net:net101323
	bbox = (2026.5560, 700.1200) - (2026.5840, 700.1240) on Layer M1
violation type: Metal Spacing
	srcs: net:spad/dma_read_pipe_3/ram_ext/_2245_ net:net101264
	bbox = (2069.1080, 690.9160) - (2069.1360, 690.9200) on Layer M1
violation type: Metal Spacing
	srcs: net:spad/dma_read_pipe_3/ram_ext/_1954_ net:net107450
	bbox = (2079.0440, 700.1200) - (2079.0720, 700.1240) on Layer M1
violation type: Metal Spacing
	srcs: net:ex_controller/mesh/mesh/mesh_13_7/tile_0_0/mac_unit/_0359_ net:ex_controller/mesh/mesh/mesh_13_7/tile_0_0/mac_unit/_0471_
	bbox = (2084.4440, 2113.2760) - (2084.4720, 2113.2800) on Layer M1
violation type: Metal Spacing
	srcs: net:ex_controller/mesh/mesh/mesh_13_7/tile_0_0/mac_unit/_0353_ net:ex_controller/mesh/mesh/mesh_13_7/tile_0_0/mac_unit/_0471_
	bbox = (2084.3280, 2113.2760) - (2084.3720, 2113.2800) on Layer M1
violation type: Metal Spacing
	srcs: net:spad/acc_scale_unit/_0701_ net:spad/acc_scale_unit/_0712_
	bbox = (2117.2760, 2362.2400) - (2117.3040, 2362.2440) on Layer M1
violation type: Metal Spacing
	srcs: net:spad/acc_scale_unit/_0710_ net:spad/acc_scale_unit/_0712_
	bbox = (2117.1600, 2362.2400) - (2117.2040, 2362.2440) on Layer M1
violation type: Metal Spacing
	srcs: net:clknet_10_569_0_clock
	bbox = (2197.4760, 694.9800) - (2197.5560, 880.6160) on Layer M9
violation type: Metal Spacing
	srcs: net:spad/acc_scale_unit/activated_data_e_scaled_muladder_12/_0052_ net:spad/acc_scale_unit/activated_data_e_scaled_muladder_12/_2252_
	bbox = (2306.7080, 2876.3200) - (2306.7360, 2876.3240) on Layer M1
violation type: Metal Spacing
	srcs: net:net89346 net:ex_controller/mesh/mesh/mesh_12_8/tile_0_0/mac_unit/_0291_
	bbox = (2314.0520, 2113.2760) - (2314.0800, 2113.2800) on Layer M1
violation type: Metal Spacing
	srcs: net:net35679 net:spad/acc_scale_unit/activated_data_e_scaled_in_to_rec_fn_12/roundAnyRawFNToRecFN/_102_
	bbox = (2314.0520, 2673.2800) - (2314.0800, 2673.2840) on Layer M1
violation type: Metal Spacing
	srcs: net:ex_controller/mesh/mesh/mesh_7_4/tile_0_0/mac_unit/_0159_ net:ex_controller/mesh/mesh/mesh_7_4/tile_0_0/mac_unit/_0524_
	bbox = (2350.5560, 1599.1960) - (2350.5920, 1599.2000) on Layer M1
violation type: Metal Spacing
	srcs: net:ex_controller/mesh/mesh/mesh_7_4/tile_0_0/mac_unit/_0159_ net:ex_controller/mesh/mesh/mesh_7_4/tile_0_0/mac_unit/_0524_
	bbox = (2350.5560, 1599.1960) - (2350.5840, 1599.2000) on Layer M1
violation type: Metal Spacing
	srcs: net:ex_controller/mesh/mesh/mesh_2_2/tile_0_0/_0282_ net:ex_controller/mesh/mesh/mesh_2_2/tile_0_0/_0387_
	bbox = (2356.3880, 940.9640) - (2356.4160, 940.9920) on Layer M1
violation type: Metal Spacing
	srcs: net:ex_controller/mesh/mesh/mesh_2_2/tile_0_0/_0387_ net:net104861
	bbox = (2356.2720, 940.9600) - (2356.3160, 940.9640) on Layer M1
violation type: Metal Spacing
	srcs: net:ex_controller/mesh/mesh/mesh_2_2/tile_0_0/_0282_ net:ex_controller/mesh/mesh/mesh_2_2/tile_0_0/_0387_
	bbox = (2356.3880, 940.9600) - (2356.4160, 940.9640) on Layer M1
violation type: Metal Spacing
	srcs: net:ex_controller/mesh/mesh/mesh_6_0/tile_0_0/mac_unit/_0049_ net:ex_controller/mesh/mesh/mesh_6_0/tile_0_0/mac_unit/_0066_
	bbox = (2410.8200, 856.7200) - (2410.8480, 856.7240) on Layer M1
violation type: Metal Spacing
	srcs: net:ex_controller/mesh/mesh/mesh_6_0/tile_0_0/mac_unit/_0050_ net:ex_controller/mesh/mesh/mesh_6_0/tile_0_0/mac_unit/_0066_
	bbox = (2410.7040, 856.7200) - (2410.7480, 856.7240) on Layer M1
violation type: Metal Spacing
	srcs: net:ex_controller/mesh/mesh/mesh_5_5/tile_0_0/_0037_ net:ex_controller/mesh/mesh/mesh_5_5/tile_0_0/_0828_
	bbox = (2449.3680, 1491.7600) - (2449.4120, 1491.7640) on Layer M1
violation type: Metal Spacing
	srcs: net:ex_controller/mesh/mesh/mesh_5_5/tile_0_0/_0828_ net:net104593
	bbox = (2449.4840, 1491.7600) - (2449.5120, 1491.7640) on Layer M1
violation type: Metal Spacing
	srcs: net:ex_controller/mesh/mesh/mesh_11_9/tile_0_0/_0286_ net:ex_controller/mesh/mesh/mesh_11_9/tile_0_0/_0525_
	bbox = (2546.4680, 2226.1600) - (2546.4960, 2226.1640) on Layer M1
violation type: Metal Spacing
	srcs: net:net86226 net:ex_controller/mesh/mesh/mesh_9_9/tile_0_0/mac_unit/_0336_
	bbox = (2613.8600, 2059.2760) - (2613.8880, 2059.2800) on Layer M1
violation type: Metal Spacing
	srcs: net:ex_controller/mesh/mesh/mesh_2_7/tile_0_0/_0286_ net:net127976
	bbox = (2736.0120, 1281.8920) - (2736.0600, 1282.2400) on Layer M5
violation type: Metal Spacing
	srcs: net:ex_controller/mesh/mesh/mesh_0_7/tile_0_0/_0536_ net:ex_controller/mesh/mesh/mesh_0_7/tile_0_0/_0537_
	bbox = (2772.8360, 1014.4000) - (2772.8640, 1014.4040) on Layer M1
violation type: Metal Spacing
	srcs: net:ex_controller/mesh/mesh/mesh_14_14/tile_0_0/_0217_ net:ex_controller/mesh/mesh/mesh_14_14/tile_0_0/_0405_
	bbox = (2773.1520, 2967.5560) - (2773.1960, 2967.5600) on Layer M1
violation type: Metal Spacing
	srcs: net:ex_controller/mesh/mesh/mesh_14_14_io_in_control_0_shift_pipe_b\[4\] net:ex_controller/mesh/mesh/mesh_14_14/tile_0_0/_0405_
	bbox = (2773.2680, 2967.5560) - (2773.2960, 2967.5600) on Layer M1
violation type: Metal Spacing
	srcs: net:ex_controller/mesh/mesh/mesh_13_13/tile_0_0/mac_unit/_0279_ net:ex_controller/mesh/mesh/mesh_13_13/tile_0_0/mac_unit/_0284_
	bbox = (2817.7640, 2876.3200) - (2817.7920, 2876.3240) on Layer M1
violation type: Metal Spacing
	srcs: net:ex_controller/mesh/mesh/mesh_13_13/tile_0_0/mac_unit/_0251_ net:ex_controller/mesh/mesh/mesh_13_13/tile_0_0/mac_unit/_0284_
	bbox = (2817.6480, 2876.3200) - (2817.6920, 2876.3240) on Layer M1
violation type: Metal Spacing
	srcs: net:ex_controller/mesh/mesh/mesh_10_12/tile_0_0/_0029_ net:ex_controller/mesh/mesh/mesh_10_12/tile_0_0/_0590_
	bbox = (2923.8200, 2489.6800) - (2923.8480, 2489.6840) on Layer M1
violation type: Metal Spacing
	srcs: net:ex_controller/mesh/mesh/mesh_0_10/tile_0_0/_0575_ net:ex_controller/mesh/mesh/mesh_0_10/tile_0_0/_0576_
	bbox = (2983.6520, 1067.8360) - (2983.6800, 1067.8400) on Layer M1
violation type: Metal Spacing
	srcs: net:ex_controller/mesh/mesh/mesh_12_15/tile_0_0/mac_unit/_0424_ net:ex_controller/mesh/mesh/mesh_12_15/tile_0_0/mac_unit/_0435_
	bbox = (3044.8800, 3040.9960) - (3044.9240, 3041.0000) on Layer M1
violation type: Metal Spacing
	srcs: net:ex_controller/mesh/mesh/mesh_9_12/tile_0_0/mac_unit/_0159_ net:ex_controller/mesh/mesh/mesh_9_12/tile_0_0/mac_unit/_0524_
	bbox = (3053.4200, 2435.6800) - (3053.4480, 2435.6840) on Layer M1
violation type: Metal Spacing
	srcs: net:ex_controller/mesh/mesh/mesh_1_11/tile_0_0/_0041_ net:ex_controller/mesh/mesh/mesh_1_11/tile_0_0/_0617_
	bbox = (3078.0440, 1251.4360) - (3078.0720, 1251.4400) on Layer M1
violation type: Metal Spacing
	srcs: net:ex_controller/mesh/mesh/mesh_1_11/tile_0_0/_0613_ net:ex_controller/mesh/mesh/mesh_1_11/tile_0_0/_0617_
	bbox = (3077.9280, 1251.4360) - (3077.9720, 1251.4400) on Layer M1
violation type: Metal Spacing
	srcs: net:ex_controller/mesh/mesh/mesh_4_11/tile_0_0/_0816_ net:ex_controller/mesh/mesh/mesh_4_11/tile_0_0/_0817_
	bbox = (3091.0040, 1702.8760) - (3091.0320, 1702.8800) on Layer M1
violation type: Metal Spacing
	srcs: net:ex_controller/mesh/mesh/mesh_6_13/tile_0_0/_0402_ net:ex_controller/mesh/mesh/mesh_6_13/tile_0_0/_0429_
	bbox = (3181.7240, 2196.4360) - (3181.7520, 2196.4400) on Layer M1
violation type: Metal Spacing
	srcs: net:net33538 net:net23579
	bbox = (302.0800, 1684.6760) - (482.4360, 1684.7560) on Layer M8
violation type: Metal Spacing
	srcs: net:mod_1/stC/_08202_ net:mod_1/stC/_08208_
	bbox = (434.0880, 1335.6760) - (434.1320, 1335.6800) on Layer M1
violation type: Metal Spacing
	srcs: net:mod_1/stC/_08204_ net:mod_1/stC/_08208_
	bbox = (434.2040, 1335.6760) - (434.2320, 1335.6800) on Layer M1
violation type: Metal Spacing
	srcs: net:mod_1/stC_spad/_0262_ net:mod_1/stC_spad/_1990_
	bbox = (448.9920, 1405.7320) - (449.0360, 1405.7360) on Layer M1
violation type: Metal Spacing
	srcs: net:mod_1/stC_spad/_0249_ net:mod_1/stC_spad/_1990_
	bbox = (449.1080, 1405.7320) - (449.1360, 1405.7360) on Layer M1
violation type: Metal Spacing
	srcs: net:reservation_station/_35280_ net:reservation_station/_35281_
	bbox = (464.0120, 1645.6360) - (464.0480, 1645.6400) on Layer M1
violation type: Metal Spacing
	srcs: net:reservation_station/_35264_ net:reservation_station/_35281_
	bbox = (463.8960, 1645.6360) - (463.9400, 1645.6400) on Layer M1
violation type: Metal Spacing
	srcs: net:reservation_station/_35280_ net:reservation_station/_35281_
	bbox = (464.0120, 1645.6360) - (464.0400, 1645.6400) on Layer M1
violation type: Metal Spacing
	srcs: net:mod_1/arb/_0382_ net:net20655
	bbox = (485.6120, 1314.6400) - (485.6400, 1314.6440) on Layer M1
violation type: Metal Spacing
	srcs: net:net68224 net:mod_1/arb/_0382_
	bbox = (485.4960, 1314.6400) - (485.5400, 1314.6440) on Layer M1
violation type: Metal Spacing
	srcs: net:reservation_station/_04321_ net:reservation_station/_18900_
	bbox = (526.5360, 1534.9600) - (526.5800, 1534.9640) on Layer M1
violation type: Metal Spacing
	srcs: net:net57660 net:reservation_station/_35557_
	bbox = (526.4360, 1691.5640) - (526.4640, 1691.5680) on Layer M1
violation type: Metal Spacing
	srcs: net:net57660 net:reservation_station/_35557_
	bbox = (526.4360, 1691.5600) - (526.4640, 1691.5640) on Layer M1
violation type: Metal Spacing
	srcs: net:reservation_station/_35423_ net:reservation_station/_35557_
	bbox = (526.3200, 1691.5600) - (526.3640, 1691.5640) on Layer M1
violation type: Metal Spacing
	srcs: net:mod_1/ex/_01242_ net:net127327
	bbox = (446.3360, 1406.5960) - (570.8360, 1406.6760) on Layer M8
violation type: Metal Spacing
	srcs: net:reservation_station/_38551_ net:reservation_station/_38552_
	bbox = (570.9320, 1739.5960) - (570.9600, 1739.6000) on Layer M1
violation type: Metal Spacing
	srcs: net:reservation_station/_01231_ net:reservation_station/_38552_
	bbox = (570.8160, 1739.5960) - (570.8600, 1739.6000) on Layer M1
violation type: Metal Spacing
	srcs: net:net62524 net:net81580
	bbox = (576.0800, 1271.0560) - (576.1440, 1275.2600) on Layer M7
violation type: Metal Spacing
	srcs: net:net62100 net:net23664
	bbox = (463.7600, 1693.6360) - (587.9840, 1693.7160) on Layer M8
violation type: Metal Spacing
	srcs: net:spad/vsm/arb_2/_0585_ net:spad/vsm/arb_2/_0586_
	bbox = (586.9160, 2389.7560) - (586.9440, 2389.7600) on Layer M1
violation type: Metal Spacing
	srcs: net:spad/vsm/arb_2/_0581_ net:spad/vsm/arb_2/_0586_
	bbox = (586.8000, 2389.7560) - (586.8440, 2389.7600) on Layer M1
violation type: Metal Spacing
	srcs: net:mod_1/_02993_ net:net29454
	bbox = (440.5160, 1268.2760) - (608.4000, 1268.3560) on Layer M8
violation type: Metal Spacing
	srcs: net:mod_1/_02993_ net:net29454
	bbox = (440.5160, 1268.2760) - (595.9200, 1268.3560) on Layer M8
violation type: Metal Spacing
	srcs: net:net131551
	bbox = (428.2360, 1452.2760) - (604.8800, 1452.3560) on Layer M8
violation type: Metal Spacing
	srcs: net:mod/st/_45169_ net:mod/st/_45175_
	bbox = (629.9000, 491.1160) - (629.9280, 491.1200) on Layer M1
violation type: Metal Spacing
	srcs: net:net22139 net:net131211
	bbox = (460.8960, 1436.2760) - (638.2800, 1436.3560) on Layer M8
violation type: Metal Spacing
	srcs: net:store_controller/_11788_ net:store_controller/_11789_
	bbox = (768.4560, 2132.7160) - (768.5000, 2132.7200) on Layer M1
violation type: Metal Spacing
	srcs: net:mod/ld_weights/_044065_ net:mod/ld_weights/_044067_
	bbox = (863.9280, 1140.7600) - (863.9720, 1140.7640) on Layer M1
violation type: Metal Spacing
	srcs: net:mod/st/_15300_ net:mod/st/_15362_
	bbox = (901.8440, 234.0760) - (901.8720, 234.0800) on Layer M1
violation type: Metal Spacing
	srcs: net:mod/st/_14860_ net:mod/st/_15362_
	bbox = (901.7280, 234.0760) - (901.7720, 234.0800) on Layer M1
violation type: Metal Spacing
	srcs: net:spad/acc_scale_unit/_1984_ net:spad/acc_scale_unit/_1990_
	bbox = (926.9000, 2977.2760) - (926.9280, 2977.2800) on Layer M1
violation type: Metal Spacing
	srcs: net:mod/ld_weights/_026720_
	bbox = (797.8840, 1449.3160) - (975.2400, 1449.3960) on Layer M8
violation type: Metal Spacing
	srcs: net:ex_controller/_03128_ net:ex_controller/_cmd_q_io_deq_bits_0_cmd_inst_funct\[6\]
	bbox = (976.4640, 1618.1200) - (976.5080, 1618.1240) on Layer M1
violation type: Metal Spacing
	srcs: net:spad/write_norm_q/ram_ext/_05109_ net:net106439
	bbox = (978.0920, 2049.5560) - (978.1200, 2049.5600) on Layer M1
violation type: Metal Spacing
	srcs: net:spad/write_norm_q/ram_ext/_04897_ net:spad/write_norm_q/ram_ext/_05109_
	bbox = (977.9760, 2049.5560) - (978.0200, 2049.5600) on Layer M1
violation type: Metal Spacing
	srcs: net:net98782 net:spad/write_scale_q/ram_ext/_07131_
	bbox = (977.3280, 2086.2760) - (977.3720, 2086.2800) on Layer M1
violation type: Metal Spacing
	srcs: net:net98782 net:spad/write_scale_q/ram_ext/_07131_
	bbox = (977.3360, 2086.2760) - (977.3720, 2086.2800) on Layer M1
violation type: Metal Spacing
	srcs: net:spad/acc_mems_0/_3529_ net:spad/acc_mems_0/_q_io_enq_ready
	bbox = (1099.9160, 1996.6360) - (1099.9440, 1996.6400) on Layer M1
violation type: Metal Spacing
	srcs: net:spad/acc_mems_0/_3528_ net:spad/acc_mems_0/_3529_
	bbox = (1099.8000, 1996.6360) - (1099.8440, 1996.6400) on Layer M1
violation type: Metal Spacing
	srcs: net:net127446 net:net98437
	bbox = (1010.4600, 1699.0760) - (1116.1960, 1699.1560) on Layer M8
violation type: Metal Spacing
	srcs: net:net29001 net:net107125
	bbox = (1017.7760, 2893.3960) - (1141.4680, 2893.4760) on Layer M8
violation type: Metal Spacing
	srcs: net:net98437
	bbox = (1055.4760, 1699.7160) - (1195.5600, 1699.7960) on Layer M8
violation type: Metal Spacing
	srcs: net:net134874 net:net94060
	bbox = (1160.1960, 2689.9560) - (1263.6000, 2690.0360) on Layer M8
violation type: Metal Spacing
	srcs: net:spad/acc_scale_unit/activated_data_e_scaled_rec_fn_to_in_5/_0306_ net:spad/acc_scale_unit/activated_data_e_scaled_rec_fn_to_in_5/_0307_
	bbox = (1166.5440, 3114.4360) - (1166.5880, 3114.4400) on Layer M1
violation type: Metal Spacing
	srcs: net:net28808 net:net134913
	bbox = (1184.6760, 2696.5960) - (1358.2240, 2696.6760) on Layer M8
violation type: Metal Spacing
	srcs: net:spad/acc_scale_unit/_0203_ net:spad/acc_scale_unit/activated_data_e_scaled_in_to_rec_fn_5/_0224_
	bbox = (1234.0520, 3013.9960) - (1234.0800, 3014.0000) on Layer M1
violation type: Metal Spacing
	srcs: net:mod/ex/_014160_ net:net125833
	bbox = (1258.4600, 1214.7160) - (1258.4880, 1214.7200) on Layer M1
violation type: Metal Spacing
	srcs: net:spad/acc_adders/m_2/_012_ net:net93734
	bbox = (1137.2640, 2486.1960) - (1290.0360, 2486.2760) on Layer M8
violation type: Metal Spacing
	srcs: net:spad/acc_adders/m_2/_012_ net:net135633
	bbox = (1137.2640, 2485.9560) - (1306.8000, 2486.0360) on Layer M8
violation type: Metal Spacing
	srcs: net:net93145 net:net14732
	bbox = (1159.1680, 2440.3560) - (1323.6000, 2440.4360) on Layer M8
violation type: Metal Spacing
	srcs: net:spad/acc_mems_0/_0205_ net:net134688
	bbox = (1156.2920, 2442.4360) - (1326.9280, 2442.5160) on Layer M8
violation type: Metal Spacing
	srcs: net:net134765 net:net93810
	bbox = (1316.1960, 2652.4360) - (1388.0360, 2652.5160) on Layer M8
violation type: Metal Spacing
	srcs: net:spad/_acc_mems_0_io_adder_op1_3_0\[14\] net:net135703
	bbox = (1296.5760, 2472.2760) - (1341.9000, 2472.3560) on Layer M8
violation type: Metal Spacing
	srcs: net:spad/_acc_mems_0_io_adder_op1_3_0\[14\] net:net134924
	bbox = (1176.8960, 2472.8360) - (1342.9800, 2472.9160) on Layer M8
violation type: Metal Spacing
	srcs: net:net135627 net:net119455
	bbox = (1309.1680, 2623.0760) - (1332.1160, 2623.1560) on Layer M8
violation type: Metal Spacing
	srcs: net:net135132 net:net8552
	bbox = (1309.9080, 2539.3160) - (1469.4040, 2539.3960) on Layer M8
violation type: Metal Spacing
	srcs: net:net135132 net:net8552
	bbox = (1319.1720, 2539.3160) - (1469.4040, 2539.3960) on Layer M8
violation type: Metal Spacing
	srcs: net:net135132 net:net134717
	bbox = (1319.1720, 2539.6360) - (1494.9920, 2539.7160) on Layer M8
violation type: Metal Spacing
	srcs: net:spad/acc_adders/m_5/_123_ net:spad/acc_adders/m_5/_197_
	bbox = (1348.5320, 2502.7840) - (1348.5600, 2502.7880) on Layer M1
violation type: Metal Spacing
	srcs: net:mod/ex/_025882_ net:mod/ex/_025884_
	bbox = (1356.0920, 1177.9960) - (1356.1200, 1178.0000) on Layer M1
violation type: Metal Spacing
	srcs: net:net84398 net:net72465
	bbox = (1365.5800, 604.2760) - (1365.7960, 604.3560) on Layer M8
violation type: Metal Spacing
	srcs: net:net84398 net:net72465
	bbox = (1365.5800, 604.2760) - (1365.7400, 604.3560) on Layer M8
violation type: Metal Spacing
	srcs: net:ex_controller/mesh/mesh/mesh_15_0/tile_0_0/_0536_ net:ex_controller/mesh/mesh/mesh_15_0/tile_0_0/_0537_
	bbox = (1364.9480, 1534.9600) - (1364.9760, 1534.9640) on Layer M1
violation type: Metal Spacing
	srcs: net:net91145 net:net134436
	bbox = (1338.9760, 2402.9160) - (1390.5000, 2402.9960) on Layer M8
violation type: Metal Spacing
	srcs: net:net135627 net:net93696
	bbox = (1309.1680, 2623.0760) - (1462.6080, 2623.1560) on Layer M8
violation type: Metal Spacing
	srcs: net:net55668 net:net135404
	bbox = (1276.1720, 2667.7960) - (1401.8400, 2667.8760) on Layer M8
violation type: Metal Spacing
	srcs: net:net91475 net:spad/_acc_mems_1_io_adder_op1_12_0\[29\]
	bbox = (1392.2040, 2530.9960) - (1396.5200, 2531.0760) on Layer M8
violation type: Metal Spacing
	srcs: net:net91475 net:spad/_acc_mems_1_io_adder_op1_12_0\[29\]
	bbox = (1354.4160, 2530.9960) - (1398.1400, 2531.0760) on Layer M8
violation type: Metal Spacing
	srcs: net:net135019
	bbox = (1289.4200, 2628.9960) - (1465.0200, 2629.0760) on Layer M8
violation type: Metal Spacing
	srcs: net:net135019
	bbox = (1289.4200, 2628.9960) - (1462.3200, 2629.0760) on Layer M8
violation type: Metal Spacing
	srcs: net:spad/_acc_mems_1_io_adder_op1_8_0\[9\] net:net134709
	bbox = (1373.1360, 2503.0760) - (1415.8800, 2503.1560) on Layer M8
violation type: Metal Spacing
	srcs: net:mod/_06478_ net:mod/_28364_
	bbox = (1409.8760, 627.1960) - (1409.9040, 627.2000) on Layer M1
violation type: Metal Spacing
	srcs: net:net55833 net:net93640
	bbox = (1336.5160, 2514.9160) - (1418.1280, 2514.9960) on Layer M8
violation type: Metal Spacing
	srcs: net:net84521 net:net71823
	bbox = (1324.0360, 617.6360) - (1421.1360, 617.7160) on Layer M8
violation type: Metal Spacing
	srcs: net:net84521 net:net71823
	bbox = (1324.0360, 617.6360) - (1425.0600, 617.7160) on Layer M8
violation type: Metal Spacing
	srcs: net:net92485 net:net93749
	bbox = (1416.1960, 2676.3560) - (1455.3000, 2676.4360) on Layer M8
violation type: Metal Spacing
	srcs: net:spad/_acc_mems_1_io_adder_op1_5_0\[24\] net:net94113
	bbox = (1365.7640, 2447.3960) - (1437.4800, 2447.4760) on Layer M8
violation type: Metal Spacing
	srcs: net:net91637 net:net134853
	bbox = (1263.4800, 2484.8360) - (1442.8800, 2484.9160) on Layer M8
violation type: Metal Spacing
	srcs: net:net93431 net:net134828
	bbox = (1433.4120, 2669.7960) - (1554.7200, 2669.8760) on Layer M8
violation type: Metal Spacing
	srcs: net:mod/ex/_064150_ net:mod/ex/_064184_
	bbox = (1477.1520, 1308.1600) - (1477.1960, 1308.1640) on Layer M1
violation type: Metal Spacing
	srcs: net:mod/ex/_064175_ net:mod/ex/_064184_
	bbox = (1477.2680, 1308.1600) - (1477.2960, 1308.1640) on Layer M1
violation type: Metal Spacing
	srcs: net:spad/_acc_mems_1_io_adder_op1_4_0\[25\] net:net134834
	bbox = (1354.9160, 2479.9560) - (1497.5520, 2480.0360) on Layer M8
violation type: Metal Spacing
	srcs: net:spad/_acc_mems_1_io_adder_op1_4_0\[25\] net:net134834
	bbox = (1354.9160, 2479.9560) - (1498.1960, 2480.0360) on Layer M8
violation type: Metal Spacing
	srcs: net:spad/_acc_mems_1_io_adder_op1_4_0\[25\] net:net134834
	bbox = (1497.9560, 2479.9560) - (1498.1960, 2480.0360) on Layer M8
violation type: Metal Spacing
	srcs: net:spad/acc_scale_unit/activated_data_e_scaled_in_to_rec_fn_3/roundAnyRawFNToRecFN/_059_ net:spad/acc_scale_unit/activated_data_e_scaled_in_to_rec_fn_3/roundAnyRawFNToRecFN/_060_
	bbox = (1505.7800, 2076.5560) - (1505.8080, 2076.5600) on Layer M1
violation type: Metal Spacing
	srcs: net:net52976 net:spad/_acc_mems_0_io_adder_op1_5_0\[14\]
	bbox = (1389.3280, 2486.9960) - (1536.5600, 2487.0760) on Layer M8
violation type: Metal Spacing
	srcs: net:spad/_acc_mems_1_io_adder_op1_12_0\[29\]
	bbox = (1353.8360, 2531.9560) - (1531.7280, 2532.0360) on Layer M8
violation type: Metal Spacing
	srcs: net:spad/_acc_mems_1_io_adder_op1_12_0\[29\] net:spad/acc_adders/_0390_
	bbox = (1386.1160, 2531.9560) - (1531.7280, 2532.0360) on Layer M8
violation type: Metal Spacing
	srcs: net:spad/vsm_1/in_bits_in_10\[2\] net:net106649
	bbox = (1417.5640, 2416.7560) - (1538.7040, 2416.8360) on Layer M8
violation type: Metal Spacing
	srcs: net:net91677 net:net92238
	bbox = (1394.1160, 2464.1960) - (1552.5000, 2464.2760) on Layer M8
violation type: Metal Spacing
	srcs: net:spad/_acc_mems_1_io_adder_op1_15_0\[4\] net:spad/_acc_mems_1_io_adder_op1_7_0\[24\]
	bbox = (1466.4360, 2449.4760) - (1551.5680, 2449.5560) on Layer M8
violation type: Metal Spacing
	srcs: net:net52976 net:spad/_acc_mems_1_io_adder_op1_5_0\[21\]
	bbox = (1541.3640, 2486.9960) - (1543.4000, 2487.0760) on Layer M8
violation type: Metal Spacing
	srcs: net:net8372 net:net93895
	bbox = (1395.7920, 2560.5960) - (1554.3560, 2560.6000) on Layer M8
violation type: Metal Spacing
	srcs: net:net92177 net:net117300
	bbox = (1408.9640, 2404.6760) - (1576.2600, 2404.7560) on Layer M8
violation type: Metal Spacing
	srcs: net:spad/_acc_mems_1_io_adder_op1_2_0\[18\] net:spad/_acc_mems_1_io_adder_op1_3_0\[13\]
	bbox = (1409.4120, 2427.3960) - (1584.4640, 2427.4760) on Layer M8
violation type: Metal Spacing
	srcs: net:mod/ex/_037627_ net:mod/ex/_037629_
	bbox = (1583.6400, 1020.8800) - (1583.6840, 1020.8840) on Layer M1
violation type: Metal Spacing
	srcs: net:mod/ex/_037600_ net:mod/ex/_037629_
	bbox = (1583.7560, 1020.8800) - (1583.7840, 1020.8840) on Layer M1
violation type: Metal Spacing
	srcs: net:net91653 net:net14082
	bbox = (1420.6760, 2659.7160) - (1590.3000, 2659.7960) on Layer M8
violation type: Metal Spacing
	srcs: net:net91879 net:net52798
	bbox = (1424.0000, 2661.5560) - (1581.0200, 2661.6360) on Layer M8
violation type: Metal Spacing
	srcs: net:ex_controller/mesh/mesh/r_226_0\[0\]
	bbox = (1641.7000, 1646.2240) - (1641.9160, 1646.4160) on Layer M6
violation type: Metal Spacing
	srcs: net:ex_controller/mesh/mesh/r_226_0\[0\]
	bbox = (1641.4880, 1645.9240) - (1641.7440, 1646.5880) on Layer M7
violation type: Metal Spacing
	srcs: net:net36869
	bbox = (1504.0200, 1494.9960) - (1685.8800, 1495.0760) on Layer M8
violation type: Metal Spacing
	srcs: net:ex_controller/mesh/mesh/mesh_14_4/tile_0_0/_0536_ net:ex_controller/mesh/mesh/mesh_14_4/tile_0_0/_0537_
	bbox = (1705.3640, 1958.3200) - (1705.3920, 1958.3240) on Layer M1
violation type: Metal Spacing
	srcs: net:net46164 net:net12563
	bbox = (1587.2360, 2969.0760) - (1747.4400, 2969.1560) on Layer M8
violation type: Metal Spacing
	srcs: net:net71269 net:mod/ld_input/_01480_
	bbox = (1764.1160, 406.3600) - (1764.1440, 406.3640) on Layer M1
violation type: Metal Spacing
	srcs: net:net98441
	bbox = (1662.4360, 1699.7960) - (1771.2000, 1699.8760) on Layer M8
violation type: Metal Spacing
	srcs: net:net46164 net:clknet_10_498_0_clock
	bbox = (1587.5560, 2968.7560) - (1769.5520, 2968.8360) on Layer M8
violation type: Metal Spacing
	srcs: net:ex_controller/mesh/mesh/mesh_10_0/tile_0_0/_0468_ net:ex_controller/mesh/mesh/mesh_8_1/tile_0_0/_0399_
	bbox = (1818.1800, 1269.9560) - (1963.6320, 1270.0360) on Layer M8
violation type: Metal Spacing
	srcs: net:spad/acc_scale_unit/_0740_ net:spad/acc_scale_unit/_0741_
	bbox = (1818.3320, 2070.0760) - (1818.3600, 2070.0800) on Layer M1
violation type: Metal Spacing
	srcs: net:ex_controller/mesh/mesh/mesh_12_2/tile_0_0/mac_unit/_0251_ net:ex_controller/mesh/mesh/mesh_12_2/tile_0_0/mac_unit/_0284_
	bbox = (1886.4720, 1608.4000) - (1886.5160, 1608.4040) on Layer M1
violation type: Metal Spacing
	srcs: net:ex_controller/mesh/mesh/mesh_12_2/tile_0_0/mac_unit/_0279_ net:ex_controller/mesh/mesh/mesh_12_2/tile_0_0/mac_unit/_0284_
	bbox = (1886.5880, 1608.4000) - (1886.6160, 1608.4040) on Layer M1
violation type: Metal Spacing
	srcs: net:mod/ex/_074057_ net:mod/ex/_074058_
	bbox = (1894.5800, 874.5160) - (1894.6080, 874.5200) on Layer M1
violation type: Metal Spacing
	srcs: net:mod/ex/_072157_ net:mod/ex/_074058_
	bbox = (1894.4640, 874.5160) - (1894.5080, 874.5200) on Layer M1
violation type: Metal Spacing
	srcs: net:ex_controller/mesh/mesh/mesh_11_1/tile_0_0/mac_unit/_0248_ net:ex_controller/mesh/mesh/mesh_11_1/tile_0_0/mac_unit/_0606_
	bbox = (1916.9280, 1482.5560) - (1916.9720, 1482.5600) on Layer M1
violation type: Metal Spacing
	srcs: net:ex_controller/mesh/mesh/r_177_0\[6\] net:ex_controller/mesh/mesh/mesh_11_1/tile_0_0/mac_unit/_0248_
	bbox = (1917.0440, 1482.5560) - (1917.0720, 1482.5600) on Layer M1
violation type: Metal Spacing
	srcs: net:ex_controller/mesh/mesh/mesh_8_0/tile_0_0/_0458_ net:ex_controller/mesh/mesh/mesh_8_0/tile_0_0/_0538_
	bbox = (1944.2600, 1187.2000) - (1944.2880, 1187.2040) on Layer M1
violation type: Metal Spacing
	srcs: net:ex_controller/mesh/mesh/mesh_15_7/tile_0_0/_0458_ net:ex_controller/mesh/mesh/mesh_15_7/tile_0_0/_0538_
	bbox = (1975.7960, 2296.8760) - (1975.8240, 2296.8800) on Layer M1
violation type: Metal Spacing
	srcs: net:spad/acc_scale_unit/activated_data_e_scaled_in_to_rec_fn_9/_0132_ net:spad/acc_scale_unit/activated_data_e_scaled_in_to_rec_fn_9/_0438_
	bbox = (1983.6720, 2590.6360) - (1983.7160, 2590.6400) on Layer M1
violation type: Metal Spacing
	srcs: net:spad/acc_scale_unit/activated_data_e_scaled_in_to_rec_fn_9/_0265_ net:spad/acc_scale_unit/activated_data_e_scaled_in_to_rec_fn_9/_0438_
	bbox = (1983.7880, 2590.6360) - (1983.8160, 2590.6400) on Layer M1
violation type: Metal Spacing
	srcs: net:spad/acc_scale_unit/activated_data_e_scaled_muladder_15/mulAddRecFNToRaw_preMul/_0211_ net:spad/acc_scale_unit/activated_data_e_scaled_muladder_15/mulAddRecFNToRaw_preMul/_0212_
	bbox = (2061.1160, 3187.8760) - (2061.1440, 3187.8800) on Layer M1
violation type: Metal Spacing
	srcs: net:spad/dma_read_pipe_3/ram_ext/_2241_ net:net101266
	bbox = (2142.7640, 663.4000) - (2142.7920, 663.4040) on Layer M1
violation type: Metal Spacing
	srcs: net:ex_controller/mesh/mesh/mesh_12_7/tile_0_0/_0827_ net:ex_controller/mesh/mesh/mesh_14_6/tile_0_0/_0336_
	bbox = (2006.8960, 2108.1160) - (2156.6360, 2108.1960) on Layer M8
violation type: Metal Spacing
	srcs: net:ex_controller/mesh/mesh/mesh_8_2/tile_0_0/_0442_ net:net26320
	bbox = (2139.6320, 1397.5560) - (2272.0280, 1397.6360) on Layer M8
violation type: Metal Spacing
	srcs: net:net74528 net:net113387
	bbox = (2268.3960, 748.6760) - (2284.9160, 748.7560) on Layer M8
violation type: Metal Spacing
	srcs: net:spad/acc_scale_unit/activated_data_e_scaled_muladder_13/mulAddRecFNToRaw_postMul/_0774_ net:net12360
	bbox = (2285.9720, 3061.5160) - (2286.0000, 3061.5200) on Layer M1
violation type: Metal Spacing
	srcs: net:ex_controller/mesh/mesh/mesh_5_4/tile_0_0/_0344_ net:ex_controller/mesh/mesh/mesh_5_4/tile_0_0/_0387_
	bbox = (2310.3800, 1444.2400) - (2310.4080, 1444.2440) on Layer M1
violation type: Metal Spacing
	srcs: net:ex_controller/mesh/mesh/mesh_3_1/tile_0_0/_0040_ net:ex_controller/mesh/mesh/mesh_3_1/tile_0_0/_0464_
	bbox = (2339.3240, 794.0800) - (2339.3520, 794.0840) on Layer M1
violation type: Metal Spacing
	srcs: net:ex_controller/mesh/mesh/mesh_10_7/tile_0_0/_0029_ net:ex_controller/mesh/mesh/mesh_10_7/tile_0_0/_0590_
	bbox = (2370.8600, 1996.6360) - (2370.8880, 1996.6400) on Layer M1
violation type: Metal Spacing
	srcs: net:ex_controller/mesh/mesh/mesh_6_5/tile_0_0/_0064_ net:ex_controller/mesh/mesh/mesh_6_5/tile_0_0/_0782_
	bbox = (2414.3760, 1562.4760) - (2414.4200, 1562.4800) on Layer M1
violation type: Metal Spacing
	srcs: net:ex_controller/mesh/mesh/mesh_6_5/tile_0_0/_0063_ net:ex_controller/mesh/mesh/mesh_6_5/tile_0_0/_0782_
	bbox = (2414.4920, 1562.4760) - (2414.5200, 1562.4800) on Layer M1
violation type: Metal Spacing
	srcs: net:ex_controller/mesh/mesh/mesh_1_4/tile_0_0/_0650_ net:ex_controller/mesh/mesh/mesh_1_4/tile_0_0/_0651_
	bbox = (2431.5560, 1124.5600) - (2431.5840, 1124.5640) on Layer M1
violation type: Metal Spacing
	srcs: net:ex_controller/mesh/mesh/mesh_1_4/tile_0_0/_0599_ net:ex_controller/mesh/mesh/mesh_1_4/tile_0_0/_0651_
	bbox = (2431.4400, 1124.5600) - (2431.4840, 1124.5640) on Layer M1
violation type: Metal Spacing
	srcs: net:ex_controller/mesh/mesh/mesh_1_4/tile_0_0/_0197_ net:ex_controller/mesh/mesh/mesh_1_4/tile_0_0/_0555_
	bbox = (2443.4360, 1141.2760) - (2443.4640, 1141.2800) on Layer M1
violation type: Metal Spacing
	srcs: net:ex_controller/mesh/mesh/mesh_0_1/tile_0_0/_0599_ net:ex_controller/mesh/mesh/mesh_0_1/tile_0_0/_0651_
	bbox = (2483.7120, 663.9160) - (2483.7560, 663.9200) on Layer M1
violation type: Metal Spacing
	srcs: net:ex_controller/mesh/mesh/mesh_0_1/tile_0_0/_0650_ net:ex_controller/mesh/mesh/mesh_0_1/tile_0_0/_0651_
	bbox = (2483.8280, 663.9160) - (2483.8560, 663.9200) on Layer M1
violation type: Metal Spacing
	srcs: net:net25485
	bbox = (2484.4600, 756.0360) - (2487.3200, 756.1160) on Layer M8
violation type: Metal Spacing
	srcs: net:ex_controller/mesh/mesh/mesh_3_1/tile_0_0/_0365_ net:ex_controller/mesh/mesh/mesh_5_0/tile_0_0/_0286_
	bbox = (2439.1720, 799.5560) - (2525.9160, 799.6360) on Layer M8
violation type: Metal Spacing
	srcs: net:ex_controller/mesh/mesh/mesh_13_10/tile_0_0/mac_unit/_0424_ net:ex_controller/mesh/mesh/mesh_13_10/tile_0_0/mac_unit/_0435_
	bbox = (2527.5600, 2389.2400) - (2527.6040, 2389.2440) on Layer M1
violation type: Metal Spacing
	srcs: net:ex_controller/mesh/mesh/mesh_8_8/tile_0_0/_0590_ net:net115640
	bbox = (2628.0000, 1958.3200) - (2628.0440, 1958.3240) on Layer M1
violation type: Metal Spacing
	srcs: net:ex_controller/mesh/mesh/mesh_8_8/tile_0_0/_0030_ net:ex_controller/mesh/mesh/mesh_8_8/tile_0_0/_0548_
	bbox = (2624.4440, 1958.3200) - (2624.4720, 1958.3240) on Layer M1
violation type: Metal Spacing
	srcs: net:ex_controller/mesh/mesh/mesh_8_8/tile_0_0/_0297_ net:ex_controller/mesh/mesh/mesh_8_8/tile_0_0/_0590_
	bbox = (2628.1160, 1958.3200) - (2628.1440, 1958.3240) on Layer M1
violation type: Metal Spacing
	srcs: net:ex_controller/mesh/mesh/mesh_14_15/tile_0_0/_0428_ net:ex_controller/mesh/mesh/mesh_14_15/tile_0_0/_0429_
	bbox = (2756.5200, 3151.1560) - (2756.5640, 3151.1600) on Layer M1
violation type: Metal Spacing
	srcs: net:ex_controller/mesh/mesh/mesh_14_15/tile_0_0/_0429_ net:net114580
	bbox = (2756.6360, 3151.1560) - (2756.6640, 3151.1600) on Layer M1
violation type: Metal Spacing
	srcs: net:ex_controller/mesh/mesh/mesh_11_11/tile_0_0/_0671_ net:ex_controller/mesh/mesh/mesh_11_11/tile_0_0/_0672_
	bbox = (2783.5200, 2433.8920) - (2783.5640, 2433.8960) on Layer M1
violation type: Metal Spacing
	srcs: net:ex_controller/mesh/mesh/mesh_11_11_io_in_control_0_shift_pipe_b\[1\] net:ex_controller/mesh/mesh/mesh_11_11/tile_0_0/_0672_
	bbox = (2783.6360, 2433.8920) - (2783.6640, 2433.8960) on Layer M1
violation type: Metal Spacing
	srcs: net:ex_controller/mesh/mesh/mesh_0_8/tile_0_0/_0650_ net:ex_controller/mesh/mesh/mesh_0_8/tile_0_0/_0651_
	bbox = (2828.8800, 1048.3960) - (2828.9240, 1048.4000) on Layer M1
violation type: Metal Spacing
	srcs: net:ex_controller/mesh/mesh/mesh_0_8/tile_0_0/_0194_ net:ex_controller/mesh/mesh/mesh_0_8/tile_0_0/_0651_
	bbox = (2828.9960, 1048.3960) - (2829.0240, 1048.4000) on Layer M1
violation type: Metal Spacing
	srcs: net:ex_controller/mesh/mesh/mesh_6_9/tile_0_0/_0344_ net:ex_controller/mesh/mesh/mesh_6_9/tile_0_0/_0387_
	bbox = (2829.6440, 1819.5160) - (2829.6800, 1819.5200) on Layer M1
violation type: Metal Spacing
	srcs: net:ex_controller/mesh/mesh/mesh_6_9/tile_0_0/_0344_ net:ex_controller/mesh/mesh/mesh_6_9/tile_0_0/_0387_
	bbox = (2829.6440, 1819.5160) - (2829.6720, 1819.5200) on Layer M1
violation type: Metal Spacing
	srcs: net:ex_controller/mesh/mesh/mesh_2_8/tile_0_0/_0030_ net:ex_controller/mesh/mesh/mesh_2_8/tile_0_0/_0548_
	bbox = (2836.7720, 1268.7160) - (2836.8000, 1268.7200) on Layer M1
violation type: Metal Spacing
	srcs: net:ex_controller/mesh/mesh/mesh_4_9/tile_0_0/_0317_ net:ex_controller/mesh/mesh/mesh_4_9/tile_0_0/_0333_
	bbox = (2919.8160, 1608.9160) - (2919.8600, 1608.9200) on Layer M1
violation type: Metal Spacing
	srcs: net:ex_controller/mesh/mesh/mesh_4_9/tile_0_0/_0332_ net:ex_controller/mesh/mesh/mesh_4_9/tile_0_0/_0333_
	bbox = (2919.9320, 1608.9160) - (2919.9600, 1608.9200) on Layer M1
violation type: Metal Spacing
	srcs: net:ex_controller/mesh/mesh/mesh_11_12/tile_0_0/mac_unit/_0251_ net:ex_controller/mesh/mesh/mesh_11_12/tile_0_0/mac_unit/_0284_
	bbox = (2923.0560, 2563.1200) - (2923.1000, 2563.1240) on Layer M1
violation type: Metal Spacing
	srcs: net:ex_controller/mesh/mesh/mesh_1_9/tile_0_0/mac_unit/_0358_ net:ex_controller/mesh/mesh/mesh_1_9/tile_0_0/mac_unit/_0368_
	bbox = (2927.9240, 1131.5560) - (2927.9520, 1131.5600) on Layer M1
violation type: Metal Spacing
	srcs: net:ex_controller/mesh/mesh/mesh_1_9/tile_0_0/mac_unit/_0356_ net:ex_controller/mesh/mesh/mesh_1_9/tile_0_0/mac_unit/_0368_
	bbox = (2927.8080, 1131.5560) - (2927.8520, 1131.5600) on Layer M1
violation type: Metal Spacing
	srcs: net:ex_controller/mesh/mesh/mesh_1_9/tile_0_0/_0553_ net:ex_controller/mesh/mesh/mesh_1_9/tile_0_0/_0554_
	bbox = (2935.5840, 1195.2760) - (2935.6280, 1195.2800) on Layer M1
violation type: Metal Spacing
	srcs: net:ex_controller/mesh/mesh/mesh_1_9/tile_0_0/_0349_ net:ex_controller/mesh/mesh/mesh_1_9/tile_0_0/_0554_
	bbox = (2935.7000, 1195.2760) - (2935.7280, 1195.2800) on Layer M1
violation type: Metal Spacing
	srcs: net:ex_controller/mesh/mesh/mesh_1_9/tile_0_0/_0349_ net:ex_controller/mesh/mesh/mesh_1_9/tile_0_0/_0554_
	bbox = (2935.7000, 1195.2120) - (2935.7280, 1195.2760) on Layer M1
violation type: Metal Spacing
	srcs: net:ex_controller/mesh/mesh/mesh_3_9/tile_0_0/mac_unit/_0357_ net:ex_controller/mesh/mesh/mesh_3_9/tile_0_0/mac_unit/_0358_
	bbox = (2979.9800, 1434.5200) - (2980.0080, 1434.5240) on Layer M1
violation type: Metal Spacing
	srcs: net:ex_controller/mesh/mesh/mesh_3_10/tile_0_0/_0576_ net:net104807
	bbox = (3026.3040, 1519.2760) - (3026.3480, 1519.2800) on Layer M1
violation type: Metal Spacing
	srcs: net:ex_controller/mesh/mesh/mesh_3_10/tile_0_0/_0575_ net:ex_controller/mesh/mesh/mesh_3_10/tile_0_0/_0576_
	bbox = (3026.4200, 1519.2760) - (3026.4480, 1519.2800) on Layer M1
violation type: Metal Spacing
	srcs: net:ex_controller/mesh/mesh/mesh_3_12/tile_0_0/_0438_
	bbox = (3156.5240, 1618.7440) - (3156.5600, 1619.4080) on Layer M3
violation type: Metal Spacing
	srcs: net:ex_controller/mesh/mesh/mesh_0_12/tile_0_0/_0006_ net:ex_controller/mesh/mesh/mesh_0_12/tile_0_0/mac_unit/_0184_
	bbox = (3162.7160, 1104.5560) - (3162.7440, 1104.5600) on Layer M1
violation type: Metal Spacing
	srcs: net:ex_controller/mesh/mesh/mesh_1_15/tile_0_0/mac_unit/_0144_ net:ex_controller/mesh/mesh/mesh_1_15/tile_0_0/mac_unit/_0432_
	bbox = (3223.9440, 1344.8800) - (3223.9880, 1344.8840) on Layer M1
violation type: Metal Spacing
	srcs: net:ex_controller/mesh/mesh/mesh_2_13/tile_0_0/_0546_ net:ex_controller/mesh/mesh/mesh_2_13/tile_0_0/_0576_
	bbox = (3224.0600, 1471.7560) - (3224.0880, 1471.7600) on Layer M1
violation type: Metal Spacing
	srcs: net:ex_controller/mesh/mesh/mesh_2_13/tile_0_0/_0575_ net:ex_controller/mesh/mesh/mesh_2_13/tile_0_0/_0576_
	bbox = (3223.9440, 1471.7560) - (3223.9880, 1471.7600) on Layer M1
violation type: Metal Spacing
	srcs: net:net90268 net:ex_controller/mesh/mesh/mesh_0_13/tile_0_0/mac_unit/_0291_
	bbox = (3232.0520, 1094.3200) - (3232.0800, 1094.3240) on Layer M1
violation type: Metal Spacing
	srcs: net:net87638 net:ex_controller/mesh/mesh/mesh_4_15/tile_0_0/mac_unit/_0248_
	bbox = (3254.3000, 1895.6800) - (3254.3280, 1895.6840) on Layer M1
violation type: Metal Spacing
	srcs: net:ex_controller/mesh/mesh/mesh_2_15/tile_0_0/_0297_ net:ex_controller/mesh/mesh/mesh_2_15/tile_0_0/_0548_
	bbox = (3283.3440, 1592.7160) - (3283.3880, 1592.7200) on Layer M1
violation type: Metal Spacing
	srcs: net:ex_controller/mesh/mesh/mesh_2_15/tile_0_0/_0547_ net:ex_controller/mesh/mesh/mesh_2_15/tile_0_0/_0548_
	bbox = (3283.4600, 1592.7160) - (3283.4880, 1592.7200) on Layer M1
violation type: Metal Spacing
	srcs: net:net45215
	bbox = (262.2640, 1713.1560) - (441.7200, 1713.2360) on Layer M8
violation type: Metal Spacing
	srcs: net:load_controller/_0782_ net:net137216
	bbox = (349.7480, 2159.2000) - (349.7760, 2159.2040) on Layer M1
violation type: Metal Spacing
	srcs: net:net65256 net:load_controller/_0782_
	bbox = (349.6320, 2159.2000) - (349.6760, 2159.2040) on Layer M1
violation type: Metal Spacing
	srcs: net:net24059 net:net23789
	bbox = (284.5480, 1701.8760) - (379.1600, 1701.9560) on Layer M8
violation type: Metal Spacing
	srcs: net:net23917 net:net23596
	bbox = (335.4560, 1704.4360) - (419.5800, 1704.5160) on Layer M8
violation type: Metal Spacing
	srcs: net:net81265 net:net81252
	bbox = (416.5120, 1234.2760) - (583.4400, 1234.3560) on Layer M8
violation type: Metal Spacing
	srcs: net:net36389
	bbox = (269.8760, 1788.7560) - (446.3520, 1788.8360) on Layer M8
violation type: Metal Spacing
	srcs: net:net58991 net:spad/vsm/arb_1/_0379_
	bbox = (441.7640, 2446.4800) - (441.7920, 2446.4840) on Layer M1
violation type: Metal Spacing
	srcs: net:net23579
	bbox = (463.2360, 1502.8360) - (463.2400, 1688.5960) on Layer M9
violation type: Metal Spacing
	srcs: net:net49490 net:clknet_10_123_0_clock
	bbox = (386.4360, 1832.1960) - (557.5840, 1832.2760) on Layer M8
violation type: Metal Spacing
	srcs: net:net39147 net:reservation_station/_41434_
	bbox = (560.2920, 1667.9200) - (560.6960, 1668.0480) on Layer M6
violation type: Metal Spacing
	srcs: net:net120377 net:net108863
	bbox = (465.8720, 1392.9960) - (633.9600, 1393.1200) on Layer M8
violation type: Metal Spacing
	srcs: net:net61805 net:net23834
	bbox = (640.8280, 1400.2760) - (677.7120, 1400.3560) on Layer M8
violation type: Metal Spacing
	srcs: net:net43936 net:net17472
	bbox = (651.1360, 1688.7560) - (686.9400, 1688.8360) on Layer M8
violation type: Metal Spacing
	srcs: net:net43936 net:net17472
	bbox = (682.1160, 1688.7560) - (686.9400, 1688.8360) on Layer M8
violation type: Metal Spacing
	srcs: net:reservation_station/_04346_ net:reservation_station/_18423_
	bbox = (791.1360, 1765.5160) - (791.1800, 1765.5200) on Layer M1
violation type: Metal Spacing
	srcs: net:spad/vsm/_04222_ inst:spad/vsm/_08377_
	bbox = (855.9080, 2360.1200) - (855.9680, 2360.1240) on Layer M1
violation type: Metal Spacing
	srcs: net:mod/st/_12527_ net:mod/st/_12528_
	bbox = (940.5080, 56.9560) - (940.5360, 56.9600) on Layer M1
violation type: Metal Spacing
	srcs: net:mod/st/_12524_ net:mod/st/_12528_
	bbox = (940.3920, 56.9560) - (940.4360, 56.9600) on Layer M1
violation type: Metal Spacing
	srcs: net:mod/st/_12524_ net:mod/st/_12528_
	bbox = (940.4000, 56.9560) - (940.4360, 56.9600) on Layer M1
violation type: Metal Spacing
	srcs: net:mod/ld_weights/_026720_ net:net10207
	bbox = (862.7040, 1448.9000) - (975.3200, 1448.9960) on Layer M8
violation type: Metal Spacing
	srcs: net:mod/ld_weights/_026720_ net:net10207
	bbox = (862.7040, 1448.9000) - (979.0200, 1448.9960) on Layer M8
violation type: Metal Spacing
	srcs: net:net127446 net:net98522
	bbox = (1016.9160, 1696.0360) - (1116.5960, 1696.1160) on Layer M8
violation type: Metal Spacing
	srcs: net:spad/acc_scale_unit/activated_data_e_scaled_muladder_4/mulAddRecFNToRaw_postMul/_0806_ net:spad/acc_scale_unit/activated_data_e_scaled_muladder_4/mulAddRecFNToRaw_postMul/_0919_
	bbox = (1025.0640, 3040.4800) - (1025.1080, 3040.4840) on Layer M1
violation type: Metal Spacing
	srcs: net:spad/acc_scale_unit/activated_data_e_scaled_muladder_4/mulAddRecFNToRaw_postMul/_0806_ net:spad/acc_scale_unit/activated_data_e_scaled_muladder_4/mulAddRecFNToRaw_postMul/_1020_
	bbox = (1025.1800, 3040.4800) - (1025.2080, 3040.4840) on Layer M1
violation type: Metal Spacing
	srcs: net:net66558
	bbox = (920.6880, 1440.9960) - (1036.8000, 1441.0760) on Layer M8
violation type: Metal Spacing
	srcs: net:net66558
	bbox = (920.6880, 1440.9960) - (1103.7600, 1441.0760) on Layer M8
violation type: Metal Spacing
	srcs: net:mod/ld_weights/_019155_ net:net36965
	bbox = (1055.4080, 1483.8760) - (1067.6600, 1483.9560) on Layer M8
violation type: Metal Spacing
	srcs: net:net90951 net:spad/reader/beatPacker/_17143_
	bbox = (1115.4680, 2839.6000) - (1115.4960, 2839.6040) on Layer M1
violation type: Metal Spacing
	srcs: net:net90951 net:spad/reader/beatPacker/_17143_
	bbox = (1115.4680, 2839.6040) - (1115.4960, 2839.6360) on Layer M1
violation type: Metal Spacing
	srcs: net:spad/reader/beatPacker/_17142_ net:spad/reader/beatPacker/_17143_
	bbox = (1115.3520, 2839.6000) - (1115.3960, 2839.6040) on Layer M1
violation type: Metal Spacing
	srcs: net:spad/acc_scale_unit/activated_data_e_scaled_muladder_4/_0583_ net:spad/acc_scale_unit/activated_data_e_scaled_muladder_4/_3500_
	bbox = (1127.6640, 3050.2000) - (1127.7080, 3050.2040) on Layer M1
violation type: Metal Spacing
	srcs: net:spad/_acc_mems_0_io_adder_op1_5_0\[6\] net:net102000
	bbox = (1111.8720, 2482.0360) - (1290.3840, 2482.1160) on Layer M8
violation type: Metal Spacing
	srcs: net:spad/_acc_mems_0_io_adder_op1_5_0\[6\]
	bbox = (1145.7960, 2482.2760) - (1290.3840, 2482.3560) on Layer M8
violation type: Metal Spacing
	srcs: net:spad/_acc_mems_0_io_adder_op1_15_0\[24\] net:net135601
	bbox = (1141.6720, 2458.9160) - (1317.6000, 2458.9960) on Layer M8
violation type: Metal Spacing
	srcs: net:ex_controller/_02448_ net:ex_controller/_02449_
	bbox = (1183.9400, 1672.6360) - (1183.9680, 1672.6400) on Layer M1
violation type: Metal Spacing
	srcs: net:spad/_acc_mems_0_io_adder_op1_14_0\[2\] net:net8650
	bbox = (1118.4360, 2535.6360) - (1298.1280, 2535.7160) on Layer M8
violation type: Metal Spacing
	srcs: net:ex_controller/_02888_ net:ex_controller/_02889_
	bbox = (1197.5480, 1672.6360) - (1197.5760, 1672.6400) on Layer M1
violation type: Metal Spacing
	srcs: net:net34136 net:spad/acc_mems_0/_0217_
	bbox = (1145.4760, 2673.2360) - (1210.6800, 2673.3160) on Layer M8
violation type: Metal Spacing
	srcs: net:net39224 net:net125027
	bbox = (1233.2800, 352.1160) - (1233.4400, 352.1960) on Layer M8
violation type: Metal Spacing
	srcs: net:net39224 net:net125027
	bbox = (1132.3000, 352.1160) - (1233.4400, 352.1960) on Layer M8
violation type: Metal Spacing
	srcs: net:spad/acc_adders/_0225_ net:net8749
	bbox = (1143.0560, 2428.3560) - (1267.3800, 2428.4360) on Layer M8
violation type: Metal Spacing
	srcs: net:net77380 net:net93999
	bbox = (1272.3880, 2684.7560) - (1293.0080, 2684.8360) on Layer M8
violation type: Metal Spacing
	srcs: net:net77380 net:net93999
	bbox = (1280.7720, 2684.7560) - (1293.0080, 2684.8360) on Layer M8
violation type: Metal Spacing
	srcs: net:net46668 net:spad/_11723_
	bbox = (1185.9600, 2717.8760) - (1287.6360, 2717.9560) on Layer M8
violation type: Metal Spacing
	srcs: net:net46668 net:spad/_11723_
	bbox = (1173.7960, 2717.8760) - (1287.6360, 2717.9560) on Layer M8
violation type: Metal Spacing
	srcs: net:net84000 net:net71922
	bbox = (1284.8640, 599.7160) - (1394.3560, 599.7960) on Layer M8
violation type: Metal Spacing
	srcs: net:mod/_28422_ net:net121816
	bbox = (1286.3560, 599.1560) - (1406.6080, 599.2360) on Layer M8
violation type: Metal Spacing
	srcs: net:net137744 net:net134949
	bbox = (1292.9960, 2519.1560) - (1313.4760, 2519.2360) on Layer M8
violation type: Metal Spacing
	srcs: net:spad/acc_scale_unit/activated_data_e_scaled_muladder_6/mulAddRecFNToRaw_postMul/_0155_ net:spad/acc_scale_unit/activated_data_e_scaled_muladder_6/mulAddRecFNToRaw_postMul/_0733_
	bbox = (1312.3440, 3261.3160) - (1312.3880, 3261.3200) on Layer M1
violation type: Metal Spacing
	srcs: net:spad/acc_scale_unit/activated_data_e_scaled_muladder_6/mulAddRecFNToRaw_postMul/_0155_ net:spad/acc_scale_unit/activated_data_e_scaled_muladder_6/mulAddRecFNToRaw_postMul/_0733_
	bbox = (1312.3440, 3261.2760) - (1312.3880, 3261.3160) on Layer M1
violation type: Metal Spacing
	srcs: net:spad/acc_scale_unit/activated_data_e_scaled_muladder_6/mulAddRecFNToRaw_postMul/_0732_ net:spad/acc_scale_unit/activated_data_e_scaled_muladder_6/mulAddRecFNToRaw_postMul/_0733_
	bbox = (1312.4600, 3261.3160) - (1312.4880, 3261.3200) on Layer M1
violation type: Metal Spacing
	srcs: net:spad/acc_scale_unit/activated_data_e_scaled_in_to_rec_fn_6/_0449_ net:spad/acc_scale_unit/activated_data_e_scaled_in_to_rec_fn_6/_0450_
	bbox = (1326.0680, 3034.0000) - (1326.0960, 3034.0040) on Layer M1
violation type: Metal Spacing
	srcs: net:net91199 net:net94090
	bbox = (1321.0520, 2444.6760) - (1443.9600, 2444.7560) on Layer M8
violation type: Metal Spacing
	srcs: net:net91856 net:net94090
	bbox = (1321.0520, 2444.6760) - (1466.1000, 2444.7560) on Layer M8
violation type: Metal Spacing
	srcs: net:net92646 net:net93212
	bbox = (1178.7960, 2595.7960) - (1345.6800, 2595.8760) on Layer M8
violation type: Metal Spacing
	srcs: net:net93285 net:net93658
	bbox = (1298.6080, 2626.0360) - (1345.5520, 2626.1160) on Layer M8
violation type: Metal Spacing
	srcs: net:spad/_acc_mems_0_io_adder_op1_9_0\[14\] net:net8420
	bbox = (1330.1160, 2506.5960) - (1405.6480, 2506.6760) on Layer M8
violation type: Metal Spacing
	srcs: net:spad/_acc_mems_1_io_adder_op1_3_0\[7\] net:net8569
	bbox = (1352.0880, 2640.3560) - (1362.0360, 2640.4360) on Layer M8
violation type: Metal Spacing
	srcs: net:net119481 net:net94100
	bbox = (1364.1960, 2639.9560) - (1365.7400, 2640.0360) on Layer M8
violation type: Metal Spacing
	srcs: net:net119481 net:net94100
	bbox = (1365.5800, 2639.9560) - (1365.7400, 2640.0360) on Layer M8
violation type: Metal Spacing
	srcs: net:net119481 net:net94100
	bbox = (1361.8000, 2639.9560) - (1365.7400, 2640.0360) on Layer M8
violation type: Metal Spacing
	srcs: net:net94100 net:net93725
	bbox = (1365.5800, 2639.4760) - (1365.9840, 2639.5560) on Layer M8
violation type: Metal Spacing
	srcs: net:net94100 net:net93725
	bbox = (1365.5800, 2639.4760) - (1365.7400, 2639.5560) on Layer M8
violation type: Metal Spacing
	srcs: net:net94100 net:net93725
	bbox = (1365.5800, 2639.4760) - (1366.0120, 2639.5720) on Layer M8
violation type: Metal Spacing
	srcs: net:net55934 net:VDD
	bbox = (1376.7520, 2398.7720) - (1376.9360, 2398.8600) on Layer M4
violation type: Metal Spacing
	srcs: net:net91185 net:net134833
	bbox = (1334.9800, 2496.1160) - (1433.6800, 2496.1960) on Layer M8
violation type: Metal Spacing
	srcs: net:net134833 net:net8440
	bbox = (1355.5200, 2496.1160) - (1433.6800, 2496.1960) on Layer M8
violation type: Metal Spacing
	srcs: net:net134833 net:net134728
	bbox = (1369.6680, 2496.4360) - (1433.6800, 2496.5160) on Layer M8
violation type: Metal Spacing
	srcs: net:net134833 net:net134728
	bbox = (1369.6680, 2496.4360) - (1437.4800, 2496.5160) on Layer M8
violation type: Metal Spacing
	srcs: net:net134833 net:net134821
	bbox = (1263.5560, 2496.7560) - (1441.8000, 2496.8360) on Layer M8
violation type: Metal Spacing
	srcs: net:net91741 net:net93766
	bbox = (1395.3280, 2633.9560) - (1403.4600, 2634.0360) on Layer M8
violation type: Metal Spacing
	srcs: net:net91741 net:net93766
	bbox = (1395.3280, 2633.9560) - (1397.9040, 2634.0360) on Layer M8
violation type: Metal Spacing
	srcs: net:net119446 net:net93766
	bbox = (1248.0080, 2634.4360) - (1409.9400, 2634.5160) on Layer M8
violation type: Metal Spacing
	srcs: net:net119446 net:net93766
	bbox = (1394.0360, 2634.4360) - (1397.9040, 2634.5160) on Layer M8
violation type: Metal Spacing
	srcs: net:net93766
	bbox = (1216.0800, 2634.1960) - (1403.4600, 2634.2760) on Layer M8
violation type: Metal Spacing
	srcs: net:spad/_acc_mems_1_io_adder_op1_2_0\[24\] net:net134519
	bbox = (1339.4720, 2420.3560) - (1481.2200, 2420.4360) on Layer M8
violation type: Metal Spacing
	srcs: net:net91835 net:net52771
	bbox = (1286.3400, 2533.9560) - (1413.9040, 2534.0360) on Layer M8
violation type: Metal Spacing
	srcs: net:net91835 net:net135132
	bbox = (1312.8360, 2534.9160) - (1417.5000, 2534.9960) on Layer M8
violation type: Metal Spacing
	srcs: net:net93150 net:net14064
	bbox = (1355.5560, 2556.4360) - (1420.7400, 2556.5160) on Layer M8
violation type: Metal Spacing
	srcs: net:mod/_25566_ net:mod/_25831_
	bbox = (1425.0960, 636.4000) - (1425.1400, 636.4040) on Layer M1
violation type: Metal Spacing
	srcs: net:mod/_25646_ net:mod/_25831_
	bbox = (1425.2120, 636.4000) - (1425.2400, 636.4040) on Layer M1
violation type: Metal Spacing
	srcs: net:net91321 net:net135703
	bbox = (1306.3560, 2473.5560) - (1430.4600, 2473.6360) on Layer M8
violation type: Metal Spacing
	srcs: net:mod/ex/_020039_ net:mod/ex/_030115_
	bbox = (1431.0440, 856.7200) - (1431.0720, 856.7240) on Layer M1
violation type: Metal Spacing
	srcs: net:net93658
	bbox = (1271.7200, 2625.3160) - (1455.3000, 2625.3960) on Layer M8
violation type: Metal Spacing
	srcs: net:net93658
	bbox = (1294.7560, 2625.3160) - (1455.3000, 2625.3960) on Layer M8
violation type: Metal Spacing
	srcs: net:spad/_11214_ net:net135491
	bbox = (1300.1280, 2648.0360) - (1476.9000, 2648.1160) on Layer M8
violation type: Metal Spacing
	srcs: net:ex_controller/mesh/mesh/mesh_14_0/tile_0_0/_0546_ net:ex_controller/mesh/mesh/mesh_14_0/tile_0_0/_0576_
	bbox = (1475.3240, 1491.7600) - (1475.3520, 1491.7640) on Layer M1
violation type: Metal Spacing
	srcs: net:ex_controller/mesh/mesh/mesh_14_0/tile_0_0/_0575_ net:ex_controller/mesh/mesh/mesh_14_0/tile_0_0/_0576_
	bbox = (1475.2080, 1491.7600) - (1475.2520, 1491.7640) on Layer M1
violation type: Metal Spacing
	srcs: net:net93084 net:net134949
	bbox = (1377.4760, 2518.9160) - (1480.2080, 2518.9960) on Layer M8
violation type: Metal Spacing
	srcs: net:net91920 net:net57196
	bbox = (1338.5960, 2429.9560) - (1511.9000, 2430.0360) on Layer M8
violation type: Metal Spacing
	srcs: net:net91541 net:net92150
	bbox = (1389.7640, 2483.9560) - (1515.2360, 2484.0360) on Layer M8
violation type: Metal Spacing
	srcs: net:net134815
	bbox = (1328.4520, 2488.9960) - (1512.0000, 2489.0760) on Layer M8
violation type: Metal Spacing
	srcs: net:net135540 net:net134720
	bbox = (1506.1160, 2507.3960) - (1506.1960, 2689.9560) on Layer M9
violation type: Metal Spacing
	srcs: net:spad/_acc_mems_1_io_adder_op1_3_0\[11\] net:net93799
	bbox = (1507.2200, 2653.7160) - (1507.2360, 2830.2760) on Layer M9
violation type: Metal Spacing
	srcs: net:net91254 net:net92359
	bbox = (1394.8160, 2552.5960) - (1552.5000, 2552.6760) on Layer M8
violation type: Metal Spacing
	srcs: net:ex_controller/mesh/mesh/mesh_14_2/tile_0_0/_0198_ net:ex_controller/mesh/mesh/mesh_14_2/tile_0_0/_0308_
	bbox = (1553.9480, 1635.9160) - (1553.9840, 1635.9200) on Layer M1
violation type: Metal Spacing
	srcs: net:ex_controller/mesh/mesh/mesh_14_2/tile_0_0/_0198_ net:ex_controller/mesh/mesh/mesh_14_2/tile_0_0/_0308_
	bbox = (1553.9480, 1635.9160) - (1553.9760, 1635.9200) on Layer M1
violation type: Metal Spacing
	srcs: net:spad/_acc_mems_1_io_adder_op1_9_0\[25\] net:net134673
	bbox = (1388.6120, 2512.5160) - (1562.0640, 2512.5960) on Layer M8
violation type: Metal Spacing
	srcs: net:net92525 net:net135148
	bbox = (1502.7840, 2537.4760) - (1554.4360, 2537.5560) on Layer M8
violation type: Metal Spacing
	srcs: net:net92034 net:net101877
	bbox = (1396.3560, 2556.7560) - (1561.5560, 2556.8360) on Layer M8
violation type: Metal Spacing
	srcs: net:net91254 net:net135148
	bbox = (1550.6760, 2553.8760) - (1550.7560, 2725.5560) on Layer M9
violation type: Metal Spacing
	srcs: net:spad/_acc_mems_1_io_adder_op1_2_0\[4\] net:net134538
	bbox = (1411.3800, 2420.7560) - (1568.1600, 2420.8360) on Layer M8
violation type: Metal Spacing
	srcs: net:net92359 net:net116728
	bbox = (1517.9560, 2550.9960) - (1582.2000, 2551.0760) on Layer M8
violation type: Metal Spacing
	srcs: net:net49296 net:net138944
	bbox = (1521.7960, 2518.3560) - (1608.0280, 2518.4360) on Layer M8
violation type: Metal Spacing
	srcs: net:net49296 net:net101693
	bbox = (1515.5880, 2518.3560) - (1608.0280, 2518.4360) on Layer M8
violation type: Metal Spacing
	srcs: net:clknet_10_412_0_clock net:spad/acc_adders/_0679_
	bbox = (1534.4360, 2526.1160) - (1683.1000, 2526.1960) on Layer M8
violation type: Metal Spacing
	srcs: net:spad/writer/_02943_
	bbox = (1756.7560, 2913.1560) - (1756.8360, 3098.7560) on Layer M9
violation type: Metal Spacing
	srcs: net:ex_controller/mesh/mesh/_mesh_11_1_io_out_c_0\[12\] net:ex_controller/mesh/mesh/mesh_11_1/tile_0_0/_0732_
	bbox = (1830.7440, 1445.8360) - (1830.7880, 1445.8400) on Layer M1
violation type: Metal Spacing
	srcs: net:ex_controller/mesh/mesh/_mesh_11_1_io_out_c_0\[12\] net:ex_controller/mesh/mesh/mesh_11_1/tile_0_0/_0734_
	bbox = (1830.8600, 1445.8360) - (1830.8880, 1445.8400) on Layer M1
violation type: Metal Spacing
	srcs: net:ex_controller/mesh/mesh/mesh_10_1/tile_0_0/_0029_ net:ex_controller/mesh/mesh/mesh_10_1/tile_0_0/_0590_
	bbox = (1922.2280, 1407.5200) - (1922.2560, 1407.5240) on Layer M1
violation type: Metal Spacing
	srcs: net:ex_controller/mesh/mesh/mesh_11_3/tile_0_0/_0029_ net:ex_controller/mesh/mesh/mesh_11_3/tile_0_0/_0590_
	bbox = (1982.4920, 1672.6360) - (1982.5200, 1672.6400) on Layer M1
violation type: Metal Spacing
	srcs: net:ex_controller/mesh/mesh/mesh_7_0/tile_0_0/_0256_ net:net27432
	bbox = (2015.2360, 796.0360) - (2015.3160, 893.8760) on Layer M9
violation type: Metal Spacing
	srcs: net:spad/acc_scale_unit/activated_data_e_scaled_in_to_rec_fn_9/roundAnyRawFNToRecFN/_083_ net:net1348
	bbox = (2015.1080, 2582.5600) - (2015.1360, 2582.5640) on Layer M1
violation type: Metal Spacing
	srcs: net:net41229 net:spad/acc_scale_unit/activated_data_e_scaled_in_to_rec_fn_9/roundAnyRawFNToRecFN/_083_
	bbox = (2014.9920, 2582.5600) - (2015.0360, 2582.5640) on Layer M1
violation type: Metal Spacing
	srcs: net:spad/acc_scale_unit/activated_data_e_scaled_in_to_rec_fn_13/_0046_ net:spad/acc_scale_unit/activated_data_e_scaled_in_to_rec_fn_13/_0260_
	bbox = (2030.3280, 3013.4800) - (2030.3720, 3013.4840) on Layer M1
violation type: Metal Spacing
	srcs: net:spad/acc_scale_unit/activated_data_e_scaled_in_to_rec_fn_11/_0565_ inst:spad/acc_scale_unit/activated_data_e_scaled_in_to_rec_fn_11/_1230_
	bbox = (2038.5080, 2800.7600) - (2038.5680, 2800.7640) on Layer M1
violation type: Metal Spacing
	srcs: net:ex_controller/mesh/mesh/mesh_11_5_io_in_control_0_shift_pipe_b\[3\] net:net96951
	bbox = (1928.5120, 1877.2360) - (2101.6800, 1877.3160) on Layer M8
violation type: Metal Spacing
	srcs: net:ex_controller/mesh/mesh/mesh_15_8/tile_0_0/mac_unit/_0252_ net:ex_controller/mesh/mesh/mesh_15_8/tile_0_0/mac_unit/_0284_
	bbox = (2087.6840, 2279.5960) - (2087.7120, 2279.6000) on Layer M1
violation type: Metal Spacing
	srcs: net:ex_controller/mesh/mesh/mesh_15_8/tile_0_0/mac_unit/_0279_ net:ex_controller/mesh/mesh/mesh_15_8/tile_0_0/mac_unit/_0284_
	bbox = (2087.5680, 2279.5960) - (2087.6120, 2279.6000) on Layer M1
violation type: Metal Spacing
	srcs: net:spad/acc_scale_unit/activated_data_e_scaled_in_to_rec_fn_14/_0034_ net:spad/acc_scale_unit/activated_data_e_scaled_in_to_rec_fn_14/_0563_
	bbox = (2104.6320, 3178.1560) - (2104.6760, 3178.1600) on Layer M1
violation type: Metal Spacing
	srcs: net:spad/acc_scale_unit/activated_data_e_scaled_in_to_rec_fn_14/_0056_ net:spad/acc_scale_unit/activated_data_e_scaled_in_to_rec_fn_14/_0563_
	bbox = (2104.7480, 3178.1560) - (2104.7760, 3178.1600) on Layer M1
violation type: Metal Spacing
	srcs: net:spad/acc_scale_unit/activated_data_e_scaled_muladder_11/mulAddRecFNToRaw_preMul/_0398_ net:spad/acc_scale_unit/activated_data_e_scaled_muladder_11/mulAddRecFNToRaw_preMul/_0536_
	bbox = (2125.7000, 2867.1160) - (2125.7280, 2867.1200) on Layer M1
violation type: Metal Spacing
	srcs: net:ex_controller/mesh/mesh/mesh_14_8/tile_0_0/_0428_ net:ex_controller/mesh/mesh/mesh_14_8/tile_0_0/_0429_
	bbox = (2186.0640, 2269.8760) - (2186.1080, 2269.8800) on Layer M1
violation type: Metal Spacing
	srcs: net:ex_controller/mesh/mesh/mesh_14_8/tile_0_0/_0429_ net:net138353
	bbox = (2186.1800, 2269.8760) - (2186.2080, 2269.8800) on Layer M1
violation type: Metal Spacing
	srcs: net:spad/acc_scale_unit/activated_data_e_scaled_muladder_10/_0022_ net:spad/acc_scale_unit/activated_data_e_scaled_muladder_10/mulAddRecFNToRaw_postMul/_0810_
	bbox = (2231.5400, 2694.3160) - (2231.5680, 2694.3200) on Layer M1
violation type: Metal Spacing
	srcs: net:spad/acc_scale_unit/activated_data_e_scaled_muladder_10/_0023_ net:spad/acc_scale_unit/activated_data_e_scaled_muladder_10/mulAddRecFNToRaw_postMul/_0810_
	bbox = (2231.4240, 2694.3160) - (2231.4680, 2694.3200) on Layer M1
violation type: Metal Spacing
	srcs: net:ex_controller/mesh/mesh/mesh_8_3/tile_0_0/mac_unit/_0159_ net:ex_controller/mesh/mesh/mesh_8_3/tile_0_0/mac_unit/_0524_
	bbox = (2239.3160, 1528.4800) - (2239.3440, 1528.4840) on Layer M1
violation type: Metal Spacing
	srcs: net:ex_controller/mesh/mesh/mesh_4_3/tile_0_0/_0458_ net:ex_controller/mesh/mesh/mesh_4_3/tile_0_0/_0538_
	bbox = (2248.1720, 1204.4800) - (2248.2000, 1204.4840) on Layer M1
violation type: Metal Spacing
	srcs: net:ex_controller/mesh/mesh/mesh_13_8/tile_0_0/_0533_ net:net105177
	bbox = (2255.6160, 2232.6400) - (2255.6600, 2232.6440) on Layer M1
violation type: Metal Spacing
	srcs: net:ex_controller/mesh/mesh/mesh_4_2/tile_0_0/mac_unit/_0144_ net:ex_controller/mesh/mesh/mesh_4_2/tile_0_0/mac_unit/_0432_
	bbox = (2279.8080, 1031.1160) - (2279.8520, 1031.1200) on Layer M1
violation type: Metal Spacing
	srcs: net:ex_controller/mesh/mesh/mesh_4_2/tile_0_0/mac_unit/_0431_ net:ex_controller/mesh/mesh/mesh_4_2/tile_0_0/mac_unit/_0432_
	bbox = (2279.9240, 1031.1160) - (2279.9520, 1031.1200) on Layer M1
violation type: Metal Spacing
	srcs: net:ex_controller/mesh/mesh/mesh_5_4/tile_0_0/_0040_ net:ex_controller/mesh/mesh/mesh_5_4/tile_0_0/_0464_
	bbox = (2310.3800, 1445.8360) - (2310.4080, 1445.8400) on Layer M1
violation type: Metal Spacing
	srcs: net:ex_controller/mesh/mesh/mesh_2_2/tile_0_0/_0030_ net:ex_controller/mesh/mesh/mesh_2_2/tile_0_0/_0548_
	bbox = (2354.4440, 940.9600) - (2354.4720, 940.9640) on Layer M1
violation type: Metal Spacing
	srcs: net:spad/acc_scale_unit/activated_data_e_scaled_muladder_14/roundRawFNToRecFN/roundAnyRawFNToRecFN/_0235_ net:spad/acc_scale_unit/activated_data_e_scaled_muladder_14/roundRawFNToRecFN/roundAnyRawFNToRecFN/_0236_
	bbox = (2376.2600, 3217.6000) - (2376.2880, 3217.6040) on Layer M1
violation type: Metal Spacing
	srcs: net:spad/acc_scale_unit/activated_data_e_scaled_muladder_14/roundRawFNToRecFN/roundAnyRawFNToRecFN/_0235_ net:spad/acc_scale_unit/activated_data_e_scaled_muladder_14/roundRawFNToRecFN/roundAnyRawFNToRecFN/_0236_
	bbox = (2376.2600, 3217.6000) - (2376.2960, 3217.6040) on Layer M1
violation type: Metal Spacing
	srcs: net:spad/acc_scale_unit/activated_data_e_scaled_muladder_14/roundRawFNToRecFN/roundAnyRawFNToRecFN/_0231_ net:spad/acc_scale_unit/activated_data_e_scaled_muladder_14/roundRawFNToRecFN/roundAnyRawFNToRecFN/_0236_
	bbox = (2376.1440, 3217.6000) - (2376.1880, 3217.6040) on Layer M1
violation type: Metal Spacing
	srcs: net:ex_controller/mesh/mesh/mesh_0_1/tile_0_0/_0040_ net:ex_controller/mesh/mesh/mesh_0_1/tile_0_0/_0464_
	bbox = (2503.4840, 644.4760) - (2503.5120, 644.4800) on Layer M1
violation type: Metal Spacing
	srcs: net:ex_controller/mesh/mesh/mesh_7_7/tile_0_0/_0344_ net:ex_controller/mesh/mesh/mesh_7_7/tile_0_0/_0387_
	bbox = (2594.2040, 1785.5200) - (2594.2320, 1785.5240) on Layer M1
violation type: Metal Spacing
	srcs: net:ex_controller/mesh/mesh/mesh_13_11/tile_0_0/_0458_ net:ex_controller/mesh/mesh/mesh_13_11/tile_0_0/_0459_
	bbox = (2635.6760, 2556.6400) - (2635.7040, 2556.6440) on Layer M1
violation type: Metal Spacing
	srcs: net:ex_controller/mesh/mesh/mesh_2_8/tile_0_0/_0613_ net:ex_controller/mesh/mesh/mesh_2_8/tile_0_0/_0617_
	bbox = (2829.6440, 1251.4360) - (2829.6720, 1251.4400) on Layer M1
violation type: Metal Spacing
	srcs: net:ex_controller/mesh/mesh/mesh_2_8/tile_0_0/_0613_ net:ex_controller/mesh/mesh/mesh_2_8/tile_0_0/_0617_
	bbox = (2829.6440, 1251.4360) - (2829.6800, 1251.4400) on Layer M1
violation type: Metal Spacing
	srcs: net:ex_controller/mesh/mesh/mesh_2_8/tile_0_0/_0210_ net:ex_controller/mesh/mesh/mesh_2_8/tile_0_0/_0617_
	bbox = (2829.5280, 1251.4360) - (2829.5720, 1251.4400) on Layer M1
violation type: Metal Spacing
	srcs: net:ex_controller/mesh/mesh/mesh_6_10/tile_0_0/_0344_ net:ex_controller/mesh/mesh/mesh_6_10/tile_0_0/_0387_
	bbox = (2951.5680, 1884.8800) - (2951.6120, 1884.8840) on Layer M1
violation type: Metal Spacing
	srcs: net:ex_controller/mesh/mesh/mesh_6_10/tile_0_0/_0229_ net:ex_controller/mesh/mesh/mesh_6_10/tile_0_0/_0387_
	bbox = (2951.6840, 1884.8800) - (2951.7120, 1884.8840) on Layer M1
violation type: Metal Spacing
	srcs: net:ex_controller/mesh/mesh/mesh_6_10/tile_0_0/_0229_ net:ex_controller/mesh/mesh/mesh_6_10/tile_0_0/_0387_
	bbox = (2951.6840, 1884.8840) - (2951.7120, 1884.9160) on Layer M1
violation type: Metal Spacing
	srcs: net:ex_controller/mesh/mesh/mesh_8_11/tile_0_0/_0405_ net:net104389
	bbox = (2952.2160, 2242.3600) - (2952.2600, 2242.3640) on Layer M1
violation type: Metal Spacing
	srcs: net:ex_controller/mesh/mesh/mesh_0_10/tile_0_0/_0576_ net:net105567
	bbox = (2983.5360, 1067.8360) - (2983.5800, 1067.8400) on Layer M1
violation type: Metal Spacing
	srcs: net:ex_controller/mesh/mesh/mesh_1_10/tile_0_0/_0701_ net:ex_controller/mesh/mesh/mesh_1_10/tile_0_0/_0715_
	bbox = (3005.0360, 1241.7160) - (3005.0640, 1241.7200) on Layer M1
violation type: Metal Spacing
	srcs: net:ex_controller/mesh/mesh/mesh_10_13/tile_0_0/mac_unit/_0251_ net:ex_controller/mesh/mesh/mesh_10_13/tile_0_0/mac_unit/_0284_
	bbox = (3094.0280, 2776.9600) - (3094.0560, 2776.9640) on Layer M1
violation type: Metal Spacing
	srcs: net:net90005 net:ex_controller/mesh/mesh/mesh_10_13/tile_0_0/mac_unit/_0284_
	bbox = (3093.9120, 2776.9600) - (3093.9560, 2776.9640) on Layer M1
violation type: Metal Spacing
	srcs: net:ex_controller/mesh/mesh/mesh_8_13/tile_0_0/_0280_ net:ex_controller/mesh/mesh/mesh_8_13/tile_0_0/_0284_
	bbox = (3102.3360, 2536.1200) - (3102.3800, 2536.1240) on Layer M1
violation type: Metal Spacing
	srcs: net:ex_controller/mesh/mesh/mesh_10_13/tile_0_0/mac_unit/_0115_ net:ex_controller/mesh/mesh/mesh_10_13/tile_0_0/mac_unit/_0118_
	bbox = (3104.3960, 2740.2400) - (3104.4240, 2740.2440) on Layer M1
violation type: Metal Spacing
	srcs: net:ex_controller/mesh/mesh/mesh_4_12/tile_0_0/_0063_ net:ex_controller/mesh/mesh/mesh_4_12/tile_0_0/_0782_
	bbox = (3140.2520, 1802.2360) - (3140.2800, 1802.2400) on Layer M1
violation type: Metal Spacing
	srcs: net:ex_controller/mesh/mesh/mesh_4_12/tile_0_0/_0064_ net:ex_controller/mesh/mesh/mesh_4_12/tile_0_0/_0782_
	bbox = (3140.1360, 1802.2360) - (3140.1800, 1802.2400) on Layer M1
violation type: Metal Spacing
	srcs: net:net116136
	bbox = (2993.7600, 2423.3160) - (3179.4400, 2423.3960) on Layer M8
violation type: Metal Spacing
	srcs: net:ex_controller/mesh/mesh/mesh_1_15/tile_0_0/_0296_ net:ex_controller/mesh/mesh/mesh_1_15/tile_0_0/_0301_
	bbox = (3231.6200, 1388.0800) - (3231.6480, 1388.0840) on Layer M1
violation type: Metal Spacing
	srcs: net:ex_controller/mesh/mesh/mesh_1_15/tile_0_0/_0296_ net:ex_controller/mesh/mesh/mesh_1_15/tile_0_0/_0301_
	bbox = (3231.6200, 1388.0800) - (3231.6560, 1388.0840) on Layer M1
violation type: Metal Spacing
	srcs: net:ex_controller/mesh/mesh/mesh_5_15/tile_0_0/mac_unit/_0424_ net:ex_controller/mesh/mesh/mesh_5_15/tile_0_0/mac_unit/_0435_
	bbox = (3277.2960, 2095.4800) - (3277.3400, 2095.4840) on Layer M1
violation type: Lef58EolKeepOut
	srcs: net:spad/acc_mems_0/_0345_ net:spad/acc_mems_0/_2385_
	bbox = (1511.2520, 2653.3800) - (1511.2960, 2653.3840) on Layer M1
violation type: Lef58EolKeepOut
	srcs: net:mod/_24162_ net:mod/_24172_
	bbox = (1565.2080, 461.9600) - (1565.2800, 462.0600) on Layer M1
violation type: Lef58EolKeepOut
	srcs: net:ex_controller/mesh/mesh/mesh_14_2/tile_0_0/_0561_ net:ex_controller/mesh/mesh/mesh_14_2/tile_0_0/_0563_
	bbox = (1572.7680, 1618.6400) - (1572.8400, 1618.7400) on Layer M1
violation type: Lef58EolKeepOut
	srcs: net:mod/ld_input/_11726_ net:mod/ld_input/_11752_
	bbox = (1723.9680, 362.6000) - (1724.0400, 362.7000) on Layer M1
violation type: Lef58EolKeepOut
	srcs: net:ex_controller/mesh/mesh/mesh_5_3/tile_0_0/_0827_ net:ex_controller/mesh/mesh/mesh_5_3/tile_0_0/_0832_
	bbox = (2215.3680, 1270.2600) - (2215.4400, 1270.3600) on Layer M1
violation type: Lef58EolKeepOut
	srcs: net:net89896 net:ex_controller/mesh/mesh/mesh_10_6/tile_0_0/mac_unit/_0338_
	bbox = (2253.1680, 1888.6400) - (2253.2400, 1888.7400) on Layer M1
violation type: Lef58EolKeepOut
	srcs: net:ex_controller/mesh/mesh/mesh_2_3/tile_0_0/_0631_ net:ex_controller/mesh/mesh/mesh_2_3/tile_0_0/_0633_
	bbox = (2396.8080, 1080.1800) - (2396.8800, 1080.2800) on Layer M1
violation type: Lef58EolKeepOut
	srcs: net:ex_controller/mesh/mesh/mesh_8_8/tile_0_0/_0396_ net:net115641
	bbox = (2639.1600, 1926.9000) - (2639.2320, 1927.0000) on Layer M1
violation type: Lef58EolKeepOut
	srcs: net:ex_controller/mesh/mesh/mesh_4_12/tile_0_0/_0541_ net:ex_controller/mesh/mesh/mesh_4_12/tile_0_0/_0543_
	bbox = (3137.6880, 1834.6400) - (3137.7600, 1834.7400) on Layer M1
violation type: Lef58EolKeepOut
	srcs: net:spad/reader/core/_0150_ net:spad/reader/core/_0692_
	bbox = (310.2480, 2340.5400) - (310.3200, 2340.6400) on Layer M1
violation type: Lef58EolKeepOut
	srcs: net:mod/ex/_026857_ net:mod/ex/_026924_
	bbox = (1361.5200, 1235.7000) - (1361.5920, 1235.8000) on Layer M1
violation type: Lef58EolKeepOut
	srcs: net:clknet_leaf_4304_clock inst:spad/acc_adders/m_8/io_sum\[4\]$_DFF_P_
	bbox = (1496.2880, 2431.2560) - (1496.3480, 2431.2600) on Layer M1
violation type: Lef58EolKeepOut
	srcs: net:mod/ex/_074914_ net:net111852
	bbox = (1656.3600, 810.8000) - (1656.4320, 810.9000) on Layer M1
violation type: Lef58EolKeepOut
	srcs: net:net89332 net:ex_controller/mesh/mesh/mesh_12_9/tile_0_0/mac_unit/_0338_
	bbox = (2442.1680, 2201.8400) - (2442.2400, 2201.9400) on Layer M1
violation type: Lef58EolKeepOut
	srcs: net:ex_controller/mesh/mesh/mesh_4_6/tile_0_0/_0541_ net:ex_controller/mesh/mesh/mesh_4_6/tile_0_0/_0543_
	bbox = (2563.1280, 1463.1200) - (2563.2000, 1463.2200) on Layer M1
violation type: Lef58EolKeepOut
	srcs: net:net57350 net:spad/_07670_
	bbox = (1348.8400, 2454.4440) - (1348.9440, 2454.4440) on Layer M2
violation type: Lef58EolKeepOut
	srcs: net:net134510 net:net93725
	bbox = (1445.1280, 2654.0280) - (1445.1920, 2654.1240) on Layer M4
violation type: Lef58EolKeepOut
	srcs: net:spad/_10749_ net:spad/_10752_
	bbox = (1453.8520, 2623.8280) - (1453.9560, 2623.8280) on Layer M2
violation type: Lef58EolKeepOut
	srcs: net:ex_controller/mesh/mesh/mesh_1_1/tile_0_0/_0230_ net:net105000
	bbox = (2474.8840, 725.1600) - (2474.9880, 725.1880) on Layer M2
violation type: Lef58EolKeepOut
	srcs: net:ex_controller/mesh/mesh/mesh_1_1/tile_0_0/_0230_ net:net105000
	bbox = (2474.8840, 725.1600) - (2474.9880, 725.1600) on Layer M2
violation type: Lef58EolKeepOut
	srcs: net:ex_controller/mesh/mesh/mesh_1_1/tile_0_0/_0230_ net:net105000
	bbox = (2474.8840, 725.1880) - (2474.9880, 725.2320) on Layer M2
violation type: Lef58EolKeepOut
	srcs: net:ex_controller/mesh/mesh/mesh_1_1/tile_0_0/_0230_ net:net105000
	bbox = (2474.8840, 725.1160) - (2474.9880, 725.1600) on Layer M2
violation type: Lef58EolKeepOut
	srcs: net:ex_controller/mesh/mesh/mesh_1_1/tile_0_0/_0230_ net:net105000
	bbox = (2474.8840, 725.1880) - (2474.9880, 725.1880) on Layer M2
violation type: Lef58EolKeepOut
	srcs: net:clknet_leaf_4241_clock inst:spad/acc_mems_1/q/ram\[193\]$_DFFE_PP_
	bbox = (1341.4160, 2473.3760) - (1341.4760, 2473.3800) on Layer M1
violation type: Lef58EolKeepOut
	srcs: net:net135532 net:net93820
	bbox = (1505.6280, 2431.1680) - (1505.7240, 2431.2040) on Layer M5
violation type: Lef58EolKeepOut
	srcs: net:spad/reader/beatPacker/_10140_ net:spad/reader/beatPacker/_10150_
	bbox = (933.4080, 2602.9800) - (933.4800, 2603.0800) on Layer M1
violation type: Lef58EolKeepOut
	srcs: net:spad/acc_adders/m_4/_064_ net:spad/acc_adders/m_4/_173_
	bbox = (1302.7120, 2639.2640) - (1302.7760, 2639.2680) on Layer M1
violation type: Lef58EolKeepOut
	srcs: net:ex_controller/mesh/mesh/mesh_9_6/tile_0_0/_0569_ net:net138319
	bbox = (2400.0480, 1875.0600) - (2400.1200, 1875.1600) on Layer M1
violation type: Lef58EolKeepOut
	srcs: net:ex_controller/mesh/mesh/mesh_3_5/tile_0_0/_0657_ net:ex_controller/mesh/mesh/mesh_3_5/tile_0_0/_0702_
	bbox = (2460.5280, 1354.5000) - (2460.6000, 1354.6000) on Layer M1
violation type: Lef58EolKeepOut
	srcs: net:ex_controller/mesh/mesh/mesh_2_10/tile_0_0/_0522_ net:ex_controller/mesh/mesh/mesh_2_10/tile_0_0/_0715_
	bbox = (3004.8480, 1392.9200) - (3004.9200, 1393.0200) on Layer M1
violation type: Lef58EolKeepOut
	srcs: net:ex_controller/mesh/mesh/mesh_2_10/tile_0_0/mac_unit/_0009_ net:ex_controller/mesh/mesh/mesh_2_10/tile_0_0/mac_unit/_0515_
	bbox = (3027.5280, 1303.7400) - (3027.6000, 1303.8400) on Layer M1
violation type: Lef58EolKeepOut
	srcs: net:tlb/_0426_ net:tlb/_0428_
	bbox = (230.3280, 2083.5000) - (230.4000, 2083.6000) on Layer M1
violation type: Lef58EolKeepOut
	srcs: net:spad/acc_adders/_0181_ net:VDD
	bbox = (1301.2800, 2629.8680) - (1301.2800, 2629.9120) on Layer M3
violation type: Lef58EolKeepOut
	srcs: net:spad/acc_adders/_0181_ net:VDD
	bbox = (1301.2640, 2629.8680) - (1301.2640, 2629.9120) on Layer M3
violation type: Lef58EolKeepOut
	srcs: net:spad/acc_mems_1/_0232_ inst:wire86865
	bbox = (1402.3880, 2432.3360) - (1402.4320, 2432.3400) on Layer M1
violation type: Lef58EolKeepOut
	srcs: net:net135626 net:net93946
	bbox = (1429.4680, 2431.9800) - (1429.5440, 2432.0760) on Layer M4
violation type: Lef58EolKeepOut
	srcs: net:spad/acc_scale_unit/activated_data_e_scaled_muladder_7/mulAddRecFNToRaw_postMul/_1023_ net:spad/acc_scale_unit/activated_data_e_scaled_muladder_7/mulAddRecFNToRaw_postMul/_1134_
	bbox = (1681.8480, 2153.2400) - (1681.9200, 2153.3400) on Layer M1
violation type: Lef58EolKeepOut
	srcs: net:ex_controller/mesh/mesh/mesh_15_5/tile_0_0/_0506_ net:ex_controller/mesh/mesh/mesh_15_5/tile_0_0/_0514_
	bbox = (1795.2480, 1978.2800) - (1795.3200, 1978.3800) on Layer M1
violation type: Lef58EolKeepOut
	srcs: net:ex_controller/mesh/mesh/mesh_7_11/tile_0_0/_0471_ net:ex_controller/mesh/mesh/mesh_7_11/tile_0_0/_0482_
	bbox = (2974.6080, 2154.3200) - (2974.6800, 2154.4200) on Layer M1
violation type: Lef58EolKeepOut
	srcs: net:spad/acc_scale_unit/activated_data_e_scaled_muladder/_0035_ net:spad/acc_scale_unit/activated_data_e_scaled_muladder/mulAddRecFNToRaw_postMul/_1036_
	bbox = (1088.7120, 2202.3000) - (1088.7840, 2202.4000) on Layer M1
violation type: Lef58EolKeepOut
	srcs: net:mod/ld_weights/_037253_ net:mod/ld_weights/_037349_
	bbox = (1199.0960, 1406.6520) - (1199.1040, 1406.7480) on Layer M4
violation type: Lef58EolKeepOut
	srcs: net:ex_controller/_02500_ net:ex_controller/_02502_
	bbox = (1224.7920, 1695.3200) - (1224.8640, 1695.4200) on Layer M1
violation type: Lef58EolKeepOut
	srcs: net:ex_controller/mesh/mesh/mesh_7_0/tile_0_0/_0506_ net:ex_controller/mesh/mesh/mesh_7_0/tile_0_0/_0514_
	bbox = (2033.7120, 984.6800) - (2033.7840, 984.7800) on Layer M1
violation type: Lef58EolKeepOut
	srcs: net:ex_controller/mesh/mesh/mesh_8_2/tile_0_0/_0522_ net:ex_controller/mesh/mesh/mesh_8_2/tile_0_0/_0715_
	bbox = (2071.5120, 1402.0200) - (2071.5840, 1402.1200) on Layer M1
violation type: Lef58EolKeepOut
	srcs: net:ex_controller/mesh/mesh/mesh_3_3/tile_0_0/_0561_ net:ex_controller/mesh/mesh/mesh_3_3/tile_0_0/_0563_
	bbox = (2290.7520, 1111.5000) - (2290.8240, 1111.6000) on Layer M1
violation type: Lef58EolKeepOut
	srcs: net:ex_controller/mesh/mesh/mesh_3_5/tile_0_0/_0471_ net:ex_controller/mesh/mesh/mesh_3_5/tile_0_0/_0482_
	bbox = (2471.9760, 1362.0600) - (2472.0480, 1362.1600) on Layer M1
violation type: Lef58EolKeepOut
	srcs: net:ex_controller/mesh/mesh/mesh_3_10/tile_0_0/mac_unit/_0009_ net:ex_controller/mesh/mesh/mesh_3_10/tile_0_0/mac_unit/_0515_
	bbox = (3023.8560, 1429.0200) - (3023.9280, 1429.1200) on Layer M1
violation type: Lef58EolKeepOut
	srcs: net:spad/vsm/_03301_ net:spad/vsm/_04402_
	bbox = (786.3120, 2552.8400) - (786.3840, 2552.9400) on Layer M1
violation type: Lef58EolKeepOut
	srcs: net:net51374 inst:spad/acc_mems_0/q/_5909_
	bbox = (1336.5080, 2629.9760) - (1336.5520, 2629.9800) on Layer M1
violation type: Lef58EolKeepOut
	srcs: net:ex_controller/mesh/mesh/mesh_13_3/tile_0_0/_0197_ net:ex_controller/mesh/mesh/mesh_13_3/tile_0_0/_0525_
	bbox = (1768.8960, 1713.6800) - (1768.9680, 1713.7800) on Layer M1
violation type: Lef58EolKeepOut
	srcs: net:ex_controller/mesh/mesh/mesh_12_3/tile_0_0/_0471_ net:ex_controller/mesh/mesh/mesh_12_3/tile_0_0/_0482_
	bbox = (1850.3280, 1692.0800) - (1850.4000, 1692.1800) on Layer M1
violation type: Lef58EolKeepOut
	srcs: net:ex_controller/mesh/mesh/mesh_12_12/tile_0_0/_0541_ net:ex_controller/mesh/mesh/mesh_12_12/tile_0_0/_0543_
	bbox = (2744.3520, 2612.2400) - (2744.4240, 2612.3400) on Layer M1
violation type: Lef58EolKeepOut
	srcs: net:ex_controller/mesh/mesh/mesh_5_10/tile_0_0/mac_unit/_0009_ net:ex_controller/mesh/mesh/mesh_5_10/tile_0_0/mac_unit/_0515_
	bbox = (3039.1920, 1720.1600) - (3039.2640, 1720.2600) on Layer M1
violation type: Lef58EolKeepOut
	srcs: net:mod/ld_weights/_061671_ net:mod/ld_weights/_061691_
	bbox = (930.2680, 1111.8160) - (930.3720, 1111.8160) on Layer M2
violation type: Lef58EolKeepOut
	srcs: net:spad/_acc_mems_0_io_adder_op1_4_0\[30\] net:spad/acc_mems_0/q/_2079_
	bbox = (1315.0880, 2484.1760) - (1315.1480, 2484.1800) on Layer M1
violation type: Lef58EolKeepOut
	srcs: net:ex_controller/mesh/mesh/mesh_10_5/tile_0_0/_0403_ net:ex_controller/mesh/mesh/mesh_10_5/tile_0_0/_0408_
	bbox = (2191.8160, 1855.8080) - (2191.8480, 1855.8080) on Layer M2
violation type: Lef58EolKeepOut
	srcs: net:ex_controller/mesh/mesh/mesh_10_5/tile_0_0/_0403_ net:ex_controller/mesh/mesh/mesh_10_5/tile_0_0/_0408_
	bbox = (2191.8160, 1855.7360) - (2191.8480, 1855.7360) on Layer M2
violation type: Lef58EolKeepOut
	srcs: net:ex_controller/mesh/mesh/mesh_10_5/tile_0_0/_0403_ net:ex_controller/mesh/mesh/mesh_10_5/tile_0_0/_0408_
	bbox = (2191.8160, 1855.7360) - (2191.8480, 1855.8080) on Layer M2
violation type: Lef58EolKeepOut
	srcs: net:mod/ld_weights/_064416_ net:mod/ld_weights/_067771_
	bbox = (796.9960, 853.6880) - (797.1000, 853.6880) on Layer M2
violation type: Lef58EolKeepOut
	srcs: net:mod/ld_weights/_064416_ net:mod/ld_weights/_067771_
	bbox = (796.9960, 853.7600) - (797.1000, 853.7600) on Layer M2
violation type: Lef58EolKeepOut
	srcs: net:mod/ld_weights/_064416_ net:mod/ld_weights/_067771_
	bbox = (796.9960, 853.6880) - (797.1000, 853.7600) on Layer M2
violation type: Lef58EolKeepOut
	srcs: net:mod/_01167_ net:mod/_25528_
	bbox = (1428.0480, 638.0000) - (1428.1200, 638.1000) on Layer M1
violation type: Lef58EolKeepOut
	srcs: net:mod/ex/_067218_ net:mod/ex/_067232_
	bbox = (1458.2880, 1439.3600) - (1458.3600, 1439.4600) on Layer M1
violation type: Lef58EolKeepOut
	srcs: net:ex_controller/mesh/mesh/mesh_15_6/tile_0_0/_0396_ net:net115452
	bbox = (1911.8880, 2142.4400) - (1911.9600, 2142.5400) on Layer M1
violation type: Lef58EolKeepOut
	srcs: net:ex_controller/mesh/mesh/mesh_7_1/tile_0_0/_0814_ net:ex_controller/mesh/mesh/mesh_7_1/tile_0_0/_0817_
	bbox = (2063.0880, 1128.3200) - (2063.1600, 1128.4200) on Layer M1
violation type: Lef58EolKeepOut
	srcs: net:ex_controller/mesh/mesh/mesh_0_5/tile_0_0/_0506_ net:ex_controller/mesh/mesh/mesh_0_5/tile_0_0/_0514_
	bbox = (2630.0880, 1103.4800) - (2630.1600, 1103.5800) on Layer M1
violation type: Lef58EolKeepOut
	srcs: net:ex_controller/mesh/mesh/mesh_8_11/tile_0_0/_0471_ net:ex_controller/mesh/mesh/mesh_8_11/tile_0_0/_0482_
	bbox = (2940.0480, 2260.1600) - (2940.1200, 2260.2600) on Layer M1
violation type: Lef58EolKeepOut
	srcs: net:ex_controller/mesh/mesh/mesh_2_14/tile_0_0/_0561_ net:ex_controller/mesh/mesh/mesh_2_14/tile_0_0/_0563_
	bbox = (3348.5040, 1558.6200) - (3348.5760, 1558.7200) on Layer M1
violation type: Lef58EolKeepOut
	srcs: net:spad/acc_adders/_0174_ net:spad/acc_adders/m_4/_222_
	bbox = (1303.7320, 2491.0120) - (1303.8360, 2491.0200) on Layer M2
violation type: Lef58EolKeepOut
	srcs: net:net55668 net:net51314
	bbox = (1462.8520, 2667.5360) - (1462.8560, 2667.6640) on Layer M6
violation type: Lef58EolKeepOut
	srcs: net:net55668 net:net51314
	bbox = (1462.8520, 2667.6640) - (1462.8560, 2667.6640) on Layer M6
violation type: Lef58EolKeepOut
	srcs: net:net55668 net:net51314
	bbox = (1462.8520, 2667.6640) - (1462.8560, 2667.7920) on Layer M6
violation type: Lef58EolKeepOut
	srcs: net:net87356 net:ex_controller/mesh/mesh/mesh_5_3/tile_0_0/mac_unit/_0338_
	bbox = (2289.8880, 1305.9000) - (2289.9600, 1306.0000) on Layer M1
violation type: Lef58EolKeepOut
	srcs: net:spad/vsm/pipe_2/out_bits_data_muladder/_0031_ net:spad/vsm/pipe_2/out_bits_data_muladder/mulAddRecFNToRaw_postMul/_0905_
	bbox = (720.6480, 2251.9800) - (720.7200, 2252.0800) on Layer M1
violation type: Lef58EolKeepOut
	srcs: net:spad/vsm_1/_0830_ net:net8746
	bbox = (1285.0560, 2653.7400) - (1285.1280, 2653.8400) on Layer M1
violation type: Lef58EolKeepOut
	srcs: net:net105122
	bbox = (1688.2240, 1945.4040) - (1688.3600, 1945.4520) on Layer M4
violation type: Lef58EolKeepOut
	srcs: net:ex_controller/mesh/mesh/mesh_5_5/tile_0_0/_0580_ net:ex_controller/mesh/mesh/mesh_5_5/tile_0_0/_0709_
	bbox = (2421.6480, 1513.8800) - (2421.7200, 1513.9800) on Layer M1
violation type: Lef58EolKeepOut
	srcs: net:ex_controller/mesh/mesh/mesh_7_10/tile_0_0/_0631_ net:ex_controller/mesh/mesh/mesh_7_10/tile_0_0/_0633_
	bbox = (2913.0480, 2026.2600) - (2913.1200, 2026.3600) on Layer M1
violation type: Lef58EolKeepOut
	srcs: net:spad/acc_scale_unit/activated_data_e_scaled_rec_fn_to_in_1/_0212_ net:net6141
	bbox = (1156.6000, 1858.2680) - (1156.7040, 1858.2680) on Layer M2
violation type: Lef58EolKeepOut
	srcs: net:spad/acc_scale_unit/activated_data_e_scaled_rec_fn_to_in_1/_0212_ net:net6141
	bbox = (1156.6000, 1858.3400) - (1156.7040, 1858.3400) on Layer M2
violation type: Lef58EolKeepOut
	srcs: net:spad/acc_scale_unit/activated_data_e_scaled_rec_fn_to_in_1/_0212_ net:net6141
	bbox = (1156.6000, 1858.2680) - (1156.7040, 1858.3400) on Layer M2
violation type: Lef58EolKeepOut
	srcs: net:mod/ex/_031305_ net:mod/ex/_031324_
	bbox = (1322.9560, 1340.7240) - (1323.0600, 1340.7320) on Layer M2
violation type: Lef58EolKeepOut
	srcs: net:ex_controller/mesh/mesh/mesh_4_1/tile_0_0/_0471_ net:ex_controller/mesh/mesh/mesh_4_1/tile_0_0/_0482_
	bbox = (2247.7680, 873.9000) - (2247.8400, 874.0000) on Layer M1
violation type: Lef58EolKeepOut
	srcs: net:net57370 net:spad/_02195_
	bbox = (1393.7480, 2511.1760) - (1393.7920, 2511.1800) on Layer M1
violation type: Lef58EolKeepOut
	srcs: net:spad/_acc_mems_0_io_adder_op1_8_0\[22\] net:spad/acc_mems_0/q/_1937_
	bbox = (1403.4320, 2510.0960) - (1403.4920, 2510.1000) on Layer M1
violation type: Lef58EolKeepOut
	srcs: net:spad/acc_mems_1/q/_1939_ net:net134705
	bbox = (1416.8240, 2510.0960) - (1416.8840, 2510.1000) on Layer M1
violation type: Lef58EolKeepOut
	srcs: net:mod/ld_input/_26318_ inst:mod/ld_input/_72637_
	bbox = (1599.7560, 256.0960) - (1599.8560, 256.1400) on Layer M1
violation type: Lef58EolKeepOut
	srcs: net:ex_controller/mesh/mesh/mesh_12_0/tile_0_0/_0471_ net:ex_controller/mesh/mesh/mesh_12_0/tile_0_0/_0482_
	bbox = (1720.7280, 1407.4200) - (1720.8000, 1407.5200) on Layer M1
violation type: Lef58EolKeepOut
	srcs: net:ex_controller/mesh/mesh/mesh_3_10/tile_0_0/mac_unit/_0089_ net:ex_controller/mesh/mesh/mesh_3_10/tile_0_0/mac_unit/_0091_
	bbox = (3034.5400, 1443.4560) - (3034.6440, 1443.4680) on Layer M2
violation type: Lef58EolKeepOut
	srcs: net:clknet_10_103_0_clock
	bbox = (473.2480, 1695.8880) - (473.2520, 1696.0160) on Layer M6
violation type: Lef58EolKeepOut
	srcs: net:spad/acc_adders/_0347_ inst:spad/acc_adders/m_6/_296_
	bbox = (1397.3640, 2461.4360) - (1397.4640, 2461.5000) on Layer M1
violation type: Lef58EolKeepOut
	srcs: net:reservation_station/_16460_ net:reservation_station/_16462_
	bbox = (379.5840, 1710.4400) - (379.6560, 1710.5400) on Layer M1
violation type: Lef58EolKeepOut
	srcs: net:spad/acc_mems_0/_2642_ net:net119664
	bbox = (1481.4440, 2488.1400) - (1481.4680, 2488.1440) on Layer M1
violation type: Lef58EolKeepOut
	srcs: net:mod/ex/_037611_ net:mod/ex/_037659_
	bbox = (1595.4480, 1012.7600) - (1595.5200, 1012.8600) on Layer M1
violation type: Lef58EolKeepOut
	srcs: net:mod/ld_weights/_001506_ net:mod/ld_weights/_001507_
	bbox = (997.8680, 981.1840) - (997.9800, 981.1840) on Layer M2
violation type: Lef58EolKeepOut
	srcs: net:mod/ld_bias/_09087_ net:mod/ld_bias/_09088_
	bbox = (1149.4080, 572.5800) - (1149.4800, 572.6800) on Layer M1
violation type: Lef58EolKeepOut
	srcs: net:net101836
	bbox = (1302.0400, 2635.8680) - (1302.1440, 2635.9160) on Layer M2
violation type: Lef58EolKeepOut
	srcs: net:net92837 net:net134743
	bbox = (1332.5440, 2535.2280) - (1332.5760, 2535.3240) on Layer M4
violation type: Lef58EolKeepOut
	srcs: net:net91805 net:net135025
	bbox = (1375.9920, 2674.5720) - (1376.0800, 2674.6680) on Layer M4
violation type: Lef58EolKeepOut
	srcs: net:reservation_station/_16627_ net:reservation_station/_16629_
	bbox = (345.8880, 1732.5000) - (345.9600, 1732.6000) on Layer M1
violation type: Lef58EolKeepOut
	srcs: net:reservation_station/_35538_ net:reservation_station/_35540_
	bbox = (565.1280, 1676.9600) - (565.2000, 1677.0600) on Layer M1
violation type: Lef58EolKeepOut
	srcs: net:mod/st/_26228_ net:mod/st/_26790_
	bbox = (716.3280, 90.9000) - (716.4000, 91.0000) on Layer M1
violation type: Lef58EolKeepOut
	srcs: net:net55712 net:spad/acc_mems_0/_0227_
	bbox = (1404.5920, 2503.9320) - (1404.6800, 2504.0280) on Layer M4
violation type: Lef58EolKeepOut
	srcs: net:mod/ex/_097095_ net:mod/ex/_097097_
	bbox = (1470.6000, 967.8600) - (1470.6720, 967.9600) on Layer M1
violation type: Lef58EolKeepOut
	srcs: net:spad/acc_scale_unit/activated_data_e_scaled_in_to_rec_fn_3/_0357_ net:spad/acc_scale_unit/activated_data_e_scaled_in_to_rec_fn_3/_0358_
	bbox = (1501.4880, 2124.5400) - (1501.5600, 2124.6400) on Layer M1
violation type: Lef58EolKeepOut
	srcs: net:ex_controller/mesh/mesh/mesh_12_1/tile_0_0/_0041_ net:ex_controller/mesh/mesh/mesh_12_1/tile_0_0/_0396_
	bbox = (1804.3200, 1468.5200) - (1804.3920, 1468.6200) on Layer M1
violation type: Lef58EolKeepOut
	srcs: net:spad/acc_scale_unit/activated_data_e_scaled_muladder_15/mulAddRecFNToRaw_postMul/_0990_ net:spad/acc_scale_unit/activated_data_e_scaled_muladder_15/mulAddRecFNToRaw_postMul/_1085_
	bbox = (2031.7680, 3212.1000) - (2031.8400, 3212.2000) on Layer M1
violation type: Lef58EolKeepOut
	srcs: net:ex_controller/mesh/mesh/mesh_13_8/tile_0_0/_0197_ net:ex_controller/mesh/mesh/mesh_13_8/tile_0_0/_0525_
	bbox = (2273.6880, 2236.4000) - (2273.7600, 2236.5000) on Layer M1
violation type: Lef58EolKeepOut
	srcs: net:reservation_station/_36198_ net:net108547
	bbox = (481.9680, 1796.2200) - (482.0400, 1796.3200) on Layer M1
violation type: Lef58EolKeepOut
	srcs: net:mod/st/_44969_ net:mod/st/_44974_
	bbox = (648.2880, 523.9800) - (648.3600, 524.0800) on Layer M1
violation type: Lef58EolKeepOut
	srcs: net:store_controller/cmd_tracker/_027_ net:store_controller/cmd_tracker/_092_
	bbox = (791.9280, 1826.4600) - (792.0000, 1826.5600) on Layer M1
violation type: Lef58EolKeepOut
	srcs: net:spad/_acc_mems_0_io_read_resp_bits_data_9_0\[27\] net:spad/acc_mems_0/q/_0317_
	bbox = (1491.3800, 2657.7000) - (1491.4240, 2657.7040) on Layer M1
violation type: Lef58EolKeepOut
	srcs: net:ex_controller/mesh/mesh/mesh_9_1/tile_0_0/_0541_ net:ex_controller/mesh/mesh/mesh_9_1/tile_0_0/_0543_
	bbox = (1941.0480, 1348.6400) - (1941.1200, 1348.7400) on Layer M1
violation type: Lef58EolKeepOut
	srcs: net:net89960 net:ex_controller/mesh/mesh/mesh_10_2/tile_0_0/mac_unit/_0338_
	bbox = (2054.4480, 1554.3000) - (2054.5200, 1554.4000) on Layer M1
violation type: Lef58EolKeepOut
	srcs: net:spad/acc_scale_unit/_0482_ net:spad/acc_scale_unit/activated_data_e_scaled_in_to_rec_fn_14/_0015_
	bbox = (2062.0080, 3142.5200) - (2062.0800, 3142.6200) on Layer M1
violation type: Lef58EolKeepOut
	srcs: net:ex_controller/mesh/mesh/mesh_11_5/tile_0_0/_0197_ net:ex_controller/mesh/mesh/mesh_11_5/tile_0_0/_0525_
	bbox = (2107.3680, 1871.8200) - (2107.4400, 1871.9200) on Layer M1
violation type: Lef58EolKeepOut
	srcs: net:ex_controller/mesh/mesh/mesh_11_6/tile_0_0/_0506_ net:ex_controller/mesh/mesh/mesh_11_6/tile_0_0/_0514_
	bbox = (2228.3280, 1984.7600) - (2228.4000, 1984.8600) on Layer M1
violation type: Lef58EolKeepOut
	srcs: net:spad/acc_scale_unit/activated_data_e_scaled_muladder_10/mulAddRecFNToRaw_postMul/_0366_ net:spad/acc_scale_unit/activated_data_e_scaled_muladder_10/mulAddRecFNToRaw_postMul/_0367_
	bbox = (2233.9440, 2644.0200) - (2234.0160, 2644.1200) on Layer M1
violation type: Lef58EolKeepOut
	srcs: net:net88108 net:ex_controller/mesh/mesh/mesh_2_4/tile_0_0/mac_unit/_0338_
	bbox = (2470.2480, 1176.3000) - (2470.3200, 1176.4000) on Layer M1
violation type: Lef58EolKeepOut
	srcs: net:ex_controller/mesh/mesh/mesh_3_5/tile_0_0/mac_unit/_0009_ net:ex_controller/mesh/mesh/mesh_3_5/tile_0_0/mac_unit/_0515_
	bbox = (2545.8480, 1349.1000) - (2545.9200, 1349.2000) on Layer M1
violation type: Lef58EolKeepOut
	srcs: net:ex_controller/mesh/mesh/mesh_13_13/tile_0_0/_0522_ net:ex_controller/mesh/mesh/mesh_13_13/tile_0_0/_0715_
	bbox = (2749.9680, 2808.1800) - (2750.0400, 2808.2800) on Layer M1
violation type: Lef58EolKeepOut
	srcs: net:ex_controller/mesh/mesh/mesh_9_10_io_in_control_0_shift_pipe_b\[1\] net:ex_controller/mesh/mesh/mesh_9_10/tile_0_0/_0569_
	bbox = (2802.8880, 2224.9800) - (2802.9600, 2225.0800) on Layer M1
violation type: Lef58EolKeepOut
	srcs: net:ex_controller/mesh/mesh/mesh_7_11/tile_0_0/mac_unit/_0009_ net:ex_controller/mesh/mesh/mesh_7_11/tile_0_0/mac_unit/_0515_
	bbox = (3029.6880, 2068.3800) - (3029.7600, 2068.4800) on Layer M1
violation type: Lef58EolKeepOut
	srcs: net:ex_controller/mesh/mesh/mesh_5_12/tile_0_0/mac_unit/_0420_ net:ex_controller/mesh/mesh/mesh_5_12/tile_0_0/mac_unit/_0549_
	bbox = (3120.5080, 1915.3760) - (3120.6120, 1915.3880) on Layer M2
violation type: Lef58EolKeepOut
	srcs: net:ex_controller/mesh/mesh/mesh_8_14/tile_0_0/_0506_ net:ex_controller/mesh/mesh/mesh_8_14/tile_0_0/_0514_
	bbox = (3218.6880, 2680.2800) - (3218.7600, 2680.3800) on Layer M1
violation type: Lef58EolKeepOut
	srcs: net:net62065 net:reservation_station/_33760_
	bbox = (514.9120, 1821.5640) - (514.9440, 1821.6600) on Layer M4
violation type: Lef58EolKeepOut
	srcs: net:net44123 net:mod/st/_35806_
	bbox = (674.2080, 663.9200) - (674.2800, 664.0200) on Layer M1
violation type: Lef58EolKeepOut
	srcs: net:spad/acc_scale_unit/_0275_ net:spad/acc_scale_unit/activated_data_e_scaled_in_to_rec_fn_7/_0092_
	bbox = (1626.7680, 2322.1800) - (1626.8400, 2322.2800) on Layer M1
violation type: Lef58EolKeepOut
	srcs: net:ex_controller/mesh/mesh/mesh_13_0/tile_0_0/_0631_ net:ex_controller/mesh/mesh/mesh_13_0/tile_0_0/_0633_
	bbox = (1664.5680, 1444.7600) - (1664.6400, 1444.8600) on Layer M1
violation type: Lef58EolKeepOut
	srcs: net:spad/acc_scale_unit/activated_data_e_scaled_rec_fn_to_in_3/_0356_ net:spad/acc_scale_unit/activated_data_e_scaled_rec_fn_to_in_3/_0361_
	bbox = (1664.5680, 1838.3400) - (1664.6400, 1838.4400) on Layer M1
violation type: Lef58EolKeepOut
	srcs: net:ex_controller/mesh/mesh/mesh_12_6/tile_0_0/_0396_ net:net115428
	bbox = (2131.9920, 2004.6600) - (2132.0640, 2004.7600) on Layer M1
violation type: Lef58EolKeepOut
	srcs: net:ex_controller/mesh/mesh/mesh_1_1/tile_0_0/_0620_ net:ex_controller/mesh/mesh/mesh_1_1/tile_0_0/_0633_
	bbox = (2488.6080, 719.4600) - (2488.6800, 719.5600) on Layer M1
violation type: Lef58EolKeepOut
	srcs: net:ex_controller/mesh/mesh/mesh_1_1/tile_0_0/_0631_ net:ex_controller/mesh/mesh/mesh_1_1/tile_0_0/_0633_
	bbox = (2487.3120, 719.4600) - (2487.3840, 719.5600) on Layer M1
violation type: Lef58EolKeepOut
	srcs: net:ex_controller/mesh/mesh/mesh_1_1/tile_0_0/_0629_ net:ex_controller/mesh/mesh/mesh_1_1/tile_0_0/_0633_
	bbox = (2488.1760, 719.4600) - (2488.2480, 719.5600) on Layer M1
violation type: Lef58EolKeepOut
	srcs: net:net87321 net:ex_controller/mesh/mesh/mesh_5_5/tile_0_0/mac_unit/_0338_
	bbox = (2503.7280, 1495.5200) - (2503.8000, 1495.6200) on Layer M1
violation type: Lef58EolKeepOut
	srcs: net:ex_controller/mesh/mesh/mesh_12_14/tile_0_0/_0561_ net:ex_controller/mesh/mesh/mesh_12_14/tile_0_0/_0563_
	bbox = (2927.0880, 2925.4400) - (2927.1600, 2925.5400) on Layer M1
violation type: Lef58EolKeepOut
	srcs: net:ex_controller/mesh/mesh/mesh_2_9/tile_0_0/mac_unit/_0009_ net:ex_controller/mesh/mesh/mesh_2_9/tile_0_0/mac_unit/_0515_
	bbox = (2957.3280, 1238.9400) - (2957.4000, 1239.0400) on Layer M1
violation type: Lef58EolKeepOut
	srcs: net:ex_controller/mesh/mesh/mesh_10_13/tile_0_0/_0471_ net:ex_controller/mesh/mesh/mesh_10_13/tile_0_0/_0482_
	bbox = (3017.8080, 2744.0000) - (3017.8800, 2744.1000) on Layer M1
violation type: Lef58EolKeepOut
	srcs: net:ex_controller/mesh/mesh/mesh_11_14/tile_0_0/_0631_ net:ex_controller/mesh/mesh/mesh_11_14/tile_0_0/_0633_
	bbox = (3032.9280, 2924.3600) - (3033.0000, 2924.4600) on Layer M1
violation type: Lef58EolKeepOut
	srcs: net:ex_controller/mesh/mesh/mesh_4_11/tile_0_0/_0471_ net:ex_controller/mesh/mesh/mesh_4_11/tile_0_0/_0482_
	bbox = (3078.2880, 1746.0800) - (3078.3600, 1746.1800) on Layer M1
violation type: Lef58EolKeepOut
	srcs: net:ex_controller/mesh/mesh/mesh_3_15/tile_0_0/_0580_ net:ex_controller/mesh/mesh/mesh_3_15/tile_0_0/_0709_
	bbox = (3305.0880, 1805.4800) - (3305.1600, 1805.5800) on Layer M1
violation type: Lef58EolKeepOut
	srcs: net:ex_controller/mesh/mesh/mesh_6_15/tile_0_0/_0506_ net:ex_controller/mesh/mesh/mesh_6_15/tile_0_0/_0514_
	bbox = (3327.7680, 2404.2600) - (3327.8400, 2404.3600) on Layer M1
violation type: Lef58EolKeepOut
	srcs: net:counters/counterfile/_00395_ net:counters/counterfile/_10526_
	bbox = (288.6480, 1915.6400) - (288.7200, 1915.7400) on Layer M1
violation type: Lef58EolKeepOut
	srcs: net:spad/_norm_unit_passthru_q_io_deq_bits_acc_read_resp_data_7_0\[25\] net:spad/norm_unit_passthru_q/ram_ext/_2866_
	bbox = (1565.2080, 2475.5400) - (1565.2800, 2475.6400) on Layer M1
violation type: Lef58EolKeepOut
	srcs: net:ex_controller/mesh/mesh/mesh_2_1/tile_0_0/_0506_ net:ex_controller/mesh/mesh/mesh_2_1/tile_0_0/_0514_
	bbox = (2411.7120, 751.8600) - (2411.7840, 751.9600) on Layer M1
violation type: Lef58EolKeepOut
	srcs: net:net62316 net:reservation_station/_39944_
	bbox = (443.1880, 1685.4640) - (443.2920, 1685.4640) on Layer M2
violation type: Lef58EolKeepOut
	srcs: net:reservation_station/_01459_ net:reservation_station/_39944_
	bbox = (443.1520, 1685.4640) - (443.1880, 1685.4640) on Layer M2
violation type: Lef58EolKeepOut
	srcs: net:spad/vsm/pipe_3/out_bits_data_muladder/_0011_ net:spad/vsm/pipe_3/out_bits_data_muladder/mulAddRecFNToRaw_postMul/_0785_
	bbox = (769.0320, 2592.8000) - (769.1040, 2592.9000) on Layer M1
violation type: Lef58EolKeepOut
	srcs: net:ex_controller/mesh/mesh/mesh_10_1/tile_0_0/_0369_ net:ex_controller/mesh/mesh/mesh_10_1/tile_0_0/_0391_
	bbox = (1906.5520, 1399.2480) - (1906.6560, 1399.2480) on Layer M2
violation type: Lef58EolKeepOut
	srcs: net:ex_controller/mesh/mesh/mesh_10_1/tile_0_0/_0369_ net:ex_controller/mesh/mesh/mesh_10_1/tile_0_0/_0391_
	bbox = (1906.5520, 1399.2480) - (1906.6560, 1399.2840) on Layer M2
violation type: Lef58EolKeepOut
	srcs: net:ex_controller/mesh/mesh/mesh_10_1/tile_0_0/_0369_ net:ex_controller/mesh/mesh/mesh_10_1/tile_0_0/_0391_
	bbox = (1906.5520, 1399.2840) - (1906.6560, 1399.3200) on Layer M2
violation type: Lef58EolKeepOut
	srcs: net:ex_controller/mesh/mesh/mesh_10_1/tile_0_0/_0369_ net:ex_controller/mesh/mesh/mesh_10_1/tile_0_0/_0391_
	bbox = (1906.5520, 1399.2120) - (1906.6560, 1399.2480) on Layer M2
violation type: Lef58EolKeepOut
	srcs: net:ex_controller/mesh/mesh/mesh_10_1/tile_0_0/_0369_ net:ex_controller/mesh/mesh/mesh_10_1/tile_0_0/_0391_
	bbox = (1906.5520, 1399.2840) - (1906.6560, 1399.2840) on Layer M2
violation type: Lef58EolKeepOut
	srcs: net:mod_1/stC_spad/_2046_ net:mod_1/stC_spad/_2107_
	bbox = (465.5520, 1410.2000) - (465.6240, 1410.3000) on Layer M1
violation type: Lef58EolKeepOut
	srcs: net:mod_1/stC_spad/_2104_ net:mod_1/stC_spad/_2107_
	bbox = (464.6880, 1410.2000) - (464.7600, 1410.3000) on Layer M1
violation type: Lef58EolKeepOut
	srcs: net:ex_controller/_cmd_q_io_deq_bits_2_cmd_rs2\[29\] net:ex_controller/cmd_q/_06443_
	bbox = (1137.5280, 1528.5240) - (1137.6000, 1528.6240) on Layer M1
violation type: Lef58EolKeepOut
	srcs: net:net135526 net:net108379
	bbox = (1418.3080, 2507.7720) - (1418.3120, 2507.8680) on Layer M4
violation type: Lef58EolKeepOut
	srcs: net:tlb/tlbs_0/tlb/_0363_ inst:tlb/tlbs_0/tlb/_3149_
	bbox = (83.6520, 1973.2680) - (83.7520, 1973.3400) on Layer M1
violation type: Lef58EolKeepOut
	srcs: net:spad/reader/beatPacker/_10598_ inst:spad/reader/beatPacker/_18389_
	bbox = (408.9480, 2638.2600) - (409.0480, 2638.3240) on Layer M1
violation type: Lef58EolKeepOut
	srcs: net:spad/vsm/pipe/out_bits_data_muladder/mulAddRecFNToRaw_postMul/_0247_ net:spad/vsm/pipe/out_bits_data_muladder/mulAddRecFNToRaw_postMul/_0467_
	bbox = (552.1680, 2288.8440) - (552.2400, 2288.9440) on Layer M1
violation type: Lef58EolKeepOut
	srcs: net:mod_1/ldA/_02455_ inst:mod_1/ldA/_10418_
	bbox = (587.1680, 1055.9160) - (587.2480, 1055.9480) on Layer M1
violation type: Lef58EolKeepOut
	srcs: net:spad/vsm/pipe_2/out_bits_data_muladder/_0116_ inst:spad/vsm/pipe_2/out_bits_data_muladder/_4717_
	bbox = (620.6280, 2281.1000) - (620.7280, 2281.1400) on Layer M1
violation type: Lef58EolKeepOut
	srcs: net:mod_1/ldB/_01939_ net:mod_1/ldB/_01941_
	bbox = (627.7680, 1132.0200) - (627.8400, 1132.1200) on Layer M1
violation type: Lef58EolKeepOut
	srcs: net:mod_1/ldab_arb/_039_ net:mod_1/ldab_arb/_046_
	bbox = (627.9840, 1252.5200) - (628.0560, 1252.6200) on Layer M1
violation type: Lef58EolKeepOut
	srcs: net:mod/st/_03797_ inst:mod/st/_62930_
	bbox = (635.7480, 521.7680) - (635.8480, 521.8200) on Layer M1
violation type: Lef58EolKeepOut
	srcs: net:mod/st/_40996_ inst:mod/st/_49911_
	bbox = (643.3080, 640.5600) - (643.4080, 640.6200) on Layer M1
violation type: Lef58EolKeepOut
	srcs: net:store_controller/_08326_ inst:store_controller/_18064_
	bbox = (688.6680, 2003.2200) - (688.7680, 2003.2760) on Layer M1
violation type: Lef58EolKeepOut
	srcs: net:mod_1/ldB/_03016_ inst:mod_1/ldB/_09870_
	bbox = (778.7400, 1290.7120) - (778.8400, 1290.7800) on Layer M1
violation type: Lef58EolKeepOut
	srcs: net:spad/reader/beatPacker/_06738_ net:spad/reader/beatPacker/_06739_
	bbox = (877.2480, 2909.7000) - (877.3200, 2909.8000) on Layer M1
violation type: Lef58EolKeepOut
	srcs: net:spad/_write_dispatch_q_q_io_deq_bits_acc_scale\[29\] net:spad/write_dispatch_q_q/ram_ext/_2148_
	bbox = (922.6080, 1784.3400) - (922.6800, 1784.4400) on Layer M1
violation type: Lef58EolKeepOut
	srcs: net:spad/acc_scale_unit/activated_data_e_scaled_muladder_4/_2687_ inst:spad/acc_scale_unit/activated_data_e_scaled_muladder_4/_7144_
	bbox = (1066.6680, 3098.6600) - (1066.7680, 3098.7000) on Layer M1
violation type: Lef58EolKeepOut
	srcs: net:spad/acc_scale_unit/activated_data_e_scaled_muladder/_2086_ net:spad/acc_scale_unit/activated_data_e_scaled_muladder/_2087_
	bbox = (1096.4880, 2078.1000) - (1096.5600, 2078.2000) on Layer M1
violation type: Lef58EolKeepOut
	srcs: net:mod/ld_bias/_10609_ net:mod/ld_bias/_10616_
	bbox = (1111.6080, 460.2600) - (1111.6800, 460.3600) on Layer M1
violation type: Lef58EolKeepOut
	srcs: net:spad/reader/beatPacker/_15643_ net:spad/reader/beatPacker/_15644_
	bbox = (1111.6080, 2894.5800) - (1111.6800, 2894.6800) on Layer M1
violation type: Lef58EolKeepOut
	srcs: net:mod/ld_weights/_031872_ net:mod/ld_weights/_031873_
	bbox = (1126.2960, 1405.8800) - (1126.3680, 1405.9800) on Layer M1
violation type: Lef58EolKeepOut
	srcs: net:spad/acc_scale_unit/activated_data_e_scaled_in_to_rec_fn_1/_intAsRawFloat_sig_T\[27\] net:spad/acc_scale_unit/activated_data_e_scaled_in_to_rec_fn_1/roundAnyRawFNToRecFN/_102_
	bbox = (1285.7040, 2077.0200) - (1285.7760, 2077.1200) on Layer M1
violation type: Lef58EolKeepOut
	srcs: net:spad/acc_scale_unit/activated_data_e_scaled_muladder_2/mulAddRecFNToRaw_postMul/_0608_ net:spad/acc_scale_unit/activated_data_e_scaled_muladder_2/mulAddRecFNToRaw_postMul/_0609_
	bbox = (1361.0880, 1684.9800) - (1361.1600, 1685.0800) on Layer M1
violation type: Lef58EolKeepOut
	srcs: net:spad/acc_scale_unit/activated_data_e_scaled_muladder_2/mulAddRecFNToRaw_postMul/_0150_ net:spad/acc_scale_unit/activated_data_e_scaled_muladder_2/mulAddRecFNToRaw_postMul/_0151_
	bbox = (1368.4320, 1721.7000) - (1368.5040, 1721.8000) on Layer M1
violation type: Lef58EolKeepOut
	srcs: net:net71304 net:mod/ex/_096325_
	bbox = (1383.7680, 838.2600) - (1383.8400, 838.3600) on Layer M1
violation type: Lef58EolKeepOut
	srcs: net:net14719 net:net108514
	bbox = (1427.9400, 2395.9320) - (1428.0640, 2396.0280) on Layer M4
violation type: Lef58EolKeepOut
	srcs: net:mod/ex/_065555_ net:mod/ex/_065558_
	bbox = (1504.9440, 1232.4600) - (1505.0160, 1232.5600) on Layer M1
violation type: Lef58EolKeepOut
	srcs: net:ex_controller/mesh/mesh/mesh_14_1/tile_0_0/_0607_ net:ex_controller/mesh/mesh/mesh_14_1/tile_0_0/_0701_
	bbox = (1535.4000, 1547.8200) - (1535.4720, 1547.9200) on Layer M1
violation type: Lef58EolKeepOut
	srcs: net:mod/ex/_038342_ inst:mod/ex/_141895_
	bbox = (1557.8520, 1126.5800) - (1557.9520, 1126.6200) on Layer M1
violation type: Lef58EolKeepOut
	srcs: net:ex_controller/mesh/mesh/mesh_14_2/tile_0_0/_0506_ net:ex_controller/mesh/mesh/mesh_14_2/tile_0_0/_0514_
	bbox = (1565.2080, 1624.0400) - (1565.2800, 1624.1400) on Layer M1
violation type: Lef58EolKeepOut
	srcs: net:mod/ex/_036794_ net:mod/ex/_037866_
	bbox = (1595.0160, 1018.6200) - (1595.0880, 1018.7200) on Layer M1
violation type: Lef58EolKeepOut
	srcs: net:net89299 net:ex_controller/mesh/mesh/mesh_13_1/tile_0_0/mac_unit/_0338_
	bbox = (1739.5200, 1519.2800) - (1739.5920, 1519.3800) on Layer M1
violation type: Lef58EolKeepOut
	srcs: net:mod/ld_input/_38570_ inst:mod/ld_input/_47001_
	bbox = (1830.0120, 256.0960) - (1830.1120, 256.1400) on Layer M1
violation type: Lef58EolKeepOut
	srcs: net:ex_controller/mesh/mesh/mesh_12_4/tile_0_0/mac_unit/_0040_ net:ex_controller/mesh/mesh/mesh_12_4/tile_0_0/mac_unit/_0594_
	bbox = (1890.5040, 1768.1400) - (1890.5760, 1768.2400) on Layer M1
violation type: Lef58EolKeepOut
	srcs: net:ex_controller/mesh/mesh/mesh_11_3/tile_0_0/_0457_ net:ex_controller/mesh/mesh/mesh_11_3/tile_0_0/_0459_
	bbox = (1966.1040, 1655.3600) - (1966.1760, 1655.4600) on Layer M1
violation type: Lef58EolKeepOut
	srcs: net:ex_controller/mesh/mesh/mesh_12_5/tile_0_0/mac_unit/_0327_ inst:ex_controller/mesh/mesh/mesh_12_5/tile_0_0/mac_unit/_1124_
	bbox = (2034.1320, 1852.3200) - (2034.2320, 1852.3800) on Layer M1
violation type: Lef58EolKeepOut
	srcs: net:ex_controller/mesh/mesh/mesh_15_8/tile_0_0/mac_unit/_0075_ inst:ex_controller/mesh/mesh/mesh_15_8/tile_0_0/mac_unit/_1067_
	bbox = (2093.9640, 2327.5400) - (2094.0640, 2327.5800) on Layer M1
violation type: Lef58EolKeepOut
	srcs: net:ex_controller/mesh/mesh/mesh_13_7/tile_0_0/_0569_ net:net114187
	bbox = (2109.5280, 2190.4200) - (2109.6000, 2190.5200) on Layer M1
violation type: Lef58EolKeepOut
	srcs: net:ex_controller/mesh/mesh/mesh_10_5/tile_0_0/_0457_ net:ex_controller/mesh/mesh/mesh_10_5/tile_0_0/_0538_
	bbox = (2190.0960, 1852.3800) - (2190.1680, 1852.4800) on Layer M1
violation type: Lef58EolKeepOut
	srcs: net:ex_controller/mesh/mesh/mesh_10_5/tile_0_0/_0455_ net:ex_controller/mesh/mesh/mesh_10_5/tile_0_0/_0538_
	bbox = (2190.9600, 1852.3800) - (2191.0320, 1852.4800) on Layer M1
violation type: Lef58EolKeepOut
	srcs: net:ex_controller/mesh/mesh/mesh_10_5/tile_0_0/_0400_ net:ex_controller/mesh/mesh/mesh_10_5/tile_0_0/_0538_
	bbox = (2191.3920, 1852.3800) - (2191.4640, 1852.4800) on Layer M1
violation type: Lef58EolKeepOut
	srcs: net:spad/acc_scale_unit/activated_data_e_scaled_muladder_10/mulAddRecFNToRaw_postMul/_0608_ net:spad/acc_scale_unit/activated_data_e_scaled_muladder_10/mulAddRecFNToRaw_postMul/_0609_
	bbox = (2275.8480, 2682.9000) - (2275.9200, 2683.0000) on Layer M1
violation type: Lef58EolKeepOut
	srcs: net:ex_controller/mesh/mesh/mesh_12_8/tile_0_0/mac_unit/_0050_ net:ex_controller/mesh/mesh/mesh_12_8/tile_0_0/mac_unit/_0051_
	bbox = (2336.3280, 2092.1400) - (2336.4000, 2092.2400) on Layer M1
violation type: Lef58EolKeepOut
	srcs: net:net88380 net:ex_controller/mesh/mesh/mesh_1_4/tile_0_0/mac_unit/_0338_
	bbox = (2533.1040, 1124.4600) - (2533.1760, 1124.5600) on Layer M1
violation type: Lef58EolKeepOut
	srcs: net:ex_controller/mesh/mesh/mesh_0_3/tile_0_0/_0607_ net:ex_controller/mesh/mesh/mesh_0_3/tile_0_0/_0701_
	bbox = (2570.9040, 960.3000) - (2570.9760, 960.4000) on Layer M1
violation type: Lef58EolKeepOut
	srcs: net:ex_controller/mesh/mesh/mesh_1_5/tile_0_0/_0781_ inst:ex_controller/mesh/mesh/mesh_1_5/tile_0_0/_1532_
	bbox = (2576.4920, 1187.0880) - (2576.6080, 1187.1000) on Layer M1
violation type: Lef58EolKeepOut
	srcs: net:ex_controller/mesh/mesh/mesh_11_10/tile_0_0/_0607_ net:ex_controller/mesh/mesh/mesh_11_10/tile_0_0/_0701_
	bbox = (2631.6000, 2359.5200) - (2631.6720, 2359.6200) on Layer M1
violation type: Lef58EolKeepOut
	srcs: net:ex_controller/mesh/mesh/mesh_11_10/tile_0_0/_0459_ net:ex_controller/mesh/mesh/mesh_11_10/tile_0_0/_0470_
	bbox = (2646.5040, 2348.7200) - (2646.5760, 2348.8200) on Layer M1
violation type: Lef58EolKeepOut
	srcs: net:ex_controller/mesh/mesh/mesh_10_10/tile_0_0/_0614_ net:ex_controller/mesh/mesh/mesh_10_10/tile_0_0/_0623_
	bbox = (2729.4480, 2267.2440) - (2729.5200, 2267.3440) on Layer M1
violation type: Lef58EolKeepOut
	srcs: net:ex_controller/mesh/mesh/mesh_2_7/tile_0_0/_0457_ net:ex_controller/mesh/mesh/mesh_2_7/tile_0_0/_0459_
	bbox = (2744.5680, 1292.4800) - (2744.6400, 1292.5800) on Layer M1
violation type: Lef58EolKeepOut
	srcs: net:ex_controller/mesh/mesh/mesh_9_10/tile_0_0/_0561_ net:ex_controller/mesh/mesh/mesh_9_10/tile_0_0/_0563_
	bbox = (2797.7040, 2212.6400) - (2797.7760, 2212.7400) on Layer M1
violation type: Lef58EolKeepOut
	srcs: net:net127911 inst:ex_controller/mesh/mesh/mesh_9_10/tile_0_0/_0933_
	bbox = (2805.2520, 2223.8280) - (2805.3520, 2223.9000) on Layer M1
violation type: Lef58EolKeepOut
	srcs: net:ex_controller/mesh/mesh/mesh_3_8_io_in_control_0_propagate_pipe_b net:ex_controller/mesh/mesh/mesh_3_8/tile_0_0/_0396_
	bbox = (2812.8240, 1343.2400) - (2812.8960, 1343.3400) on Layer M1
violation type: Lef58EolKeepOut
	srcs: net:ex_controller/mesh/mesh/mesh_2_8/tile_0_0/_0471_ net:ex_controller/mesh/mesh/mesh_2_8/tile_0_0/_0482_
	bbox = (2827.9440, 1292.9400) - (2828.0160, 1293.0400) on Layer M1
violation type: Lef58EolKeepOut
	srcs: net:ex_controller/mesh/mesh/mesh_6_10/tile_0_0/mac_unit/_0082_ net:ex_controller/mesh/mesh/mesh_6_10/tile_0_0/mac_unit/_0083_
	bbox = (2994.0480, 1873.9800) - (2994.1200, 1874.0800) on Layer M1
violation type: Lef58EolKeepOut
	srcs: net:ex_controller/mesh/mesh/mesh_8_13/tile_0_0/_0396_ net:net116258
	bbox = (3122.7840, 2518.2800) - (3122.8560, 2518.3800) on Layer M1
violation type: Lef58EolKeepOut
	srcs: net:ex_controller/mesh/mesh/mesh_2_12/tile_0_0/_0783_ net:net104889
	bbox = (3159.2880, 1479.7800) - (3159.3600, 1479.8800) on Layer M1
violation type: Lef58EolKeepOut
	srcs: net:ex_controller/mesh/mesh/mesh_9_14/tile_0_0/_0827_ net:ex_controller/mesh/mesh/mesh_9_14/tile_0_0/_0832_
	bbox = (3160.8000, 2820.6800) - (3160.8720, 2820.7800) on Layer M1
violation type: Lef58EolKeepOut
	srcs: net:ex_controller/mesh/mesh/mesh_2_12/tile_0_0/_0614_ net:ex_controller/mesh/mesh/mesh_2_12/tile_0_0/_0623_
	bbox = (3175.2720, 1474.5240) - (3175.3440, 1474.6240) on Layer M1
violation type: Lef58EolKeepOut
	srcs: net:ex_controller/mesh/mesh/mesh_5_15/tile_0_0/_0036_ net:ex_controller/mesh/mesh/mesh_5_15/tile_0_0/_0291_
	bbox = (3303.5760, 2154.1760) - (3303.6480, 2154.2760) on Layer M1
violation type: Lef58EolKeepOut
	srcs: net:reservation_station/_41375_ net:reservation_station/_41376_
	bbox = (617.7160, 1683.1720) - (617.8200, 1683.1800) on Layer M2
violation type: Lef58EolKeepOut
	srcs: net:mod_1/ldA/_03778_ net:mod_1/ldA/_05025_
	bbox = (642.8880, 1061.2160) - (642.9600, 1061.3160) on Layer M1
violation type: Lef58EolKeepOut
	srcs: net:mod/st/_36060_ net:net40550
	bbox = (680.6880, 251.8200) - (680.7600, 251.9200) on Layer M1
violation type: Lef58EolKeepOut
	srcs: net:spad/vsm/arbOut_bits_data\[3\] net:spad/vsm/pipe/out_bits_data_in_to_rec_fn/_051_
	bbox = (680.9040, 2369.2400) - (680.9760, 2369.3400) on Layer M1
violation type: Lef58EolKeepOut
	srcs: net:mod_1/ldA/_04217_ inst:mod_1/ldA/_09831_
	bbox = (688.4520, 1029.3560) - (688.5520, 1029.4200) on Layer M1
violation type: Lef58EolKeepOut
	srcs: net:mod/ld_weights/_058749_ net:mod/ld_weights/_058750_
	bbox = (831.8880, 1060.7400) - (831.9600, 1060.8400) on Layer M1
violation type: Lef58EolKeepOut
	srcs: net:mod/st/_10407_ net:mod/st/_10408_
	bbox = (847.2240, 79.0200) - (847.2960, 79.1200) on Layer M1
violation type: Lef58EolKeepOut
	srcs: net:mod/ld_weights/_060401_ inst:mod/ld_weights/_086669_
	bbox = (877.0200, 895.4600) - (877.1200, 895.5000) on Layer M1
violation type: Lef58EolKeepOut
	srcs: net:mod/ld_weights/_046519_ net:mod/ld_weights/_046530_
	bbox = (884.8080, 881.4600) - (884.8800, 881.5600) on Layer M1
violation type: Lef58EolKeepOut
	srcs: net:spad/_buffer_auto_in_d_bits_data\[108\] net:spad/buffer/nodeIn_d_q/ram_ext/_1258_
	bbox = (884.8080, 3019.8600) - (884.8800, 3019.9600) on Layer M1
violation type: Lef58EolKeepOut
	srcs: net:spad/reader/beatPacker/_12176_ net:spad/reader/beatPacker/_12177_
	bbox = (967.9680, 2944.2600) - (968.0400, 2944.3600) on Layer M1
violation type: Lef58EolKeepOut
	srcs: net:spad/reader/beatPacker/_14457_ net:spad/reader/beatPacker/_14458_
	bbox = (1020.8880, 2665.6200) - (1020.9600, 2665.7200) on Layer M1
violation type: Lef58EolKeepOut
	srcs: net:spad/acc_scale_unit/activated_data_e_scaled_muladder_5/mulAddRecFNToRaw_postMul/_0173_ net:spad/acc_scale_unit/activated_data_e_scaled_muladder_5/mulAddRecFNToRaw_postMul/_0181_
	bbox = (1058.6880, 3146.3640) - (1058.7600, 3146.4640) on Layer M1
violation type: Lef58EolKeepOut
	srcs: net:spad/_05148_ net:spad/_10993_
	bbox = (1088.9280, 1922.1200) - (1089.0000, 1922.2200) on Layer M1
violation type: Lef58EolKeepOut
	srcs: net:mod/ld_weights/_065509_ inst:mod/ld_weights/_149249_
	bbox = (1127.1480, 1331.7480) - (1127.2480, 1331.8200) on Layer M1
violation type: Lef58EolKeepOut
	srcs: net:mod/ex/_019961_ inst:mod/ex/_124923_
	bbox = (1240.5480, 1424.6440) - (1240.6480, 1424.7000) on Layer M1
violation type: Lef58EolKeepOut
	srcs: net:spad/acc_scale_unit/activated_data_e_scaled_muladder_2/_1828_ net:spad/acc_scale_unit/activated_data_e_scaled_muladder_2/_1830_
	bbox = (1361.3040, 1815.6600) - (1361.3760, 1815.7600) on Layer M1
violation type: Lef58EolKeepOut
	srcs: net:mod/_06391_ net:mod/_06425_
	bbox = (1397.5920, 647.2440) - (1397.6640, 647.3440) on Layer M1
violation type: Lef58EolKeepOut
	srcs: net:spad/acc_scale_unit/activated_data_e_scaled_rec_fn_to_in_6/_0372_ net:spad/acc_scale_unit/activated_data_e_scaled_rec_fn_to_in_6/_0505_
	bbox = (1399.3200, 3157.0200) - (1399.3920, 3157.1200) on Layer M1
violation type: Lef58EolKeepOut
	srcs: net:mod/ex/_056656_ net:mod/ex/_058725_
	bbox = (1429.1280, 1160.1000) - (1429.2000, 1160.2000) on Layer M1
violation type: Lef58EolKeepOut
	srcs: net:ex_controller/mesh/mesh/mesh_15_2/tile_0_0/mac_unit/_0075_ inst:ex_controller/mesh/mesh/mesh_15_2/tile_0_0/mac_unit/_1067_
	bbox = (1429.5480, 1642.7880) - (1429.6480, 1642.8600) on Layer M1
violation type: Lef58EolKeepOut
	srcs: net:mod/ex/_047685_ inst:mod/ex/_149974_
	bbox = (1467.3480, 1418.1640) - (1467.4480, 1418.2200) on Layer M1
violation type: Lef58EolKeepOut
	srcs: net:ex_controller/mesh/mesh/mesh_15_2/tile_0_0/mac_unit/_0354_ inst:ex_controller/mesh/mesh/mesh_15_2/tile_0_0/mac_unit/_1006_
	bbox = (1474.9080, 1681.6840) - (1475.0080, 1681.7400) on Layer M1
violation type: Lef58EolKeepOut
	srcs: net:spad/acc_scale_unit/activated_data_e_scaled_muladder_7/_2585_ net:spad/acc_scale_unit/activated_data_e_scaled_muladder_7/_2589_
	bbox = (1641.3400, 2182.1720) - (1641.4440, 2182.2200) on Layer M2
violation type: Lef58EolKeepOut
	srcs: net:mod/ex/_048274_ inst:mod/ex/_150789_
	bbox = (1648.5720, 1385.4600) - (1648.6720, 1385.5280) on Layer M1
violation type: Lef58EolKeepOut
	srcs: net:ex_controller/mesh/mesh/mesh_14_3/tile_0_0/_0027_ net:ex_controller/mesh/mesh/mesh_14_3/tile_0_0/_0875_
	bbox = (1693.7280, 1713.0600) - (1693.8000, 1713.1600) on Layer M1
violation type: Lef58EolKeepOut
	srcs: net:ex_controller/mesh/mesh/mesh_11_0/tile_0_0/_0541_ net:ex_controller/mesh/mesh/mesh_11_0/tile_0_0/_0543_
	bbox = (1739.5200, 1349.1000) - (1739.5920, 1349.2000) on Layer M1
violation type: Lef58EolKeepOut
	srcs: net:ex_controller/mesh/mesh/mesh_13_2/tile_0_0/mac_unit/_0590_ net:ex_controller/mesh/mesh/mesh_13_2/tile_0_0/mac_unit/_0591_
	bbox = (1754.2080, 1628.8200) - (1754.2800, 1628.9200) on Layer M1
violation type: Lef58EolKeepOut
	srcs: net:ex_controller/mesh/mesh/mesh_13_3/tile_0_0/_0459_ net:ex_controller/mesh/mesh/mesh_13_3/tile_0_0/_0470_
	bbox = (1762.2000, 1720.1600) - (1762.2720, 1720.2600) on Layer M1
violation type: Lef58EolKeepOut
	srcs: net:ex_controller/mesh/mesh/mesh_12_1/tile_0_0/_0457_ net:ex_controller/mesh/mesh/mesh_12_1/tile_0_0/_0459_
	bbox = (1784.6640, 1476.0800) - (1784.7360, 1476.1800) on Layer M1
violation type: Lef58EolKeepOut
	srcs: net:mod/ex/_073062_ net:mod/ex/_073083_
	bbox = (1860.0480, 924.6600) - (1860.1200, 924.7600) on Layer M1
violation type: Lef58EolKeepOut
	srcs: net:ex_controller/mesh/mesh/mesh_13_6/tile_0_0/_0399_ net:VSS
	bbox = (2040.8120, 2060.5240) - (2040.8840, 2060.6040) on Layer M1
violation type: Lef58EolKeepOut
	srcs: net:ex_controller/mesh/mesh/mesh_5_2/tile_0_0/_0027_ net:ex_controller/mesh/mesh/mesh_5_2/tile_0_0/_0875_
	bbox = (2200.2480, 1093.1400) - (2200.3200, 1093.2400) on Layer M1
violation type: Lef58EolKeepOut
	srcs: net:ex_controller/mesh/mesh/mesh_14_8/tile_0_0/_0274_ net:net115682
	bbox = (2200.2480, 2295.1800) - (2200.3200, 2295.2800) on Layer M1
violation type: Lef58EolKeepOut
	srcs: net:spad/acc_scale_unit/activated_data_e_scaled_muladder_13/_2778_ net:spad/acc_scale_unit/activated_data_e_scaled_muladder_13/_2779_
	bbox = (2215.1520, 3154.8600) - (2215.2240, 3154.9600) on Layer M1
violation type: Lef58EolKeepOut
	srcs: net:ex_controller/mesh/mesh/mesh_6_5/tile_0_0/mac_unit/_0354_ inst:ex_controller/mesh/mesh/mesh_6_5/tile_0_0/mac_unit/_1006_
	bbox = (2472.6120, 1582.3320) - (2472.7120, 1582.3800) on Layer M1
violation type: Lef58EolKeepOut
	srcs: net:ex_controller/mesh/mesh/mesh_12_9/tile_0_0/mac_unit/_0050_ net:ex_controller/mesh/mesh/mesh_12_9/tile_0_0/mac_unit/_0051_
	bbox = (2472.6240, 2174.2200) - (2472.6960, 2174.3200) on Layer M1
violation type: Lef58EolKeepOut
	srcs: net:ex_controller/mesh/mesh/mesh_13_10/tile_0_0/mac_unit/_0040_ net:ex_controller/mesh/mesh/mesh_13_10/tile_0_0/mac_unit/_0594_
	bbox = (2510.4240, 2368.6200) - (2510.4960, 2368.7200) on Layer M1
violation type: Lef58EolKeepOut
	srcs: net:ex_controller/mesh/mesh/mesh_9_8/tile_0_0/_0506_ net:ex_controller/mesh/mesh/mesh_9_8/tile_0_0/_0514_
	bbox = (2563.5600, 2006.8200) - (2563.6320, 2006.9200) on Layer M1
violation type: Lef58EolKeepOut
	srcs: net:ex_controller/mesh/mesh/mesh_0_6/tile_0_0/_0506_ net:ex_controller/mesh/mesh/mesh_0_6/tile_0_0/_0514_
	bbox = (2714.5440, 1032.2000) - (2714.6160, 1032.3000) on Layer M1
violation type: Lef58EolKeepOut
	srcs: net:ex_controller/mesh/mesh/mesh_4_8/tile_0_0/_0522_ net:ex_controller/mesh/mesh/mesh_4_8/tile_0_0/_0715_
	bbox = (2736.5760, 1591.6400) - (2736.6480, 1591.7400) on Layer M1
violation type: Lef58EolKeepOut
	srcs: net:ex_controller/mesh/mesh/mesh_4_8/tile_0_0/_0714_ net:ex_controller/mesh/mesh/mesh_4_8/tile_0_0/_0715_
	bbox = (2737.4400, 1591.6400) - (2737.5120, 1591.7400) on Layer M1
violation type: Lef58EolKeepOut
	srcs: net:net86501 net:ex_controller/mesh/mesh/mesh_8_9/tile_0_0/mac_unit/_0160_
	bbox = (2797.4880, 2027.3400) - (2797.5600, 2027.4400) on Layer M1
violation type: Lef58EolKeepOut
	srcs: net:ex_controller/mesh/mesh/mesh_10_11/tile_0_0/_0013_ net:ex_controller/mesh/mesh/mesh_10_11/tile_0_0/_0859_
	bbox = (2880.6480, 2367.5400) - (2880.7200, 2367.6400) on Layer M1
violation type: Lef58EolKeepOut
	srcs: net:ex_controller/mesh/mesh/mesh_9_11/tile_0_0/_0395_ net:net104306
	bbox = (2918.4480, 2307.0600) - (2918.5200, 2307.1600) on Layer M1
violation type: Lef58EolKeepOut
	srcs: net:ex_controller/mesh/mesh/mesh_5_10/tile_0_0/_0229_ net:ex_controller/mesh/mesh/mesh_5_10/tile_0_0/_0395_
	bbox = (2994.4800, 1756.2600) - (2994.5520, 1756.3600) on Layer M1
violation type: Lef58EolKeepOut
	srcs: net:ex_controller/mesh/mesh/mesh_5_11/tile_0_0/_0471_ net:ex_controller/mesh/mesh/mesh_5_11/tile_0_0/_0482_
	bbox = (3046.9680, 1891.2600) - (3047.0400, 1891.3600) on Layer M1
violation type: Lef58EolKeepOut
	srcs: net:ex_controller/mesh/mesh/mesh_8_12/tile_0_0/mac_unit/_0219_ inst:ex_controller/mesh/mesh/mesh_8_12/tile_0_0/mac_unit/_0875_
	bbox = (3062.2920, 2310.2400) - (3062.3920, 2310.3000) on Layer M1
violation type: Lef58EolKeepOut
	srcs: net:ex_controller/mesh/mesh/mesh_1_11/tile_0_0/_0417_ net:ex_controller/mesh/mesh/mesh_1_11/tile_0_0/_0420_
	bbox = (3082.8240, 1271.4840) - (3082.8960, 1271.5840) on Layer M1
violation type: Lef58EolKeepOut
	srcs: net:ex_controller/mesh/mesh/mesh_2_11/tile_0_0/mac_unit/_0354_ inst:ex_controller/mesh/mesh/mesh_2_11/tile_0_0/mac_unit/_1006_
	bbox = (3130.3320, 1403.0480) - (3130.4320, 1403.1000) on Layer M1
violation type: Lef58EolKeepOut
	srcs: net:ex_controller/mesh/mesh/mesh_2_12/tile_0_0/_0797_ net:ex_controller/mesh/mesh/mesh_2_12/tile_0_0/_0807_
	bbox = (3167.9280, 1478.8440) - (3168.0000, 1478.9440) on Layer M1
violation type: Lef58EolKeepOut
	srcs: net:ex_controller/mesh/mesh/mesh_0_15/tile_0_0/_0561_ net:ex_controller/mesh/mesh/mesh_0_15/tile_0_0/_0563_
	bbox = (3205.7280, 1281.6800) - (3205.8000, 1281.7800) on Layer M1
violation type: Lef58EolKeepOut
	srcs: net:ex_controller/mesh/mesh/mesh_3_14/tile_0_0/_0506_ net:ex_controller/mesh/mesh/mesh_3_14/tile_0_0/_0514_
	bbox = (3342.2400, 1710.4400) - (3342.3120, 1710.5400) on Layer M1
violation type: Lef58EolKeepOut
	srcs: net:counters/counterfile/_06253_ net:counters/counterfile/_09957_
	bbox = (299.0160, 1880.4600) - (299.0880, 1880.5600) on Layer M1
violation type: Lef58EolKeepOut
	srcs: net:mod_1/ldD/_01903_ inst:mod_1/ldD/_07115_
	bbox = (480.4440, 975.0600) - (480.5440, 975.1160) on Layer M1
violation type: Lef58EolKeepOut
	srcs: net:mod/st/_02159_ net:mod/st/_02160_
	bbox = (502.9200, 589.8600) - (502.9920, 589.9600) on Layer M1
violation type: Lef58EolKeepOut
	srcs: net:net42897 net:mod_1/ex/_07658_
	bbox = (538.5600, 1411.7400) - (538.6320, 1411.8400) on Layer M1
violation type: Lef58EolKeepOut
	srcs: net:spad/_buffer_auto_in_d_bits_data\[109\] net:spad/buffer/nodeIn_d_q/ram_ext/_1256_
	bbox = (540.7200, 2764.5200) - (540.7920, 2764.6200) on Layer M1
violation type: Lef58EolKeepOut
	srcs: net:spad/vsm/pipe/out_bits_data_muladder/mulAddRecFNToRaw_postMul/_0001_ net:spad/vsm/pipe/out_bits_data_muladder/mulAddRecFNToRaw_postMul/_0002_
	bbox = (578.3040, 2260.1600) - (578.3760, 2260.2600) on Layer M1
violation type: Lef58EolKeepOut
	srcs: net:mod/st/_04187_ inst:mod/st/_58302_
	bbox = (593.8440, 649.2200) - (593.9440, 649.2600) on Layer M1
violation type: Lef58EolKeepOut
	srcs: net:spad/vsm/pipe_2/_0287_ net:spad/vsm/pipe_2/_0288_
	bbox = (601.2000, 2402.1000) - (601.2720, 2402.2000) on Layer M1
violation type: Lef58EolKeepOut
	srcs: net:mod/st/_32200_ inst:mod/st/_84254_
	bbox = (616.9560, 301.4480) - (617.0560, 301.5000) on Layer M1
violation type: Lef58EolKeepOut
	srcs: net:mod_1/ldA/_02476_ net:mod_1/ldA/_02500_
	bbox = (639.4320, 1003.5000) - (639.5040, 1003.6000) on Layer M1
violation type: Lef58EolKeepOut
	srcs: net:mod/st/_42412_ net:mod/st/_42414_
	bbox = (660.1680, 573.2000) - (660.2400, 573.3000) on Layer M1
violation type: Lef58EolKeepOut
	srcs: net:mod/st/_42410_ net:mod/st/_42414_
	bbox = (661.0320, 573.2000) - (661.1040, 573.3000) on Layer M1
violation type: Lef58EolKeepOut
	srcs: net:mod/st/_42407_ net:mod/st/_42414_
	bbox = (661.4640, 573.2000) - (661.5360, 573.3000) on Layer M1
violation type: Lef58EolKeepOut
	srcs: net:mod_1/ldB/_04562_ inst:mod_1/ldB/_11342_
	bbox = (775.5000, 1200.0200) - (775.6000, 1200.0600) on Layer M1
violation type: Lef58EolKeepOut
	srcs: net:mod/ld_weights/_051563_ net:mod/ld_weights/_051574_
	bbox = (817.5160, 1010.2880) - (817.6200, 1010.2880) on Layer M2
violation type: Lef58EolKeepOut
	srcs: net:mod/st/_17045_ inst:mod/st/_70611_
	bbox = (903.8040, 286.3240) - (903.9040, 286.3800) on Layer M1
violation type: Lef58EolKeepOut
	srcs: net:spad/_write_dispatch_q_q_io_deq_bits_acc_scale\[14\] net:spad/write_dispatch_q_q/ram_ext/_2182_
	bbox = (918.7200, 1844.3600) - (918.7920, 1844.4600) on Layer M1
violation type: Lef58EolKeepOut
	srcs: net:mod/st/_12413_ net:mod/st/_12414_
	bbox = (926.4960, 59.5800) - (926.5680, 59.6800) on Layer M1
violation type: Lef58EolKeepOut
	srcs: net:spad/acc_scale_unit/activated_data_e_scaled_muladder_4/roundRawFNToRecFN/roundAnyRawFNToRecFN/_0176_ net:spad/acc_scale_unit/activated_data_e_scaled_muladder_4/roundRawFNToRecFN/roundAnyRawFNToRecFN/_0181_
	bbox = (964.7280, 3055.0400) - (964.8000, 3055.1400) on Layer M1
violation type: Lef58EolKeepOut
	srcs: net:spad/acc_scale_unit/activated_data_e_scaled_muladder/_mulAddRecFNToRaw_postMul_io_rawOut_sExp\[2\] net:spad/acc_scale_unit/activated_data_e_scaled_muladder/roundRawFNToRecFN/roundAnyRawFNToRecFN/_0538_
	bbox = (1032.3360, 2212.6400) - (1032.4080, 2212.7400) on Layer M1
violation type: Lef58EolKeepOut
	srcs: net:spad/_vsm_in_q_1_io_deq_bits_tag_mask_50 net:spad/vsm_in_q_1/ram_ext/_02570_
	bbox = (1069.9200, 2628.9000) - (1069.9920, 2629.0000) on Layer M1
violation type: Lef58EolKeepOut
	srcs: net:spad/reader/beatPacker/_16390_ net:spad/reader/beatPacker/_16391_
	bbox = (1090.2240, 2903.2200) - (1090.2960, 2903.3200) on Layer M1
violation type: Lef58EolKeepOut
	srcs: net:spad/reader/beatPacker/_03249_ net:spad/reader/beatPacker/_03250_
	bbox = (1100.1600, 2870.8200) - (1100.2320, 2870.9200) on Layer M1
violation type: Lef58EolKeepOut
	srcs: net:spad/reader/beatPacker/_13008_ net:spad/reader/beatPacker/_13325_
	bbox = (1097.5680, 2903.2200) - (1097.6400, 2903.3200) on Layer M1
violation type: Lef58EolKeepOut
	srcs: net:spad/reader/beatPacker/_05029_ net:spad/reader/beatPacker/_05030_
	bbox = (1114.4160, 2864.3400) - (1114.4880, 2864.4400) on Layer M1
violation type: Lef58EolKeepOut
	srcs: net:_raw_cmd_q_io_deq_bits_cmd_rs1\[51\] net:raw_cmd_q/ram_ext/_1519_
	bbox = (1198.4400, 220.0400) - (1198.5120, 220.1400) on Layer M1
violation type: Lef58EolKeepOut
	srcs: net:mod/ex/_010709_ net:mod/ex/_010794_
	bbox = (1282.2480, 1132.0200) - (1282.3200, 1132.1200) on Layer M1
violation type: Lef58EolKeepOut
	srcs: net:mod/ld_bias/_02042_ inst:mod/ld_bias/_29523_
	bbox = (1372.7400, 428.9000) - (1372.8400, 428.9400) on Layer M1
violation type: Lef58EolKeepOut
	srcs: net:ex_controller/mesh/mesh/mesh_14_3/tile_0_0/_0580_ net:ex_controller/mesh/mesh/mesh_14_3/tile_0_0/_0709_
	bbox = (1652.4720, 1768.7600) - (1652.5440, 1768.8600) on Layer M1
violation type: Lef58EolKeepOut
	srcs: net:mod/ld_input/_00203_ inst:mod/ld_input/_40840_
	bbox = (1667.7960, 534.7080) - (1667.8960, 534.7800) on Layer M1
violation type: Lef58EolKeepOut
	srcs: net:ex_controller/mesh/mesh/mesh_13_1/tile_0_0/_0561_ net:ex_controller/mesh/mesh/mesh_13_1/tile_0_0/_0563_
	bbox = (1674.9360, 1495.5200) - (1675.0080, 1495.6200) on Layer M1
violation type: Lef58EolKeepOut
	srcs: net:ex_controller/mesh/mesh/mesh_14_3/tile_0_0/_0013_ net:ex_controller/mesh/mesh/mesh_14_3/tile_0_0/_0859_
	bbox = (1704.7440, 1751.9400) - (1704.8160, 1752.0400) on Layer M1
violation type: Lef58EolKeepOut
	srcs: net:mod/ex/_088618_ net:mod/ex/_088619_
	bbox = (1712.5200, 1072.6200) - (1712.5920, 1072.7200) on Layer M1
violation type: Lef58EolKeepOut
	srcs: net:ex_controller/mesh/mesh/mesh_13_4/tile_0_0/mac_unit/_0327_ inst:ex_controller/mesh/mesh/mesh_13_4/tile_0_0/mac_unit/_1124_
	bbox = (1758.5160, 1819.9080) - (1758.6160, 1819.9800) on Layer M1
violation type: Lef58EolKeepOut
	srcs: net:ex_controller/mesh/mesh/mesh_10_0/tile_0_0/_0522_ net:ex_controller/mesh/mesh/mesh_10_0/tile_0_0/_0715_
	bbox = (1765.8720, 1285.3800) - (1765.9440, 1285.4800) on Layer M1
violation type: Lef58EolKeepOut
	srcs: net:mod/ex/_071522_ inst:mod/ex/_173428_
	bbox = (1803.8760, 914.8800) - (1803.9760, 914.9400) on Layer M1
violation type: Lef58EolKeepOut
	srcs: net:mod/ex/_076362_ inst:mod/ex/_176561_
	bbox = (1969.7640, 930.0040) - (1969.8640, 930.0600) on Layer M1
violation type: Lef58EolKeepOut
	srcs: net:ex_controller/mesh/mesh/mesh_15_7/tile_0_0/_0229_ net:ex_controller/mesh/mesh/mesh_15_7/tile_0_0/_0395_
	bbox = (1992.8880, 2291.4800) - (1992.9600, 2291.5800) on Layer M1
violation type: Lef58EolKeepOut
	srcs: net:spad/acc_scale_unit/_0437_ net:spad/acc_scale_unit/activated_data_e_scaled_in_to_rec_fn_12/_0062_
	bbox = (2037.8160, 2668.2560) - (2037.8880, 2668.3560) on Layer M1
violation type: Lef58EolKeepOut
	srcs: net:ex_controller/mesh/mesh/mesh_9_2/tile_0_0/_0471_ net:ex_controller/mesh/mesh/mesh_9_2/tile_0_0/_0482_
	bbox = (2053.3680, 1474.3800) - (2053.4400, 1474.4800) on Layer M1
violation type: Lef58EolKeepOut
	srcs: net:ex_controller/mesh/mesh/mesh_7_2/tile_0_0/_0541_ net:ex_controller/mesh/mesh/mesh_7_2/tile_0_0/_0543_
	bbox = (2098.2960, 1308.0600) - (2098.3680, 1308.1600) on Layer M1
violation type: Lef58EolKeepOut
	srcs: net:ex_controller/mesh/mesh/mesh_3_3/tile_0_0/_0522_ net:ex_controller/mesh/mesh/mesh_3_3/tile_0_0/_0715_
	bbox = (2264.8320, 1134.1800) - (2264.9040, 1134.2800) on Layer M1
violation type: Lef58EolKeepOut
	srcs: net:ex_controller/mesh/mesh/mesh_6_4/tile_0_0/_0457_ net:ex_controller/mesh/mesh/mesh_6_4/tile_0_0/_0459_
	bbox = (2302.8480, 1541.3400) - (2302.9200, 1541.4400) on Layer M1
violation type: Lef58EolKeepOut
	srcs: net:ex_controller/mesh/mesh/mesh_5_5/tile_0_0/_0657_ net:ex_controller/mesh/mesh/mesh_5_5/tile_0_0/_0702_
	bbox = (2423.3760, 1512.1800) - (2423.4480, 1512.2800) on Layer M1
violation type: Lef58EolKeepOut
	srcs: net:ex_controller/mesh/mesh/mesh_1_4/tile_0_0/_0827_ net:ex_controller/mesh/mesh/mesh_1_4/tile_0_0/_0832_
	bbox = (2461.3920, 1116.9000) - (2461.4640, 1117.0000) on Layer M1
violation type: Lef58EolKeepOut
	srcs: net:ex_controller/mesh/mesh/mesh_2_4/tile_0_0/mac_unit/_0009_ net:ex_controller/mesh/mesh/mesh_2_4/tile_0_0/mac_unit/_0515_
	bbox = (2461.6080, 1232.0000) - (2461.6800, 1232.1000) on Layer M1
violation type: Lef58EolKeepOut
	srcs: net:ex_controller/mesh/mesh/mesh_13_10/tile_0_0/_0561_ net:ex_controller/mesh/mesh/mesh_13_10/tile_0_0/_0563_
	bbox = (2521.8720, 2457.1800) - (2521.9440, 2457.2800) on Layer M1
violation type: Lef58EolKeepOut
	srcs: net:ex_controller/mesh/mesh/mesh_3_6/tile_0_0/_0212_ net:ex_controller/mesh/mesh/mesh_3_6/tile_0_0/_0402_
	bbox = (2602.6560, 1351.8800) - (2602.7280, 1351.9800) on Layer M1
violation type: Lef58EolKeepOut
	srcs: net:ex_controller/mesh/mesh/mesh_6_7/tile_0_0/_0471_ net:ex_controller/mesh/mesh/mesh_6_7/tile_0_0/_0482_
	bbox = (2612.3760, 1728.8000) - (2612.4480, 1728.9000) on Layer M1
violation type: Lef58EolKeepOut
	srcs: net:ex_controller/mesh/mesh/mesh_2_6/tile_0_0/_0541_ net:ex_controller/mesh/mesh/mesh_2_6/tile_0_0/_0543_
	bbox = (2619.9360, 1292.4800) - (2620.0080, 1292.5800) on Layer M1
violation type: Lef58EolKeepOut
	srcs: net:ex_controller/mesh/mesh/mesh_15_13/tile_0_0/_0396_ net:net116313
	bbox = (2627.7120, 2825.4600) - (2627.7840, 2825.5600) on Layer M1
violation type: Lef58EolKeepOut
	srcs: net:ex_controller/mesh/mesh/mesh_4_7/tile_0_0/_0522_ net:ex_controller/mesh/mesh/mesh_4_7/tile_0_0/_0715_
	bbox = (2650.6080, 1535.4800) - (2650.6800, 1535.5800) on Layer M1
violation type: Lef58EolKeepOut
	srcs: net:ex_controller/mesh/mesh/mesh_7_8/tile_0_0/_0471_ net:ex_controller/mesh/mesh/mesh_7_8/tile_0_0/_0482_
	bbox = (2673.0720, 1895.1200) - (2673.1440, 1895.2200) on Layer M1
violation type: Lef58EolKeepOut
	srcs: net:net87288 net:ex_controller/mesh/mesh/mesh_5_7/tile_0_0/mac_unit/_0252_
	bbox = (2703.0960, 1601.8200) - (2703.1680, 1601.9200) on Layer M1
violation type: Lef58EolKeepOut
	srcs: net:ex_controller/mesh/mesh/mesh_6_8/tile_0_0/_0471_ net:ex_controller/mesh/mesh/mesh_6_8/tile_0_0/_0482_
	bbox = (2710.6560, 1815.2000) - (2710.7280, 1815.3000) on Layer M1
violation type: Lef58EolKeepOut
	srcs: net:ex_controller/mesh/mesh/mesh_13_14/tile_0_0/_0607_ net:ex_controller/mesh/mesh/mesh_13_14/tile_0_0/_0701_
	bbox = (2831.8320, 2979.4400) - (2831.9040, 2979.5400) on Layer M1
violation type: Lef58EolKeepOut
	srcs: net:ex_controller/mesh/mesh/mesh_1_8/tile_0_0/_0814_ net:ex_controller/mesh/mesh/mesh_1_8/tile_0_0/_0817_
	bbox = (2846.9520, 1148.2200) - (2847.0240, 1148.3200) on Layer M1
violation type: Lef58EolKeepOut
	srcs: net:ex_controller/mesh/mesh/mesh_12_13/tile_0_0/_0012_ net:ex_controller/mesh/mesh/mesh_12_13/tile_0_0/_0862_
	bbox = (2884.3200, 2749.8600) - (2884.3920, 2749.9600) on Layer M1
violation type: Lef58EolKeepOut
	srcs: net:ex_controller/mesh/mesh/mesh_4_9/tile_0_0/_0457_ net:ex_controller/mesh/mesh/mesh_4_9/tile_0_0/_0459_
	bbox = (2945.4480, 1610.0000) - (2945.5200, 1610.1000) on Layer M1
violation type: Lef58EolKeepOut
	srcs: net:ex_controller/mesh/mesh/mesh_9_12/tile_0_0/_0471_ net:ex_controller/mesh/mesh/mesh_9_12/tile_0_0/_0482_
	bbox = (2982.8160, 2450.2400) - (2982.8880, 2450.3400) on Layer M1
violation type: Lef58EolKeepOut
	srcs: net:ex_controller/mesh/mesh/mesh_1_10/tile_0_0/_0449_ net:net104995
	bbox = (2996.2080, 1217.4840) - (2996.2800, 1217.5840) on Layer M1
violation type: Lef58EolKeepOut
	srcs: net:ex_controller/mesh/mesh/mesh_3_11/tile_0_0/_0814_ net:ex_controller/mesh/mesh/mesh_3_11/tile_0_0/_0817_
	bbox = (3096.4320, 1556.0000) - (3096.5040, 1556.1000) on Layer M1
violation type: Lef58EolKeepOut
	srcs: net:ex_controller/mesh/mesh/mesh_8_13/tile_0_0/_0046_ net:ex_controller/mesh/mesh/mesh_8_13/tile_0_0/_0266_
	bbox = (3102.4800, 2524.2840) - (3102.5520, 2524.3840) on Layer M1
violation type: Lef58EolKeepOut
	srcs: net:ex_controller/mesh/mesh/mesh_0_13/tile_0_0/_0459_ net:ex_controller/mesh/mesh/mesh_0_13/tile_0_0/_0470_
	bbox = (3254.9760, 1171.5200) - (3255.0480, 1171.6200) on Layer M1
violation type: Lef58EolKeepOut
	srcs: net:ex_controller/mesh/mesh/mesh_5_15/tile_0_0/mac_unit/_0044_ net:ex_controller/mesh/mesh/mesh_5_15/tile_0_0/mac_unit/_0045_
	bbox = (3262.1040, 2077.0200) - (3262.1760, 2077.1200) on Layer M1
violation type: Lef58EolKeepOut
	srcs: net:ex_controller/mesh/mesh/mesh_7_15/tile_0_0/_0561_ net:ex_controller/mesh/mesh/mesh_7_15/tile_0_0/_0563_
	bbox = (3315.6720, 2560.4000) - (3315.7440, 2560.5000) on Layer M1
violation type: Lef58EolKeepOut
	srcs: net:spad/reader/_xactTracker_io_peek_entry_scale\[30\] net:spad/reader/xactTracker/_08572_
	bbox = (230.9760, 2355.6600) - (231.0480, 2355.7600) on Layer M1
violation type: Lef58EolKeepOut
	srcs: net:reservation_station/_16371_ net:reservation_station/_16373_
	bbox = (344.3760, 1682.8200) - (344.4480, 1682.9200) on Layer M1
violation type: Lef58EolKeepOut
	srcs: net:mod_1/_ldD_io_cmd_bits_rs1\[4\] net:mod_1/ldD/_04429_
	bbox = (502.0560, 1092.6800) - (502.1280, 1092.7800) on Layer M1
violation type: Lef58EolKeepOut
	srcs: net:spad/vsm/pipe/out_bits_data_muladder/_2741_ inst:spad/vsm/pipe/out_bits_data_muladder/_7479_
	bbox = (503.1240, 2325.3640) - (503.2240, 2325.4200) on Layer M1
violation type: Lef58EolKeepOut
	srcs: net:mod_1/ex/_03386_ inst:mod_1/ex/_11756_
	bbox = (623.6520, 1551.7800) - (623.7520, 1551.8480) on Layer M1
violation type: Lef58EolKeepOut
	srcs: net:mod_1/ex/_03926_ inst:mod_1/ex/_13487_
	bbox = (753.0360, 1424.6440) - (753.1360, 1424.7000) on Layer M1
violation type: Lef58EolKeepOut
	srcs: net:spad/reader/beatPacker/_09552_ net:spad/reader/beatPacker/_09556_
	bbox = (956.7360, 2610.5400) - (956.8080, 2610.6400) on Layer M1
violation type: Lef58EolKeepOut
	srcs: net:spad/acc_scale_unit/activated_data_e_scaled_muladder_5/mulAddRecFNToRaw_postMul/_1383_ net:spad/acc_scale_unit/activated_data_e_scaled_muladder_5/mulAddRecFNToRaw_postMul/_1384_
	bbox = (994.5360, 3124.1600) - (994.6080, 3124.2600) on Layer M1
violation type: Lef58EolKeepOut
	srcs: net:mod/ld_weights/_053081_ net:mod/ld_weights/_053237_
	bbox = (1032.1200, 1317.7800) - (1032.1920, 1317.8800) on Layer M1
violation type: Lef58EolKeepOut
	srcs: net:spad/acc_scale_unit/activated_data_e_scaled_muladder_4/mulAddRecFNToRaw_preMul/_0755_ net:spad/acc_scale_unit/activated_data_e_scaled_muladder_4/mulAddRecFNToRaw_preMul/_0756_
	bbox = (1069.0560, 3043.6200) - (1069.1280, 3043.7200) on Layer M1
violation type: Lef58EolKeepOut
	srcs: net:spad/acc_scale_unit/activated_data_e_scaled_muladder/mulAddRecFNToRaw_preMul/_0477_ net:spad/acc_scale_unit/activated_data_e_scaled_muladder/mulAddRecFNToRaw_preMul/_0776_
	bbox = (1075.7520, 2142.4400) - (1075.8240, 2142.5400) on Layer M1
violation type: Lef58EolKeepOut
	srcs: net:spad/reader/beatPacker/_14270_ net:spad/reader/beatPacker/_14271_
	bbox = (1122.8400, 2907.5400) - (1122.9120, 2907.6400) on Layer M1
violation type: Lef58EolKeepOut
	srcs: net:mod/ld_weights/_065052_ inst:mod/ld_weights/_150133_
	bbox = (1153.5000, 1316.3400) - (1153.6000, 1316.4040) on Layer M1
violation type: Lef58EolKeepOut
	srcs: net:mod/ld_weights/_010807_ inst:mod/ld_weights/_099360_
	bbox = (1206.4200, 834.9480) - (1206.5200, 835.0200) on Layer M1
violation type: Lef58EolKeepOut
	srcs: net:mod/ex/_014416_ inst:mod/ex/_119729_
	bbox = (1244.2200, 1258.3080) - (1244.3200, 1258.3800) on Layer M1
violation type: Lef58EolKeepOut
	srcs: net:mod/ex/_020203_ net:mod/ex/_020205_
	bbox = (1259.1360, 1372.4000) - (1259.2080, 1372.5000) on Layer M1
violation type: Lef58EolKeepOut
	srcs: net:net42428 net:spad/acc_scale_unit/activated_data_e_scaled_in_to_rec_fn_6/_0197_
	bbox = (1312.8040, 3036.3720) - (1312.9080, 3036.3800) on Layer M2
violation type: Lef58EolKeepOut
	srcs: net:spad/acc_adders/_0263_ inst:spad/acc_adders/m_5/_275_
	bbox = (1350.2760, 2506.5000) - (1350.3760, 2506.5680) on Layer M1
violation type: Lef58EolKeepOut
	srcs: net:spad/vsm_1/_0834_ net:net8742
	bbox = (1357.2000, 2565.1800) - (1357.2720, 2565.2800) on Layer M1
violation type: Lef58EolKeepOut
	srcs: net:spad/acc_scale_unit/activated_data_e_scaled_muladder_6/roundRawFNToRecFN/roundAnyRawFNToRecFN/_0061_ net:spad/acc_scale_unit/activated_data_e_scaled_muladder_6/roundRawFNToRecFN/roundAnyRawFNToRecFN/_0062_
	bbox = (1372.9680, 3253.1400) - (1373.0400, 3253.2400) on Layer M1
violation type: Lef58EolKeepOut
	srcs: net:spad/acc_scale_unit/activated_data_e_scaled_muladder_3/_0264_ net:spad/acc_scale_unit/activated_data_e_scaled_muladder_3/_0265_
	bbox = (1463.0400, 1952.8200) - (1463.1120, 1952.9200) on Layer M1
violation type: Lef58EolKeepOut
	srcs: net:mod/ex/_054886_ net:net125932
	bbox = (1470.1680, 1062.9000) - (1470.2400, 1063.0000) on Layer M1
violation type: Lef58EolKeepOut
	srcs: net:ex_controller/mesh/mesh/mesh_14_0/tile_0_0/_0015_ net:ex_controller/mesh/mesh/mesh_14_0/tile_0_0/_0853_
	bbox = (1493.2800, 1468.5200) - (1493.3520, 1468.6200) on Layer M1
violation type: Lef58EolKeepOut
	srcs: net:spad/acc_scale_unit/activated_data_e_scaled_muladder_3/_3103_ net:spad/acc_scale_unit/activated_data_e_scaled_muladder_3/_3156_
	bbox = (1493.2800, 1884.1760) - (1493.3520, 1884.2760) on Layer M1
violation type: Lef58EolKeepOut
	srcs: net:ex_controller/mesh/mesh/mesh_14_0/tile_0_0/mac_unit/_0354_ inst:ex_controller/mesh/mesh/mesh_14_0/tile_0_0/mac_unit/_1006_
	bbox = (1538.8440, 1485.1200) - (1538.9440, 1485.1800) on Layer M1
violation type: Lef58EolKeepOut
	srcs: net:spad/acc_scale_unit/activated_data_e_scaled_muladder_8/mulAddRecFNToRaw_preMul/_0477_ net:spad/acc_scale_unit/activated_data_e_scaled_muladder_8/mulAddRecFNToRaw_preMul/_0776_
	bbox = (1538.4240, 2907.0800) - (1538.4960, 2907.1800) on Layer M1
violation type: Lef58EolKeepOut
	srcs: net:mod/ld_input/_23812_ net:mod/ld_input/_23813_
	bbox = (1606.6800, 199.9800) - (1606.7520, 200.0800) on Layer M1
violation type: Lef58EolKeepOut
	srcs: net:mod/ld_input/_30499_ net:mod/ld_input/_30500_
	bbox = (1629.3600, 100.6200) - (1629.4320, 100.7200) on Layer M1
violation type: Lef58EolKeepOut
	srcs: net:spad/acc_scale_unit/activated_data_e_scaled_muladder_7/_1713_ net:spad/acc_scale_unit/activated_data_e_scaled_muladder_7/_3500_
	bbox = (1629.5760, 2151.0800) - (1629.6480, 2151.1800) on Layer M1
violation type: Lef58EolKeepOut
	srcs: net:ex_controller/mesh/mesh/mesh_14_3/tile_0_0/mac_unit/_0268_ net:ex_controller/mesh/mesh/mesh_14_3/tile_0_0/mac_unit/_0275_
	bbox = (1667.0440, 1695.0200) - (1667.1480, 1695.0200) on Layer M2
violation type: Lef58EolKeepOut
	srcs: net:ex_controller/mesh/mesh/mesh_14_3/tile_0_0/mac_unit/_0268_ net:ex_controller/mesh/mesh/mesh_14_3/tile_0_0/mac_unit/_0275_
	bbox = (1667.0440, 1695.0200) - (1667.1480, 1695.0920) on Layer M2
violation type: Lef58EolKeepOut
	srcs: net:ex_controller/mesh/mesh/mesh_14_3/tile_0_0/mac_unit/_0268_ net:ex_controller/mesh/mesh/mesh_14_3/tile_0_0/mac_unit/_0275_
	bbox = (1667.0440, 1695.0920) - (1667.1480, 1695.0920) on Layer M2
violation type: Lef58EolKeepOut
	srcs: net:mod/ld_input/_30296_ net:net124664
	bbox = (1734.9840, 261.0800) - (1735.0560, 261.1800) on Layer M1
violation type: Lef58EolKeepOut
	srcs: net:mod/ld_input/_37078_ inst:mod/ld_input/_45608_
	bbox = (1765.8600, 318.7400) - (1765.9600, 318.7800) on Layer M1
violation type: Lef58EolKeepOut
	srcs: net:ex_controller/mesh/mesh/mesh_12_1/tile_0_0/_0580_ net:ex_controller/mesh/mesh/mesh_12_1/tile_0_0/_0709_
	bbox = (1765.8720, 1468.9800) - (1765.9440, 1469.0800) on Layer M1
violation type: Lef58EolKeepOut
	srcs: net:spad/writer/_04755_ net:spad/writer/_04756_
	bbox = (1764.7920, 3019.8600) - (1764.8640, 3019.9600) on Layer M1
violation type: Lef58EolKeepOut
	srcs: net:mod/ld_input/_09296_ inst:mod/ld_input/_57092_
	bbox = (1894.3800, 228.0080) - (1894.4800, 228.0600) on Layer M1
violation type: Lef58EolKeepOut
	srcs: net:ex_controller/mesh/mesh/mesh_9_1/tile_0_0/mac_unit/_0354_ inst:ex_controller/mesh/mesh/mesh_9_1/tile_0_0/mac_unit/_1006_
	bbox = (2000.4360, 1357.6960) - (2000.5360, 1357.7400) on Layer M1
violation type: Lef58EolKeepOut
	srcs: net:spad/acc_scale_unit/activated_data_e_scaled_muladder_15/_mulAddRecFNToRaw_preMul_io_toPostMul_sExpSum\[1\] net:spad/acc_scale_unit/activated_data_e_scaled_muladder_15/mulAddRecFNToRaw_preMul/_0257_
	bbox = (2037.6000, 3177.0800) - (2037.6720, 3177.1800) on Layer M1
violation type: Lef58EolKeepOut
	srcs: net:ex_controller/mesh/mesh/mesh_7_1/tile_0_0/_0457_ net:ex_controller/mesh/mesh/mesh_7_1/tile_0_0/_0459_
	bbox = (2053.1520, 1143.4400) - (2053.2240, 1143.5400) on Layer M1
violation type: Lef58EolKeepOut
	srcs: net:ex_controller/mesh/mesh/mesh_8_1/tile_0_0/mac_unit/_0354_ inst:ex_controller/mesh/mesh/mesh_8_1/tile_0_0/mac_unit/_1006_
	bbox = (2068.2600, 1288.5720) - (2068.3600, 1288.6200) on Layer M1
violation type: Lef58EolKeepOut
	srcs: net:ex_controller/mesh/mesh/mesh_10_3/tile_0_0/mac_unit/_0354_ inst:ex_controller/mesh/mesh/mesh_10_3/tile_0_0/mac_unit/_1006_
	bbox = (2076.0360, 1681.6840) - (2076.1360, 1681.7400) on Layer M1
violation type: Lef58EolKeepOut
	srcs: net:ex_controller/mesh/mesh/mesh_13_7/tile_0_0/mac_unit/_0044_ net:ex_controller/mesh/mesh/mesh_13_7/tile_0_0/mac_unit/_0045_
	bbox = (2128.3200, 2102.9400) - (2128.3920, 2103.0400) on Layer M1
violation type: Lef58EolKeepOut
	srcs: net:ex_controller/mesh/mesh/mesh_8_4/tile_0_0/_0607_ net:ex_controller/mesh/mesh/mesh_8_4/tile_0_0/_0701_
	bbox = (2226.8160, 1679.5800) - (2226.8880, 1679.6800) on Layer M1
violation type: Lef58EolKeepOut
	srcs: net:ex_controller/mesh/mesh/mesh_2_3/tile_0_0/_0527_ net:net104856
	bbox = (2383.8480, 1093.1400) - (2383.9200, 1093.2400) on Layer M1
violation type: Lef58EolKeepOut
	srcs: net:net86554 net:ex_controller/mesh/mesh/mesh_8_5/tile_0_0/mac_unit/_0252_
	bbox = (2423.3760, 1735.7400) - (2423.4480, 1735.8400) on Layer M1
violation type: Lef58EolKeepOut
	srcs: net:ex_controller/mesh/mesh/mesh_8_7/tile_0_0/_0396_ net:net115524
	bbox = (2552.3280, 1849.1400) - (2552.4000, 1849.2400) on Layer M1
violation type: Lef58EolKeepOut
	srcs: net:ex_controller/mesh/mesh/mesh_0_2/tile_0_0/_0797_ net:ex_controller/mesh/mesh/mesh_0_2/tile_0_0/_0807_
	bbox = (2589.4800, 880.5240) - (2589.5520, 880.6240) on Layer M1
violation type: Lef58EolKeepOut
	srcs: net:ex_controller/mesh/mesh/mesh_6_7/tile_0_0/_0783_ net:net104509
	bbox = (2619.0720, 1695.3200) - (2619.1440, 1695.4200) on Layer M1
violation type: Lef58EolKeepOut
	srcs: net:ex_controller/mesh/mesh/mesh_5_7/tile_0_0/_0412_ net:ex_controller/mesh/mesh/mesh_5_7/tile_0_0/_0482_
	bbox = (2635.2720, 1634.2200) - (2635.3440, 1634.3200) on Layer M1
violation type: Lef58EolKeepOut
	srcs: net:ex_controller/mesh/mesh/mesh_15_15/tile_0_0/_0013_ net:ex_controller/mesh/mesh/mesh_15_15/tile_0_0/_0859_
	bbox = (2710.2240, 3177.5400) - (2710.2960, 3177.6400) on Layer M1
violation type: Lef58EolKeepOut
	srcs: net:ex_controller/mesh/mesh/mesh_2_7/tile_0_0/_0541_ net:ex_controller/mesh/mesh/mesh_2_7/tile_0_0/_0543_
	bbox = (2725.7760, 1309.7600) - (2725.8480, 1309.8600) on Layer M1
violation type: Lef58EolKeepOut
	srcs: net:ex_controller/mesh/mesh/mesh_6_8/tile_0_0/mac_unit/_0219_ inst:ex_controller/mesh/mesh/mesh_6_8/tile_0_0/mac_unit/_0875_
	bbox = (2756.2200, 1757.3000) - (2756.3200, 1757.3400) on Layer M1
violation type: Lef58EolKeepOut
	srcs: net:ex_controller/mesh/mesh/mesh_4_8/tile_0_0/_0457_ net:ex_controller/mesh/mesh/mesh_4_8/tile_0_0/_0459_
	bbox = (2763.5760, 1568.9600) - (2763.6480, 1569.0600) on Layer M1
violation type: Lef58EolKeepOut
	srcs: net:ex_controller/mesh/mesh/mesh_9_10/tile_0_0/_0506_ net:ex_controller/mesh/mesh/mesh_9_10/tile_0_0/_0514_
	bbox = (2793.8160, 2209.4000) - (2793.8880, 2209.5000) on Layer M1
violation type: Lef58EolKeepOut
	srcs: net:ex_controller/mesh/mesh/mesh_1_8/tile_0_0/_0607_ net:ex_controller/mesh/mesh/mesh_1_8/tile_0_0/_0701_
	bbox = (2831.8320, 1182.7800) - (2831.9040, 1182.8800) on Layer M1
violation type: Lef58EolKeepOut
	srcs: net:ex_controller/mesh/mesh/mesh_1_9/tile_0_0/_0783_ net:net104918
	bbox = (2922.1200, 1183.8600) - (2922.1920, 1183.9600) on Layer M1
violation type: Lef58EolKeepOut
	srcs: net:net87514 net:ex_controller/mesh/mesh/mesh_4_9/tile_0_0/mac_unit/_0338_
	bbox = (2945.4480, 1514.9600) - (2945.5200, 1515.0600) on Layer M1
violation type: Lef58EolKeepOut
	srcs: net:ex_controller/mesh/mesh/mesh_4_10/tile_0_0/_0471_ net:ex_controller/mesh/mesh/mesh_4_10/tile_0_0/_0482_
	bbox = (3005.4960, 1679.5800) - (3005.5680, 1679.6800) on Layer M1
violation type: Lef58EolKeepOut
	srcs: net:ex_controller/mesh/mesh/mesh_10_13/tile_0_0/_0298_ net:ex_controller/mesh/mesh/mesh_10_13/tile_0_0/_0299_
	bbox = (3035.5200, 2733.6600) - (3035.5920, 2733.7600) on Layer M1
violation type: Lef58EolKeepOut
	srcs: net:ex_controller/mesh/mesh/mesh_1_12/tile_0_0/mac_unit/_0327_ inst:ex_controller/mesh/mesh/mesh_1_12/tile_0_0/mac_unit/_1124_
	bbox = (3134.4360, 1288.5720) - (3134.5360, 1288.6200) on Layer M1
violation type: Lef58EolKeepOut
	srcs: net:ex_controller/mesh/mesh/mesh_4_11/tile_0_0/mac_unit/_0354_ inst:ex_controller/mesh/mesh/mesh_4_11/tile_0_0/mac_unit/_1006_
	bbox = (3134.2200, 1709.7480) - (3134.3200, 1709.8200) on Layer M1
violation type: Lef58EolKeepOut
	srcs: net:ex_controller/mesh/mesh/mesh_6_13/tile_0_0/_0229_ net:ex_controller/mesh/mesh/mesh_6_13/tile_0_0/_0395_
	bbox = (3179.3760, 2164.0400) - (3179.4480, 2164.1400) on Layer M1
violation type: Lef58EolKeepOut
	srcs: net:ex_controller/mesh/mesh/mesh_1_14/tile_0_0/mac_unit/_0327_ inst:ex_controller/mesh/mesh/mesh_1_14/tile_0_0/mac_unit/_1124_
	bbox = (3315.4440, 1327.4320) - (3315.5440, 1327.5000) on Layer M1
violation type: Lef58EolKeepOut
	srcs: net:ex_controller/mesh/mesh/mesh_5_15/tile_0_0/mac_unit/_0508_ net:ex_controller/mesh/mesh/mesh_5_15/tile_0_0/mac_unit/_0543_
	bbox = (3330.3600, 2105.2440) - (3330.4320, 2105.3440) on Layer M1
violation type: Rect Only
	srcs: net:ex_controller/mesh/mesh/r_226_0\[0\]
	bbox = (1641.1880, 1646.0960) - (1641.4440, 1646.2240) on Layer M6
violation type: Rect Only
	srcs: net:ex_controller/mesh/mesh/mesh_10_0/tile_0_0/mac_unit/_0412_
	bbox = (1907.4320, 1270.1360) - (1907.5040, 1270.2800) on Layer M3
violation type: Rect Only
	srcs: net:ex_controller/mesh/mesh/mesh_10_0/tile_0_0/mac_unit/_0412_
	bbox = (1907.4320, 1270.1360) - (1907.5760, 1270.2080) on Layer M3
violation type: Rect Only
	srcs: net:spad/acc_adders/_0051_
	bbox = (1321.7640, 2627.0560) - (1321.8360, 2627.1640) on Layer M2
violation type: Rect Only
	srcs: net:spad/acc_adders/_0051_
	bbox = (1321.7280, 2627.0920) - (1321.8360, 2627.1640) on Layer M2
violation type: Rect Only
	srcs: net:spad/acc_adders/_0051_
	bbox = (1322.3080, 2627.0560) - (1322.3800, 2627.1640) on Layer M2
violation type: Rect Only
	srcs: net:spad/acc_adders/_0051_
	bbox = (1322.3080, 2627.0560) - (1322.4520, 2627.1280) on Layer M2
violation type: Rect Only
	srcs: net:clknet_leaf_3649_clock
	bbox = (1329.8480, 2627.6640) - (1329.9200, 2627.8080) on Layer M3
violation type: Rect Only
	srcs: net:clknet_leaf_3649_clock
	bbox = (1329.8120, 2627.7360) - (1329.9200, 2627.8080) on Layer M3
violation type: Rect Only
	srcs: net:clknet_leaf_3649_clock
	bbox = (1329.8480, 2628.4000) - (1329.9200, 2628.5440) on Layer M3
violation type: Rect Only
	srcs: net:clknet_leaf_3649_clock
	bbox = (1329.8120, 2628.4000) - (1329.9200, 2628.4720) on Layer M3
violation type: Rect Only
	srcs: net:clknet_leaf_4257_clock
	bbox = (1441.4680, 2508.1560) - (1441.5400, 2508.2640) on Layer M2
violation type: Rect Only
	srcs: net:clknet_leaf_4257_clock
	bbox = (1441.4680, 2508.1920) - (1441.6120, 2508.2640) on Layer M2
violation type: Rect Only
	srcs: net:spad/acc_adders/_0499_
	bbox = (1367.0560, 2639.9120) - (1367.1280, 2640.0200) on Layer M2
violation type: Rect Only
	srcs: net:spad/acc_adders/_0499_
	bbox = (1367.0560, 2639.9480) - (1367.2000, 2640.0200) on Layer M2
violation type: Rect Only
	srcs: net:spad/acc_adders/_0499_
	bbox = (1367.0160, 2639.9120) - (1367.0880, 2640.0200) on Layer M2
violation type: Rect Only
	srcs: net:spad/acc_adders/_0499_
	bbox = (1366.9440, 2639.9120) - (1367.0880, 2639.9840) on Layer M2
violation type: Rect Only
	srcs: net:ex_controller/mesh/mesh/r_226_0\[0\]
	bbox = (1641.3160, 1645.9680) - (1641.4440, 1646.2240) on Layer M6
violation type: Cut Short
	srcs: net:ex_controller/mesh/mesh/mesh_10_0/tile_0_0/mac_unit/_0412_
	bbox = (1907.5040, 1267.6720) - (1907.5040, 1267.7440) on Layer V2
violation type: Cut Short
	srcs: net:spad/acc_adders/_0051_
	bbox = (1322.2880, 2627.0920) - (1322.3600, 2627.1280) on Layer V2
violation type: Cut Short
	srcs: net:clknet_leaf_4257_clock
	bbox = (1440.5840, 2508.1920) - (1440.6560, 2508.2280) on Layer V2
violation type: Cut Short
	srcs: net:spad/acc_adders/_0499_
	bbox = (1367.0360, 2639.9480) - (1367.1080, 2639.9840) on Layer V2
violation type: Cut Short
	srcs: net:ex_controller/mesh/mesh/r_226_0\[0\]
	bbox = (1641.7440, 1646.0960) - (1641.8720, 1646.0960) on Layer V6
violation type: Lef58SpacingEndOfLine
	srcs: net:spad/acc_adders/_0181_ net:VDD
	bbox = (1301.2640, 2629.8680) - (1301.2800, 2629.9120) on Layer M3
violation type: Lef58SpacingEndOfLine
	srcs: net:ex_controller/mesh/mesh/mesh_10_5/tile_0_0/_0403_ net:ex_controller/mesh/mesh/mesh_10_5/tile_0_0/_0408_
	bbox = (2191.8160, 1855.7360) - (2191.8480, 1855.8080) on Layer M2
violation type: Lef58SpacingEndOfLine
	srcs: net:ex_controller/mesh/mesh/mesh_10_1/tile_0_0/_0369_ net:ex_controller/mesh/mesh/mesh_10_1/tile_0_0/_0391_
	bbox = (1906.5520, 1399.2480) - (1906.6560, 1399.2840) on Layer M2
violation type: Cut Spacing
	srcs: net:clknet_leaf_3649_clock
	bbox = (1329.8120, 2627.8280) - (1329.8840, 2627.8720) on Layer V2
violation type: Cut Spacing
	srcs: net:net55713
	bbox = (1367.3240, 2481.4440) - (1367.3600, 2481.5000) on Layer V1
violation type: Cut Spacing
	srcs: net:net101854
	bbox = (1424.6000, 2636.6840) - (1424.6360, 2636.7560) on Layer V2
violation type: Recheck
	srcs: net:clknet_10_450_0_clock
	bbox = (1488.6840, 2654.2680) - (1488.7800, 2654.3200) on Layer M5
violation type: NS Metal
	srcs: net:net135026
	bbox = (1473.0400, 2548.2757) - (1473.0760, 2548.2762) on Layer M8
violation type: Corner Spacing
	srcs: net:ex_controller/mesh/mesh/mesh_8_7/tile_0_0/_0431_ net:ex_controller/mesh/mesh/mesh_8_7/tile_0_0/_0803_
	bbox = (2528.6400, 1874.0200) - (2528.7040, 1874.0800) on Layer M1
violation type: Corner Spacing
	srcs: net:spad/acc_scale_unit/activated_data_e_scaled_muladder_3/_0979_ net:spad/acc_scale_unit/activated_data_e_scaled_muladder_3/_0984_
	bbox = (1475.8560, 2020.9000) - (1475.9200, 2020.9600) on Layer M1
violation type: Corner Spacing
	srcs: net:store_controller/_11932_ net:store_controller/_11933_
	bbox = (731.0880, 2131.0600) - (731.1520, 2131.1200) on Layer M1
violation type: Corner Spacing
	srcs: net:mod/ld_weights/_060955_ net:mod/ld_weights/_060957_
	bbox = (907.5600, 1078.6400) - (907.6240, 1078.7000) on Layer M1
violation type: Corner Spacing
	srcs: net:mod/st/_21539_ net:mod/st/_21541_
	bbox = (991.1520, 234.0800) - (991.2160, 234.1400) on Layer M1
violation type: Corner Spacing
	srcs: net:mod/st/_19100_ net:mod/st/_19104_
	bbox = (1042.7760, 270.8000) - (1042.8400, 270.8600) on Layer M1
violation type: Corner Spacing
	srcs: net:spad/reader/beatPacker/_17569_ net:spad/reader/beatPacker/_17570_
	bbox = (1080.5760, 2767.7600) - (1080.6400, 2767.8200) on Layer M1
violation type: Corner Spacing
	srcs: net:spad/acc_scale_unit/activated_data_e_scaled_muladder_11/mulAddRecFNToRaw_postMul/_0257_ net:spad/acc_scale_unit/activated_data_e_scaled_muladder_11/mulAddRecFNToRaw_postMul/_0259_
	bbox = (2200.3200, 2877.9200) - (2200.3840, 2877.9800) on Layer M1
violation type: Corner Spacing
	srcs: net:spad/acc_scale_unit/activated_data_e_scaled_muladder_12/_2382_ net:spad/acc_scale_unit/activated_data_e_scaled_muladder_12/_2384_
	bbox = (2319.7680, 2841.2000) - (2319.8320, 2841.2600) on Layer M1
violation type: Corner Spacing
	srcs: net:ex_controller/mesh/mesh/mesh_13_11/tile_0_0/_0521_ net:net105233
	bbox = (2629.7280, 2547.4400) - (2629.7920, 2547.5000) on Layer M1
violation type: Corner Spacing
	srcs: net:ex_controller/mesh/mesh/mesh_4_7/tile_0_0/_0401_ net:ex_controller/mesh/mesh/mesh_4_7/tile_0_0/_0410_
	bbox = (2682.0000, 1519.2800) - (2682.0640, 1519.3400) on Layer M1
violation type: Corner Spacing
	srcs: net:ex_controller/mesh/mesh/mesh_3_14/tile_0_0/mac_unit/_0292_ net:ex_controller/mesh/mesh/mesh_3_14/tile_0_0/mac_unit/_0588_
	bbox = (3303.2160, 1653.7000) - (3303.2800, 1653.7600) on Layer M1
violation type: Corner Spacing
	srcs: net:counters/counterfile/_09411_ net:counters/counterfile/_09412_
	bbox = (285.4800, 1891.3000) - (285.5440, 1891.3600) on Layer M1
violation type: Corner Spacing
	srcs: net:mod/st/_01352_ net:mod/st/_03627_
	bbox = (604.0800, 515.3800) - (604.1440, 515.4400) on Layer M1
violation type: Corner Spacing
	srcs: net:mod/st/_39762_ net:mod/st/_39763_
	bbox = (664.7760, 405.2200) - (664.8400, 405.2800) on Layer M1
violation type: Corner Spacing
	srcs: net:spad/acc_scale_unit/activated_data_e_scaled_rec_fn_to_in_4/_0353_ net:spad/acc_scale_unit/activated_data_e_scaled_rec_fn_to_in_4/_0355_
	bbox = (927.8640, 3012.3400) - (927.9280, 3012.4000) on Layer M1
violation type: Corner Spacing
	srcs: net:mod/ld_weights/_062235_ net:mod/ld_weights/_062241_
	bbox = (983.5920, 1120.1800) - (983.6560, 1120.2400) on Layer M1
violation type: Corner Spacing
	srcs: net:mod/ex/_014048_ net:mod/ex/_014057_
	bbox = (1224.4320, 1176.3400) - (1224.4960, 1176.4000) on Layer M1
violation type: Corner Spacing
	srcs: net:spad/acc_scale_unit/activated_data_e_scaled_muladder_6/roundRawFNToRecFN/roundAnyRawFNToRecFN/_0132_ net:net6433
	bbox = (1359.4320, 3232.6600) - (1359.4960, 3232.7200) on Layer M1
violation type: Corner Spacing
	srcs: net:spad/acc_scale_unit/_0107_ net:spad/acc_scale_unit/activated_data_e_scaled_in_to_rec_fn_2/_0223_
	bbox = (1419.0480, 2020.9000) - (1419.1120, 2020.9600) on Layer M1
violation type: Corner Spacing
	srcs: net:ex_controller/mesh/mesh/mesh_14_1/tile_0_0/_0838_ net:ex_controller/mesh/mesh/mesh_14_1/tile_0_0/_0839_
	bbox = (1564.6320, 1543.5400) - (1564.6960, 1543.6000) on Layer M1
violation type: Corner Spacing
	srcs: net:spad/writer/_10245_ net:spad/writer/_10246_
	bbox = (1671.1200, 3012.3400) - (1671.1840, 3012.4000) on Layer M1
violation type: Corner Spacing
	srcs: net:ex_controller/mesh/mesh/mesh_13_2/tile_0_0/_0431_ net:ex_controller/mesh/mesh/mesh_13_2/tile_0_0/_0803_
	bbox = (1678.8960, 1597.5400) - (1678.9600, 1597.6000) on Layer M1
violation type: Corner Spacing
	srcs: net:mod/ex/_071327_ net:mod/ex/_071654_
	bbox = (1791.2160, 956.0200) - (1791.2800, 956.0800) on Layer M1
violation type: Corner Spacing
	srcs: net:ex_controller/mesh/mesh/mesh_10_3/tile_0_0/_0688_ net:ex_controller/mesh/mesh/mesh_10_3/tile_0_0/_0689_
	bbox = (2064.2400, 1597.5400) - (2064.3040, 1597.6000) on Layer M1
violation type: Corner Spacing
	srcs: net:ex_controller/mesh/mesh/mesh_7_2/tile_0_0/mac_unit/_0292_ net:ex_controller/mesh/mesh/mesh_7_2/tile_0_0/mac_unit/_0588_
	bbox = (2167.9200, 1267.0600) - (2167.9840, 1267.1200) on Layer M1
violation type: Corner Spacing
	srcs: net:ex_controller/mesh/mesh/mesh_5_4/tile_0_0/_0039_ net:ex_controller/mesh/mesh/mesh_5_4/tile_0_0/_0813_
	bbox = (2312.6400, 1433.3800) - (2312.7040, 1433.4400) on Layer M1
violation type: Corner Spacing
	srcs: net:ex_controller/mesh/mesh/mesh_2_3/tile_0_0/_0838_ net:ex_controller/mesh/mesh/mesh_2_3/tile_0_0/_0839_
	bbox = (2379.1680, 1083.4600) - (2379.2320, 1083.5200) on Layer M1
violation type: Corner Spacing
	srcs: net:ex_controller/mesh/mesh/mesh_15_11/tile_0_0/mac_unit/_0406_ net:ex_controller/mesh/mesh/mesh_15_11/tile_0_0/mac_unit/_0407_
	bbox = (2503.1520, 2657.6000) - (2503.2160, 2657.6600) on Layer M1
violation type: Corner Spacing
	srcs: net:ex_controller/mesh/mesh/mesh_0_3/tile_0_0/_0252_ net:ex_controller/mesh/mesh/mesh_0_3/tile_0_0/_0417_
	bbox = (2598.8400, 956.0200) - (2598.9040, 956.0800) on Layer M1
violation type: Corner Spacing
	srcs: net:ex_controller/mesh/mesh/mesh_14_13/tile_0_0/_0450_ net:ex_controller/mesh/mesh/mesh_14_13/tile_0_0/_0451_
	bbox = (2691.2880, 2809.3000) - (2691.3520, 2809.3600) on Layer M1
violation type: Corner Spacing
	srcs: net:ex_controller/mesh/mesh/mesh_10_11/tile_0_0/_0431_ net:ex_controller/mesh/mesh/mesh_10_11/tile_0_0/_0803_
	bbox = (2862.7920, 2400.5600) - (2862.8560, 2400.6200) on Layer M1
violation type: Corner Spacing
	srcs: net:ex_controller/mesh/mesh/mesh_6_10/tile_0_0/_0456_ net:ex_controller/mesh/mesh/mesh_6_10/tile_0_0/_0756_
	bbox = (2948.1120, 1891.3000) - (2948.1760, 1891.3600) on Layer M1
violation type: Corner Spacing
	srcs: net:mod/st/_02176_ net:mod/st/_02178_
	bbox = (501.9120, 588.8200) - (501.9760, 588.8800) on Layer M1
violation type: Corner Spacing
	srcs: net:reservation_station/_36768_ net:reservation_station/_36770_
	bbox = (751.1760, 1653.7000) - (751.2400, 1653.7600) on Layer M1
violation type: Corner Spacing
	srcs: net:spad/acc_scale_unit/activated_data_e_scaled_muladder_4/mulAddRecFNToRaw_preMul/_0308_ net:net15903
	bbox = (1045.1520, 3029.6200) - (1045.2160, 3029.6800) on Layer M1
violation type: Corner Spacing
	srcs: net:_ex_controller_io_srams_read_2_req_bits_addr\[8\] net:net30334
	bbox = (1129.8240, 1744.4200) - (1129.8880, 1744.4800) on Layer M1
violation type: Corner Spacing
	srcs: net:mod/ld_weights/_005980_ net:mod/ld_weights/_005981_
	bbox = (1143.8640, 882.5800) - (1143.9280, 882.6400) on Layer M1
violation type: Corner Spacing
	srcs: net:spad/acc_scale_unit/activated_data_e_scaled_muladder_2/mulAddRecFNToRaw_postMul/_0473_ net:spad/acc_scale_unit/activated_data_e_scaled_muladder_2/mulAddRecFNToRaw_postMul/_0475_
	bbox = (1354.8960, 1739.6000) - (1354.9600, 1739.6600) on Layer M1
violation type: Corner Spacing
	srcs: net:mod/ld_input/_13955_ net:mod/ld_input/_13956_
	bbox = (1605.6720, 385.7800) - (1605.7360, 385.8400) on Layer M1
violation type: Corner Spacing
	srcs: net:mod/ex/_073205_ net:mod/ex/_073634_
	bbox = (1810.0080, 936.5800) - (1810.0720, 936.6400) on Layer M1
violation type: Corner Spacing
	srcs: net:ex_controller/mesh/mesh/mesh_14_8/tile_0_0/mac_unit/_0241_ net:ex_controller/mesh/mesh/mesh_14_8/tile_0_0/mac_unit/_0242_
	bbox = (2186.9280, 2185.0600) - (2186.9920, 2185.1200) on Layer M1
violation type: Corner Spacing
	srcs: net:spad/acc_scale_unit/activated_data_e_scaled_rec_fn_to_in_10/_0343_ net:spad/acc_scale_unit/activated_data_e_scaled_rec_fn_to_in_10/_0346_
	bbox = (2272.0320, 2584.1600) - (2272.0960, 2584.2200) on Layer M1
violation type: Corner Spacing
	srcs: net:ex_controller/mesh/mesh/mesh_9_6/tile_0_0/mac_unit/_0460_ net:ex_controller/mesh/mesh/mesh_9_6/tile_0_0/mac_unit/_0574_
	bbox = (2338.7760, 1837.3000) - (2338.8400, 1837.3600) on Layer M1
violation type: Corner Spacing
	srcs: net:ex_controller/mesh/mesh/mesh_2_1/tile_0_0/mac_unit/_0040_ net:ex_controller/mesh/mesh/mesh_2_1/tile_0_0/mac_unit/_0072_
	bbox = (2512.0080, 809.1400) - (2512.0720, 809.2000) on Layer M1
violation type: Corner Spacing
	srcs: net:ex_controller/mesh/mesh/mesh_4_7/tile_0_0/mac_unit/_0232_ net:ex_controller/mesh/mesh/mesh_4_7/tile_0_0/mac_unit/_0237_
	bbox = (2680.2720, 1450.6600) - (2680.3360, 1450.7200) on Layer M1
violation type: Corner Spacing
	srcs: net:ex_controller/mesh/mesh/mesh_5_7/tile_0_0/mac_unit/_0221_ net:ex_controller/mesh/mesh/mesh_5_7/tile_0_0/mac_unit/_0388_
	bbox = (2681.1360, 1580.2600) - (2681.2000, 1580.3200) on Layer M1
violation type: Corner Spacing
	srcs: net:ex_controller/mesh/mesh/mesh_14_14/tile_0_0/mac_unit/_0239_ net:ex_controller/mesh/mesh/mesh_14_14/tile_0_0/mac_unit/_0240_
	bbox = (2777.6880, 3024.8000) - (2777.7520, 3024.8600) on Layer M1
violation type: Corner Spacing
	srcs: net:ex_controller/mesh/mesh/mesh_2_9/tile_0_0/mac_unit/_0221_ net:ex_controller/mesh/mesh/mesh_2_9/tile_0_0/mac_unit/_0388_
	bbox = (2995.4160, 1262.2400) - (2995.4800, 1262.3000) on Layer M1
violation type: Corner Spacing
	srcs: net:ex_controller/mesh/mesh/mesh_3_13/tile_0_0/_0521_ net:net104795
	bbox = (3208.1760, 1707.7000) - (3208.2400, 1707.7600) on Layer M1
violation type: Corner Spacing
	srcs: net:ex_controller/mesh/mesh/mesh_8_15_io_in_control_0_shift_pipe_b\[4\] net:ex_controller/mesh/mesh/mesh_8_15/tile_0_0/_0819_
	bbox = (3267.3600, 2699.1400) - (3267.4240, 2699.2000) on Layer M1
violation type: Corner Spacing
	srcs: net:mod/st/_00414_ net:mod/st/_12719_
	bbox = (896.1120, 87.2000) - (896.1760, 87.2600) on Layer M1
violation type: Corner Spacing
	srcs: net:mod/st/_39964_ net:mod/st/_39966_
	bbox = (1076.9040, 312.3400) - (1076.9680, 312.4000) on Layer M1
violation type: Corner Spacing
	srcs: net:mod/ld_bias/_13644_ net:mod/ld_bias/_15452_
	bbox = (1175.4000, 344.2400) - (1175.4640, 344.3000) on Layer M1
violation type: Corner Spacing
	srcs: net:mod/ld_bias/_10360_ net:mod/ld_bias/_10433_
	bbox = (1221.8400, 478.6600) - (1221.9040, 478.7200) on Layer M1
violation type: Corner Spacing
	srcs: net:spad/acc_scale_unit/activated_data_e_scaled_muladder_2/mulAddRecFNToRaw_preMul/_0490_ net:net15917
	bbox = (1357.9200, 1781.1400) - (1357.9840, 1781.2000) on Layer M1
violation type: Corner Spacing
	srcs: net:mod/ex/_041490_ net:net126042
	bbox = (1445.6160, 1010.0200) - (1445.6800, 1010.0800) on Layer M1
violation type: Corner Spacing
	srcs: net:mod/ex/_097774_ net:mod/ex/_097941_
	bbox = (1687.7520, 826.4200) - (1687.8160, 826.4800) on Layer M1
violation type: Corner Spacing
	srcs: net:ex_controller/mesh/mesh/mesh_11_2/tile_0_0/mac_unit/_0040_ net:ex_controller/mesh/mesh/mesh_11_2/tile_0_0/mac_unit/_0072_
	bbox = (1960.7760, 1597.5400) - (1960.8400, 1597.6000) on Layer M1
violation type: Corner Spacing
	srcs: net:spad/acc_scale_unit/activated_data_e_scaled_rec_fn_to_in_15/_0353_ net:spad/acc_scale_unit/activated_data_e_scaled_rec_fn_to_in_15/_0355_
	bbox = (2127.0960, 3269.3800) - (2127.1600, 3269.4400) on Layer M1
violation type: Corner Spacing
	srcs: net:spad/acc_scale_unit/activated_data_e_scaled_muladder_11/mulAddRecFNToRaw_preMul/_0132_ net:spad/acc_scale_unit/activated_data_e_scaled_muladder_11/mulAddRecFNToRaw_preMul/_0133_
	bbox = (2143.7280, 2809.3000) - (2143.7920, 2809.3600) on Layer M1
violation type: Corner Spacing
	srcs: net:ex_controller/mesh/mesh/_mesh_3_1_io_out_c_0\[13\] net:ex_controller/mesh/mesh/mesh_3_1/tile_0_0/_0727_
	bbox = (2307.8880, 789.7000) - (2307.9520, 789.7600) on Layer M1
violation type: Corner Spacing
	srcs: net:spad/acc_scale_unit/activated_data_e_scaled_muladder_12/mulAddRecFNToRaw_preMul/_0073_ net:spad/acc_scale_unit/activated_data_e_scaled_muladder_12/mulAddRecFNToRaw_preMul/_0122_
	bbox = (2362.5360, 2718.5800) - (2362.6000, 2718.6400) on Layer M1
violation type: Corner Spacing
	srcs: net:ex_controller/mesh/mesh/_mesh_8_7_io_out_c_0\[0\] net:ex_controller/mesh/mesh/mesh_8_7/tile_0_0/_0835_
	bbox = (2527.7760, 1886.4800) - (2527.8400, 1886.5400) on Layer M1
violation type: Corner Spacing
	srcs: net:ex_controller/mesh/mesh/mesh_1_7/tile_0_0/mac_unit/_0460_ net:ex_controller/mesh/mesh/mesh_1_7/tile_0_0/mac_unit/_0574_
	bbox = (2753.4960, 1083.4600) - (2753.5600, 1083.5200) on Layer M1
violation type: Corner Spacing
	srcs: net:ex_controller/mesh/mesh/mesh_4_8/tile_0_0/_0009_ net:ex_controller/mesh/mesh/mesh_4_8/tile_0_0/mac_unit/_0499_
	bbox = (2775.9600, 1524.1000) - (2776.0240, 1524.1600) on Layer M1
