violation type: Horizontal congestion
	srcs: net:net39678 net:net30109 net:net28610 net:spad/reader/beatPacker/_07548_
	comment: capacity:3 usage:4 overflow:1
	bbox = (926.6400, 2845.8000) - (927.1800, 2846.3400) on Layer -
violation type: Horizontal congestion
	srcs: net:net43370 net:net27853 net:spad/reader/beatPacker/_06888_ net:spad/reader/beatPacker/_07670_
	comment: capacity:3 usage:4 overflow:1
	bbox = (930.4200, 2854.9800) - (930.9600, 2855.5200) on Layer -
violation type: Horizontal congestion
	srcs: net:net43370 net:net27853 net:spad/reader/beatPacker/_06888_ net:spad/reader/beatPacker/_07670_
	comment: capacity:3 usage:4 overflow:1
	bbox = (930.9600, 2854.9800) - (931.5000, 2855.5200) on Layer -
violation type: Horizontal congestion
	srcs: net:net41172 net:net28622 net:net28610 net:spad/reader/beatPacker/_08639_
	comment: capacity:3 usage:4 overflow:1
	bbox = (939.6000, 2845.2600) - (940.1400, 2845.8000) on Layer -
violation type: Horizontal congestion
	srcs: net:net42347 net:net28682 net:spad/reader/beatPacker/_01027_ net:spad/reader/beatPacker/_09290_
	comment: capacity:3 usage:4 overflow:1
	bbox = (942.8400, 2849.0400) - (943.3800, 2849.5800) on Layer -
violation type: Horizontal congestion
	srcs: net:spad/_acc_mems_0_io_adder_op1_0_0\[14\] net:spad/acc_mems_0/_0154_ net:spad/acc_mems_0/q/_0186_
	comment: capacity:2 usage:3 overflow:1
	bbox = (1283.0400, 2439.7200) - (1283.5800, 2440.2600) on Layer -
violation type: Horizontal congestion
	srcs: net:spad/_acc_mems_0_io_adder_op1_0_0\[14\] net:spad/acc_mems_0/_0154_ net:spad/acc_mems_0/q/_0186_
	comment: capacity:2 usage:3 overflow:1
	bbox = (1284.1200, 2439.7200) - (1284.6600, 2440.2600) on Layer -
violation type: Horizontal congestion
	srcs: net:spad/_acc_mems_0_io_adder_op1_13_0\[28\] net:spad/_acc_mems_0_io_adder_op1_6_0\[4\] net:spad/_acc_mems_0_io_adder_op1_8_0\[28\] net:spad/_acc_mems_0_io_adder_op1_8_0\[8\]
	comment: capacity:3 usage:4 overflow:1
	bbox = (1284.1200, 2453.7600) - (1284.6600, 2454.3000) on Layer -
violation type: Horizontal congestion
	srcs: net:spad/_acc_mems_0_io_adder_op1_13_0\[28\] net:spad/_acc_mems_0_io_adder_op1_6_0\[4\] net:spad/_acc_mems_0_io_adder_op1_8_0\[28\] net:spad/_acc_mems_0_io_adder_op1_8_0\[8\]
	comment: capacity:3 usage:4 overflow:1
	bbox = (1284.6600, 2453.7600) - (1285.2000, 2454.3000) on Layer -
violation type: Horizontal congestion
	srcs: net:spad/_acc_mems_0_io_adder_op1_10_0\[16\] net:spad/_acc_mems_0_io_adder_op1_10_0\[8\] net:spad/_acc_mems_0_io_adder_op1_7_0\[28\] net:net28165
	comment: capacity:3 usage:4 overflow:1
	bbox = (1284.6600, 2455.3800) - (1285.2000, 2455.9200) on Layer -
violation type: Horizontal congestion
	srcs: net:spad/_acc_mems_0_io_adder_op1_10_0\[16\] net:spad/_acc_mems_0_io_adder_op1_10_0\[8\] net:spad/_acc_mems_0_io_adder_op1_7_0\[28\] net:net28165
	comment: capacity:3 usage:4 overflow:1
	bbox = (1285.2000, 2455.3800) - (1285.7400, 2455.9200) on Layer -
violation type: Horizontal congestion
	srcs: net:spad/_acc_mems_0_io_adder_op1_12_0\[4\] net:spad/_acc_mems_0_io_adder_op1_1_0\[22\] net:spad/_acc_mems_0_io_adder_op1_5_0\[20\] net:net108463
	comment: capacity:3 usage:4 overflow:1
	bbox = (1285.2000, 2462.4000) - (1285.7400, 2462.9400) on Layer -
violation type: Horizontal congestion
	srcs: net:net91206 net:net93223 net:net28203 net:net28198
	comment: capacity:3 usage:4 overflow:1
	bbox = (1285.2000, 2465.6400) - (1285.7400, 2466.1800) on Layer -
violation type: Horizontal congestion
	srcs: net:spad/_acc_mems_0_io_adder_op1_12_0\[16\] net:spad/_acc_mems_0_io_adder_op1_12_0\[20\] net:spad/_acc_mems_0_io_adder_op1_15_0\[12\] net:spad/_acc_mems_0_io_adder_op1_6_0\[4\]
	comment: capacity:3 usage:4 overflow:1
	bbox = (1285.7400, 2453.2200) - (1286.2800, 2453.7600) on Layer -
violation type: Horizontal congestion
	srcs: net:spad/_acc_mems_0_io_adder_op1_10_0\[16\] net:spad/_acc_mems_0_io_adder_op1_10_0\[8\] net:spad/_acc_mems_0_io_adder_op1_7_0\[28\] net:net28165
	comment: capacity:3 usage:4 overflow:1
	bbox = (1285.7400, 2455.3800) - (1286.2800, 2455.9200) on Layer -
violation type: Horizontal congestion
	srcs: net:net91206 net:net93223 net:net28203 net:net28198
	comment: capacity:3 usage:4 overflow:1
	bbox = (1285.7400, 2465.6400) - (1286.2800, 2466.1800) on Layer -
violation type: Horizontal congestion
	srcs: net:net93114 net:net55756 net:net94056 net:net93808
	comment: capacity:3 usage:4 overflow:1
	bbox = (1285.7400, 2637.3600) - (1286.2800, 2637.9000) on Layer -
violation type: Horizontal congestion
	srcs: net:spad/_acc_mems_0_io_adder_op1_10_0\[7\] net:spad/_acc_mems_0_io_adder_op1_11_0\[19\] net:net134862
	comment: capacity:2 usage:3 overflow:1
	bbox = (1285.7400, 2653.0200) - (1286.2800, 2653.5600) on Layer -
violation type: Horizontal congestion
	srcs: net:spad/_acc_mems_0_io_adder_op1_12_0\[16\] net:spad/_acc_mems_0_io_adder_op1_12_0\[20\] net:spad/_acc_mems_0_io_adder_op1_15_0\[12\] net:spad/_acc_mems_0_io_adder_op1_6_0\[4\]
	comment: capacity:3 usage:4 overflow:1
	bbox = (1286.2800, 2453.2200) - (1286.8200, 2453.7600) on Layer -
violation type: Horizontal congestion
	srcs: net:net93432 net:spad/_acc_mems_0_io_adder_op1_8_0\[24\] net:spad/_acc_mems_0_io_adder_op1_9_0\[12\] net:net94088
	comment: capacity:3 usage:4 overflow:1
	bbox = (1286.8200, 2447.8200) - (1287.3600, 2448.3600) on Layer -
violation type: Horizontal congestion
	srcs: net:net93375 net:spad/acc_mems_0/_0199_ net:net29130 net:net8511
	comment: capacity:3 usage:4 overflow:1
	bbox = (1286.8200, 2646.5400) - (1287.3600, 2647.0800) on Layer -
violation type: Horizontal congestion
	srcs: net:spad/_acc_mems_0_io_adder_op1_15_0\[4\] net:spad/_acc_mems_0_io_adder_op1_4_0\[24\] net:spad/_acc_mems_0_io_adder_op1_6_0\[4\] net:spad/_acc_mems_0_io_adder_op1_7_0\[24\]
	comment: capacity:3 usage:4 overflow:1
	bbox = (1287.3600, 2449.9800) - (1287.9000, 2450.5200) on Layer -
violation type: Horizontal congestion
	srcs: net:spad/_acc_mems_0_io_adder_op1_3_0\[20\] net:spad/acc_adders/m_4/_004_ net:spad/acc_adders/m_4/_225_
	comment: capacity:2 usage:3 overflow:1
	bbox = (1287.3600, 2455.9200) - (1287.9000, 2456.4600) on Layer -
violation type: Horizontal congestion
	srcs: net:spad/_04178_ net:net29130 net:net28156 net:net93886
	comment: capacity:3 usage:4 overflow:1
	bbox = (1287.3600, 2629.8000) - (1287.9000, 2630.3400) on Layer -
violation type: Horizontal congestion
	srcs: net:spad/_acc_mems_0_io_adder_op1_15_0\[4\] net:spad/_acc_mems_0_io_adder_op1_4_0\[24\] net:spad/_acc_mems_0_io_adder_op1_6_0\[4\] net:spad/_acc_mems_0_io_adder_op1_7_0\[24\]
	comment: capacity:3 usage:4 overflow:1
	bbox = (1287.9000, 2449.9800) - (1288.4400, 2450.5200) on Layer -
violation type: Horizontal congestion
	srcs: net:spad/_acc_mems_0_io_adder_op1_10_0\[16\] net:spad/_acc_mems_0_io_adder_op1_10_0\[8\] net:spad/_acc_mems_0_io_adder_op1_7_0\[28\] net:spad/acc_adders/_0164_
	comment: capacity:3 usage:4 overflow:1
	bbox = (1287.9000, 2455.3800) - (1288.4400, 2455.9200) on Layer -
violation type: Horizontal congestion
	srcs: net:spad/_acc_mems_0_io_adder_op1_3_0\[20\] net:spad/acc_adders/m_4/_004_ net:spad/acc_adders/m_4/_225_
	comment: capacity:2 usage:3 overflow:1
	bbox = (1287.9000, 2455.9200) - (1288.4400, 2456.4600) on Layer -
violation type: Horizontal congestion
	srcs: net:net91492 net:net93353 net:spad/_acc_mems_0_io_adder_op1_9_0\[24\] net:net28187
	comment: capacity:3 usage:4 overflow:1
	bbox = (1287.9000, 2458.0800) - (1288.4400, 2458.6200) on Layer -
violation type: Horizontal congestion
	srcs: net:spad/_04182_ net:net29130 net:net28156 net:net93886
	comment: capacity:3 usage:4 overflow:1
	bbox = (1287.9000, 2629.8000) - (1288.4400, 2630.3400) on Layer -
violation type: Horizontal congestion
	srcs: net:net92916 net:spad/_acc_mems_0_io_adder_op2_4_0\[25\] net:spad/acc_mems_0/_0177_ net:net108465
	comment: capacity:3 usage:4 overflow:1
	bbox = (1288.4400, 2436.4800) - (1288.9800, 2437.0200) on Layer -
violation type: Horizontal congestion
	srcs: net:spad/_acc_mems_0_io_adder_op1_15_0\[4\] net:spad/_acc_mems_0_io_adder_op1_4_0\[24\] net:spad/_acc_mems_0_io_adder_op1_6_0\[4\] net:spad/_acc_mems_0_io_adder_op1_7_0\[24\]
	comment: capacity:3 usage:4 overflow:1
	bbox = (1288.4400, 2449.9800) - (1288.9800, 2450.5200) on Layer -
violation type: Horizontal congestion
	srcs: net:spad/_acc_mems_0_io_adder_op1_12_0\[28\] net:spad/_acc_mems_0_io_adder_op1_13_0\[12\] net:spad/_acc_mems_0_io_adder_op1_13_0\[4\] net:net134675
	comment: capacity:3 usage:4 overflow:1
	bbox = (1288.4400, 2452.1400) - (1288.9800, 2452.6800) on Layer -
violation type: Horizontal congestion
	srcs: net:net80956 net:spad/_acc_mems_0_io_adder_op1_8_0\[28\] net:spad/_acc_mems_0_io_adder_op1_8_0\[8\] net:spad/acc_adders/m_4/_110_
	comment: capacity:3 usage:4 overflow:1
	bbox = (1288.4400, 2453.7600) - (1288.9800, 2454.3000) on Layer -
violation type: Horizontal congestion
	srcs: net:spad/_acc_mems_0_io_adder_op1_10_0\[16\] net:spad/_acc_mems_0_io_adder_op1_10_0\[8\] net:spad/_acc_mems_0_io_adder_op1_7_0\[28\] net:spad/acc_adders/_0164_
	comment: capacity:3 usage:4 overflow:1
	bbox = (1288.4400, 2455.3800) - (1288.9800, 2455.9200) on Layer -
violation type: Horizontal congestion
	srcs: net:spad/_acc_mems_0_io_adder_op1_3_0\[20\] net:spad/acc_adders/m_4/_224_ net:spad/acc_adders/m_4/_225_
	comment: capacity:2 usage:3 overflow:1
	bbox = (1288.4400, 2455.9200) - (1288.9800, 2456.4600) on Layer -
violation type: Horizontal congestion
	srcs: net:spad/_acc_mems_0_io_adder_op1_11_0\[4\] net:spad/_acc_mems_0_io_adder_op1_8_0\[16\] net:spad/acc_adders/_0196_
	comment: capacity:2 usage:3 overflow:1
	bbox = (1288.4400, 2456.4600) - (1288.9800, 2457.0000) on Layer -
violation type: Horizontal congestion
	srcs: net:net91492 net:net93377 net:spad/_acc_mems_0_io_adder_op1_15_0\[24\] net:spad/_acc_mems_0_io_adder_op1_7_0\[12\]
	comment: capacity:3 usage:4 overflow:1
	bbox = (1288.4400, 2458.6200) - (1288.9800, 2459.1600) on Layer -
violation type: Horizontal congestion
	srcs: net:net93228 net:spad/_acc_mems_0_io_adder_op1_13_0\[16\] net:spad/_acc_mems_0_io_adder_op1_13_0\[24\] net:spad/_acc_mems_0_io_adder_op1_3_0\[24\]
	comment: capacity:3 usage:4 overflow:1
	bbox = (1288.4400, 2459.1600) - (1288.9800, 2459.7000) on Layer -
violation type: Horizontal congestion
	srcs: net:net52641 net:spad/_06180_ net:net28810 net:net93845
	comment: capacity:3 usage:4 overflow:1
	bbox = (1288.4400, 2628.7200) - (1288.9800, 2629.2600) on Layer -
violation type: Horizontal congestion
	srcs: net:spad/_acc_mems_0_io_adder_op1_12_0\[28\] net:spad/_acc_mems_0_io_adder_op1_13_0\[12\] net:spad/_acc_mems_0_io_adder_op1_13_0\[4\] net:net134675
	comment: capacity:3 usage:4 overflow:1
	bbox = (1288.9800, 2452.1400) - (1289.5200, 2452.6800) on Layer -
violation type: Horizontal congestion
	srcs: net:spad/_acc_mems_0_io_adder_op1_13_0\[8\] net:spad/_acc_mems_0_io_adder_op1_15_0\[20\] net:spad/acc_adders/m_4/_120_ net:spad/acc_adders/m_4/_121_
	comment: capacity:3 usage:4 overflow:1
	bbox = (1288.9800, 2452.6800) - (1289.5200, 2453.2200) on Layer -
violation type: Horizontal congestion
	srcs: net:net80956 net:spad/_acc_mems_0_io_adder_op1_8_0\[28\] net:spad/_acc_mems_0_io_adder_op1_8_0\[8\] net:spad/acc_adders/m_4/_110_
	comment: capacity:3 usage:4 overflow:1
	bbox = (1288.9800, 2453.7600) - (1289.5200, 2454.3000) on Layer -
violation type: Horizontal congestion
	srcs: net:spad/_acc_mems_0_io_adder_op1_10_0\[16\] net:spad/_acc_mems_0_io_adder_op1_10_0\[8\] net:spad/_acc_mems_0_io_adder_op1_7_0\[28\] net:spad/acc_adders/_0164_
	comment: capacity:3 usage:4 overflow:1
	bbox = (1288.9800, 2455.3800) - (1289.5200, 2455.9200) on Layer -
violation type: Horizontal congestion
	srcs: net:net93353 net:spad/_acc_mems_0_io_adder_op1_15_0\[24\] net:spad/_acc_mems_0_io_adder_op1_9_0\[24\] net:net28187
	comment: capacity:3 usage:4 overflow:1
	bbox = (1288.9800, 2458.0800) - (1289.5200, 2458.6200) on Layer -
violation type: Horizontal congestion
	srcs: net:net93228 net:spad/_acc_mems_0_io_adder_op1_13_0\[16\] net:spad/_acc_mems_0_io_adder_op1_13_0\[24\] net:spad/_acc_mems_0_io_adder_op1_3_0\[24\]
	comment: capacity:3 usage:4 overflow:1
	bbox = (1288.9800, 2459.1600) - (1289.5200, 2459.7000) on Layer -
violation type: Horizontal congestion
	srcs: net:net28192 net:net28173 net:net134499 net:net108463
	comment: capacity:3 usage:4 overflow:1
	bbox = (1288.9800, 2461.8600) - (1289.5200, 2462.4000) on Layer -
violation type: Horizontal congestion
	srcs: net:net91206 net:net93499 net:spad/_acc_mems_0_io_adder_op1_3_0\[13\] net:spad/acc_adders/m_4/_226_
	comment: capacity:3 usage:4 overflow:1
	bbox = (1288.9800, 2467.8000) - (1289.5200, 2468.3400) on Layer -
violation type: Horizontal congestion
	srcs: net:spad/_acc_mems_0_io_adder_op1_11_0\[19\] net:spad/vsm_1/_0423_ net:net93882
	comment: capacity:2 usage:3 overflow:1
	bbox = (1288.9800, 2653.0200) - (1289.5200, 2653.5600) on Layer -
violation type: Horizontal congestion
	srcs: net:spad/_acc_mems_0_io_adder_op1_10_0\[16\] net:spad/_acc_mems_0_io_adder_op1_10_0\[8\] net:spad/_acc_mems_0_io_adder_op1_7_0\[28\] net:spad/acc_adders/m_4/_103_
	comment: capacity:3 usage:4 overflow:1
	bbox = (1289.5200, 2455.3800) - (1290.0600, 2455.9200) on Layer -
violation type: Horizontal congestion
	srcs: net:net93228 net:spad/_acc_mems_0_io_adder_op1_13_0\[16\] net:spad/_acc_mems_0_io_adder_op1_13_0\[24\] net:spad/_acc_mems_0_io_adder_op1_3_0\[24\]
	comment: capacity:3 usage:4 overflow:1
	bbox = (1289.5200, 2459.1600) - (1290.0600, 2459.7000) on Layer -
violation type: Horizontal congestion
	srcs: net:spad/_acc_mems_0_io_adder_op1_10_0\[24\] net:spad/_acc_mems_0_io_adder_op1_11_0\[20\] net:spad/_acc_mems_0_io_adder_op1_12_0\[4\] net:spad/acc_adders/m_4/_115_
	comment: capacity:3 usage:4 overflow:1
	bbox = (1289.5200, 2460.7800) - (1290.0600, 2461.3200) on Layer -
violation type: Horizontal congestion
	srcs: net:spad/_acc_mems_0_io_adder_op1_14_0\[20\] net:spad/_acc_mems_0_io_adder_op1_6_0\[28\] net:spad/acc_adders/m_4/_196_ net:net28198
	comment: capacity:3 usage:4 overflow:1
	bbox = (1289.5200, 2463.4800) - (1290.0600, 2464.0200) on Layer -
violation type: Horizontal congestion
	srcs: net:spad/_acc_mems_0_io_adder_op1_9_0\[28\] net:spad/acc_adders/_0168_ net:spad/acc_adders/m_4/_207_ net:spad/acc_adders/m_4/_208_
	comment: capacity:3 usage:4 overflow:1
	bbox = (1289.5200, 2466.7200) - (1290.0600, 2467.2600) on Layer -
violation type: Horizontal congestion
	srcs: net:net93228 net:spad/_acc_mems_0_io_adder_op1_13_0\[16\] net:spad/_acc_mems_0_io_adder_op1_13_0\[24\] net:spad/_acc_mems_0_io_adder_op1_3_0\[24\]
	comment: capacity:3 usage:4 overflow:1
	bbox = (1290.0600, 2459.1600) - (1290.6000, 2459.7000) on Layer -
violation type: Horizontal congestion
	srcs: net:net93366 net:net28198 net:net134746 net:net93688
	comment: capacity:3 usage:4 overflow:1
	bbox = (1290.0600, 2464.0200) - (1290.6000, 2464.5600) on Layer -
violation type: Horizontal congestion
	srcs: net:spad/_acc_mems_0_io_adder_op1_9_0\[28\] net:spad/acc_adders/_0168_ net:spad/acc_adders/m_4/_207_ net:spad/acc_adders/m_4/_230_
	comment: capacity:3 usage:4 overflow:1
	bbox = (1290.0600, 2466.7200) - (1290.6000, 2467.2600) on Layer -
violation type: Horizontal congestion
	srcs: net:clknet_10_452_0_clock net:spad/_acc_adders_io_out_4_0\[12\] net:spad/_acc_mems_0_io_adder_op1_8_0\[3\] net:net134987
	comment: capacity:3 usage:4 overflow:1
	bbox = (1290.0600, 2660.0400) - (1290.6000, 2660.5800) on Layer -
violation type: Horizontal congestion
	srcs: net:spad/_acc_mems_0_io_adder_op1_5_0\[0\] net:spad/_acc_mems_0_io_adder_op1_5_0\[4\] net:spad/acc_mems_0/q/_1199_
	comment: capacity:2 usage:3 overflow:1
	bbox = (1290.6000, 2444.0400) - (1291.1400, 2444.5800) on Layer -
violation type: Horizontal congestion
	srcs: net:net80956 net:spad/_acc_mems_0_io_adder_op1_10_0\[4\] net:spad/_acc_mems_0_io_adder_op1_11_0\[12\] net:spad/_acc_mems_0_io_adder_op1_13_0\[28\]
	comment: capacity:3 usage:4 overflow:1
	bbox = (1290.6000, 2454.3000) - (1291.1400, 2454.8400) on Layer -
violation type: Horizontal congestion
	srcs: net:net93197 net:spad/_acc_mems_0_io_adder_op1_10_0\[24\] net:spad/_acc_mems_0_io_adder_op1_11_0\[20\] net:spad/_acc_mems_0_io_adder_op1_12_0\[4\]
	comment: capacity:3 usage:4 overflow:1
	bbox = (1290.6000, 2460.7800) - (1291.1400, 2461.3200) on Layer -
violation type: Horizontal congestion
	srcs: net:net91206 net:net93471 net:spad/_acc_mems_0_io_adder_op1_3_0\[13\] net:net135661
	comment: capacity:3 usage:4 overflow:1
	bbox = (1290.6000, 2468.3400) - (1291.1400, 2468.8800) on Layer -
violation type: Horizontal congestion
	srcs: net:net93290 net:spad/_acc_mems_0_io_adder_op1_10_0\[0\] net:spad/_acc_mems_0_io_adder_op1_10_0\[12\] net:net135678
	comment: capacity:3 usage:4 overflow:1
	bbox = (1291.1400, 2448.9000) - (1291.6800, 2449.4400) on Layer -
violation type: Horizontal congestion
	srcs: net:net93197 net:spad/_acc_mems_0_io_adder_op1_10_0\[24\] net:spad/_acc_mems_0_io_adder_op1_11_0\[20\] net:spad/_acc_mems_0_io_adder_op1_12_0\[4\]
	comment: capacity:3 usage:4 overflow:1
	bbox = (1291.1400, 2460.7800) - (1291.6800, 2461.3200) on Layer -
violation type: Horizontal congestion
	srcs: net:net91206 net:net93471 net:spad/_acc_mems_0_io_adder_op1_2_0\[30\] net:net135661
	comment: capacity:3 usage:4 overflow:1
	bbox = (1291.1400, 2468.3400) - (1291.6800, 2468.8800) on Layer -
violation type: Horizontal congestion
	srcs: net:net77346 net:spad/_acc_mems_0_io_adder_op1_3_0\[14\] net:net9693 net:net134926
	comment: capacity:3 usage:4 overflow:1
	bbox = (1291.1400, 2472.1200) - (1291.6800, 2472.6600) on Layer -
violation type: Horizontal congestion
	srcs: net:net91206 net:net93471 net:spad/_acc_mems_0_io_adder_op1_2_0\[30\] net:net135661
	comment: capacity:3 usage:4 overflow:1
	bbox = (1291.6800, 2468.3400) - (1292.2200, 2468.8800) on Layer -
violation type: Horizontal congestion
	srcs: net:net93588 net:net77422 net:spad/_acc_mems_0_io_adder_op1_3_0\[6\] net:net9692
	comment: capacity:3 usage:4 overflow:1
	bbox = (1291.6800, 2472.6600) - (1292.2200, 2473.2000) on Layer -
violation type: Horizontal congestion
	srcs: net:net93436 net:net38679 net:spad/_00343_
	comment: capacity:2 usage:3 overflow:1
	bbox = (1291.6800, 2610.3600) - (1292.2200, 2610.9000) on Layer -
violation type: Horizontal congestion
	srcs: net:net93353 net:spad/_acc_mems_0_io_adder_op1_10_0\[20\] net:spad/_acc_mems_0_io_adder_op1_15_0\[24\] net:net28187
	comment: capacity:3 usage:4 overflow:1
	bbox = (1292.2200, 2457.5400) - (1292.7600, 2458.0800) on Layer -
violation type: Horizontal congestion
	srcs: net:net93588 net:net77422 net:spad/_acc_mems_0_io_adder_op1_3_0\[6\] net:net9692
	comment: capacity:3 usage:4 overflow:1
	bbox = (1292.2200, 2472.6600) - (1292.7600, 2473.2000) on Layer -
violation type: Horizontal congestion
	srcs: net:spad/_acc_mems_0_io_adder_op1_3_0\[18\] net:spad/acc_adders/m_4/_073_ net:net8434 net:net108410
	comment: capacity:3 usage:4 overflow:1
	bbox = (1292.2200, 2473.7400) - (1292.7600, 2474.2800) on Layer -
violation type: Horizontal congestion
	srcs: net:spad/_acc_mems_0_io_adder_op1_3_0\[22\] net:spad/_acc_mems_0_io_adder_op1_4_0\[6\] net:spad/acc_adders/_0169_
	comment: capacity:2 usage:3 overflow:1
	bbox = (1292.2200, 2474.2800) - (1292.7600, 2474.8200) on Layer -
violation type: Horizontal congestion
	srcs: net:net93353 net:spad/_acc_mems_0_io_adder_op1_10_0\[20\] net:spad/_acc_mems_0_io_adder_op1_15_0\[24\] net:net28187
	comment: capacity:3 usage:4 overflow:1
	bbox = (1292.7600, 2457.5400) - (1293.3000, 2458.0800) on Layer -
violation type: Horizontal congestion
	srcs: net:net93223 net:spad/_acc_mems_0_io_adder_op1_8_0\[20\] net:spad/acc_adders/m_4/_077_ net:net134514
	comment: capacity:3 usage:4 overflow:1
	bbox = (1292.7600, 2464.5600) - (1293.3000, 2465.1000) on Layer -
violation type: Horizontal congestion
	srcs: net:net93588 net:net77422 net:spad/_acc_mems_0_io_adder_op1_3_0\[6\] net:net9692
	comment: capacity:3 usage:4 overflow:1
	bbox = (1292.7600, 2472.6600) - (1293.3000, 2473.2000) on Layer -
violation type: Horizontal congestion
	srcs: net:net91258 net:spad/_acc_mems_0_io_adder_op1_5_0\[13\] net:spad/acc_adders/_0202_ net:net134905
	comment: capacity:3 usage:4 overflow:1
	bbox = (1292.7600, 2484.5400) - (1293.3000, 2485.0800) on Layer -
violation type: Horizontal congestion
	srcs: net:net93223 net:spad/_acc_mems_0_io_adder_op1_8_0\[20\] net:spad/acc_adders/_0165_ net:net134514
	comment: capacity:3 usage:4 overflow:1
	bbox = (1293.3000, 2464.5600) - (1293.8400, 2465.1000) on Layer -
violation type: Horizontal congestion
	srcs: net:net28192 net:net28173 net:net134746 net:net134499
	comment: capacity:3 usage:4 overflow:1
	bbox = (1293.8400, 2461.8600) - (1294.3800, 2462.4000) on Layer -
violation type: Horizontal congestion
	srcs: net:net93223 net:spad/_acc_mems_0_io_adder_op1_8_0\[20\] net:spad/acc_adders/_0165_ net:net134514
	comment: capacity:3 usage:4 overflow:1
	bbox = (1293.8400, 2464.5600) - (1294.3800, 2465.1000) on Layer -
violation type: Horizontal congestion
	srcs: net:spad/_acc_mems_0_io_adder_op1_14_0\[28\] net:spad/_acc_mems_0_io_adder_op1_14_0\[8\] net:net134996 net:net134526
	comment: capacity:3 usage:4 overflow:1
	bbox = (1293.8400, 2470.5000) - (1294.3800, 2471.0400) on Layer -
violation type: Horizontal congestion
	srcs: net:spad/_acc_mems_0_io_adder_op1_7_0\[2\] net:spad/acc_adders/_0210_ net:spad/acc_adders/m_4/_162_ net:spad/acc_adders/m_4/_167_
	comment: capacity:3 usage:4 overflow:1
	bbox = (1293.8400, 2494.8000) - (1294.3800, 2495.3400) on Layer -
violation type: Horizontal congestion
	srcs: net:net93223 net:spad/_acc_mems_0_io_adder_op1_8_0\[20\] net:spad/acc_adders/_0165_ net:net134514
	comment: capacity:3 usage:4 overflow:1
	bbox = (1294.3800, 2464.5600) - (1294.9200, 2465.1000) on Layer -
violation type: Horizontal congestion
	srcs: net:net93625 net:net93487 net:spad/_acc_mems_0_io_adder_op1_6_0\[24\] net:net135699
	comment: capacity:3 usage:4 overflow:1
	bbox = (1294.3800, 2476.4400) - (1294.9200, 2476.9800) on Layer -
violation type: Horizontal congestion
	srcs: net:net93026 net:net57194 net:spad/_acc_mems_0_io_adder_op1_5_0\[22\] net:net8443
	comment: capacity:3 usage:4 overflow:1
	bbox = (1294.3800, 2494.2600) - (1294.9200, 2494.8000) on Layer -
violation type: Horizontal congestion
	srcs: net:net91492 net:net93228 net:spad/_acc_mems_0_io_adder_op1_10_0\[28\] net:spad/_acc_mems_0_io_adder_op1_12_0\[24\]
	comment: capacity:3 usage:4 overflow:1
	bbox = (1294.9200, 2459.7000) - (1295.4600, 2460.2400) on Layer -
violation type: Horizontal congestion
	srcs: net:spad/_acc_mems_0_io_adder_op1_3_0\[30\] net:spad/acc_adders/m_4/_126_ net:spad/acc_adders/m_4/_132_ net:net134526
	comment: capacity:3 usage:4 overflow:1
	bbox = (1294.9200, 2474.8200) - (1295.4600, 2475.3600) on Layer -
violation type: Horizontal congestion
	srcs: net:net93625 net:net93487 net:spad/_acc_mems_0_io_adder_op1_6_0\[24\] net:net135699
	comment: capacity:3 usage:4 overflow:1
	bbox = (1294.9200, 2476.4400) - (1295.4600, 2476.9800) on Layer -
violation type: Horizontal congestion
	srcs: net:spad/_acc_mems_0_io_adder_op1_6_0\[17\] net:spad/_acc_mems_0_io_adder_op1_6_0\[18\] net:spad/acc_adders/m_4/_143_ net:net108395
	comment: capacity:3 usage:4 overflow:1
	bbox = (1294.9200, 2491.0200) - (1295.4600, 2491.5600) on Layer -
violation type: Horizontal congestion
	srcs: net:spad/_acc_mems_0_io_adder_op1_6_0\[26\] net:spad/acc_adders/m_4/_010_ net:net94191
	comment: capacity:2 usage:3 overflow:1
	bbox = (1295.4600, 2493.1800) - (1296.0000, 2493.7200) on Layer -
violation type: Horizontal congestion
	srcs: net:net57364 net:spad/_07764_ net:spad/_acc_mems_0_io_adder_op1_9_0\[20\] net:spad/_acc_mems_1_io_read_resp_bits_data_4_0\[24\]
	comment: capacity:3 usage:4 overflow:1
	bbox = (1296.0000, 2451.6000) - (1296.5400, 2452.1400) on Layer -
violation type: Horizontal congestion
	srcs: net:spad/acc_adders/m_4/_075_ net:net28198 net:net28192 net:net134746
	comment: capacity:3 usage:4 overflow:1
	bbox = (1296.0000, 2461.8600) - (1296.5400, 2462.4000) on Layer -
violation type: Horizontal congestion
	srcs: net:net93290 net:spad/_acc_mems_0_io_adder_op1_10_0\[0\] net:clknet_leaf_4231_clock
	comment: capacity:2 usage:3 overflow:1
	bbox = (1297.0800, 2448.3600) - (1297.6200, 2448.9000) on Layer -
violation type: Horizontal congestion
	srcs: net:spad/_acc_mems_0_io_adder_op1_1_0\[22\] net:spad/acc_adders/m_4/_074_ net:net28198 net:net28192
	comment: capacity:3 usage:4 overflow:1
	bbox = (1297.6200, 2462.4000) - (1298.1600, 2462.9400) on Layer -
violation type: Horizontal congestion
	srcs: net:spad/_acc_mems_0_io_adder_op1_2_0\[30\] net:net135661 net:net134977 net:net101776
	comment: capacity:3 usage:4 overflow:1
	bbox = (1297.6200, 2468.3400) - (1298.1600, 2468.8800) on Layer -
violation type: Horizontal congestion
	srcs: net:spad/_acc_mems_0_io_adder_op1_6_0\[30\] net:spad/_acc_mems_0_io_adder_op1_7_0\[22\] net:spad/acc_adders/_0207_ net:spad/acc_adders/m_4/_157_
	comment: capacity:3 usage:4 overflow:1
	bbox = (1297.6200, 2498.0400) - (1298.1600, 2498.5800) on Layer -
violation type: Horizontal congestion
	srcs: net:spad/_acc_mems_0_io_adder_op1_6_0\[30\] net:spad/_acc_mems_0_io_adder_op1_7_0\[22\] net:spad/acc_adders/_0207_ net:spad/acc_adders/m_4/_157_
	comment: capacity:3 usage:4 overflow:1
	bbox = (1298.1600, 2498.0400) - (1298.7000, 2498.5800) on Layer -
violation type: Horizontal congestion
	srcs: net:spad/acc_mems_0/_1024_ net:net93646 net:net93643 net:net93642
	comment: capacity:3 usage:4 overflow:1
	bbox = (1298.1600, 2620.0800) - (1298.7000, 2620.6200) on Layer -
violation type: Horizontal congestion
	srcs: net:spad/_acc_mems_0_io_adder_op1_6_0\[28\] net:spad/acc_adders/m_4/_006_ net:spad/acc_adders/m_4/_075_ net:spad/acc_adders/m_4/_234_
	comment: capacity:3 usage:4 overflow:1
	bbox = (1299.7800, 2463.4800) - (1300.3200, 2464.0200) on Layer -
violation type: Horizontal congestion
	srcs: net:spad/_acc_mems_0_io_adder_op1_10_0\[13\] net:spad/_acc_mems_0_io_adder_op1_8_0\[25\] net:spad/acc_mems_1/q/_1161_ net:spad/acc_mems_1/q/_2808_
	comment: capacity:3 usage:4 overflow:1
	bbox = (1300.3200, 2515.3200) - (1300.8600, 2515.8600) on Layer -
violation type: Horizontal congestion
	srcs: net:spad/acc_mems_1/pipelined_writes_1_bits_mask_38 net:clknet_leaf_3651_clock net:net28809 net:net8511
	comment: capacity:3 usage:4 overflow:1
	bbox = (1300.3200, 2647.6200) - (1300.8600, 2648.1600) on Layer -
violation type: Horizontal congestion
	srcs: net:spad/_acc_mems_0_io_adder_op1_13_0\[20\] net:spad/acc_adders/_0942_ net:spad/acc_adders/m_4/_007_ net:net108391
	comment: capacity:3 usage:4 overflow:1
	bbox = (1301.9400, 2462.9400) - (1302.4800, 2463.4800) on Layer -
violation type: Horizontal congestion
	srcs: net:net91299 net:net93471 net:net92828 net:net134924
	comment: capacity:3 usage:4 overflow:1
	bbox = (1303.0200, 2470.5000) - (1303.5600, 2471.0400) on Layer -
violation type: Horizontal congestion
	srcs: net:net93353 net:net93310 net:spad/_acc_mems_0_io_adder_op1_10_0\[20\] net:net28178
	comment: capacity:3 usage:4 overflow:1
	bbox = (1303.5600, 2457.5400) - (1304.1000, 2458.0800) on Layer -
violation type: Horizontal congestion
	srcs: net:net93228 net:spad/_acc_mems_0_io_adder_op1_12_0\[24\] net:net135720 net:net119593
	comment: capacity:3 usage:4 overflow:1
	bbox = (1303.5600, 2459.7000) - (1304.1000, 2460.2400) on Layer -
violation type: Horizontal congestion
	srcs: net:net93588 net:spad/_acc_mems_0_io_adder_op1_3_0\[22\] net:net134924 net:net101996
	comment: capacity:3 usage:4 overflow:1
	bbox = (1304.1000, 2472.6600) - (1304.6400, 2473.2000) on Layer -
violation type: Horizontal congestion
	srcs: net:spad/_acc_mems_0_io_adder_op1_4_0\[22\] net:spad/acc_adders/_0198_ net:net135690 net:net108321
	comment: capacity:3 usage:4 overflow:1
	bbox = (1304.6400, 2480.2200) - (1305.1800, 2480.7600) on Layer -
violation type: Horizontal congestion
	srcs: net:spad/_acc_mems_0_io_adder_op1_7_0\[12\] net:spad/_acc_mems_0_io_adder_op1_9_0\[8\] net:net119593 net:net101996
	comment: capacity:3 usage:4 overflow:1
	bbox = (1311.1200, 2449.4400) - (1311.6600, 2449.9800) on Layer -
violation type: Horizontal congestion
	srcs: net:net28198 net:net134523 net:net134515 net:net108391
	comment: capacity:3 usage:4 overflow:1
	bbox = (1312.7400, 2464.5600) - (1313.2800, 2465.1000) on Layer -
violation type: Horizontal congestion
	srcs: net:net55707 net:spad/_acc_mems_0_io_adder_op1_6_0\[10\] net:net8504 net:net101682
	comment: capacity:3 usage:4 overflow:1
	bbox = (1313.8200, 2489.9400) - (1314.3600, 2490.4800) on Layer -
violation type: Horizontal congestion
	srcs: net:spad/_acc_mems_0_io_adder_op1_9_0\[2\] net:spad/acc_mems_0/q/_2809_ net:net119689 net:net8623
	comment: capacity:3 usage:4 overflow:1
	bbox = (1313.8200, 2506.1400) - (1314.3600, 2506.6800) on Layer -
violation type: Horizontal congestion
	srcs: net:net134747 net:net8595 net:net108410 net:net93711
	comment: capacity:3 usage:4 overflow:1
	bbox = (1315.9800, 2470.5000) - (1316.5200, 2471.0400) on Layer -
violation type: Horizontal congestion
	srcs: net:net93450 net:spad/_acc_mems_0_io_adder_op1_14_0\[24\] net:spad/_acc_mems_0_io_adder_op1_9_0\[28\] net:net28202
	comment: capacity:3 usage:4 overflow:1
	bbox = (1316.5200, 2465.1000) - (1317.0600, 2465.6400) on Layer -
violation type: Horizontal congestion
	srcs: net:net93499 net:spad/acc_mems_1/q/_1221_ net:net134977
	comment: capacity:2 usage:3 overflow:1
	bbox = (1316.5200, 2467.8000) - (1317.0600, 2468.3400) on Layer -
violation type: Horizontal congestion
	srcs: net:spad/_acc_mems_0_io_adder_op1_2_0\[30\] net:net134747 net:net8595 net:net108410
	comment: capacity:3 usage:4 overflow:1
	bbox = (1316.5200, 2470.5000) - (1317.0600, 2471.0400) on Layer -
violation type: Horizontal congestion
	srcs: net:net93450 net:spad/_acc_mems_0_io_adder_op1_14_0\[24\] net:spad/_acc_mems_0_io_adder_op1_9_0\[28\] net:net28202
	comment: capacity:3 usage:4 overflow:1
	bbox = (1317.0600, 2465.1000) - (1317.6000, 2465.6400) on Layer -
violation type: Horizontal congestion
	srcs: net:net93499 net:spad/acc_mems_1/q/_1221_ net:net134977
	comment: capacity:2 usage:3 overflow:1
	bbox = (1317.0600, 2467.8000) - (1317.6000, 2468.3400) on Layer -
violation type: Horizontal congestion
	srcs: net:spad/_acc_mems_0_io_adder_op1_2_0\[30\] net:net134747 net:net8595 net:net108410
	comment: capacity:3 usage:4 overflow:1
	bbox = (1317.0600, 2470.5000) - (1317.6000, 2471.0400) on Layer -
violation type: Horizontal congestion
	srcs: net:net93625 net:net93487 net:net51304 net:clknet_leaf_4235_clock
	comment: capacity:3 usage:4 overflow:1
	bbox = (1318.1400, 2476.4400) - (1318.6800, 2476.9800) on Layer -
violation type: Horizontal congestion
	srcs: net:net55716 net:spad/_07975_ net:net135108 net:net93688
	comment: capacity:3 usage:4 overflow:1
	bbox = (1318.6800, 2462.4000) - (1319.2200, 2462.9400) on Layer -
violation type: Horizontal congestion
	srcs: net:spad/_07622_ net:spad/_acc_mems_0_io_adder_op1_7_0\[10\] net:net94031 net:net93791
	comment: capacity:3 usage:4 overflow:1
	bbox = (1320.8400, 2495.8800) - (1321.3800, 2496.4200) on Layer -
violation type: Horizontal congestion
	srcs: net:spad/_07740_ net:spad/_acc_mems_1_io_read_resp_bits_data_5_0\[4\] net:spad/acc_mems_0/_0173_ net:net134689
	comment: capacity:3 usage:4 overflow:1
	bbox = (1325.1600, 2446.2000) - (1325.7000, 2446.7400) on Layer -
violation type: Horizontal congestion
	srcs: net:net93195 net:spad/acc_mems_0/_2776_ net:spad/acc_mems_0/_2778_ net:net119673
	comment: capacity:3 usage:4 overflow:1
	bbox = (1327.8600, 2644.9200) - (1328.4000, 2645.4600) on Layer -
violation type: Horizontal congestion
	srcs: net:net93145 net:net93085 net:spad/_acc_mems_0_io_adder_op1_7_0\[0\] net:net135572
	comment: capacity:3 usage:4 overflow:1
	bbox = (1329.4800, 2439.1800) - (1330.0200, 2439.7200) on Layer -
violation type: Horizontal congestion
	srcs: net:net28206 net:net135661 net:net134755 net:net93968
	comment: capacity:3 usage:4 overflow:1
	bbox = (1329.4800, 2466.1800) - (1330.0200, 2466.7200) on Layer -
violation type: Horizontal congestion
	srcs: net:net28206 net:net135661 net:net134755 net:net93968
	comment: capacity:3 usage:4 overflow:1
	bbox = (1330.0200, 2466.1800) - (1330.5600, 2466.7200) on Layer -
violation type: Horizontal congestion
	srcs: net:net93197 net:spad/_acc_mems_0_io_adder_op1_11_0\[20\] net:spad/_acc_mems_0_io_adder_op1_3_0\[24\] net:net134763
	comment: capacity:3 usage:4 overflow:1
	bbox = (1331.1000, 2460.2400) - (1331.6400, 2460.7800) on Layer -
violation type: Horizontal congestion
	srcs: net:net93228 net:net91814 net:spad/_acc_mems_0_io_adder_op1_6_0\[20\] net:net135498
	comment: capacity:3 usage:4 overflow:1
	bbox = (1332.7200, 2460.7800) - (1333.2600, 2461.3200) on Layer -
violation type: Horizontal congestion
	srcs: net:net91492 net:net91187 net:net134461
	comment: capacity:2 usage:3 overflow:1
	bbox = (1332.7200, 2467.2600) - (1333.2600, 2467.8000) on Layer -
violation type: Horizontal congestion
	srcs: net:spad/_acc_mems_0_io_adder_op1_3_0\[18\] net:net135692 net:net119589
	comment: capacity:2 usage:3 overflow:1
	bbox = (1332.7200, 2473.7400) - (1333.2600, 2474.2800) on Layer -
violation type: Horizontal congestion
	srcs: net:spad/_07677_ net:spad/_acc_mems_0_io_adder_op1_3_0\[25\] net:spad/_acc_mems_0_io_adder_op1_3_0\[30\] net:net134526
	comment: capacity:3 usage:4 overflow:1
	bbox = (1332.7200, 2475.3600) - (1333.2600, 2475.9000) on Layer -
violation type: Horizontal congestion
	srcs: net:net91492 net:net91187 net:net134461
	comment: capacity:2 usage:3 overflow:1
	bbox = (1333.2600, 2467.2600) - (1333.8000, 2467.8000) on Layer -
violation type: Horizontal congestion
	srcs: net:net93207 net:net28215 net:net135669
	comment: capacity:2 usage:3 overflow:1
	bbox = (1333.8000, 2445.6600) - (1334.3400, 2446.2000) on Layer -
violation type: Horizontal congestion
	srcs: net:net91492 net:net91187 net:net134461
	comment: capacity:2 usage:3 overflow:1
	bbox = (1333.8000, 2467.2600) - (1334.3400, 2467.8000) on Layer -
violation type: Horizontal congestion
	srcs: net:net93207 net:net28215 net:net135669
	comment: capacity:2 usage:3 overflow:1
	bbox = (1334.3400, 2445.6600) - (1334.8800, 2446.2000) on Layer -
violation type: Horizontal congestion
	srcs: net:net91299 net:spad/_acc_mems_0_io_adder_op1_3_0\[22\] net:net28182 net:net134461
	comment: capacity:3 usage:4 overflow:1
	bbox = (1334.3400, 2469.4200) - (1334.8800, 2469.9600) on Layer -
violation type: Horizontal congestion
	srcs: net:spad/acc_mems_1/q/_0156_ net:net119263 net:net101616 net:net93638
	comment: capacity:3 usage:4 overflow:1
	bbox = (1334.3400, 2478.6000) - (1334.8800, 2479.1400) on Layer -
violation type: Horizontal congestion
	srcs: net:net135669 net:net135635 net:net135256 net:net94112
	comment: capacity:3 usage:4 overflow:1
	bbox = (1335.4200, 2446.7400) - (1335.9600, 2447.2800) on Layer -
violation type: Horizontal congestion
	srcs: net:spad/_acc_mems_0_io_adder_op1_15_0\[12\] net:spad/_acc_mems_0_io_adder_op1_9_0\[8\] net:net134745 net:net119591
	comment: capacity:3 usage:4 overflow:1
	bbox = (1335.4200, 2451.6000) - (1335.9600, 2452.1400) on Layer -
violation type: Horizontal congestion
	srcs: net:net91180 net:spad/_acc_mems_0_io_adder_op1_2_0\[30\] net:net134932 net:net134421
	comment: capacity:3 usage:4 overflow:1
	bbox = (1335.9600, 2469.9600) - (1336.5000, 2470.5000) on Layer -
violation type: Horizontal congestion
	srcs: net:net61601 net:spad/_acc_mems_0_io_adder_op1_5_0\[10\] net:clknet_leaf_4236_clock net:spad/acc_mems_1/q/_1173_
	comment: capacity:3 usage:4 overflow:1
	bbox = (1336.5000, 2484.0000) - (1337.0400, 2484.5400) on Layer -
violation type: Horizontal congestion
	srcs: net:net52642 net:spad/_06160_ net:spad/acc_mems_1/_0150_ net:net28847
	comment: capacity:3 usage:4 overflow:1
	bbox = (1337.5800, 2437.5600) - (1338.1200, 2438.1000) on Layer -
violation type: Horizontal congestion
	srcs: net:net52642 net:spad/_06160_ net:spad/acc_mems_1/_0150_ net:net28847
	comment: capacity:3 usage:4 overflow:1
	bbox = (1338.1200, 2437.5600) - (1338.6600, 2438.1000) on Layer -
violation type: Horizontal congestion
	srcs: net:net93524 net:net52642 net:spad/_04130_ net:spad/acc_mems_1/_0150_
	comment: capacity:3 usage:4 overflow:1
	bbox = (1340.2800, 2437.5600) - (1340.8200, 2438.1000) on Layer -
violation type: Horizontal congestion
	srcs: net:spad/_acc_mems_0_io_adder_op1_13_0\[28\] net:spad/_acc_mems_0_io_adder_op1_13_0\[4\] net:spad/acc_mems_1/q/_0170_ net:net135246
	comment: capacity:3 usage:4 overflow:1
	bbox = (1340.8200, 2453.2200) - (1341.3600, 2453.7600) on Layer -
violation type: Horizontal congestion
	srcs: net:net51304 net:spad/_02189_ net:spad/_acc_mems_0_io_adder_op1_14_0\[4\] net:net134823
	comment: capacity:3 usage:4 overflow:1
	bbox = (1341.3600, 2454.8400) - (1341.9000, 2455.3800) on Layer -
violation type: Horizontal congestion
	srcs: net:net93377 net:net93353 net:net28177 net:net108290
	comment: capacity:3 usage:4 overflow:1
	bbox = (1341.3600, 2458.6200) - (1341.9000, 2459.1600) on Layer -
violation type: Horizontal congestion
	srcs: net:net51379 net:spad/acc_mems_0/_2940_ net:net135108 net:net93688
	comment: capacity:3 usage:4 overflow:1
	bbox = (1341.3600, 2462.4000) - (1341.9000, 2462.9400) on Layer -
violation type: Horizontal congestion
	srcs: net:net93568 net:net59549 net:spad/acc_mems_0/_2939_ net:net101603
	comment: capacity:3 usage:4 overflow:1
	bbox = (1341.3600, 2466.7200) - (1341.9000, 2467.2600) on Layer -
violation type: Horizontal congestion
	srcs: net:net93542 net:net101725 net:net94125
	comment: capacity:2 usage:3 overflow:1
	bbox = (1341.3600, 2640.0600) - (1341.9000, 2640.6000) on Layer -
violation type: Horizontal congestion
	srcs: net:net93377 net:net93353 net:net28177 net:net108290
	comment: capacity:3 usage:4 overflow:1
	bbox = (1341.9000, 2458.6200) - (1342.4400, 2459.1600) on Layer -
violation type: Horizontal congestion
	srcs: net:net93214 net:net92906 net:net49307 net:net28809
	comment: capacity:3 usage:4 overflow:1
	bbox = (1341.9000, 2642.7600) - (1342.4400, 2643.3000) on Layer -
violation type: Horizontal congestion
	srcs: net:net93377 net:net93353 net:net28177 net:net108290
	comment: capacity:3 usage:4 overflow:1
	bbox = (1342.4400, 2458.6200) - (1342.9800, 2459.1600) on Layer -
violation type: Horizontal congestion
	srcs: net:net93350 net:spad/acc_mems_0/_0199_ net:net135509 net:net8577
	comment: capacity:3 usage:4 overflow:1
	bbox = (1342.9800, 2646.5400) - (1343.5200, 2647.0800) on Layer -
violation type: Horizontal congestion
	srcs: net:spad/_acc_mems_0_io_adder_op1_11_0\[3\] net:spad/acc_mems_1/pipelined_writes_0_bits_mask_54 net:clknet_leaf_3670_clock
	comment: capacity:2 usage:3 overflow:1
	bbox = (1342.9800, 2649.2400) - (1343.5200, 2649.7800) on Layer -
violation type: Horizontal congestion
	srcs: net:spad/_acc_mems_0_io_adder_op1_9_0\[8\] net:spad/_acc_mems_0_io_read_resp_bits_data_6_0\[4\] net:net119591 net:net101617
	comment: capacity:3 usage:4 overflow:1
	bbox = (1344.6000, 2451.6000) - (1345.1400, 2452.1400) on Layer -
violation type: Horizontal congestion
	srcs: net:net93625 net:net93487 net:net134919 net:net101603
	comment: capacity:3 usage:4 overflow:1
	bbox = (1345.1400, 2476.4400) - (1345.6800, 2476.9800) on Layer -
violation type: Horizontal congestion
	srcs: net:spad/acc_adders/m_5/_113_ net:spad/acc_adders/m_5/_123_ net:net135585 net:net135580
	comment: capacity:3 usage:4 overflow:1
	bbox = (1347.8400, 2502.3600) - (1348.3800, 2502.9000) on Layer -
violation type: Horizontal congestion
	srcs: net:net51379 net:spad/acc_mems_0/q/_2800_ net:net135439 net:net135353
	comment: capacity:3 usage:4 overflow:1
	bbox = (1348.3800, 2445.1200) - (1348.9200, 2445.6600) on Layer -
violation type: Horizontal congestion
	srcs: net:net134927 net:net134499 net:net8658
	comment: capacity:2 usage:3 overflow:1
	bbox = (1348.3800, 2471.5800) - (1348.9200, 2472.1200) on Layer -
violation type: Horizontal congestion
	srcs: net:spad/acc_adders/m_5/_113_ net:spad/acc_adders/m_5/_197_ net:net135585 net:net135580
	comment: capacity:3 usage:4 overflow:1
	bbox = (1348.3800, 2502.3600) - (1348.9200, 2502.9000) on Layer -
violation type: Horizontal congestion
	srcs: net:net134927 net:net134499 net:net8658
	comment: capacity:2 usage:3 overflow:1
	bbox = (1348.9200, 2471.5800) - (1349.4600, 2472.1200) on Layer -
violation type: Horizontal congestion
	srcs: net:spad/acc_adders/m_5/_196_ net:net135686 net:net135675 net:net8613
	comment: capacity:3 usage:4 overflow:1
	bbox = (1349.4600, 2487.7800) - (1350.0000, 2488.3200) on Layer -
violation type: Horizontal congestion
	srcs: net:net93508 net:net93484 net:spad/acc_mems_0/_2937_ net:net93706
	comment: capacity:3 usage:4 overflow:1
	bbox = (1349.4600, 2648.1600) - (1350.0000, 2648.7000) on Layer -
violation type: Horizontal congestion
	srcs: net:net93118 net:spad/acc_adders/m_5/_079_ net:spad/acc_mems_0/_0200_ net:spad/vsm_1/_0357_
	comment: capacity:3 usage:4 overflow:1
	bbox = (1350.0000, 2439.7200) - (1350.5400, 2440.2600) on Layer -
violation type: Horizontal congestion
	srcs: net:net93508 net:net93484 net:spad/acc_mems_0/_2937_ net:net93706
	comment: capacity:3 usage:4 overflow:1
	bbox = (1350.0000, 2648.1600) - (1350.5400, 2648.7000) on Layer -
violation type: Horizontal congestion
	srcs: net:net38565 net:spad/_acc_mems_0_io_adder_op1_12_0\[31\] net:clknet_leaf_3670_clock net:net94106
	comment: capacity:3 usage:4 overflow:1
	bbox = (1351.0800, 2662.7400) - (1351.6200, 2663.2800) on Layer -
violation type: Horizontal congestion
	srcs: net:spad/_acc_mems_0_io_adder_op1_3_0\[30\] net:spad/acc_adders/m_5/_104_ net:spad/acc_adders/m_5/_105_ net:net102003
	comment: capacity:3 usage:4 overflow:1
	bbox = (1352.1600, 2475.3600) - (1352.7000, 2475.9000) on Layer -
violation type: Horizontal congestion
	srcs: net:net51380 net:spad/acc_mems_0/q/_2840_ net:net135690 net:net134903
	comment: capacity:3 usage:4 overflow:1
	bbox = (1352.1600, 2478.6000) - (1352.7000, 2479.1400) on Layer -
violation type: Horizontal congestion
	srcs: net:net93363 net:net134851 net:net134828 net:net134510
	comment: capacity:3 usage:4 overflow:1
	bbox = (1352.1600, 2651.9400) - (1352.7000, 2652.4800) on Layer -
violation type: Horizontal congestion
	srcs: net:net91511 net:net91322 net:net93569 net:net135652
	comment: capacity:3 usage:4 overflow:1
	bbox = (1352.7000, 2476.9800) - (1353.2400, 2477.5200) on Layer -
violation type: Horizontal congestion
	srcs: net:spad/_acc_mems_0_io_adder_op1_11_0\[11\] net:net119345 net:net94143 net:net93886
	comment: capacity:3 usage:4 overflow:1
	bbox = (1352.7000, 2653.0200) - (1353.2400, 2653.5600) on Layer -
violation type: Horizontal congestion
	srcs: net:net91511 net:spad/_acc_mems_0_io_adder_op1_3_0\[26\] net:spad/acc_adders/_0319_
	comment: capacity:2 usage:3 overflow:1
	bbox = (1353.2400, 2474.2800) - (1353.7800, 2474.8200) on Layer -
violation type: Horizontal congestion
	srcs: net:net91257 net:net134830 net:net108289
	comment: capacity:2 usage:3 overflow:1
	bbox = (1356.4800, 2484.5400) - (1357.0200, 2485.0800) on Layer -
violation type: Horizontal congestion
	srcs: net:net91257 net:net134830 net:net108289
	comment: capacity:2 usage:3 overflow:1
	bbox = (1357.5600, 2484.5400) - (1358.1000, 2485.0800) on Layer -
violation type: Horizontal congestion
	srcs: net:net91505 net:spad/_acc_mems_0_io_adder_op1_15_0\[3\] net:net135646 net:net135591
	comment: capacity:3 usage:4 overflow:1
	bbox = (1358.1000, 2660.0400) - (1358.6400, 2660.5800) on Layer -
violation type: Horizontal congestion
	srcs: net:spad/_acc_mems_0_io_adder_op1_3_0\[30\] net:spad/acc_mems_0/q/_1178_ net:net134526 net:net102003
	comment: capacity:3 usage:4 overflow:1
	bbox = (1360.8000, 2475.3600) - (1361.3400, 2475.9000) on Layer -
violation type: Horizontal congestion
	srcs: net:net93229 net:spad/_acc_mems_0_io_adder_op1_15_0\[0\] net:spad/acc_mems_1/q/_0163_ net:net135632
	comment: capacity:3 usage:4 overflow:1
	bbox = (1363.5000, 2468.3400) - (1364.0400, 2468.8800) on Layer -
violation type: Horizontal congestion
	srcs: net:net93472 net:net93378 net:net28181 net:net134860
	comment: capacity:3 usage:4 overflow:1
	bbox = (1363.5000, 2468.8800) - (1364.0400, 2469.4200) on Layer -
violation type: Horizontal congestion
	srcs: net:net92908 net:net61650 net:net135635 net:net108387
	comment: capacity:3 usage:4 overflow:1
	bbox = (1364.5800, 2444.5800) - (1365.1200, 2445.1200) on Layer -
violation type: Horizontal congestion
	srcs: net:net134937 net:net134932 net:net134499 net:net134421
	comment: capacity:3 usage:4 overflow:1
	bbox = (1367.2800, 2472.6600) - (1367.8200, 2473.2000) on Layer -
violation type: Horizontal congestion
	srcs: net:spad/_acc_mems_1_io_read_resp_bits_data_2_0\[14\] net:net28163 net:net135578 net:net135108
	comment: capacity:3 usage:4 overflow:1
	bbox = (1368.3600, 2459.7000) - (1368.9000, 2460.2400) on Layer -
violation type: Horizontal congestion
	srcs: net:net51379 net:net51318 net:clknet_leaf_4243_clock
	comment: capacity:2 usage:3 overflow:1
	bbox = (1368.3600, 2460.7800) - (1368.9000, 2461.3200) on Layer -
violation type: Horizontal congestion
	srcs: net:spad/acc_mems_1/q/_2956_ net:net134763 net:net119590 net:net108288
	comment: capacity:3 usage:4 overflow:1
	bbox = (1368.3600, 2463.4800) - (1368.9000, 2464.0200) on Layer -
violation type: Horizontal congestion
	srcs: net:net91180 net:spad/acc_mems_1/q/_1257_ net:spad/acc_mems_1/q/_2937_ net:net134499
	comment: capacity:3 usage:4 overflow:1
	bbox = (1368.3600, 2471.0400) - (1368.9000, 2471.5800) on Layer -
violation type: Horizontal congestion
	srcs: net:spad/acc_adders/m_8/_169_ net:spad/acc_adders/m_8/_191_ net:spad/vsm_1/in_bits_in_3\[24\] net:net93797
	comment: capacity:3 usage:4 overflow:1
	bbox = (1368.3600, 2637.3600) - (1368.9000, 2637.9000) on Layer -
violation type: Horizontal congestion
	srcs: net:net55714 net:spad/_acc_mems_1_io_read_resp_bits_data_2_0\[14\] net:net28163 net:net135108
	comment: capacity:3 usage:4 overflow:1
	bbox = (1368.9000, 2459.7000) - (1369.4400, 2460.2400) on Layer -
violation type: Horizontal congestion
	srcs: net:net51379 net:clknet_leaf_4243_clock net:net135578
	comment: capacity:2 usage:3 overflow:1
	bbox = (1368.9000, 2460.7800) - (1369.4400, 2461.3200) on Layer -
violation type: Horizontal congestion
	srcs: net:net55714 net:spad/_acc_mems_1_io_read_resp_bits_data_2_0\[14\] net:net28163 net:net135108
	comment: capacity:3 usage:4 overflow:1
	bbox = (1369.4400, 2459.7000) - (1369.9800, 2460.2400) on Layer -
violation type: Horizontal congestion
	srcs: net:net93585 net:net93584 net:net134731 net:net101601
	comment: capacity:3 usage:4 overflow:1
	bbox = (1369.4400, 2667.6000) - (1369.9800, 2668.1400) on Layer -
violation type: Horizontal congestion
	srcs: net:spad/_acc_mems_1_io_read_resp_bits_data_2_0\[14\] net:spad/acc_mems_0/q/_1067_ net:spad/acc_mems_1/q/_1495_ net:net101615
	comment: capacity:3 usage:4 overflow:1
	bbox = (1369.9800, 2462.4000) - (1370.5200, 2462.9400) on Layer -
violation type: Horizontal congestion
	srcs: net:net93451 net:spad/_03663_ net:spad/_acc_mems_0_io_adder_op1_15_0\[0\] net:net135707
	comment: capacity:3 usage:4 overflow:1
	bbox = (1370.5200, 2466.7200) - (1371.0600, 2467.2600) on Layer -
violation type: Horizontal congestion
	srcs: net:net135101 net:net93969 net:net93968 net:net93689
	comment: capacity:3 usage:4 overflow:1
	bbox = (1371.6000, 2459.1600) - (1372.1400, 2459.7000) on Layer -
violation type: Horizontal congestion
	srcs: net:net135704 net:net135601 net:net135545 net:net119259
	comment: capacity:3 usage:4 overflow:1
	bbox = (1372.6800, 2451.6000) - (1373.2200, 2452.1400) on Layer -
violation type: Horizontal congestion
	srcs: net:net52952 net:net135603 net:net119482 net:net93682
	comment: capacity:3 usage:4 overflow:1
	bbox = (1372.6800, 2645.4600) - (1373.2200, 2646.0000) on Layer -
violation type: Horizontal congestion
	srcs: net:net135678 net:net135609 net:net134700 net:net108288
	comment: capacity:3 usage:4 overflow:1
	bbox = (1373.2200, 2451.0600) - (1373.7600, 2451.6000) on Layer -
violation type: Horizontal congestion
	srcs: net:net93509 net:net134914 net:spad/vsm_in_q_1/ram_ext/_00968_
	comment: capacity:2 usage:3 overflow:1
	bbox = (1375.3800, 2644.3800) - (1375.9200, 2644.9200) on Layer -
violation type: Horizontal congestion
	srcs: net:net38565 net:net119477 net:spad/vsm_in_q_1/ram_ext/_00987_ net:net108252
	comment: capacity:3 usage:4 overflow:1
	bbox = (1377.0000, 2633.5800) - (1377.5400, 2634.1200) on Layer -
violation type: Horizontal congestion
	srcs: net:clknet_leaf_4196_clock net:net134911 net:spad/vsm_1/_0900_
	comment: capacity:2 usage:3 overflow:1
	bbox = (1378.0800, 2394.3600) - (1378.6200, 2394.9000) on Layer -
violation type: Horizontal congestion
	srcs: net:clknet_10_448_0_clock net:net28808 net:net135509 net:net8577
	comment: capacity:3 usage:4 overflow:1
	bbox = (1378.6200, 2646.5400) - (1379.1600, 2647.0800) on Layer -
violation type: Horizontal congestion
	srcs: net:net52952 net:spad/_06075_ net:net117265 net:net93980
	comment: capacity:3 usage:4 overflow:1
	bbox = (1379.1600, 2644.9200) - (1379.7000, 2645.4600) on Layer -
violation type: Horizontal congestion
	srcs: net:clknet_leaf_3673_clock net:net135509 net:net8577
	comment: capacity:2 usage:3 overflow:1
	bbox = (1380.7800, 2646.5400) - (1381.3200, 2647.0800) on Layer -
violation type: Horizontal congestion
	srcs: net:spad/acc_mems_0/q/_1945_ net:net28196 net:net135708 net:net119590
	comment: capacity:3 usage:4 overflow:1
	bbox = (1381.3200, 2464.5600) - (1381.8600, 2465.1000) on Layer -
violation type: Horizontal congestion
	srcs: net:spad/acc_mems_1/q/_2791_ net:net135672 net:net119258 net:net101615
	comment: capacity:3 usage:4 overflow:1
	bbox = (1382.4000, 2448.3600) - (1382.9400, 2448.9000) on Layer -
violation type: Horizontal congestion
	srcs: net:net91950 net:net135449 net:net135318 net:net134776
	comment: capacity:3 usage:4 overflow:1
	bbox = (1383.4800, 2447.8200) - (1384.0200, 2448.3600) on Layer -
violation type: Horizontal congestion
	srcs: net:net91950 net:net135449 net:net135318 net:net101615
	comment: capacity:3 usage:4 overflow:1
	bbox = (1385.1000, 2447.8200) - (1385.6400, 2448.3600) on Layer -
violation type: Horizontal congestion
	srcs: net:spad/_acc_mems_0_io_adder_op1_14_0\[6\] net:spad/acc_adders/m_6/_196_ net:spad/acc_adders/m_6/_204_ net:net135161
	comment: capacity:3 usage:4 overflow:1
	bbox = (1385.6400, 2538.0000) - (1386.1800, 2538.5400) on Layer -
violation type: Horizontal congestion
	srcs: net:spad/_acc_mems_0_io_adder_op1_14_0\[6\] net:spad/acc_adders/m_6/_196_ net:spad/acc_adders/m_6/_204_ net:net135161
	comment: capacity:3 usage:4 overflow:1
	bbox = (1386.1800, 2538.0000) - (1386.7200, 2538.5400) on Layer -
violation type: Horizontal congestion
	srcs: net:spad/_07653_ net:spad/acc_mems_1/_1812_ net:net135586 net:net135305
	comment: capacity:3 usage:4 overflow:1
	bbox = (1386.7200, 2453.7600) - (1387.2600, 2454.3000) on Layer -
violation type: Horizontal congestion
	srcs: net:net29133 net:net135698 net:net135649 net:net134924
	comment: capacity:3 usage:4 overflow:1
	bbox = (1387.2600, 2475.9000) - (1387.8000, 2476.4400) on Layer -
violation type: Horizontal congestion
	srcs: net:net29133 net:net135698 net:net135649 net:net134924
	comment: capacity:3 usage:4 overflow:1
	bbox = (1387.8000, 2475.9000) - (1388.3400, 2476.4400) on Layer -
violation type: Horizontal congestion
	srcs: net:net29133 net:net135698 net:net135649 net:net134924
	comment: capacity:3 usage:4 overflow:1
	bbox = (1388.3400, 2475.9000) - (1388.8800, 2476.4400) on Layer -
violation type: Horizontal congestion
	srcs: net:spad/_acc_mems_0_io_adder_op1_3_0\[18\] net:net135703 net:net135680
	comment: capacity:2 usage:3 overflow:1
	bbox = (1388.8800, 2473.7400) - (1389.4200, 2474.2800) on Layer -
violation type: Horizontal congestion
	srcs: net:net93451 net:net92877 net:net92876 net:spad/acc_adders/m_6/_082_
	comment: capacity:3 usage:4 overflow:1
	bbox = (1391.5800, 2467.8000) - (1392.1200, 2468.3400) on Layer -
violation type: Horizontal congestion
	srcs: net:net135697 net:net134937 net:net134924 net:net102003
	comment: capacity:3 usage:4 overflow:1
	bbox = (1391.5800, 2475.3600) - (1392.1200, 2475.9000) on Layer -
violation type: Horizontal congestion
	srcs: net:spad/_acc_mems_0_io_adder_op1_11_0\[26\] net:clknet_leaf_3621_clock net:net135387
	comment: capacity:2 usage:3 overflow:1
	bbox = (1391.5800, 2522.8800) - (1392.1200, 2523.4200) on Layer -
violation type: Horizontal congestion
	srcs: net:spad/_acc_mems_0_io_adder_op1_12_0\[2\] net:spad/acc_adders/_0350_ net:net135433 net:net135314
	comment: capacity:3 usage:4 overflow:1
	bbox = (1391.5800, 2524.5000) - (1392.1200, 2525.0400) on Layer -
violation type: Horizontal congestion
	srcs: net:net93472 net:net93378 net:spad/acc_adders/_0380_ net:net28181
	comment: capacity:3 usage:4 overflow:1
	bbox = (1392.1200, 2468.8800) - (1392.6600, 2469.4200) on Layer -
violation type: Horizontal congestion
	srcs: net:net91793 net:net134512 net:net134461 net:net8637
	comment: capacity:3 usage:4 overflow:1
	bbox = (1392.1200, 2471.0400) - (1392.6600, 2471.5800) on Layer -
violation type: Horizontal congestion
	srcs: net:net91800 net:spad/acc_adders/_0348_ net:spad/acc_adders/m_6/_080_ net:net135639
	comment: capacity:3 usage:4 overflow:1
	bbox = (1392.1200, 2471.5800) - (1392.6600, 2472.1200) on Layer -
violation type: Horizontal congestion
	srcs: net:net91321 net:net91180 net:spad/acc_adders/m_6/_079_ net:net134421
	comment: capacity:3 usage:4 overflow:1
	bbox = (1392.1200, 2472.6600) - (1392.6600, 2473.2000) on Layer -
violation type: Horizontal congestion
	srcs: net:spad/_00470_ net:net134924 net:net134919
	comment: capacity:2 usage:3 overflow:1
	bbox = (1392.1200, 2476.4400) - (1392.6600, 2476.9800) on Layer -
violation type: Horizontal congestion
	srcs: net:spad/_acc_mems_0_io_adder_op1_11_0\[26\] net:spad/acc_adders/m_6/_087_ net:net135387
	comment: capacity:2 usage:3 overflow:1
	bbox = (1392.1200, 2522.8800) - (1392.6600, 2523.4200) on Layer -
violation type: Horizontal congestion
	srcs: net:spad/_acc_mems_0_io_adder_op1_12_0\[6\] net:spad/acc_adders/_0382_ net:spad/acc_adders/m_6/_106_ net:net134743
	comment: capacity:3 usage:4 overflow:1
	bbox = (1392.1200, 2525.0400) - (1392.6600, 2525.5800) on Layer -
violation type: Horizontal congestion
	srcs: net:net51439 net:spad/_07506_ net:net28205
	comment: capacity:2 usage:3 overflow:1
	bbox = (1392.6600, 2466.1800) - (1393.2000, 2466.7200) on Layer -
violation type: Horizontal congestion
	srcs: net:net93229 net:net135707 net:net135632 net:net135623
	comment: capacity:3 usage:4 overflow:1
	bbox = (1392.6600, 2468.3400) - (1393.2000, 2468.8800) on Layer -
violation type: Horizontal congestion
	srcs: net:net91793 net:net134512 net:net134461 net:net8637
	comment: capacity:3 usage:4 overflow:1
	bbox = (1392.6600, 2471.0400) - (1393.2000, 2471.5800) on Layer -
violation type: Horizontal congestion
	srcs: net:net91800 net:spad/acc_adders/m_6/_080_ net:net135639 net:net134421
	comment: capacity:3 usage:4 overflow:1
	bbox = (1392.6600, 2471.5800) - (1393.2000, 2472.1200) on Layer -
violation type: Horizontal congestion
	srcs: net:net93229 net:net135707 net:net135632 net:net135623
	comment: capacity:3 usage:4 overflow:1
	bbox = (1393.2000, 2468.3400) - (1393.7400, 2468.8800) on Layer -
violation type: Horizontal congestion
	srcs: net:net93472 net:net93378 net:net51439 net:net28181
	comment: capacity:3 usage:4 overflow:1
	bbox = (1393.2000, 2468.8800) - (1393.7400, 2469.4200) on Layer -
violation type: Horizontal congestion
	srcs: net:net134932 net:net134860 net:net134461 net:net134423
	comment: capacity:3 usage:4 overflow:1
	bbox = (1393.2000, 2470.5000) - (1393.7400, 2471.0400) on Layer -
violation type: Horizontal congestion
	srcs: net:net91321 net:net91180 net:spad/acc_adders/m_6/_079_ net:net135096
	comment: capacity:3 usage:4 overflow:1
	bbox = (1393.2000, 2472.6600) - (1393.7400, 2473.2000) on Layer -
violation type: Horizontal congestion
	srcs: net:net134924 net:net134919 net:net134523
	comment: capacity:2 usage:3 overflow:1
	bbox = (1393.2000, 2476.4400) - (1393.7400, 2476.9800) on Layer -
violation type: Horizontal congestion
	srcs: net:net93229 net:net135707 net:net135632 net:net135623
	comment: capacity:3 usage:4 overflow:1
	bbox = (1393.7400, 2468.3400) - (1394.2800, 2468.8800) on Layer -
violation type: Horizontal congestion
	srcs: net:net93472 net:net93378 net:net51439 net:net28181
	comment: capacity:3 usage:4 overflow:1
	bbox = (1393.7400, 2468.8800) - (1394.2800, 2469.4200) on Layer -
violation type: Horizontal congestion
	srcs: net:spad/acc_adders/m_6/_085_ net:spad/acc_adders/m_6/_241_ net:net134423 net:net8519
	comment: capacity:3 usage:4 overflow:1
	bbox = (1393.7400, 2469.9600) - (1394.2800, 2470.5000) on Layer -
violation type: Horizontal congestion
	srcs: net:net91426 net:clknet_leaf_4248_clock net:net28196 net:net134541
	comment: capacity:3 usage:4 overflow:1
	bbox = (1421.8200, 2462.4000) - (1422.3600, 2462.9400) on Layer -
violation type: Horizontal congestion
	srcs: net:net93355 net:net55672 net:net135152 net:net134763
	comment: capacity:3 usage:4 overflow:1
	bbox = (1436.9400, 2458.6200) - (1437.4800, 2459.1600) on Layer -
violation type: Horizontal congestion
	srcs: net:net52946 net:net29123 net:net93798 net:net93725
	comment: capacity:3 usage:4 overflow:1
	bbox = (1436.9400, 2641.6800) - (1437.4800, 2642.2200) on Layer -
violation type: Horizontal congestion
	srcs: net:net57372 net:clknet_10_412_0_clock net:spad/_02467_ net:net135533
	comment: capacity:3 usage:4 overflow:1
	bbox = (1437.4800, 2462.4000) - (1438.0200, 2462.9400) on Layer -
violation type: Horizontal congestion
	srcs: net:net92880 net:spad/acc_adders/_0117_ net:net134919 net:net134512
	comment: capacity:3 usage:4 overflow:1
	bbox = (1438.5600, 2476.4400) - (1439.1000, 2476.9800) on Layer -
violation type: Horizontal congestion
	srcs: net:net91491 net:net134823 net:net134776 net:net134745
	comment: capacity:3 usage:4 overflow:1
	bbox = (1440.1800, 2457.5400) - (1440.7200, 2458.0800) on Layer -
violation type: Horizontal congestion
	srcs: net:net93198 net:spad/acc_adders/_0141_ net:net135330 net:net135169
	comment: capacity:3 usage:4 overflow:1
	bbox = (1440.7200, 2454.3000) - (1441.2600, 2454.8400) on Layer -
violation type: Horizontal congestion
	srcs: net:net91491 net:net134823 net:net134776 net:net134745
	comment: capacity:3 usage:4 overflow:1
	bbox = (1440.7200, 2457.5400) - (1441.2600, 2458.0800) on Layer -
violation type: Horizontal congestion
	srcs: net:net55672 net:spad/acc_adders/_0110_ net:net135339 net:net134594
	comment: capacity:3 usage:4 overflow:1
	bbox = (1440.7200, 2458.6200) - (1441.2600, 2459.1600) on Layer -
violation type: Horizontal congestion
	srcs: net:spad/acc_adders/m_3/_149_ net:spad/acc_mems_1/_1808_ net:net134685 net:net119304
	comment: capacity:3 usage:4 overflow:1
	bbox = (1440.7200, 2459.7000) - (1441.2600, 2460.2400) on Layer -
violation type: Horizontal congestion
	srcs: net:net91491 net:net134823 net:net134776 net:net134745
	comment: capacity:3 usage:4 overflow:1
	bbox = (1441.2600, 2457.5400) - (1441.8000, 2458.0800) on Layer -
violation type: Horizontal congestion
	srcs: net:net55672 net:spad/acc_adders/_0110_ net:net135339 net:net134594
	comment: capacity:3 usage:4 overflow:1
	bbox = (1441.2600, 2458.6200) - (1441.8000, 2459.1600) on Layer -
violation type: Horizontal congestion
	srcs: net:spad/acc_adders/m_3/_149_ net:spad/acc_mems_1/_1808_ net:net134685 net:net119304
	comment: capacity:3 usage:4 overflow:1
	bbox = (1441.2600, 2459.7000) - (1441.8000, 2460.2400) on Layer -
violation type: Horizontal congestion
	srcs: net:net91225 net:spad/acc_mems_1/_1848_ net:net134929 net:net101704
	comment: capacity:3 usage:4 overflow:1
	bbox = (1441.8000, 2444.5800) - (1442.3400, 2445.1200) on Layer -
violation type: Horizontal congestion
	srcs: net:spad/acc_mems_0/q/_0119_ net:spad/acc_mems_1/pipelined_writes_1_bits_mask_9 net:net119537 net:net119395
	comment: capacity:3 usage:4 overflow:1
	bbox = (1441.8000, 2446.2000) - (1442.3400, 2446.7400) on Layer -
violation type: Horizontal congestion
	srcs: net:net55672 net:spad/acc_adders/_0110_ net:net135339 net:net135199
	comment: capacity:3 usage:4 overflow:1
	bbox = (1441.8000, 2458.6200) - (1442.3400, 2459.1600) on Layer -
violation type: Horizontal congestion
	srcs: net:spad/acc_adders/m_3/_138_ net:spad/acc_adders/m_3/_149_ net:net134763 net:net93689
	comment: capacity:3 usage:4 overflow:1
	bbox = (1441.8000, 2460.2400) - (1442.3400, 2460.7800) on Layer -
violation type: Horizontal congestion
	srcs: net:net93414 net:net93086 net:net134769 net:net14736
	comment: capacity:3 usage:4 overflow:1
	bbox = (1442.3400, 2438.6400) - (1442.8800, 2439.1800) on Layer -
violation type: Horizontal congestion
	srcs: net:net91225 net:spad/acc_mems_1/_1848_ net:net134929 net:net101704
	comment: capacity:3 usage:4 overflow:1
	bbox = (1442.3400, 2444.5800) - (1442.8800, 2445.1200) on Layer -
violation type: Horizontal congestion
	srcs: net:net93414 net:net93086 net:net134769 net:net14736
	comment: capacity:3 usage:4 overflow:1
	bbox = (1442.8800, 2438.6400) - (1443.4200, 2439.1800) on Layer -
violation type: Horizontal congestion
	srcs: net:spad/_02467_ net:spad/acc_adders/m_3/_040_ net:net28200 net:net135533
	comment: capacity:3 usage:4 overflow:1
	bbox = (1442.8800, 2463.4800) - (1443.4200, 2464.0200) on Layer -
violation type: Horizontal congestion
	srcs: net:net93414 net:net93086 net:net134769 net:net14736
	comment: capacity:3 usage:4 overflow:1
	bbox = (1443.4200, 2438.6400) - (1443.9600, 2439.1800) on Layer -
violation type: Horizontal congestion
	srcs: net:net135378 net:net135318 net:net134706
	comment: capacity:2 usage:3 overflow:1
	bbox = (1443.4200, 2447.8200) - (1443.9600, 2448.3600) on Layer -
violation type: Horizontal congestion
	srcs: net:spad/acc_adders/m_3/_152_ net:spad/acc_mems_1/_1808_ net:net135339 net:net93689
	comment: capacity:3 usage:4 overflow:1
	bbox = (1453.1400, 2459.7000) - (1453.6800, 2460.2400) on Layer -
violation type: Horizontal congestion
	srcs: net:spad/acc_mems_0/_0296_ net:net135586 net:net135239 net:net119665
	comment: capacity:3 usage:4 overflow:1
	bbox = (1453.6800, 2453.7600) - (1454.2200, 2454.3000) on Layer -
violation type: Horizontal congestion
	srcs: net:net55671 net:spad/acc_mems_1/_1839_ net:net135330 net:net134951
	comment: capacity:3 usage:4 overflow:1
	bbox = (1453.6800, 2454.8400) - (1454.2200, 2455.3800) on Layer -
violation type: Horizontal congestion
	srcs: net:spad/acc_adders/m_3/_152_ net:spad/acc_mems_1/_1808_ net:net135339 net:net93689
	comment: capacity:3 usage:4 overflow:1
	bbox = (1453.6800, 2459.7000) - (1454.2200, 2460.2400) on Layer -
violation type: Horizontal congestion
	srcs: net:spad/acc_mems_0/_0296_ net:net135586 net:net135239 net:net119665
	comment: capacity:3 usage:4 overflow:1
	bbox = (1454.2200, 2453.7600) - (1454.7600, 2454.3000) on Layer -
violation type: Horizontal congestion
	srcs: net:net55671 net:spad/acc_mems_1/_1839_ net:net135330 net:net134951
	comment: capacity:3 usage:4 overflow:1
	bbox = (1454.2200, 2454.8400) - (1454.7600, 2455.3800) on Layer -
violation type: Horizontal congestion
	srcs: net:spad/acc_adders/m_3/_194_ net:net135199 net:net135152 net:net134748
	comment: capacity:3 usage:4 overflow:1
	bbox = (1454.2200, 2457.5400) - (1454.7600, 2458.0800) on Layer -
violation type: Horizontal congestion
	srcs: net:clknet_6_25_0_clock net:net135621 net:net134933 net:net134714
	comment: capacity:3 usage:4 overflow:1
	bbox = (1454.2200, 2470.5000) - (1454.7600, 2471.0400) on Layer -
violation type: Horizontal congestion
	srcs: net:spad/acc_mems_0/_0296_ net:net135586 net:net135239 net:net119665
	comment: capacity:3 usage:4 overflow:1
	bbox = (1454.7600, 2453.7600) - (1455.3000, 2454.3000) on Layer -
violation type: Horizontal congestion
	srcs: net:net55671 net:spad/acc_mems_1/_1839_ net:net135330 net:net134951
	comment: capacity:3 usage:4 overflow:1
	bbox = (1454.7600, 2454.8400) - (1455.3000, 2455.3800) on Layer -
violation type: Horizontal congestion
	srcs: net:net91737 net:spad/_06996_ net:spad/acc_adders/_0138_ net:spad/acc_mems_1/_1808_
	comment: capacity:3 usage:4 overflow:1
	bbox = (1454.7600, 2459.1600) - (1455.3000, 2459.7000) on Layer -
violation type: Horizontal congestion
	srcs: net:net55671 net:spad/acc_mems_1/_1839_ net:net135330 net:net134951
	comment: capacity:3 usage:4 overflow:1
	bbox = (1455.3000, 2454.8400) - (1455.8400, 2455.3800) on Layer -
violation type: Horizontal congestion
	srcs: net:net91490 net:spad/acc_adders/m_3/_151_ net:net134776 net:net134763
	comment: capacity:3 usage:4 overflow:1
	bbox = (1455.3000, 2458.6200) - (1455.8400, 2459.1600) on Layer -
violation type: Horizontal congestion
	srcs: net:spad/acc_adders/m_3/_143_ net:net135630 net:net135107 net:net135022
	comment: capacity:3 usage:4 overflow:1
	bbox = (1455.3000, 2466.1800) - (1455.8400, 2466.7200) on Layer -
violation type: Horizontal congestion
	srcs: net:clknet_6_25_0_clock net:spad/acc_adders/m_3/_142_ net:net135621 net:net134933
	comment: capacity:3 usage:4 overflow:1
	bbox = (1455.3000, 2470.5000) - (1455.8400, 2471.0400) on Layer -
violation type: Horizontal congestion
	srcs: net:net51286 net:net28827 net:net135128 net:net134426
	comment: capacity:3 usage:4 overflow:1
	bbox = (1455.8400, 2433.7800) - (1456.3800, 2434.3200) on Layer -
violation type: Horizontal congestion
	srcs: net:net135390 net:net135352 net:net135089 net:net134706
	comment: capacity:3 usage:4 overflow:1
	bbox = (1455.8400, 2448.9000) - (1456.3800, 2449.4400) on Layer -
violation type: Horizontal congestion
	srcs: net:net51356 net:net135600 net:net135266 net:net135232
	comment: capacity:3 usage:4 overflow:1
	bbox = (1455.8400, 2452.6800) - (1456.3800, 2453.2200) on Layer -
violation type: Horizontal congestion
	srcs: net:net91452 net:net134909 net:net134844 net:net117330
	comment: capacity:3 usage:4 overflow:1
	bbox = (1456.3800, 2488.8600) - (1456.9200, 2489.4000) on Layer -
violation type: Horizontal congestion
	srcs: net:spad/acc_adders/m_3/_194_ net:net135199 net:net134748 net:net119303
	comment: capacity:3 usage:4 overflow:1
	bbox = (1456.9200, 2457.5400) - (1457.4600, 2458.0800) on Layer -
violation type: Horizontal congestion
	srcs: net:spad/acc_adders/m_3/_144_ net:net135076 net:net134952 net:net101772
	comment: capacity:3 usage:4 overflow:1
	bbox = (1457.4600, 2461.8600) - (1458.0000, 2462.4000) on Layer -
violation type: Horizontal congestion
	srcs: net:spad/_02467_ net:spad/acc_adders/m_3/_038_ net:spad/acc_mems_0/_0108_
	comment: capacity:2 usage:3 overflow:1
	bbox = (1458.5400, 2465.6400) - (1459.0800, 2466.1800) on Layer -
violation type: Horizontal congestion
	srcs: net:net93447 net:spad/_acc_mems_1_io_adder_op1_6_0\[11\] net:net135463 net:net134931
	comment: capacity:3 usage:4 overflow:1
	bbox = (1461.2400, 2660.5800) - (1461.7800, 2661.1200) on Layer -
violation type: Horizontal congestion
	srcs: net:spad/acc_mems_1/_1799_ net:net134952 net:net117333 net:net93690
	comment: capacity:3 usage:4 overflow:1
	bbox = (1462.3200, 2465.6400) - (1462.8600, 2466.1800) on Layer -
violation type: Horizontal congestion
	srcs: net:net93368 net:net134424 net:net134421
	comment: capacity:2 usage:3 overflow:1
	bbox = (1462.3200, 2469.9600) - (1462.8600, 2470.5000) on Layer -
violation type: Horizontal congestion
	srcs: net:spad/acc_mems_1/_1799_ net:net134952 net:net117333 net:net93690
	comment: capacity:3 usage:4 overflow:1
	bbox = (1462.8600, 2465.6400) - (1463.4000, 2466.1800) on Layer -
violation type: Horizontal congestion
	srcs: net:net93368 net:net134424 net:net134421
	comment: capacity:2 usage:3 overflow:1
	bbox = (1462.8600, 2469.9600) - (1463.4000, 2470.5000) on Layer -
violation type: Horizontal congestion
	srcs: net:net135623 net:net135199 net:net134763 net:net117333
	comment: capacity:3 usage:4 overflow:1
	bbox = (1463.4000, 2458.6200) - (1463.9400, 2459.1600) on Layer -
violation type: Horizontal congestion
	srcs: net:clknet_leaf_4259_clock net:spad/acc_mems_0/q/_1368_ net:net135542 net:net119584
	comment: capacity:3 usage:4 overflow:1
	bbox = (1463.9400, 2496.4200) - (1464.4800, 2496.9600) on Layer -
violation type: Horizontal congestion
	srcs: net:clknet_leaf_4263_clock net:net135199 net:net135169 net:net134763
	comment: capacity:3 usage:4 overflow:1
	bbox = (1464.4800, 2458.6200) - (1465.0200, 2459.1600) on Layer -
violation type: Horizontal congestion
	srcs: net:net93434 net:net93433 net:net91949 net:net135292
	comment: capacity:3 usage:4 overflow:1
	bbox = (1465.0200, 2449.4400) - (1465.5600, 2449.9800) on Layer -
violation type: Horizontal congestion
	srcs: net:spad/acc_mems_0/q/_0267_ net:net135585 net:net134775
	comment: capacity:2 usage:3 overflow:1
	bbox = (1468.8000, 2506.1400) - (1469.3400, 2506.6800) on Layer -
violation type: Horizontal congestion
	srcs: net:spad/_03750_ net:spad/acc_adders/m_12/_178_ net:spad/acc_adders/m_12/_180_ net:net134793
	comment: capacity:3 usage:4 overflow:1
	bbox = (1468.8000, 2674.0800) - (1469.3400, 2674.6200) on Layer -
violation type: Horizontal congestion
	srcs: net:net93355 net:spad/_acc_mems_1_io_adder_op1_0_0\[25\] net:net135533 net:net134710
	comment: capacity:3 usage:4 overflow:1
	bbox = (1469.8800, 2462.9400) - (1470.4200, 2463.4800) on Layer -
violation type: Horizontal congestion
	srcs: net:net92068 net:spad/acc_mems_1/_1848_ net:net14715 net:net93946
	comment: capacity:3 usage:4 overflow:1
	bbox = (1470.4200, 2445.1200) - (1470.9600, 2445.6600) on Layer -
violation type: Horizontal congestion
	srcs: net:net93355 net:spad/_acc_mems_1_io_adder_op1_0_0\[25\] net:net135533 net:net134710
	comment: capacity:3 usage:4 overflow:1
	bbox = (1470.4200, 2462.9400) - (1470.9600, 2463.4800) on Layer -
violation type: Horizontal congestion
	srcs: net:net91837 net:spad/_03505_ net:spad/_acc_mems_1_io_adder_op1_0_0\[11\] net:net101769
	comment: capacity:3 usage:4 overflow:1
	bbox = (1473.1200, 2649.2400) - (1473.6600, 2649.7800) on Layer -
violation type: Horizontal congestion
	srcs: net:net93565 net:spad/acc_mems_0/q/_0353_ net:net134864 net:net119578
	comment: capacity:3 usage:4 overflow:1
	bbox = (1473.1200, 2666.5200) - (1473.6600, 2667.0600) on Layer -
violation type: Horizontal congestion
	srcs: net:spad/_03460_ net:net135387 net:net135328 net:net119663
	comment: capacity:3 usage:4 overflow:1
	bbox = (1474.2000, 2522.8800) - (1474.7400, 2523.4200) on Layer -
violation type: Horizontal congestion
	srcs: net:net91619 net:net91977 net:spad/_acc_mems_1_io_adder_op1_5_0\[21\] net:net108482
	comment: capacity:3 usage:4 overflow:1
	bbox = (1478.5200, 2488.3200) - (1479.0600, 2488.8600) on Layer -
violation type: Horizontal congestion
	srcs: net:spad/acc_mems_0/_0296_ net:net135586 net:net135231 net:net108350
	comment: capacity:3 usage:4 overflow:1
	bbox = (1479.6000, 2452.6800) - (1480.1400, 2453.2200) on Layer -
violation type: Horizontal congestion
	srcs: net:net93057 net:spad/_05819_ net:net28827 net:net134834
	comment: capacity:3 usage:4 overflow:1
	bbox = (1479.6000, 2480.7600) - (1480.1400, 2481.3000) on Layer -
violation type: Horizontal congestion
	srcs: net:net93057 net:spad/_05819_ net:net28827 net:net134834
	comment: capacity:3 usage:4 overflow:1
	bbox = (1480.1400, 2480.7600) - (1480.6800, 2481.3000) on Layer -
violation type: Horizontal congestion
	srcs: net:net43553 net:spad/_02110_ net:spad/_03501_ net:spad/_acc_mems_1_io_adder_op1_4_0\[1\]
	comment: capacity:3 usage:4 overflow:1
	bbox = (1481.7600, 2477.5200) - (1482.3000, 2478.0600) on Layer -
violation type: Horizontal congestion
	srcs: net:net91178 net:spad/acc_adders/m_8/_089_ net:net135612 net:net108393
	comment: capacity:3 usage:4 overflow:1
	bbox = (1481.7600, 2497.5000) - (1482.3000, 2498.0400) on Layer -
violation type: Horizontal congestion
	srcs: net:net91274 net:spad/_acc_mems_1_io_adder_op1_5_0\[28\] net:net135352 net:net135292
	comment: capacity:3 usage:4 overflow:1
	bbox = (1484.4600, 2448.9000) - (1485.0000, 2449.4400) on Layer -
violation type: Horizontal congestion
	srcs: net:spad/_acc_mems_1_io_adder_op1_5_0\[8\] net:net135506 net:net135292 net:net101636
	comment: capacity:3 usage:4 overflow:1
	bbox = (1485.0000, 2451.0600) - (1485.5400, 2451.6000) on Layer -
violation type: Horizontal congestion
	srcs: net:net135435 net:net135241 net:net135203 net:net116727
	comment: capacity:3 usage:4 overflow:1
	bbox = (1485.0000, 2531.5200) - (1485.5400, 2532.0600) on Layer -
violation type: Horizontal congestion
	srcs: net:net91361 net:spad/_03759_ net:net135228 net:net119663
	comment: capacity:3 usage:4 overflow:1
	bbox = (1485.5400, 2528.2800) - (1486.0800, 2528.8200) on Layer -
violation type: Horizontal congestion
	srcs: net:spad/_acc_mems_1_io_read_resp_bits_data_11_0\[29\] net:clknet_leaf_3564_clock net:net135275 net:net119253
	comment: capacity:3 usage:4 overflow:1
	bbox = (1486.0800, 2527.2000) - (1486.6200, 2527.7400) on Layer -
violation type: Horizontal congestion
	srcs: net:spad/_acc_mems_1_io_adder_op1_0_0\[25\] net:net134710 net:net134524 net:net93690
	comment: capacity:3 usage:4 overflow:1
	bbox = (1486.6200, 2462.9400) - (1487.1600, 2463.4800) on Layer -
violation type: Horizontal congestion
	srcs: net:net52718 net:net43444 net:net135426 net:spad/norm_unit_passthru_q/ram_ext/_0121_
	comment: capacity:3 usage:4 overflow:1
	bbox = (1486.6200, 2477.5200) - (1487.1600, 2478.0600) on Layer -
violation type: Horizontal congestion
	srcs: net:net93057 net:net134933 net:net134858 net:net134795
	comment: capacity:3 usage:4 overflow:1
	bbox = (1487.1600, 2473.7400) - (1487.7000, 2474.2800) on Layer -
violation type: Horizontal congestion
	srcs: net:spad/acc_mems_0/_2472_ net:net134527 net:net134424 net:net134422
	comment: capacity:3 usage:4 overflow:1
	bbox = (1491.4800, 2469.9600) - (1492.0200, 2470.5000) on Layer -
violation type: Horizontal congestion
	srcs: net:spad/acc_adders/m_9/_185_ net:spad/acc_adders/m_9/_186_ net:net135243 net:net135183
	comment: capacity:3 usage:4 overflow:1
	bbox = (1492.5600, 2529.3600) - (1493.1000, 2529.9000) on Layer -
violation type: Horizontal congestion
	srcs: net:spad/acc_mems_1/q/_0510_ net:net135279 net:net134756 net:net134706
	comment: capacity:3 usage:4 overflow:1
	bbox = (1493.1000, 2458.6200) - (1493.6400, 2459.1600) on Layer -
violation type: Horizontal congestion
	srcs: net:net93355 net:spad/acc_mems_0/q/_0879_ net:spad/acc_mems_0/q/_2433_ net:net101702
	comment: capacity:3 usage:4 overflow:1
	bbox = (1493.1000, 2462.4000) - (1493.6400, 2462.9400) on Layer -
violation type: Horizontal congestion
	srcs: net:net91297 net:spad/_acc_mems_1_io_adder_op1_0_0\[25\] net:spad/acc_mems_0/q/_0474_ net:net134710
	comment: capacity:3 usage:4 overflow:1
	bbox = (1493.1000, 2462.9400) - (1493.6400, 2463.4800) on Layer -
violation type: Horizontal congestion
	srcs: net:net91185 net:net134742 net:net119664 net:net119389
	comment: capacity:3 usage:4 overflow:1
	bbox = (1493.1000, 2494.2600) - (1493.6400, 2494.8000) on Layer -
violation type: Horizontal congestion
	srcs: net:net91490 net:net93312 net:net135101 net:net134464
	comment: capacity:3 usage:4 overflow:1
	bbox = (1494.1800, 2460.2400) - (1494.7200, 2460.7800) on Layer -
violation type: Horizontal congestion
	srcs: net:spad/_acc_mems_1_io_adder_op1_10_0\[29\] net:spad/acc_adders/m_9/_178_ net:spad/acc_adders/m_9/_182_ net:net135158
	comment: capacity:3 usage:4 overflow:1
	bbox = (1494.7200, 2535.8400) - (1495.2600, 2536.3800) on Layer -
violation type: Horizontal congestion
	srcs: net:net57353 net:spad/_acc_mems_0_io_adder_op2_7_0\[28\] net:spad/acc_mems_1/pipelined_writes_1_bits_mask_42 net:net108313
	comment: capacity:3 usage:4 overflow:1
	bbox = (1494.7200, 2665.4400) - (1495.2600, 2665.9800) on Layer -
violation type: Horizontal congestion
	srcs: net:net61599 net:spad/acc_adders/_0535_ net:net134596 net:net101676
	comment: capacity:3 usage:4 overflow:1
	bbox = (1495.8000, 2532.6000) - (1496.3400, 2533.1400) on Layer -
violation type: Horizontal congestion
	srcs: net:spad/acc_adders/_0533_ net:spad/acc_adders/_0567_ net:net135458 net:net101676
	comment: capacity:3 usage:4 overflow:1
	bbox = (1496.3400, 2532.0600) - (1496.8800, 2532.6000) on Layer -
violation type: Horizontal congestion
	srcs: net:net55708 net:spad/acc_adders/m_9/_177_ net:spad/acc_adders/m_9/_179_ net:net135260
	comment: capacity:3 usage:4 overflow:1
	bbox = (1496.3400, 2534.7600) - (1496.8800, 2535.3000) on Layer -
violation type: Horizontal congestion
	srcs: net:spad/acc_mems_0/q/_0911_ net:net28827 net:net135622 net:net134756
	comment: capacity:3 usage:4 overflow:1
	bbox = (1500.1200, 2458.0800) - (1500.6600, 2458.6200) on Layer -
violation type: Horizontal congestion
	srcs: net:spad/acc_mems_0/q/_0911_ net:net135622 net:net134756 net:net134677
	comment: capacity:3 usage:4 overflow:1
	bbox = (1500.6600, 2458.0800) - (1501.2000, 2458.6200) on Layer -
violation type: Horizontal congestion
	srcs: net:net93078 net:clknet_8_103_0_clock net:net134838 net:net101043
	comment: capacity:3 usage:4 overflow:1
	bbox = (1502.8200, 2487.2400) - (1503.3600, 2487.7800) on Layer -
violation type: Horizontal congestion
	srcs: net:net91774 net:net43444 net:net135616 net:spad/norm_unit_passthru_q/ram_ext/_2086_
	comment: capacity:3 usage:4 overflow:1
	bbox = (1503.3600, 2481.8400) - (1503.9000, 2482.3800) on Layer -
violation type: Horizontal congestion
	srcs: net:net52705 net:spad/_02101_ net:spad/_acc_mems_1_io_adder_op1_5_0\[5\] net:spad/norm_unit_passthru_q/ram_ext/_0113_
	comment: capacity:3 usage:4 overflow:1
	bbox = (1503.3600, 2482.3800) - (1503.9000, 2482.9200) on Layer -
violation type: Horizontal congestion
	srcs: net:net93078 net:clknet_8_103_0_clock net:net134838 net:net101043
	comment: capacity:3 usage:4 overflow:1
	bbox = (1503.3600, 2487.2400) - (1503.9000, 2487.7800) on Layer -
violation type: Horizontal congestion
	srcs: net:net93610 net:spad/_acc_mems_0_io_read_resp_bits_data_8_0\[1\] net:net135512 net:net135466
	comment: capacity:3 usage:4 overflow:1
	bbox = (1503.3600, 2507.7600) - (1503.9000, 2508.3000) on Layer -
violation type: Horizontal congestion
	srcs: net:spad/_acc_mems_1_io_adder_op1_4_0\[28\] net:spad/acc_mems_0/q/_0907_ net:spad/acc_mems_1/_1830_
	comment: capacity:2 usage:3 overflow:1
	bbox = (1503.9000, 2450.5200) - (1504.4400, 2451.0600) on Layer -
violation type: Horizontal congestion
	srcs: net:net91774 net:net43444 net:net135616 net:net134909
	comment: capacity:3 usage:4 overflow:1
	bbox = (1503.9000, 2481.8400) - (1504.4400, 2482.3800) on Layer -
violation type: Horizontal congestion
	srcs: net:net52725 net:net134844 net:net116617 net:net8487
	comment: capacity:3 usage:4 overflow:1
	bbox = (1503.9000, 2485.0800) - (1504.4400, 2485.6200) on Layer -
violation type: Horizontal congestion
	srcs: net:net55710 net:net135614 net:net135606 net:net135598
	comment: capacity:3 usage:4 overflow:1
	bbox = (1503.9000, 2496.9600) - (1504.4400, 2497.5000) on Layer -
violation type: Horizontal congestion
	srcs: net:net93355 net:spad/_acc_mems_1_io_adder_op1_8_0\[4\] net:net134756 net:net93970
	comment: capacity:3 usage:4 overflow:1
	bbox = (1504.9800, 2457.5400) - (1505.5200, 2458.0800) on Layer -
violation type: Horizontal congestion
	srcs: net:net51285 net:spad/_acc_mems_1_io_adder_op1_2_0\[28\] net:spad/acc_mems_0/q/_0258_ net:net135595
	comment: capacity:3 usage:4 overflow:1
	bbox = (1506.6000, 2447.8200) - (1507.1400, 2448.3600) on Layer -
violation type: Horizontal congestion
	srcs: net:spad/acc_mems_1/q/_2717_ net:net135550 net:net134708 net:net134704
	comment: capacity:3 usage:4 overflow:1
	bbox = (1507.6800, 2505.0600) - (1508.2200, 2505.6000) on Layer -
violation type: Horizontal congestion
	srcs: net:net49275 net:net135515 net:net135511 net:net135502
	comment: capacity:3 usage:4 overflow:1
	bbox = (1514.1600, 2509.9200) - (1514.7000, 2510.4600) on Layer -
violation type: Horizontal congestion
	srcs: net:spad/_acc_mems_1_io_adder_op1_8_0\[24\] net:spad/acc_mems_1/q/_0446_ net:spad/acc_mems_1/q/_2470_ net:net134594
	comment: capacity:3 usage:4 overflow:1
	bbox = (1515.7800, 2451.6000) - (1516.3200, 2452.1400) on Layer -
violation type: Horizontal congestion
	srcs: net:net55736 net:spad/_acc_mems_1_io_adder_op1_8_0\[20\] net:net135600 net:net101700
	comment: capacity:3 usage:4 overflow:1
	bbox = (1516.8600, 2452.6800) - (1517.4000, 2453.2200) on Layer -
violation type: Horizontal congestion
	srcs: net:spad/_acc_mems_1_io_adder_op1_5_0\[4\] net:net135622 net:net135608
	comment: capacity:2 usage:3 overflow:1
	bbox = (1522.8000, 2447.8200) - (1523.3400, 2448.3600) on Layer -
violation type: Horizontal congestion
	srcs: net:net93434 net:net55663 net:spad/_acc_mems_1_io_adder_op1_5_0\[24\] net:spad/_acc_mems_1_io_adder_op1_7_0\[24\]
	comment: capacity:3 usage:4 overflow:1
	bbox = (1523.8800, 2449.4400) - (1524.4200, 2449.9800) on Layer -
violation type: Horizontal congestion
	srcs: net:spad/_acc_mems_1_io_adder_op1_8_0\[24\] net:spad/acc_mems_1/q/_0446_ net:spad/acc_mems_1/q/_1742_ net:net135089
	comment: capacity:3 usage:4 overflow:1
	bbox = (1523.8800, 2451.6000) - (1524.4200, 2452.1400) on Layer -
violation type: Horizontal congestion
	srcs: net:net93434 net:net55663 net:spad/_acc_mems_1_io_adder_op1_5_0\[24\] net:spad/_acc_mems_1_io_adder_op1_7_0\[24\]
	comment: capacity:3 usage:4 overflow:1
	bbox = (1524.4200, 2449.4400) - (1524.9600, 2449.9800) on Layer -
violation type: Horizontal congestion
	srcs: net:net91274 net:net93434 net:spad/_acc_mems_1_io_adder_op1_1_0\[28\] net:net119301
	comment: capacity:3 usage:4 overflow:1
	bbox = (1524.9600, 2448.9000) - (1525.5000, 2449.4400) on Layer -
violation type: Horizontal congestion
	srcs: net:net55663 net:spad/_acc_mems_1_io_adder_op1_7_0\[24\] net:net135608 net:net108349
	comment: capacity:3 usage:4 overflow:1
	bbox = (1524.9600, 2449.4400) - (1525.5000, 2449.9800) on Layer -
violation type: Horizontal congestion
	srcs: net:spad/_acc_mems_1_io_adder_op1_4_0\[16\] net:spad/_acc_mems_1_io_adder_op1_8_0\[24\] net:net135089 net:net134841
	comment: capacity:3 usage:4 overflow:1
	bbox = (1524.9600, 2451.6000) - (1525.5000, 2452.1400) on Layer -
violation type: Horizontal congestion
	srcs: net:net93312 net:net135291 net:net119329 net:net93690
	comment: capacity:3 usage:4 overflow:1
	bbox = (1524.9600, 2459.7000) - (1525.5000, 2460.2400) on Layer -
violation type: Horizontal congestion
	srcs: net:spad/_acc_mems_1_io_adder_op1_4_0\[16\] net:spad/_acc_mems_1_io_adder_op1_8_0\[24\] net:net135089 net:net134841
	comment: capacity:3 usage:4 overflow:1
	bbox = (1525.5000, 2451.6000) - (1526.0400, 2452.1400) on Layer -
violation type: Horizontal congestion
	srcs: net:spad/_acc_mems_1_io_adder_op1_0_0\[17\] net:spad/_acc_mems_1_io_adder_op1_6_0\[4\] net:spad/_acc_mems_1_io_adder_op1_7_0\[28\] net:net134824
	comment: capacity:3 usage:4 overflow:1
	bbox = (1526.5800, 2453.2200) - (1527.1200, 2453.7600) on Layer -
violation type: Horizontal congestion
	srcs: net:net93434 net:spad/_acc_mems_1_io_adder_op1_1_0\[28\] net:net119301 net:net108505
	comment: capacity:3 usage:4 overflow:1
	bbox = (1527.1200, 2448.9000) - (1527.6600, 2449.4400) on Layer -
violation type: Horizontal congestion
	srcs: net:spad/_acc_mems_1_io_adder_op1_0_0\[17\] net:spad/_acc_mems_1_io_adder_op1_6_0\[4\] net:spad/_acc_mems_1_io_adder_op1_7_0\[28\] net:net134824
	comment: capacity:3 usage:4 overflow:1
	bbox = (1527.1200, 2453.2200) - (1527.6600, 2453.7600) on Layer -
violation type: Horizontal congestion
	srcs: net:net93434 net:spad/_acc_mems_1_io_adder_op1_1_0\[28\] net:net119301 net:net108505
	comment: capacity:3 usage:4 overflow:1
	bbox = (1527.6600, 2448.9000) - (1528.2000, 2449.4400) on Layer -
violation type: Horizontal congestion
	srcs: net:net93434 net:spad/_acc_mems_1_io_adder_op1_1_0\[28\] net:net119301 net:net108505
	comment: capacity:3 usage:4 overflow:1
	bbox = (1528.2000, 2448.9000) - (1528.7400, 2449.4400) on Layer -
violation type: Horizontal congestion
	srcs: net:net92238 net:spad/_acc_mems_1_io_adder_op1_6_0\[12\] net:spad/_acc_mems_1_io_adder_op1_6_0\[20\] net:spad/_acc_mems_1_io_adder_op1_9_0\[28\]
	comment: capacity:3 usage:4 overflow:1
	bbox = (1528.2000, 2463.4800) - (1528.7400, 2464.0200) on Layer -
violation type: Horizontal congestion
	srcs: net:net91576 net:net91353 net:net55736 net:net134422
	comment: capacity:3 usage:4 overflow:1
	bbox = (1528.2000, 2473.7400) - (1528.7400, 2474.2800) on Layer -
violation type: Horizontal congestion
	srcs: net:net93292 net:spad/_acc_mems_1_io_adder_op1_3_0\[20\] net:net135506 net:net135266
	comment: capacity:3 usage:4 overflow:1
	bbox = (1528.7400, 2451.0600) - (1529.2800, 2451.6000) on Layer -
violation type: Horizontal congestion
	srcs: net:spad/_07410_ net:spad/_acc_mems_1_io_adder_op1_1_0\[25\] net:spad/acc_mems_0/q/_0851_
	comment: capacity:2 usage:3 overflow:1
	bbox = (1528.7400, 2465.6400) - (1529.2800, 2466.1800) on Layer -
violation type: Horizontal congestion
	srcs: net:net93452 net:spad/_acc_mems_1_io_adder_op1_2_0\[21\] net:spad/_acc_mems_1_io_adder_op1_5_0\[8\] net:net94114
	comment: capacity:3 usage:4 overflow:1
	bbox = (1529.2800, 2464.0200) - (1529.8200, 2464.5600) on Layer -
violation type: Horizontal congestion
	srcs: net:net51354 net:spad/_acc_mems_1_io_adder_op1_15_0\[20\] net:spad/_acc_mems_1_io_adder_op1_2_0\[17\] net:net135339
	comment: capacity:3 usage:4 overflow:1
	bbox = (1529.2800, 2466.7200) - (1529.8200, 2467.2600) on Layer -
violation type: Horizontal congestion
	srcs: net:spad/_07144_ net:spad/acc_mems_1/_1808_ net:net135365 net:net135231
	comment: capacity:3 usage:4 overflow:1
	bbox = (1529.8200, 2459.1600) - (1530.3600, 2459.7000) on Layer -
violation type: Horizontal congestion
	srcs: net:net91297 net:net134951 net:net134737
	comment: capacity:2 usage:3 overflow:1
	bbox = (1530.3600, 2460.7800) - (1530.9000, 2461.3200) on Layer -
violation type: Horizontal congestion
	srcs: net:net51354 net:spad/_acc_mems_1_io_adder_op1_15_0\[20\] net:spad/acc_mems_0/q/_0851_ net:net135339
	comment: capacity:3 usage:4 overflow:1
	bbox = (1530.3600, 2466.7200) - (1530.9000, 2467.2600) on Layer -
violation type: Horizontal congestion
	srcs: net:net55736 net:spad/_07076_ net:net135029 net:net101700
	comment: capacity:3 usage:4 overflow:1
	bbox = (1530.9000, 2464.5600) - (1531.4400, 2465.1000) on Layer -
violation type: Horizontal congestion
	srcs: net:net91297 net:net134951 net:net134737
	comment: capacity:2 usage:3 overflow:1
	bbox = (1531.4400, 2460.7800) - (1531.9800, 2461.3200) on Layer -
violation type: Horizontal congestion
	srcs: net:net92238 net:spad/_acc_mems_1_io_adder_op1_1_0\[21\] net:net134572 net:net134524
	comment: capacity:3 usage:4 overflow:1
	bbox = (1531.4400, 2462.4000) - (1531.9800, 2462.9400) on Layer -
violation type: Horizontal congestion
	srcs: net:net55736 net:spad/_02463_ net:net135029 net:net101700
	comment: capacity:3 usage:4 overflow:1
	bbox = (1531.4400, 2464.5600) - (1531.9800, 2465.1000) on Layer -
violation type: Horizontal congestion
	srcs: net:net91949 net:spad/_acc_mems_1_io_adder_op1_5_0\[0\] net:spad/acc_mems_1/_1817_ net:spad/acc_mems_1/_1821_
	comment: capacity:3 usage:4 overflow:1
	bbox = (1531.9800, 2444.0400) - (1532.5200, 2444.5800) on Layer -
violation type: Horizontal congestion
	srcs: net:net93256 net:net78172 net:net28825 net:net134854
	comment: capacity:3 usage:4 overflow:1
	bbox = (1532.5200, 2484.0000) - (1533.0600, 2484.5400) on Layer -
violation type: Horizontal congestion
	srcs: net:net93398 net:spad/_05981_ net:spad/_acc_mems_1_io_adder_op1_5_0\[9\] net:net116631
	comment: capacity:3 usage:4 overflow:1
	bbox = (1533.0600, 2482.9200) - (1533.6000, 2483.4600) on Layer -
violation type: Horizontal congestion
	srcs: net:net92330 net:spad/_acc_mems_1_io_adder_op1_8_0\[9\] net:spad/acc_adders/m_7/_155_ net:spad/acc_adders/m_7/_215_
	comment: capacity:3 usage:4 overflow:1
	bbox = (1542.2400, 2501.8200) - (1542.7800, 2502.3600) on Layer -
violation type: Horizontal congestion
	srcs: net:net52326 net:spad/_acc_mems_1_io_adder_op1_6_0\[20\] net:spad/acc_mems_1/_1808_ net:net134715
	comment: capacity:3 usage:4 overflow:1
	bbox = (1542.7800, 2459.7000) - (1543.3200, 2460.2400) on Layer -
violation type: Horizontal congestion
	srcs: net:net91197 net:net92067 net:net135266 net:spad/norm_unit_passthru_q/ram_ext/_0799_
	comment: capacity:3 usage:4 overflow:1
	bbox = (1543.8600, 2445.6600) - (1544.4000, 2446.2000) on Layer -
violation type: Horizontal congestion
	srcs: net:net91703 net:net52699 net:spad/acc_adders/m_7/_137_ net:net135528
	comment: capacity:3 usage:4 overflow:1
	bbox = (1543.8600, 2506.1400) - (1544.4000, 2506.6800) on Layer -
violation type: Horizontal congestion
	srcs: net:spad/_acc_mems_1_io_adder_op1_3_0\[28\] net:spad/acc_mems_1/_0250_ net:net119328 net:net101038
	comment: capacity:3 usage:4 overflow:1
	bbox = (1544.9400, 2447.2800) - (1545.4800, 2447.8200) on Layer -
violation type: Horizontal congestion
	srcs: net:net52702 net:net52670 net:net135486
	comment: capacity:2 usage:3 overflow:1
	bbox = (1545.4800, 2514.7800) - (1546.0200, 2515.3200) on Layer -
violation type: Horizontal congestion
	srcs: net:spad/_acc_mems_1_io_adder_op1_11_0\[27\] net:spad/_acc_mems_1_io_adder_op1_3_0\[19\] net:spad/_acc_mems_1_io_adder_op1_4_0\[11\] net:spad/_acc_mems_1_io_adder_op1_6_0\[7\]
	comment: capacity:3 usage:4 overflow:1
	bbox = (1549.2600, 2654.6400) - (1549.8000, 2655.1800) on Layer -
violation type: Horizontal congestion
	srcs: net:spad/_acc_mems_1_io_adder_op1_8_0\[17\] net:spad/_acc_mems_1_io_adder_op1_8_0\[5\] net:spad/acc_mems_0/q/_1962_ net:net135559
	comment: capacity:3 usage:4 overflow:1
	bbox = (1550.8800, 2503.4400) - (1551.4200, 2503.9800) on Layer -
violation type: Horizontal congestion
	srcs: net:net93319 net:spad/_06005_ net:spad/_acc_mems_1_io_adder_op1_10_0\[29\] net:net28824
	comment: capacity:3 usage:4 overflow:1
	bbox = (1550.8800, 2535.8400) - (1551.4200, 2536.3800) on Layer -
violation type: Horizontal congestion
	srcs: net:spad/_acc_mems_1_io_adder_op1_8_0\[17\] net:spad/_acc_mems_1_io_adder_op1_8_0\[5\] net:spad/acc_mems_0/q/_1962_ net:net135559
	comment: capacity:3 usage:4 overflow:1
	bbox = (1551.4200, 2503.4400) - (1551.9600, 2503.9800) on Layer -
violation type: Horizontal congestion
	srcs: net:net55720 net:spad/acc_mems_0/q/_0311_ net:net135479 net:net101686
	comment: capacity:3 usage:4 overflow:1
	bbox = (1552.5000, 2510.4600) - (1553.0400, 2511.0000) on Layer -
violation type: Horizontal congestion
	srcs: net:net135418 net:net135187 net:net135164 net:net135088
	comment: capacity:3 usage:4 overflow:1
	bbox = (1553.0400, 2463.4800) - (1553.5800, 2464.0200) on Layer -
violation type: Horizontal congestion
	srcs: net:spad/_acc_mems_1_io_adder_op1_14_0\[20\] net:spad/_acc_mems_1_io_adder_op1_1_0\[21\] net:spad/_acc_mems_1_io_adder_op1_2_0\[21\] net:spad/acc_mems_1/q/_0470_
	comment: capacity:3 usage:4 overflow:1
	bbox = (1553.0400, 2468.3400) - (1553.5800, 2468.8800) on Layer -
violation type: Horizontal congestion
	srcs: net:net93387 net:net14727 net:net119558
	comment: capacity:2 usage:3 overflow:1
	bbox = (1554.1200, 2437.0200) - (1554.6600, 2437.5600) on Layer -
violation type: Horizontal congestion
	srcs: net:spad/_acc_mems_1_io_adder_op1_3_0\[18\] net:spad/acc_adders/_0105_ net:net116617 net:net108503
	comment: capacity:3 usage:4 overflow:1
	bbox = (1554.6600, 2472.1200) - (1555.2000, 2472.6600) on Layer -
violation type: Horizontal congestion
	srcs: net:spad/_acc_mems_1_io_adder_op1_4_0\[1\] net:spad/_acc_mems_1_io_adder_op1_4_0\[5\] net:net135426 net:net134895
	comment: capacity:3 usage:4 overflow:1
	bbox = (1555.2000, 2476.9800) - (1555.7400, 2477.5200) on Layer -
violation type: Horizontal congestion
	srcs: net:net57385 net:spad/_02459_ net:spad/acc_mems_1/_0314_ net:net119541
	comment: capacity:3 usage:4 overflow:1
	bbox = (1557.9000, 2471.0400) - (1558.4400, 2471.5800) on Layer -
violation type: Horizontal congestion
	srcs: net:net91535 net:spad/_07152_ net:net135711 net:net134933
	comment: capacity:3 usage:4 overflow:1
	bbox = (1557.9000, 2471.5800) - (1558.4400, 2472.1200) on Layer -
violation type: Horizontal congestion
	srcs: net:net91554 net:net78182 net:spad/_acc_mems_1_io_adder_op1_3_0\[21\] net:spad/_acc_mems_1_io_adder_op1_3_0\[25\]
	comment: capacity:3 usage:4 overflow:1
	bbox = (1557.9000, 2474.8200) - (1558.4400, 2475.3600) on Layer -
violation type: Horizontal congestion
	srcs: net:net91319 net:spad/_07281_ net:spad/acc_mems_1/q/_0911_ net:spad/acc_mems_1/q/_2474_
	comment: capacity:3 usage:4 overflow:1
	bbox = (1558.4400, 2458.0800) - (1558.9800, 2458.6200) on Layer -
violation type: Horizontal congestion
	srcs: net:spad/_acc_mems_1_io_adder_op1_0_0\[28\] net:spad/_acc_mems_1_io_adder_op1_10_0\[24\] net:spad/_acc_mems_1_io_adder_op1_1_0\[29\] net:net135231
	comment: capacity:3 usage:4 overflow:1
	bbox = (1558.4400, 2462.4000) - (1558.9800, 2462.9400) on Layer -
violation type: Horizontal congestion
	srcs: net:net92179 net:spad/_acc_mems_1_io_adder_op1_15_0\[28\] net:net134572
	comment: capacity:2 usage:3 overflow:1
	bbox = (1558.4400, 2465.1000) - (1558.9800, 2465.6400) on Layer -
violation type: Horizontal congestion
	srcs: net:net52413 net:spad/_acc_mems_1_io_adder_op1_2_0\[29\] net:net135278 net:net119541
	comment: capacity:3 usage:4 overflow:1
	bbox = (1558.4400, 2469.9600) - (1558.9800, 2470.5000) on Layer -
violation type: Horizontal congestion
	srcs: net:net57385 net:spad/_02459_ net:spad/acc_mems_0/q/_1374_ net:spad/acc_mems_1/_0314_
	comment: capacity:3 usage:4 overflow:1
	bbox = (1558.4400, 2471.0400) - (1558.9800, 2471.5800) on Layer -
violation type: Horizontal congestion
	srcs: net:net91554 net:net78182 net:spad/_acc_mems_1_io_adder_op1_3_0\[21\] net:spad/_acc_mems_1_io_adder_op1_3_0\[25\]
	comment: capacity:3 usage:4 overflow:1
	bbox = (1558.4400, 2474.8200) - (1558.9800, 2475.3600) on Layer -
violation type: Horizontal congestion
	srcs: net:net93399 net:spad/_acc_mems_1_io_adder_op1_5_0\[9\] net:clknet_leaf_4319_clock
	comment: capacity:2 usage:3 overflow:1
	bbox = (1558.4400, 2482.9200) - (1558.9800, 2483.4600) on Layer -
violation type: Horizontal congestion
	srcs: net:spad/_acc_mems_1_io_adder_op1_0_0\[21\] net:spad/_acc_mems_1_io_adder_op1_0_0\[22\] net:spad/acc_mems_1/q/_0378_ net:net93970
	comment: capacity:3 usage:4 overflow:1
	bbox = (1558.9800, 2456.4600) - (1559.5200, 2457.0000) on Layer -
violation type: Horizontal congestion
	srcs: net:net92238 net:spad/_acc_mems_1_io_adder_op1_0_0\[25\] net:net135231 net:net134572
	comment: capacity:3 usage:4 overflow:1
	bbox = (1558.9800, 2462.9400) - (1559.5200, 2463.4800) on Layer -
violation type: Horizontal congestion
	srcs: net:net52413 net:spad/_acc_mems_1_io_adder_op1_2_0\[29\] net:net135278 net:net119541
	comment: capacity:3 usage:4 overflow:1
	bbox = (1558.9800, 2469.9600) - (1559.5200, 2470.5000) on Layer -
violation type: Horizontal congestion
	srcs: net:net57385 net:spad/_02459_ net:spad/acc_mems_0/q/_1374_ net:spad/acc_mems_1/_0314_
	comment: capacity:3 usage:4 overflow:1
	bbox = (1558.9800, 2471.0400) - (1559.5200, 2471.5800) on Layer -
violation type: Horizontal congestion
	srcs: net:net91554 net:net78182 net:spad/_acc_mems_1_io_adder_op1_3_0\[21\] net:spad/_acc_mems_1_io_adder_op1_3_0\[25\]
	comment: capacity:3 usage:4 overflow:1
	bbox = (1558.9800, 2474.8200) - (1559.5200, 2475.3600) on Layer -
violation type: Horizontal congestion
	srcs: net:net52735 net:net43445 net:spad/_acc_mems_1_io_adder_op1_8_0\[28\] net:spad/norm_unit_passthru_q/ram_ext/_0251_
	comment: capacity:3 usage:4 overflow:1
	bbox = (1558.9800, 2476.4400) - (1559.5200, 2476.9800) on Layer -
violation type: Horizontal congestion
	srcs: net:net93399 net:spad/_00430_ net:spad/_acc_mems_1_io_adder_op1_5_0\[9\]
	comment: capacity:2 usage:3 overflow:1
	bbox = (1558.9800, 2482.9200) - (1559.5200, 2483.4600) on Layer -
violation type: Horizontal congestion
	srcs: net:net57385 net:spad/_02459_ net:spad/acc_mems_0/q/_1374_ net:spad/acc_mems_1/_0314_
	comment: capacity:3 usage:4 overflow:1
	bbox = (1559.5200, 2471.0400) - (1560.0600, 2471.5800) on Layer -
violation type: Horizontal congestion
	srcs: net:net52704 net:net52005 net:net43445 net:spad/_acc_mems_1_io_adder_op1_4_0\[9\]
	comment: capacity:3 usage:4 overflow:1
	bbox = (1559.5200, 2478.6000) - (1560.0600, 2479.1400) on Layer -
violation type: Horizontal congestion
	srcs: net:spad/_acc_mems_1_io_adder_op1_4_0\[1\] net:spad/_acc_mems_1_io_adder_op1_4_0\[5\] net:net135616 net:net135426
	comment: capacity:3 usage:4 overflow:1
	bbox = (1560.6000, 2476.9800) - (1561.1400, 2477.5200) on Layer -
violation type: Horizontal congestion
	srcs: net:net52005 net:net43445 net:spad/_acc_mems_1_io_adder_op1_4_0\[9\] net:net101038
	comment: capacity:3 usage:4 overflow:1
	bbox = (1560.6000, 2478.6000) - (1561.1400, 2479.1400) on Layer -
violation type: Horizontal congestion
	srcs: net:net78190 net:spad/_acc_mems_1_io_adder_op1_5_0\[25\] net:spad/_acc_mems_1_io_adder_op1_6_0\[5\] net:spad/acc_mems_0/q/_2733_
	comment: capacity:3 usage:4 overflow:1
	bbox = (1560.6000, 2489.4000) - (1561.1400, 2489.9400) on Layer -
violation type: Horizontal congestion
	srcs: net:net92249 net:net55720 net:spad/_acc_mems_1_io_adder_op1_6_0\[13\]
	comment: capacity:2 usage:3 overflow:1
	bbox = (1560.6000, 2491.0200) - (1561.1400, 2491.5600) on Layer -
violation type: Horizontal congestion
	srcs: net:net91508 net:spad/_acc_mems_1_io_adder_op1_15_0\[24\] net:spad/_acc_mems_1_io_adder_op1_5_0\[8\] net:net134524
	comment: capacity:3 usage:4 overflow:1
	bbox = (1561.1400, 2461.8600) - (1561.6800, 2462.4000) on Layer -
violation type: Horizontal congestion
	srcs: net:net52413 net:spad/_acc_mems_1_io_adder_op1_2_0\[29\] net:net135616 net:net119541
	comment: capacity:3 usage:4 overflow:1
	bbox = (1561.1400, 2469.9600) - (1561.6800, 2470.5000) on Layer -
violation type: Horizontal congestion
	srcs: net:net43661 net:net134904 net:net134895
	comment: capacity:2 usage:3 overflow:1
	bbox = (1561.1400, 2478.0600) - (1561.6800, 2478.6000) on Layer -
violation type: Horizontal congestion
	srcs: net:net52005 net:net43445 net:spad/_acc_mems_1_io_adder_op1_4_0\[9\] net:net101038
	comment: capacity:3 usage:4 overflow:1
	bbox = (1561.1400, 2478.6000) - (1561.6800, 2479.1400) on Layer -
violation type: Horizontal congestion
	srcs: net:net92238 net:spad/_02431_ net:spad/_07145_ net:spad/_acc_mems_1_io_adder_op1_4_0\[28\]
	comment: capacity:3 usage:4 overflow:1
	bbox = (1561.6800, 2457.0000) - (1562.2200, 2457.5400) on Layer -
violation type: Horizontal congestion
	srcs: net:net93276 net:spad/_acc_mems_1_io_adder_op1_2_0\[13\] net:spad/_acc_mems_1_io_adder_op1_2_0\[17\] net:net119541
	comment: capacity:3 usage:4 overflow:1
	bbox = (1561.6800, 2467.2600) - (1562.2200, 2467.8000) on Layer -
violation type: Horizontal congestion
	srcs: net:spad/_acc_mems_1_io_adder_op1_2_0\[25\] net:net135088 net:net134422 net:net8517
	comment: capacity:3 usage:4 overflow:1
	bbox = (1561.6800, 2469.4200) - (1562.2200, 2469.9600) on Layer -
violation type: Horizontal congestion
	srcs: net:net43661 net:net134904 net:net134895 net:net108347
	comment: capacity:3 usage:4 overflow:1
	bbox = (1561.6800, 2478.0600) - (1562.2200, 2478.6000) on Layer -
violation type: Horizontal congestion
	srcs: net:net59649 net:spad/_acc_mems_1_io_adder_op1_5_0\[1\] net:net134877 net:net8416
	comment: capacity:3 usage:4 overflow:1
	bbox = (1561.6800, 2482.3800) - (1562.2200, 2482.9200) on Layer -
violation type: Horizontal congestion
	srcs: net:net93242 net:net52725 net:spad/acc_mems_0/_1446_ net:net134838
	comment: capacity:3 usage:4 overflow:1
	bbox = (1561.6800, 2485.0800) - (1562.2200, 2485.6200) on Layer -
violation type: Horizontal congestion
	srcs: net:spad/_acc_mems_1_io_adder_op1_2_0\[25\] net:net135088 net:net134422 net:net8517
	comment: capacity:3 usage:4 overflow:1
	bbox = (1562.2200, 2469.4200) - (1562.7600, 2469.9600) on Layer -
violation type: Horizontal congestion
	srcs: net:net57385 net:spad/_acc_mems_0_io_read_resp_bits_data_3_0\[18\] net:spad/_acc_mems_1_io_adder_op1_9_0\[28\] net:spad/acc_mems_1/_0314_
	comment: capacity:3 usage:4 overflow:1
	bbox = (1562.2200, 2471.0400) - (1562.7600, 2471.5800) on Layer -
violation type: Horizontal congestion
	srcs: net:spad/_acc_mems_1_io_adder_op1_4_0\[12\] net:clknet_leaf_4319_clock net:net108503 net:net101686
	comment: capacity:3 usage:4 overflow:1
	bbox = (1562.2200, 2473.2000) - (1562.7600, 2473.7400) on Layer -
violation type: Horizontal congestion
	srcs: net:net59649 net:spad/_acc_mems_1_io_adder_op1_5_0\[1\] net:net134877 net:net8416
	comment: capacity:3 usage:4 overflow:1
	bbox = (1562.2200, 2482.3800) - (1562.7600, 2482.9200) on Layer -
violation type: Horizontal congestion
	srcs: net:spad/_acc_mems_1_io_adder_op1_13_0\[16\] net:spad/acc_mems_1/pipelined_writes_1_bits_mask_21 net:net135022 net:net134524
	comment: capacity:3 usage:4 overflow:1
	bbox = (1562.7600, 2461.3200) - (1563.3000, 2461.8600) on Layer -
violation type: Horizontal congestion
	srcs: net:net91554 net:spad/_acc_mems_1_io_adder_op1_3_0\[21\] net:spad/_acc_mems_1_io_adder_op1_3_0\[25\] net:net108503
	comment: capacity:3 usage:4 overflow:1
	bbox = (1562.7600, 2474.8200) - (1563.3000, 2475.3600) on Layer -
violation type: Horizontal congestion
	srcs: net:net43661 net:spad/_acc_mems_1_io_adder_op1_4_0\[1\] net:spad/_acc_mems_1_io_adder_op1_4_0\[5\] net:net135426
	comment: capacity:3 usage:4 overflow:1
	bbox = (1562.7600, 2476.9800) - (1563.3000, 2477.5200) on Layer -
violation type: Horizontal congestion
	srcs: net:net134904 net:net134895 net:spad/norm_unit_passthru_q/ram_ext/_0800_ net:net101634
	comment: capacity:3 usage:4 overflow:1
	bbox = (1562.7600, 2478.0600) - (1563.3000, 2478.6000) on Layer -
violation type: Horizontal congestion
	srcs: net:net43661 net:spad/_acc_mems_1_io_adder_op1_4_0\[1\] net:spad/_acc_mems_1_io_adder_op1_4_0\[5\] net:net135426
	comment: capacity:3 usage:4 overflow:1
	bbox = (1563.3000, 2476.9800) - (1563.8400, 2477.5200) on Layer -
violation type: Horizontal congestion
	srcs: net:net92249 net:spad/_acc_mems_1_io_adder_op1_6_0\[13\] net:net119541
	comment: capacity:2 usage:3 overflow:1
	bbox = (1563.3000, 2491.0200) - (1563.8400, 2491.5600) on Layer -
violation type: Horizontal congestion
	srcs: net:net52735 net:spad/_acc_mems_1_io_adder_op1_3_0\[29\] net:spad/_acc_mems_1_io_adder_op1_9_0\[24\] net:spad/norm_unit_passthru_q/ram_ext/_0800_
	comment: capacity:3 usage:4 overflow:1
	bbox = (1563.8400, 2475.9000) - (1564.3800, 2476.4400) on Layer -
violation type: Horizontal congestion
	srcs: net:net92249 net:spad/_acc_mems_1_io_adder_op1_3_0\[26\] net:spad/_acc_mems_1_io_adder_op1_6_0\[13\] net:net119541
	comment: capacity:3 usage:4 overflow:1
	bbox = (1563.8400, 2491.0200) - (1564.3800, 2491.5600) on Layer -
violation type: Horizontal congestion
	srcs: net:net52396 net:spad/norm_unit_passthru_q/ram_ext/_0800_ net:net119299 net:net8431
	comment: capacity:3 usage:4 overflow:1
	bbox = (1564.3800, 2475.3600) - (1564.9200, 2475.9000) on Layer -
violation type: Horizontal congestion
	srcs: net:net78182 net:spad/norm_unit_passthru_q/ram_ext/_2865_ net:net14131 net:net101038
	comment: capacity:3 usage:4 overflow:1
	bbox = (1564.3800, 2476.4400) - (1564.9200, 2476.9800) on Layer -
violation type: Horizontal congestion
	srcs: net:net43445 net:spad/_acc_mems_1_io_adder_op1_4_0\[9\] net:net107154 net:net101634
	comment: capacity:3 usage:4 overflow:1
	bbox = (1564.3800, 2478.6000) - (1564.9200, 2479.1400) on Layer -
violation type: Horizontal congestion
	srcs: net:net55662 net:spad/_acc_mems_1_io_adder_op1_4_0\[12\] net:net135164 net:net101686
	comment: capacity:3 usage:4 overflow:1
	bbox = (1564.9200, 2473.2000) - (1565.4600, 2473.7400) on Layer -
violation type: Horizontal congestion
	srcs: net:net52396 net:spad/norm_unit_passthru_q/ram_ext/_2866_ net:net119299 net:net8431
	comment: capacity:3 usage:4 overflow:1
	bbox = (1564.9200, 2475.3600) - (1565.4600, 2475.9000) on Layer -
violation type: Horizontal congestion
	srcs: net:net55662 net:spad/_acc_mems_1_io_adder_op1_4_0\[12\] net:net119299 net:net101686
	comment: capacity:3 usage:4 overflow:1
	bbox = (1565.4600, 2473.2000) - (1566.0000, 2473.7400) on Layer -
violation type: Horizontal congestion
	srcs: net:net55662 net:spad/_acc_mems_1_io_adder_op1_4_0\[12\] net:net119299 net:net101686
	comment: capacity:3 usage:4 overflow:1
	bbox = (1566.0000, 2473.2000) - (1566.5400, 2473.7400) on Layer -
violation type: Horizontal congestion
	srcs: net:net91296 net:net93313 net:spad/_acc_mems_1_io_adder_op1_2_0\[14\] net:spad/acc_mems_1/_0310_
	comment: capacity:3 usage:4 overflow:1
	bbox = (1566.5400, 2466.1800) - (1567.0800, 2466.7200) on Layer -
violation type: Horizontal congestion
	srcs: net:spad/_acc_mems_1_io_adder_op1_2_0\[17\] net:spad/_acc_mems_1_io_adder_op1_2_0\[21\] net:net135339 net:net119541
	comment: capacity:3 usage:4 overflow:1
	bbox = (1566.5400, 2467.8000) - (1567.0800, 2468.3400) on Layer -
violation type: Horizontal congestion
	srcs: net:net92297 net:spad/_acc_mems_1_io_adder_op1_7_0\[20\] net:spad/acc_mems_0/q/_1107_ net:net116618
	comment: capacity:3 usage:4 overflow:1
	bbox = (1566.5400, 2468.8800) - (1567.0800, 2469.4200) on Layer -
violation type: Horizontal congestion
	srcs: net:net91296 net:net93313 net:spad/_acc_mems_1_io_adder_op1_2_0\[14\] net:spad/acc_mems_1/_0310_
	comment: capacity:3 usage:4 overflow:1
	bbox = (1567.0800, 2466.1800) - (1567.6200, 2466.7200) on Layer -
violation type: Horizontal congestion
	srcs: net:net91991 net:spad/_07290_ net:spad/_acc_mems_1_io_adder_op1_15_0\[20\] net:net134597
	comment: capacity:3 usage:4 overflow:1
	bbox = (1567.0800, 2466.7200) - (1567.6200, 2467.2600) on Layer -
violation type: Horizontal congestion
	srcs: net:spad/_acc_mems_1_io_adder_op1_2_0\[17\] net:spad/_acc_mems_1_io_adder_op1_2_0\[21\] net:net135339 net:net119541
	comment: capacity:3 usage:4 overflow:1
	bbox = (1567.0800, 2467.8000) - (1567.6200, 2468.3400) on Layer -
violation type: Horizontal congestion
	srcs: net:net92297 net:spad/_acc_mems_1_io_adder_op1_7_0\[20\] net:spad/acc_mems_0/q/_1107_ net:net116618
	comment: capacity:3 usage:4 overflow:1
	bbox = (1567.0800, 2468.8800) - (1567.6200, 2469.4200) on Layer -
violation type: Horizontal congestion
	srcs: net:spad/_acc_mems_1_io_adder_op1_2_0\[25\] net:spad/acc_mems_0/q/_0246_ net:spad/acc_mems_1/_0314_ net:net135088
	comment: capacity:3 usage:4 overflow:1
	bbox = (1567.0800, 2469.4200) - (1567.6200, 2469.9600) on Layer -
violation type: Horizontal congestion
	srcs: net:net93242 net:net52725 net:net134917 net:net134838
	comment: capacity:3 usage:4 overflow:1
	bbox = (1567.0800, 2485.0800) - (1567.6200, 2485.6200) on Layer -
violation type: Horizontal congestion
	srcs: net:net91948 net:spad/_acc_mems_1_io_adder_op1_1_0\[28\] net:spad/_acc_mems_1_io_adder_op1_5_0\[24\] net:spad/_acc_mems_1_io_adder_op1_7_0\[24\]
	comment: capacity:3 usage:4 overflow:1
	bbox = (1567.6200, 2448.9000) - (1568.1600, 2449.4400) on Layer -
violation type: Horizontal congestion
	srcs: net:net55721 net:spad/_acc_mems_1_io_adder_op1_15_0\[28\] net:spad/_acc_mems_1_io_adder_op1_1_0\[25\] net:spad/acc_mems_0/q/_0346_
	comment: capacity:3 usage:4 overflow:1
	bbox = (1567.6200, 2465.1000) - (1568.1600, 2465.6400) on Layer -
violation type: Horizontal congestion
	srcs: net:net91296 net:net93313 net:spad/_acc_mems_1_io_adder_op1_2_0\[14\] net:spad/acc_mems_1/_0310_
	comment: capacity:3 usage:4 overflow:1
	bbox = (1567.6200, 2466.1800) - (1568.1600, 2466.7200) on Layer -
violation type: Horizontal congestion
	srcs: net:net91991 net:spad/_07290_ net:spad/_acc_mems_1_io_adder_op1_15_0\[20\] net:net134597
	comment: capacity:3 usage:4 overflow:1
	bbox = (1567.6200, 2466.7200) - (1568.1600, 2467.2600) on Layer -
violation type: Horizontal congestion
	srcs: net:net92297 net:spad/_acc_mems_1_io_adder_op1_7_0\[20\] net:spad/acc_mems_0/q/_1107_ net:spad/acc_mems_0/q/_2736_ net:net116618
	comment: capacity:3 usage:5 overflow:2
	bbox = (1567.6200, 2468.8800) - (1568.1600, 2469.4200) on Layer -
violation type: Horizontal congestion
	srcs: net:spad/_acc_mems_1_io_adder_op1_14_0\[20\] net:net29147 net:net119628
	comment: capacity:2 usage:3 overflow:1
	bbox = (1567.6200, 2487.2400) - (1568.1600, 2487.7800) on Layer -
violation type: Horizontal congestion
	srcs: net:net91948 net:spad/_acc_mems_1_io_adder_op1_1_0\[28\] net:spad/_acc_mems_1_io_adder_op1_5_0\[24\] net:spad/_acc_mems_1_io_adder_op1_7_0\[24\]
	comment: capacity:3 usage:4 overflow:1
	bbox = (1568.1600, 2448.9000) - (1568.7000, 2449.4400) on Layer -
violation type: Horizontal congestion
	srcs: net:net91273 net:net92237 net:net52308 net:spad/_acc_mems_1_io_adder_op1_0_0\[21\]
	comment: capacity:3 usage:4 overflow:1
	bbox = (1568.1600, 2457.0000) - (1568.7000, 2457.5400) on Layer -
violation type: Horizontal congestion
	srcs: net:net91991 net:spad/_07290_ net:spad/_acc_mems_1_io_adder_op1_15_0\[20\] net:net134597
	comment: capacity:3 usage:4 overflow:1
	bbox = (1568.1600, 2466.7200) - (1568.7000, 2467.2600) on Layer -
violation type: Horizontal congestion
	srcs: net:net59649 net:net8416 net:net107154
	comment: capacity:2 usage:3 overflow:1
	bbox = (1568.1600, 2482.3800) - (1568.7000, 2482.9200) on Layer -
violation type: Horizontal congestion
	srcs: net:net55662 net:spad/_acc_mems_1_io_read_resp_bits_data_13_0\[20\] net:spad/acc_mems_1/q/_1752_ net:net119299
	comment: capacity:3 usage:4 overflow:1
	bbox = (1568.7000, 2473.2000) - (1569.2400, 2473.7400) on Layer -
violation type: Horizontal congestion
	srcs: net:net93264 net:net92183 net:net92324 net:spad/acc_mems_1/_2706_
	comment: capacity:3 usage:4 overflow:1
	bbox = (1570.8600, 2484.5400) - (1571.4000, 2485.0800) on Layer -
violation type: Horizontal congestion
	srcs: net:net52784 net:net43436 net:spad/acc_mems_0/_0814_ net:spad/acc_mems_1/pipelined_writes_1_bits_mask_28
	comment: capacity:3 usage:4 overflow:1
	bbox = (1571.4000, 2627.6400) - (1571.9400, 2628.1800) on Layer -
violation type: Horizontal congestion
	srcs: net:spad/_acc_mems_1_io_adder_op1_13_0\[20\] net:spad/_acc_mems_1_io_adder_op1_4_0\[21\] net:spad/_acc_mems_1_io_adder_op1_4_0\[22\] net:net117305
	comment: capacity:3 usage:4 overflow:1
	bbox = (1571.9400, 2480.2200) - (1572.4800, 2480.7600) on Layer -
violation type: Horizontal congestion
	srcs: net:net52722 net:net52728 net:spad/acc_mems_1/_0949_ net:net135124
	comment: capacity:3 usage:4 overflow:1
	bbox = (1571.9400, 2538.0000) - (1572.4800, 2538.5400) on Layer -
violation type: Horizontal congestion
	srcs: net:net59547 net:net55718 net:spad/_02401_ net:net135084
	comment: capacity:3 usage:4 overflow:1
	bbox = (1571.9400, 2541.7800) - (1572.4800, 2542.3200) on Layer -
violation type: Horizontal congestion
	srcs: net:spad/_acc_mems_1_io_adder_op2_11_0\[22\] net:spad/acc_mems_0/_2293_ net:net108433 net:net108396
	comment: capacity:3 usage:4 overflow:1
	bbox = (1571.9400, 2625.4800) - (1572.4800, 2626.0200) on Layer -
violation type: Horizontal congestion
	srcs: net:net92041 net:spad/acc_adders/m_7/_197_ net:net135304 net:net119316
	comment: capacity:3 usage:4 overflow:1
	bbox = (1572.4800, 2440.8000) - (1573.0200, 2441.3400) on Layer -
violation type: Horizontal congestion
	srcs: net:net91855 net:clknet_leaf_4322_clock net:net135352 net:net135317
	comment: capacity:3 usage:4 overflow:1
	bbox = (1573.5600, 2445.6600) - (1574.1000, 2446.2000) on Layer -
violation type: Horizontal congestion
	srcs: net:net91855 net:clknet_leaf_4322_clock net:net135352 net:net135317
	comment: capacity:3 usage:4 overflow:1
	bbox = (1574.1000, 2445.6600) - (1574.6400, 2446.2000) on Layer -
violation type: Horizontal congestion
	srcs: net:spad/_acc_mems_1_io_adder_op1_0_0\[13\] net:spad/_acc_mems_1_io_adder_op1_11_0\[24\] net:net119323 net:net108239
	comment: capacity:3 usage:4 overflow:1
	bbox = (1574.1000, 2455.3800) - (1574.6400, 2455.9200) on Layer -
violation type: Horizontal congestion
	srcs: net:spad/_acc_mems_1_io_adder_op1_0_0\[29\] net:clknet_leaf_4321_clock net:spad/acc_mems_0/q/_1784_ net:net119540
	comment: capacity:3 usage:4 overflow:1
	bbox = (1574.6400, 2458.0800) - (1575.1800, 2458.6200) on Layer -
violation type: Horizontal congestion
	srcs: net:spad/_02336_ net:clknet_leaf_3558_clock net:net135225 net:net101803
	comment: capacity:3 usage:4 overflow:1
	bbox = (1574.6400, 2527.2000) - (1575.1800, 2527.7400) on Layer -
violation type: Horizontal congestion
	srcs: net:spad/_acc_mems_1_io_adder_op1_7_0\[24\] net:spad/acc_mems_0/q/_0238_ net:spad/acc_mems_0/q/_1115_ net:net108265
	comment: capacity:3 usage:4 overflow:1
	bbox = (1575.1800, 2449.4400) - (1575.7200, 2449.9800) on Layer -
violation type: Horizontal congestion
	srcs: net:spad/_acc_mems_1_io_adder_op1_0_0\[29\] net:clknet_leaf_4321_clock net:spad/acc_mems_0/q/_1784_ net:net119540
	comment: capacity:3 usage:4 overflow:1
	bbox = (1575.1800, 2458.0800) - (1575.7200, 2458.6200) on Layer -
violation type: Horizontal congestion
	srcs: net:net93453 net:clknet_leaf_4318_clock net:spad/acc_mems_1/q/_0116_ net:net101634
	comment: capacity:3 usage:4 overflow:1
	bbox = (1575.1800, 2472.6600) - (1575.7200, 2473.2000) on Layer -
violation type: Horizontal congestion
	srcs: net:net92297 net:spad/_acc_mems_0_io_read_resp_bits_data_10_0\[24\] net:spad/_acc_mems_1_io_adder_op1_2_0\[21\] net:spad/_acc_mems_1_io_adder_op1_2_0\[22\]
	comment: capacity:3 usage:4 overflow:1
	bbox = (1575.7200, 2468.3400) - (1576.2600, 2468.8800) on Layer -
violation type: Horizontal congestion
	srcs: net:net91209 net:spad/acc_mems_0/q/_0475_ net:net134571 net:net119297
	comment: capacity:3 usage:4 overflow:1
	bbox = (1575.7200, 2544.4800) - (1576.2600, 2545.0200) on Layer -
violation type: Horizontal congestion
	srcs: net:spad/_acc_mems_1_io_adder_op1_5_0\[23\] net:spad/_acc_mems_1_io_adder_op1_5_0\[7\] net:net135618 net:net119575
	comment: capacity:3 usage:4 overflow:1
	bbox = (1575.7200, 2652.4800) - (1576.2600, 2653.0200) on Layer -
violation type: Horizontal congestion
	srcs: net:spad/_acc_mems_1_io_adder_op1_0_0\[25\] net:spad/_acc_mems_1_io_adder_op1_15_0\[24\] net:net135022 net:net134715
	comment: capacity:3 usage:4 overflow:1
	bbox = (1576.2600, 2461.8600) - (1576.8000, 2462.4000) on Layer -
violation type: Horizontal congestion
	srcs: net:net92284 net:spad/_acc_mems_1_io_adder_op1_10_0\[28\] net:spad/acc_mems_0/q/_0506_ net:spad/acc_mems_0/q/_0847_
	comment: capacity:3 usage:4 overflow:1
	bbox = (1576.8000, 2459.1600) - (1577.3400, 2459.7000) on Layer -
violation type: Horizontal congestion
	srcs: net:net51351 net:spad/_acc_mems_1_io_adder_op1_1_0\[29\] net:spad/acc_mems_1/_0314_ net:net93666
	comment: capacity:3 usage:4 overflow:1
	bbox = (1576.8000, 2464.0200) - (1577.3400, 2464.5600) on Layer -
violation type: Horizontal congestion
	srcs: net:spad/_acc_mems_1_io_adder_op1_6_0\[29\] net:spad/acc_mems_1/q/_0247_ net:net134774 net:net134752
	comment: capacity:3 usage:4 overflow:1
	bbox = (1576.8000, 2492.1000) - (1577.3400, 2492.6400) on Layer -
violation type: Horizontal congestion
	srcs: net:net55718 net:spad/_acc_mems_1_io_adder_op1_7_0\[11\] net:net108244 net:net101685
	comment: capacity:3 usage:4 overflow:1
	bbox = (1577.3400, 2631.9600) - (1577.8800, 2632.5000) on Layer -
violation type: Horizontal congestion
	srcs: net:net92168 net:spad/_acc_mems_1_io_adder_op1_12_0\[23\] net:spad/acc_mems_1/q/_0345_ net:net101669
	comment: capacity:3 usage:4 overflow:1
	bbox = (1577.3400, 2661.1200) - (1577.8800, 2661.6600) on Layer -
violation type: Horizontal congestion
	srcs: net:net92284 net:net55721 net:spad/_acc_mems_1_io_adder_op1_10_0\[28\] net:net101687
	comment: capacity:3 usage:4 overflow:1
	bbox = (1577.8800, 2459.1600) - (1578.4200, 2459.7000) on Layer -
violation type: Horizontal congestion
	srcs: net:net52976 net:spad/_03516_ net:spad/_acc_mems_1_io_adder_op1_14_0\[20\] net:net29147
	comment: capacity:3 usage:4 overflow:1
	bbox = (1577.8800, 2487.2400) - (1578.4200, 2487.7800) on Layer -
violation type: Horizontal congestion
	srcs: net:net93534 net:spad/_acc_mems_1_io_adder_op1_6_0\[1\] net:spad/_acc_mems_1_io_adder_op1_6_0\[2\] net:net134942
	comment: capacity:3 usage:4 overflow:1
	bbox = (1577.8800, 2488.8600) - (1578.4200, 2489.4000) on Layer -
violation type: Horizontal congestion
	srcs: net:net91797 net:spad/acc_mems_1/q/_0476_ net:spad/acc_mems_1/q/_0877_ net:net135287
	comment: capacity:3 usage:4 overflow:1
	bbox = (1577.8800, 2545.0200) - (1578.4200, 2545.5600) on Layer -
violation type: Horizontal congestion
	srcs: net:net52326 net:net52308 net:spad/_acc_mems_1_io_adder_op1_11_0\[24\] net:net94115
	comment: capacity:3 usage:4 overflow:1
	bbox = (1578.4200, 2457.5400) - (1578.9600, 2458.0800) on Layer -
violation type: Horizontal congestion
	srcs: net:spad/_acc_mems_1_io_adder_op1_13_0\[16\] net:spad/_acc_mems_1_io_adder_op1_6_0\[20\] net:spad/_acc_mems_1_io_adder_op1_8_0\[16\] net:net101687
	comment: capacity:3 usage:4 overflow:1
	bbox = (1578.4200, 2459.7000) - (1578.9600, 2460.2400) on Layer -
violation type: Horizontal congestion
	srcs: net:net91975 net:net57383 net:spad/_02427_
	comment: capacity:2 usage:3 overflow:1
	bbox = (1578.4200, 2472.1200) - (1578.9600, 2472.6600) on Layer -
violation type: Horizontal congestion
	srcs: net:net52706 net:net49274 net:spad/_05864_ net:net134789
	comment: capacity:3 usage:4 overflow:1
	bbox = (1578.4200, 2488.3200) - (1578.9600, 2488.8600) on Layer -
violation type: Horizontal congestion
	srcs: net:net93534 net:spad/_acc_mems_1_io_adder_op1_6_0\[1\] net:spad/_acc_mems_1_io_adder_op1_6_0\[2\] net:net134942
	comment: capacity:3 usage:4 overflow:1
	bbox = (1578.4200, 2488.8600) - (1578.9600, 2489.4000) on Layer -
violation type: Horizontal congestion
	srcs: net:spad/_acc_mems_1_io_read_resp_bits_data_14_0\[26\] net:clknet_leaf_3551_clock net:net135213 net:net134567
	comment: capacity:3 usage:4 overflow:1
	bbox = (1578.4200, 2543.9400) - (1578.9600, 2544.4800) on Layer -
violation type: Horizontal congestion
	srcs: net:net92163 net:net91869 net:spad/_acc_mems_1_io_adder_op1_0_0\[13\] net:net119323
	comment: capacity:3 usage:4 overflow:1
	bbox = (1578.9600, 2455.3800) - (1579.5000, 2455.9200) on Layer -
violation type: Horizontal congestion
	srcs: net:net91296 net:net52412 net:spad/_02459_ net:net135088
	comment: capacity:3 usage:4 overflow:1
	bbox = (1578.9600, 2471.0400) - (1579.5000, 2471.5800) on Layer -
violation type: Horizontal congestion
	srcs: net:net43661 net:spad/_acc_mems_1_io_adder_op1_4_0\[9\] net:spad/_acc_mems_1_io_adder_op1_8_0\[28\] net:net134904
	comment: capacity:3 usage:4 overflow:1
	bbox = (1578.9600, 2478.0600) - (1579.5000, 2478.6000) on Layer -
violation type: Horizontal congestion
	srcs: net:net93534 net:spad/_acc_mems_1_io_adder_op1_6_0\[1\] net:spad/_acc_mems_1_io_adder_op1_6_0\[2\] net:net134942
	comment: capacity:3 usage:4 overflow:1
	bbox = (1578.9600, 2488.8600) - (1579.5000, 2489.4000) on Layer -
violation type: Horizontal congestion
	srcs: net:net55663 net:net135364 net:net134613 net:net101634
	comment: capacity:3 usage:4 overflow:1
	bbox = (1579.5000, 2452.6800) - (1580.0400, 2453.2200) on Layer -
violation type: Horizontal congestion
	srcs: net:net92284 net:net92237 net:net55721 net:spad/_acc_mems_1_io_adder_op1_10_0\[28\]
	comment: capacity:3 usage:4 overflow:1
	bbox = (1579.5000, 2459.1600) - (1580.0400, 2459.7000) on Layer -
violation type: Horizontal congestion
	srcs: net:net91677 net:spad/_acc_mems_1_io_adder_op1_11_0\[20\] net:net135291 net:net119299
	comment: capacity:3 usage:4 overflow:1
	bbox = (1579.5000, 2465.6400) - (1580.0400, 2466.1800) on Layer -
violation type: Horizontal congestion
	srcs: net:spad/_acc_mems_1_io_adder_op1_13_0\[22\] net:spad/_acc_mems_1_io_adder_op1_14_0\[29\] net:net108480 net:net108325
	comment: capacity:3 usage:4 overflow:1
	bbox = (1579.5000, 2541.2400) - (1580.0400, 2541.7800) on Layer -
violation type: Horizontal congestion
	srcs: net:net92077 net:spad/_acc_mems_1_io_adder_op1_0_0\[16\] net:spad/_acc_mems_1_io_adder_op1_3_0\[28\] net:spad/_acc_mems_1_io_adder_op1_6_0\[0\]
	comment: capacity:3 usage:4 overflow:1
	bbox = (1580.0400, 2447.2800) - (1580.5800, 2447.8200) on Layer -
violation type: Horizontal congestion
	srcs: net:spad/_acc_mems_0_io_read_resp_bits_data_12_0\[24\] net:spad/_acc_mems_1_io_adder_op1_0_0\[29\] net:spad/_acc_mems_1_io_adder_op1_0_0\[30\] net:net134677
	comment: capacity:3 usage:4 overflow:1
	bbox = (1580.0400, 2458.0800) - (1580.5800, 2458.6200) on Layer -
violation type: Horizontal congestion
	srcs: net:net91677 net:spad/_acc_mems_1_io_adder_op1_11_0\[20\] net:spad/acc_mems_1/q/_0506_ net:net135291
	comment: capacity:3 usage:4 overflow:1
	bbox = (1580.0400, 2465.6400) - (1580.5800, 2466.1800) on Layer -
violation type: Horizontal congestion
	srcs: net:spad/_acc_mems_1_io_adder_op1_2_0\[13\] net:spad/_acc_mems_1_io_adder_op1_2_0\[14\] net:net119299
	comment: capacity:2 usage:3 overflow:1
	bbox = (1580.0400, 2467.2600) - (1580.5800, 2467.8000) on Layer -
violation type: Horizontal congestion
	srcs: net:net92328 net:spad/_acc_mems_1_io_adder_op1_0_0\[31\] net:spad/acc_mems_0/q/_0846_
	comment: capacity:2 usage:3 overflow:1
	bbox = (1580.0400, 2635.7400) - (1580.5800, 2636.2800) on Layer -
violation type: Horizontal congestion
	srcs: net:net91869 net:spad/_acc_mems_1_io_adder_op1_0_0\[13\] net:net134572 net:net119323
	comment: capacity:3 usage:4 overflow:1
	bbox = (1580.5800, 2455.3800) - (1581.1200, 2455.9200) on Layer -
violation type: Horizontal congestion
	srcs: net:spad/_acc_mems_0_io_read_resp_bits_data_12_0\[24\] net:spad/_acc_mems_1_io_adder_op1_0_0\[29\] net:spad/_acc_mems_1_io_adder_op1_0_0\[30\] net:net134677
	comment: capacity:3 usage:4 overflow:1
	bbox = (1580.5800, 2458.0800) - (1581.1200, 2458.6200) on Layer -
violation type: Horizontal congestion
	srcs: net:net91296 net:net52412 net:spad/_02459_ net:net108502
	comment: capacity:3 usage:4 overflow:1
	bbox = (1580.5800, 2471.0400) - (1581.1200, 2471.5800) on Layer -
violation type: Horizontal congestion
	srcs: net:net93242 net:spad/_acc_mems_1_io_adder_op1_13_0\[20\] net:spad/_acc_mems_1_io_adder_op1_5_0\[9\] net:spad/acc_scale_unit/pipe_out_p/_17262_
	comment: capacity:3 usage:4 overflow:1
	bbox = (1580.5800, 2484.0000) - (1581.1200, 2484.5400) on Layer -
violation type: Horizontal congestion
	srcs: net:spad/_acc_mems_1_io_adder_op1_2_0\[29\] net:spad/_acc_mems_1_io_adder_op1_2_0\[30\] net:spad/acc_mems_1/q/_1107_ net:net134422
	comment: capacity:3 usage:4 overflow:1
	bbox = (1581.1200, 2469.9600) - (1581.6600, 2470.5000) on Layer -
violation type: Horizontal congestion
	srcs: net:net43661 net:net134904 net:net134859 net:net134501
	comment: capacity:3 usage:4 overflow:1
	bbox = (1581.1200, 2477.5200) - (1581.6600, 2478.0600) on Layer -
violation type: Horizontal congestion
	srcs: net:spad/_acc_mems_1_io_adder_op1_13_0\[22\] net:spad/_acc_mems_1_io_adder_op1_14_0\[29\] net:net10341 net:net108325
	comment: capacity:3 usage:4 overflow:1
	bbox = (1581.1200, 2541.2400) - (1581.6600, 2541.7800) on Layer -
violation type: Horizontal congestion
	srcs: net:net91706 net:spad/acc_mems_1/q/_1741_ net:net135216 net:net135044
	comment: capacity:3 usage:4 overflow:1
	bbox = (1581.1200, 2548.2600) - (1581.6600, 2548.8000) on Layer -
violation type: Horizontal congestion
	srcs: net:net91738 net:net135213 net:net134567 net:net108480
	comment: capacity:3 usage:4 overflow:1
	bbox = (1581.6600, 2543.9400) - (1582.2000, 2544.4800) on Layer -
violation type: Horizontal congestion
	srcs: net:net91208 net:net52169 net:spad/acc_mems_1/q/_0476_ net:clknet_leaf_3551_clock
	comment: capacity:3 usage:4 overflow:1
	bbox = (1581.6600, 2544.4800) - (1582.2000, 2545.0200) on Layer -
violation type: Horizontal congestion
	srcs: net:spad/acc_mems_1/q/_0877_ net:net135287 net:net101842
	comment: capacity:2 usage:3 overflow:1
	bbox = (1581.6600, 2545.0200) - (1582.2000, 2545.5600) on Layer -
violation type: Horizontal congestion
	srcs: net:net91283 net:spad/_acc_mems_1_io_adder_op1_15_0\[30\] net:spad/acc_mems_1/q/_2467_ net:net101632
	comment: capacity:3 usage:4 overflow:1
	bbox = (1581.6600, 2548.8000) - (1582.2000, 2549.3400) on Layer -
violation type: Horizontal congestion
	srcs: net:net91260 net:net91202 net:net92561 net:net135348
	comment: capacity:3 usage:4 overflow:1
	bbox = (1581.6600, 2552.0400) - (1582.2000, 2552.5800) on Layer -
violation type: Horizontal congestion
	srcs: net:net91278 net:net93325 net:spad/_acc_mems_1_io_read_resp_bits_data_15_0\[22\] net:spad/acc_mems_1/q/_0504_
	comment: capacity:3 usage:4 overflow:1
	bbox = (1581.6600, 2553.6600) - (1582.2000, 2554.2000) on Layer -
violation type: Horizontal congestion
	srcs: net:spad/_07013_ net:spad/acc_mems_1/q/_0850_ net:spad/acc_mems_1/q/_2395_ net:net119296
	comment: capacity:3 usage:4 overflow:1
	bbox = (1581.6600, 2554.2000) - (1582.2000, 2554.7400) on Layer -
violation type: Horizontal congestion
	srcs: net:spad/_acc_mems_1_io_adder_op1_6_0\[0\] net:spad/acc_mems_1/q/_1989_ net:net119540 net:net119299
	comment: capacity:3 usage:4 overflow:1
	bbox = (1582.2000, 2446.2000) - (1582.7400, 2446.7400) on Layer -
violation type: Horizontal congestion
	srcs: net:net92077 net:spad/_acc_mems_1_io_adder_op1_0_0\[16\] net:spad/_acc_mems_1_io_adder_op1_3_0\[28\] net:spad/acc_mems_1/q/_0238_
	comment: capacity:3 usage:4 overflow:1
	bbox = (1582.2000, 2447.2800) - (1582.7400, 2447.8200) on Layer -
violation type: Horizontal congestion
	srcs: net:net92208 net:spad/_acc_mems_1_io_adder_op1_4_0\[28\] net:spad/_acc_mems_1_io_adder_op1_5_0\[28\] net:net119323
	comment: capacity:3 usage:4 overflow:1
	bbox = (1582.2000, 2457.0000) - (1582.7400, 2457.5400) on Layer -
violation type: Horizontal congestion
	srcs: net:net59649 net:spad/_acc_mems_1_io_adder_op1_5_0\[1\] net:spad/norm_unit_passthru_q/ram_ext/_1952_
	comment: capacity:2 usage:3 overflow:1
	bbox = (1582.2000, 2482.9200) - (1582.7400, 2483.4600) on Layer -
violation type: Horizontal congestion
	srcs: net:spad/acc_mems_1/q/_0877_ net:net135287 net:net101842
	comment: capacity:2 usage:3 overflow:1
	bbox = (1582.2000, 2545.0200) - (1582.7400, 2545.5600) on Layer -
violation type: Horizontal congestion
	srcs: net:net52315 net:spad/_02465_ net:spad/_07079_ net:net93954
	comment: capacity:3 usage:4 overflow:1
	bbox = (1582.2000, 2546.6400) - (1582.7400, 2547.1800) on Layer -
violation type: Horizontal congestion
	srcs: net:net57381 net:net52295 net:net51282 net:spad/acc_mems_1/q/_0447_
	comment: capacity:3 usage:4 overflow:1
	bbox = (1582.2000, 2549.3400) - (1582.7400, 2549.8800) on Layer -
violation type: Horizontal congestion
	srcs: net:net55660 net:spad/_acc_mems_1_io_adder_op1_15_0\[22\] net:net108378 net:net101632
	comment: capacity:3 usage:4 overflow:1
	bbox = (1582.2000, 2549.8800) - (1582.7400, 2550.4200) on Layer -
violation type: Horizontal congestion
	srcs: net:net91728 net:spad/acc_mems_1/q/_2394_ net:net117296 net:net93715
	comment: capacity:3 usage:4 overflow:1
	bbox = (1582.2000, 2550.4200) - (1582.7400, 2550.9600) on Layer -
violation type: Horizontal congestion
	srcs: net:net93288 net:spad/_acc_mems_1_io_adder_op1_15_0\[26\] net:net135348 net:net101877
	comment: capacity:3 usage:4 overflow:1
	bbox = (1582.2000, 2550.9600) - (1582.7400, 2551.5000) on Layer -
violation type: Horizontal congestion
	srcs: net:spad/_acc_mems_1_io_adder_op1_9_0\[23\] net:spad/acc_mems_1/_1838_ net:spad/acc_mems_1/q/_2608_ net:net108430
	comment: capacity:3 usage:4 overflow:1
	bbox = (1582.2000, 2656.8000) - (1582.7400, 2657.3400) on Layer -
violation type: Horizontal congestion
	srcs: net:net78362 net:spad/_acc_mems_1_io_adder_op1_0_0\[16\] net:spad/_acc_mems_1_io_adder_op1_5_0\[20\] net:net108501
	comment: capacity:3 usage:4 overflow:1
	bbox = (1582.7400, 2446.7400) - (1583.2800, 2447.2800) on Layer -
violation type: Horizontal congestion
	srcs: net:net92290 net:spad/_acc_mems_1_io_adder_op1_1_0\[21\] net:spad/_acc_mems_1_io_adder_op1_2_0\[17\] net:net119299
	comment: capacity:3 usage:4 overflow:1
	bbox = (1582.7400, 2467.8000) - (1583.2800, 2468.3400) on Layer -
violation type: Horizontal congestion
	srcs: net:net52460 net:net52315 net:spad/_07079_ net:net93954
	comment: capacity:3 usage:4 overflow:1
	bbox = (1582.7400, 2546.6400) - (1583.2800, 2547.1800) on Layer -
violation type: Horizontal congestion
	srcs: net:net91728 net:net117296 net:net101632 net:net93715
	comment: capacity:3 usage:4 overflow:1
	bbox = (1582.7400, 2550.4200) - (1583.2800, 2550.9600) on Layer -
violation type: Horizontal congestion
	srcs: net:net92066 net:spad/_acc_mems_1_io_adder_op1_2_0\[13\] net:spad/_acc_mems_1_io_adder_op1_2_0\[14\]
	comment: capacity:2 usage:3 overflow:1
	bbox = (1583.2800, 2467.2600) - (1583.8200, 2467.8000) on Layer -
violation type: Horizontal congestion
	srcs: net:net92228 net:spad/_acc_mems_1_io_adder_op1_2_0\[21\] net:spad/_acc_mems_1_io_adder_op1_7_0\[20\] net:net119299
	comment: capacity:3 usage:4 overflow:1
	bbox = (1583.2800, 2468.8800) - (1583.8200, 2469.4200) on Layer -
violation type: Horizontal congestion
	srcs: net:spad/_acc_mems_1_io_adder_op1_2_0\[29\] net:spad/_acc_mems_1_io_adder_op1_2_0\[30\] net:spad/acc_mems_1/q/_1107_ net:net135088
	comment: capacity:3 usage:4 overflow:1
	bbox = (1583.2800, 2469.9600) - (1583.8200, 2470.5000) on Layer -
violation type: Horizontal congestion
	srcs: net:net55659 net:spad/_acc_mems_1_io_adder_op1_7_0\[11\] net:net119248 net:net101608
	comment: capacity:3 usage:4 overflow:1
	bbox = (1583.2800, 2631.9600) - (1583.8200, 2632.5000) on Layer -
violation type: Horizontal congestion
	srcs: net:spad/_acc_mems_1_io_read_resp_bits_data_7_0\[20\] net:spad/acc_adders/_0620_ net:spad/acc_mems_1/q/_0246_ net:net134513
	comment: capacity:3 usage:4 overflow:1
	bbox = (1583.8200, 2472.1200) - (1584.3600, 2472.6600) on Layer -
violation type: Horizontal congestion
	srcs: net:spad/_acc_mems_1_io_adder_op1_11_0\[29\] net:spad/acc_mems_1/q/_1864_ net:spad/acc_mems_1/q/_2606_ net:net135310
	comment: capacity:3 usage:4 overflow:1
	bbox = (1583.8200, 2523.4200) - (1584.3600, 2523.9600) on Layer -
violation type: Horizontal congestion
	srcs: net:net91254 net:net91229 net:net93592 net:net101632
	comment: capacity:3 usage:4 overflow:1
	bbox = (1583.8200, 2552.5800) - (1584.3600, 2553.1200) on Layer -
violation type: Horizontal congestion
	srcs: net:net55659 net:spad/_acc_mems_1_io_adder_op1_7_0\[11\] net:net119248 net:net101608
	comment: capacity:3 usage:4 overflow:1
	bbox = (1583.8200, 2631.9600) - (1584.3600, 2632.5000) on Layer -
violation type: Horizontal congestion
	srcs: net:spad/_acc_mems_1_io_adder_op1_10_0\[24\] net:spad/_acc_mems_1_io_adder_op1_1_0\[13\] net:spad/_acc_mems_1_io_adder_op1_6_0\[20\] net:net134597
	comment: capacity:3 usage:4 overflow:1
	bbox = (1584.3600, 2461.3200) - (1584.9000, 2461.8600) on Layer -
violation type: Horizontal congestion
	srcs: net:net91235 net:net92185 net:net135435 net:net135145
	comment: capacity:3 usage:4 overflow:1
	bbox = (1584.3600, 2538.5400) - (1584.9000, 2539.0800) on Layer -
violation type: Horizontal congestion
	srcs: net:net93326 net:spad/_acc_mems_1_io_read_resp_bits_data_14_0\[22\] net:net135121 net:net10321
	comment: capacity:3 usage:4 overflow:1
	bbox = (1584.3600, 2539.0800) - (1584.9000, 2539.6200) on Layer -
violation type: Horizontal congestion
	srcs: net:net91254 net:net91229 net:net93592 net:net101632
	comment: capacity:3 usage:4 overflow:1
	bbox = (1584.3600, 2552.5800) - (1584.9000, 2553.1200) on Layer -
violation type: Horizontal congestion
	srcs: net:net91457 net:net91424 net:net55660 net:spad/_02497_
	comment: capacity:3 usage:4 overflow:1
	bbox = (1584.3600, 2558.5200) - (1584.9000, 2559.0600) on Layer -
violation type: Horizontal congestion
	srcs: net:net55659 net:spad/_acc_mems_1_io_adder_op1_7_0\[11\] net:spad/acc_mems_1/q/_1990_ net:net101608
	comment: capacity:3 usage:4 overflow:1
	bbox = (1584.3600, 2631.9600) - (1584.9000, 2632.5000) on Layer -
violation type: Horizontal congestion
	srcs: net:net93293 net:spad/_acc_mems_1_io_adder_op1_4_0\[20\] net:spad/acc_mems_0/q/_1111_ net:net134804
	comment: capacity:3 usage:4 overflow:1
	bbox = (1584.9000, 2438.6400) - (1585.4400, 2439.1800) on Layer -
violation type: Horizontal congestion
	srcs: net:net91319 net:net91273 net:spad/_acc_mems_1_io_adder_op1_0_0\[28\]
	comment: capacity:2 usage:3 overflow:1
	bbox = (1584.9000, 2458.6200) - (1585.4400, 2459.1600) on Layer -
violation type: Horizontal congestion
	srcs: net:spad/_acc_mems_1_io_adder_op1_10_0\[24\] net:spad/_acc_mems_1_io_adder_op1_1_0\[13\] net:spad/_acc_mems_1_io_adder_op1_6_0\[20\] net:net134597
	comment: capacity:3 usage:4 overflow:1
	bbox = (1584.9000, 2461.3200) - (1585.4400, 2461.8600) on Layer -
violation type: Horizontal congestion
	srcs: net:net91656 net:spad/_acc_mems_1_io_adder_op1_3_0\[25\] net:net108502
	comment: capacity:2 usage:3 overflow:1
	bbox = (1584.9000, 2474.8200) - (1585.4400, 2475.3600) on Layer -
violation type: Horizontal congestion
	srcs: net:net92492 net:spad/_acc_mems_1_io_adder_op1_7_0\[25\] net:net135542 net:net21657
	comment: capacity:3 usage:4 overflow:1
	bbox = (1584.9000, 2496.9600) - (1585.4400, 2497.5000) on Layer -
violation type: Horizontal congestion
	srcs: net:net91473 net:net55660 net:net51282 net:spad/acc_mems_1/q/_1711_
	comment: capacity:3 usage:4 overflow:1
	bbox = (1584.9000, 2560.1400) - (1585.4400, 2560.6800) on Layer -
violation type: Horizontal congestion
	srcs: net:net91513 net:spad/_02492_ net:spad/acc_mems_0/q/_0471_ net:spad/acc_mems_0/q/_0882_
	comment: capacity:3 usage:4 overflow:1
	bbox = (1584.9000, 2561.2200) - (1585.4400, 2561.7600) on Layer -
violation type: Horizontal congestion
	srcs: net:net91319 net:net91273 net:spad/_acc_mems_1_io_adder_op1_0_0\[28\]
	comment: capacity:2 usage:3 overflow:1
	bbox = (1585.4400, 2458.6200) - (1585.9800, 2459.1600) on Layer -
violation type: Horizontal congestion
	srcs: net:spad/_acc_mems_1_io_adder_op1_10_0\[24\] net:spad/_acc_mems_1_io_adder_op1_1_0\[13\] net:spad/_acc_mems_1_io_adder_op1_6_0\[20\] net:net134597
	comment: capacity:3 usage:4 overflow:1
	bbox = (1585.4400, 2461.3200) - (1585.9800, 2461.8600) on Layer -
violation type: Horizontal congestion
	srcs: net:net52308 net:spad/_acc_mems_1_io_adder_op1_14_0\[28\] net:spad/_acc_mems_1_io_adder_op1_1_0\[22\] net:net10535
	comment: capacity:3 usage:4 overflow:1
	bbox = (1585.4400, 2462.4000) - (1585.9800, 2462.9400) on Layer -
violation type: Horizontal congestion
	srcs: net:net91513 net:spad/_02492_ net:spad/acc_mems_0/q/_0471_ net:spad/acc_mems_0/q/_0882_
	comment: capacity:3 usage:4 overflow:1
	bbox = (1585.4400, 2561.2200) - (1585.9800, 2561.7600) on Layer -
violation type: Horizontal congestion
	srcs: net:net52464 net:net135462 net:net108255
	comment: capacity:2 usage:3 overflow:1
	bbox = (1585.4400, 2646.5400) - (1585.9800, 2647.0800) on Layer -
violation type: Horizontal congestion
	srcs: net:net91855 net:net135352 net:net135304 net:net108345
	comment: capacity:3 usage:4 overflow:1
	bbox = (1585.9800, 2445.6600) - (1586.5200, 2446.2000) on Layer -
violation type: Horizontal congestion
	srcs: net:spad/_acc_mems_0_io_read_resp_bits_data_13_0\[8\] net:spad/_acc_mems_1_io_adder_op1_0_0\[16\] net:spad/_acc_mems_1_io_adder_op1_6_0\[0\] net:spad/acc_mems_0/q/_0426_
	comment: capacity:3 usage:4 overflow:1
	bbox = (1585.9800, 2446.2000) - (1586.5200, 2446.7400) on Layer -
violation type: Horizontal congestion
	srcs: net:net52326 net:spad/_acc_mems_1_io_adder_op1_5_0\[12\] net:spad/_acc_mems_1_io_adder_op1_8_0\[4\]
	comment: capacity:2 usage:3 overflow:1
	bbox = (1585.9800, 2454.3000) - (1586.5200, 2454.8400) on Layer -
violation type: Horizontal congestion
	srcs: net:spad/_acc_mems_1_io_adder_op1_10_0\[24\] net:spad/_acc_mems_1_io_adder_op1_1_0\[13\] net:spad/_acc_mems_1_io_adder_op1_6_0\[20\] net:net134597
	comment: capacity:3 usage:4 overflow:1
	bbox = (1585.9800, 2461.3200) - (1586.5200, 2461.8600) on Layer -
violation type: Horizontal congestion
	srcs: net:net51311 net:net43550 net:spad/_acc_mems_1_io_adder_op1_4_0\[23\] net:spad/_acc_mems_1_io_adder_op1_8_0\[27\]
	comment: capacity:3 usage:4 overflow:1
	bbox = (1585.9800, 2650.3200) - (1586.5200, 2650.8600) on Layer -
violation type: Horizontal congestion
	srcs: net:net91855 net:net135317 net:net135304
	comment: capacity:2 usage:3 overflow:1
	bbox = (1586.5200, 2445.6600) - (1587.0600, 2446.2000) on Layer -
violation type: Horizontal congestion
	srcs: net:spad/_acc_mems_0_io_read_resp_bits_data_13_0\[8\] net:spad/_acc_mems_1_io_adder_op1_0_0\[16\] net:spad/_acc_mems_1_io_adder_op1_6_0\[0\] net:spad/acc_mems_0/q/_0426_
	comment: capacity:3 usage:4 overflow:1
	bbox = (1586.5200, 2446.2000) - (1587.0600, 2446.7400) on Layer -
violation type: Horizontal congestion
	srcs: net:spad/_acc_mems_1_io_adder_op1_5_0\[4\] net:spad/_acc_mems_1_io_adder_op1_8_0\[0\] net:clknet_leaf_4324_clock
	comment: capacity:2 usage:3 overflow:1
	bbox = (1586.5200, 2448.3600) - (1587.0600, 2448.9000) on Layer -
violation type: Horizontal congestion
	srcs: net:net52326 net:spad/_acc_mems_1_io_adder_op1_5_0\[12\] net:spad/_acc_mems_1_io_adder_op1_8_0\[4\]
	comment: capacity:2 usage:3 overflow:1
	bbox = (1586.5200, 2454.3000) - (1587.0600, 2454.8400) on Layer -
violation type: Horizontal congestion
	srcs: net:net92163 net:spad/_acc_mems_1_io_adder_op1_0_0\[22\] net:net135364 net:net108265
	comment: capacity:3 usage:4 overflow:1
	bbox = (1586.5200, 2456.4600) - (1587.0600, 2457.0000) on Layer -
violation type: Horizontal congestion
	srcs: net:spad/_acc_mems_1_io_adder_op1_10_0\[24\] net:spad/_acc_mems_1_io_adder_op1_1_0\[13\] net:spad/_acc_mems_1_io_adder_op1_6_0\[20\] net:net134597
	comment: capacity:3 usage:4 overflow:1
	bbox = (1586.5200, 2461.3200) - (1587.0600, 2461.8600) on Layer -
violation type: Horizontal congestion
	srcs: net:net52464 net:net43436 net:net135462
	comment: capacity:2 usage:3 overflow:1
	bbox = (1586.5200, 2646.5400) - (1587.0600, 2647.0800) on Layer -
violation type: Horizontal congestion
	srcs: net:net51311 net:net43550 net:spad/_acc_mems_1_io_adder_op1_4_0\[23\] net:spad/_acc_mems_1_io_adder_op1_8_0\[27\]
	comment: capacity:3 usage:4 overflow:1
	bbox = (1586.5200, 2650.3200) - (1587.0600, 2650.8600) on Layer -
violation type: Horizontal congestion
	srcs: net:net91503 net:spad/_acc_mems_1_io_adder_op1_6_0\[7\] net:spad/acc_mems_1/_1838_ net:spad/acc_mems_1/pipelined_writes_1_bits_mask_20
	comment: capacity:3 usage:4 overflow:1
	bbox = (1586.5200, 2653.5600) - (1587.0600, 2654.1000) on Layer -
violation type: Horizontal congestion
	srcs: net:net52326 net:spad/_acc_mems_1_io_adder_op1_5_0\[12\] net:spad/_acc_mems_1_io_adder_op1_8_0\[4\]
	comment: capacity:2 usage:3 overflow:1
	bbox = (1587.0600, 2454.3000) - (1587.6000, 2454.8400) on Layer -
violation type: Horizontal congestion
	srcs: net:net92163 net:spad/_acc_mems_1_io_adder_op1_0_0\[22\] net:net135364 net:net108265
	comment: capacity:3 usage:4 overflow:1
	bbox = (1587.0600, 2456.4600) - (1587.6000, 2457.0000) on Layer -
violation type: Horizontal congestion
	srcs: net:spad/acc_scale_unit/pipe_out_p/_17251_ net:net21657 net:net119323 net:net10535
	comment: capacity:3 usage:4 overflow:1
	bbox = (1587.0600, 2457.0000) - (1587.6000, 2457.5400) on Layer -
violation type: Horizontal congestion
	srcs: net:net92208 net:net78190 net:spad/_acc_mems_1_io_adder_op1_11_0\[24\] net:net94115
	comment: capacity:3 usage:4 overflow:1
	bbox = (1587.0600, 2457.5400) - (1587.6000, 2458.0800) on Layer -
violation type: Horizontal congestion
	srcs: net:net91319 net:spad/_acc_mems_1_io_adder_op1_0_0\[28\] net:spad/_acc_mems_1_io_adder_op1_5_0\[28\]
	comment: capacity:2 usage:3 overflow:1
	bbox = (1587.0600, 2458.6200) - (1587.6000, 2459.1600) on Layer -
violation type: Horizontal congestion
	srcs: net:net91296 net:spad/_02427_ net:spad/_02459_ net:spad/_acc_mems_1_io_adder_op1_9_0\[28\]
	comment: capacity:3 usage:4 overflow:1
	bbox = (1587.0600, 2471.5800) - (1587.6000, 2472.1200) on Layer -
violation type: Horizontal congestion
	srcs: net:net134859 net:spad/norm_unit_passthru_q/ram_ext/_0795_ net:spad/norm_unit_passthru_q/ram_ext/_1404_ net:spad/norm_unit_passthru_q/ram_ext/_2878_
	comment: capacity:3 usage:4 overflow:1
	bbox = (1587.0600, 2476.4400) - (1587.6000, 2476.9800) on Layer -
violation type: Horizontal congestion
	srcs: net:net43656 net:spad/norm_unit_passthru_q/ram_ext/_0249_ net:spad/norm_unit_passthru_q/ram_ext/_1950_ net:net119480
	comment: capacity:3 usage:4 overflow:1
	bbox = (1587.0600, 2641.6800) - (1587.6000, 2642.2200) on Layer -
violation type: Horizontal congestion
	srcs: net:net52464 net:net43436 net:net135462
	comment: capacity:2 usage:3 overflow:1
	bbox = (1587.0600, 2646.5400) - (1587.6000, 2647.0800) on Layer -
violation type: Horizontal congestion
	srcs: net:net91931 net:net43550 net:spad/_acc_mems_1_io_adder_op1_8_0\[31\]
	comment: capacity:2 usage:3 overflow:1
	bbox = (1587.0600, 2650.8600) - (1587.6000, 2651.4000) on Layer -
violation type: Horizontal congestion
	srcs: net:net92162 net:net91851 net:spad/_acc_mems_1_io_adder_op1_12_0\[31\] net:spad/_acc_mems_1_io_adder_op1_4_0\[19\]
	comment: capacity:3 usage:4 overflow:1
	bbox = (1587.0600, 2653.0200) - (1587.6000, 2653.5600) on Layer -
violation type: Horizontal congestion
	srcs: net:net91503 net:spad/_acc_mems_1_io_adder_op1_6_0\[7\] net:spad/acc_mems_1/_1838_ net:spad/acc_mems_1/pipelined_writes_1_bits_mask_20
	comment: capacity:3 usage:4 overflow:1
	bbox = (1587.0600, 2653.5600) - (1587.6000, 2654.1000) on Layer -
violation type: Horizontal congestion
	srcs: net:spad/_acc_mems_1_io_adder_op1_2_0\[20\] net:spad/acc_mems_1/pipelined_writes_1_bits_mask_5 net:net135437 net:net135049
	comment: capacity:3 usage:4 overflow:1
	bbox = (1587.6000, 2439.7200) - (1588.1400, 2440.2600) on Layer -
violation type: Horizontal congestion
	srcs: net:net91961 net:net55650 net:spad/_acc_mems_1_io_adder_op1_6_0\[24\] net:spad/_acc_mems_1_io_adder_op1_7_0\[28\]
	comment: capacity:3 usage:4 overflow:1
	bbox = (1587.6000, 2453.7600) - (1588.1400, 2454.3000) on Layer -
violation type: Horizontal congestion
	srcs: net:net52326 net:spad/_acc_mems_1_io_adder_op1_5_0\[12\] net:spad/_acc_mems_1_io_adder_op1_8_0\[4\]
	comment: capacity:2 usage:3 overflow:1
	bbox = (1587.6000, 2454.3000) - (1588.1400, 2454.8400) on Layer -
violation type: Horizontal congestion
	srcs: net:spad/_acc_mems_1_io_adder_op1_10_0\[24\] net:spad/_acc_mems_1_io_adder_op1_1_0\[13\] net:net134597 net:net119299
	comment: capacity:3 usage:4 overflow:1
	bbox = (1587.6000, 2461.3200) - (1588.1400, 2461.8600) on Layer -
violation type: Horizontal congestion
	srcs: net:net91944 net:net57380 net:spad/_acc_mems_1_io_adder_op1_2_0\[23\] net:clknet_leaf_3548_clock
	comment: capacity:3 usage:4 overflow:1
	bbox = (1587.6000, 2621.1600) - (1588.1400, 2621.7000) on Layer -
violation type: Horizontal congestion
	srcs: net:net91242 net:net92283 net:spad/acc_mems_1/pipelined_writes_1_bits_mask_28 net:net108264
	comment: capacity:3 usage:4 overflow:1
	bbox = (1587.6000, 2627.6400) - (1588.1400, 2628.1800) on Layer -
violation type: Horizontal congestion
	srcs: net:net43656 net:spad/norm_unit_passthru_q/ram_ext/_0249_ net:spad/norm_unit_passthru_q/ram_ext/_2870_ net:net119480
	comment: capacity:3 usage:4 overflow:1
	bbox = (1587.6000, 2641.6800) - (1588.1400, 2642.2200) on Layer -
violation type: Horizontal congestion
	srcs: net:net91931 net:net43550 net:spad/_acc_mems_1_io_adder_op1_8_0\[31\]
	comment: capacity:2 usage:3 overflow:1
	bbox = (1587.6000, 2650.8600) - (1588.1400, 2651.4000) on Layer -
violation type: Horizontal congestion
	srcs: net:net91503 net:spad/_acc_mems_1_io_adder_op1_6_0\[7\] net:spad/acc_mems_1/_1838_ net:spad/acc_mems_1/pipelined_writes_1_bits_mask_20
	comment: capacity:3 usage:4 overflow:1
	bbox = (1587.6000, 2653.5600) - (1588.1400, 2654.1000) on Layer -
violation type: Horizontal congestion
	srcs: net:net57406 net:spad/_07179_ net:spad/acc_mems_1/q/_2499_ net:net14744
	comment: capacity:3 usage:4 overflow:1
	bbox = (1588.1400, 2445.1200) - (1588.6800, 2445.6600) on Layer -
violation type: Horizontal congestion
	srcs: net:spad/_acc_mems_1_io_adder_op1_6_0\[28\] net:spad/_acc_mems_1_io_adder_op1_7_0\[24\] net:spad/_acc_mems_1_io_adder_op1_8_0\[8\] net:net135138
	comment: capacity:3 usage:4 overflow:1
	bbox = (1588.1400, 2449.9800) - (1588.6800, 2450.5200) on Layer -
violation type: Horizontal congestion
	srcs: net:net92066 net:spad/_acc_mems_1_io_adder_op1_2_0\[13\] net:spad/_acc_mems_1_io_adder_op1_2_0\[14\] net:net8517
	comment: capacity:3 usage:4 overflow:1
	bbox = (1588.1400, 2467.2600) - (1588.6800, 2467.8000) on Layer -
violation type: Horizontal congestion
	srcs: net:spad/_acc_mems_1_io_adder_op1_3_0\[26\] net:spad/_acc_mems_1_io_adder_op1_6_0\[13\] net:spad/_acc_mems_1_io_adder_op1_6_0\[14\]
	comment: capacity:2 usage:3 overflow:1
	bbox = (1588.1400, 2491.0200) - (1588.6800, 2491.5600) on Layer -
violation type: Horizontal congestion
	srcs: net:net92497 net:net92419 net:net52783 net:net43436
	comment: capacity:3 usage:4 overflow:1
	bbox = (1588.1400, 2627.1000) - (1588.6800, 2627.6400) on Layer -
violation type: Horizontal congestion
	srcs: net:net91313 net:spad/acc_mems_1/q/_2389_ net:net94103 net:net93961
	comment: capacity:3 usage:4 overflow:1
	bbox = (1588.1400, 2637.9000) - (1588.6800, 2638.4400) on Layer -
violation type: Horizontal congestion
	srcs: net:net43656 net:spad/norm_unit_passthru_q/ram_ext/_0249_ net:spad/norm_unit_passthru_q/ram_ext/_2870_ net:net119480
	comment: capacity:3 usage:4 overflow:1
	bbox = (1588.1400, 2641.6800) - (1588.6800, 2642.2200) on Layer -
violation type: Horizontal congestion
	srcs: net:net52749 net:clknet_10_456_0_clock net:spad/acc_mems_1/_1823_ net:spad/acc_mems_1/pipelined_writes_1_bits_mask_30
	comment: capacity:3 usage:4 overflow:1
	bbox = (1588.1400, 2642.7600) - (1588.6800, 2643.3000) on Layer -
violation type: Horizontal congestion
	srcs: net:net91836 net:net55659 net:spad/_acc_mems_1_io_adder_op1_1_0\[11\] net:spad/_acc_mems_1_io_adder_op1_7_0\[23\]
	comment: capacity:3 usage:4 overflow:1
	bbox = (1588.1400, 2647.0800) - (1588.6800, 2647.6200) on Layer -
violation type: Horizontal congestion
	srcs: net:net91503 net:spad/_acc_mems_1_io_adder_op1_6_0\[7\] net:spad/acc_mems_1/_1838_ net:spad/acc_mems_1/pipelined_writes_1_bits_mask_20
	comment: capacity:3 usage:4 overflow:1
	bbox = (1588.1400, 2653.5600) - (1588.6800, 2654.1000) on Layer -
violation type: Horizontal congestion
	srcs: net:spad/_acc_mems_1_io_adder_op1_6_0\[28\] net:spad/_acc_mems_1_io_adder_op1_7_0\[24\] net:spad/_acc_mems_1_io_adder_op1_8_0\[8\] net:net135138
	comment: capacity:3 usage:4 overflow:1
	bbox = (1588.6800, 2449.9800) - (1589.2200, 2450.5200) on Layer -
violation type: Horizontal congestion
	srcs: net:net91743 net:net91489 net:spad/_acc_mems_1_io_adder_op1_9_0\[20\] net:net101628
	comment: capacity:3 usage:4 overflow:1
	bbox = (1588.6800, 2451.0600) - (1589.2200, 2451.6000) on Layer -
violation type: Horizontal congestion
	srcs: net:spad/_07427_ net:spad/_acc_mems_1_io_adder_op1_8_0\[20\] net:spad/acc_mems_1/pipelined_writes_1_bits_mask_29 net:net108257
	comment: capacity:3 usage:4 overflow:1
	bbox = (1588.6800, 2452.6800) - (1589.2200, 2453.2200) on Layer -
violation type: Horizontal congestion
	srcs: net:net92198 net:spad/_acc_mems_1_io_adder_op1_0_0\[10\] net:spad/_acc_mems_1_io_adder_op1_4_0\[28\] net:net119292
	comment: capacity:3 usage:4 overflow:1
	bbox = (1588.6800, 2453.2200) - (1589.2200, 2453.7600) on Layer -
violation type: Horizontal congestion
	srcs: net:net52326 net:spad/_acc_mems_1_io_adder_op1_5_0\[12\] net:spad/_acc_mems_1_io_adder_op1_8_0\[4\]
	comment: capacity:2 usage:3 overflow:1
	bbox = (1588.6800, 2454.3000) - (1589.2200, 2454.8400) on Layer -
violation type: Horizontal congestion
	srcs: net:net92066 net:spad/_acc_mems_1_io_adder_op1_1_0\[21\] net:net101634 net:net93666
	comment: capacity:3 usage:4 overflow:1
	bbox = (1588.6800, 2466.7200) - (1589.2200, 2467.2600) on Layer -
violation type: Horizontal congestion
	srcs: net:net91313 net:net94122 net:net94103 net:net93961
	comment: capacity:3 usage:4 overflow:1
	bbox = (1588.6800, 2637.9000) - (1589.2200, 2638.4400) on Layer -
violation type: Horizontal congestion
	srcs: net:net91749 net:net92322 net:net43656
	comment: capacity:2 usage:3 overflow:1
	bbox = (1588.6800, 2642.2200) - (1589.2200, 2642.7600) on Layer -
violation type: Horizontal congestion
	srcs: net:net91851 net:spad/_acc_mems_1_io_adder_op1_10_0\[19\] net:spad/_acc_mems_1_io_adder_op1_5_0\[23\] net:spad/_acc_mems_1_io_adder_op1_7_0\[19\]
	comment: capacity:3 usage:4 overflow:1
	bbox = (1588.6800, 2652.4800) - (1589.2200, 2653.0200) on Layer -
violation type: Horizontal congestion
	srcs: net:spad/_acc_mems_1_io_adder_op1_6_0\[28\] net:spad/_acc_mems_1_io_adder_op1_7_0\[24\] net:spad/_acc_mems_1_io_adder_op1_8_0\[8\] net:net135138
	comment: capacity:3 usage:4 overflow:1
	bbox = (1589.2200, 2449.9800) - (1589.7600, 2450.5200) on Layer -
violation type: Horizontal congestion
	srcs: net:net92198 net:spad/_acc_mems_1_io_adder_op1_0_0\[10\] net:spad/_acc_mems_1_io_adder_op1_4_0\[28\] net:net119292
	comment: capacity:3 usage:4 overflow:1
	bbox = (1589.2200, 2453.2200) - (1589.7600, 2453.7600) on Layer -
violation type: Horizontal congestion
	srcs: net:net91869 net:spad/_acc_mems_1_io_adder_op1_12_0\[24\] net:spad/_acc_mems_1_io_adder_op1_13_0\[16\] net:net135364
	comment: capacity:3 usage:4 overflow:1
	bbox = (1589.2200, 2455.3800) - (1589.7600, 2455.9200) on Layer -
violation type: Horizontal congestion
	srcs: net:spad/_acc_mems_1_io_adder_op1_0_0\[18\] net:spad/_acc_mems_1_io_adder_op1_14_0\[28\] net:spad/_acc_mems_1_io_adder_op1_6_0\[20\] net:net134715
	comment: capacity:3 usage:4 overflow:1
	bbox = (1589.2200, 2460.2400) - (1589.7600, 2460.7800) on Layer -
violation type: Horizontal congestion
	srcs: net:spad/_acc_mems_1_io_adder_op1_1_0\[25\] net:spad/_acc_mems_1_io_adder_op1_3_0\[5\] net:spad/_acc_mems_1_io_adder_op1_6_0\[12\] net:net135291
	comment: capacity:3 usage:4 overflow:1
	bbox = (1589.2200, 2463.4800) - (1589.7600, 2464.0200) on Layer -
violation type: Horizontal congestion
	srcs: net:net92497 net:net92419 net:net52783 net:spad/norm_unit_passthru_q/ram_ext/_1962_
	comment: capacity:3 usage:4 overflow:1
	bbox = (1589.2200, 2627.1000) - (1589.7600, 2627.6400) on Layer -
violation type: Horizontal congestion
	srcs: net:spad/_acc_mems_1_io_adder_op1_8_0\[19\] net:net108244 net:net94180 net:net94103
	comment: capacity:3 usage:4 overflow:1
	bbox = (1589.2200, 2636.8200) - (1589.7600, 2637.3600) on Layer -
violation type: Horizontal congestion
	srcs: net:net91622 net:net91484 net:net92634 net:spad/_acc_mems_1_io_adder_op1_3_0\[3\]
	comment: capacity:3 usage:4 overflow:1
	bbox = (1589.2200, 2644.3800) - (1589.7600, 2644.9200) on Layer -
violation type: Horizontal congestion
	srcs: net:net78362 net:clknet_10_411_0_clock net:spad/_acc_mems_1_io_adder_op1_5_0\[20\] net:net135352
	comment: capacity:3 usage:4 overflow:1
	bbox = (1589.7600, 2446.7400) - (1590.3000, 2447.2800) on Layer -
violation type: Horizontal congestion
	srcs: net:spad/_acc_mems_1_io_adder_op1_6_0\[28\] net:spad/_acc_mems_1_io_adder_op1_7_0\[24\] net:spad/_acc_mems_1_io_adder_op1_8_0\[8\] net:net135138
	comment: capacity:3 usage:4 overflow:1
	bbox = (1589.7600, 2449.9800) - (1590.3000, 2450.5200) on Layer -
violation type: Horizontal congestion
	srcs: net:net92284 net:spad/_02422_ net:spad/_acc_mems_1_io_adder_op1_10_0\[28\] net:spad/_acc_mems_1_io_adder_op1_5_0\[28\]
	comment: capacity:3 usage:4 overflow:1
	bbox = (1589.7600, 2459.1600) - (1590.3000, 2459.7000) on Layer -
violation type: Horizontal congestion
	srcs: net:net91095 net:spad/acc_mems_1/q/_0507_ net:spad/acc_mems_1/q/_1669_ net:net108244
	comment: capacity:3 usage:4 overflow:1
	bbox = (1589.7600, 2637.3600) - (1590.3000, 2637.9000) on Layer -
violation type: Horizontal congestion
	srcs: net:net91313 net:spad/_acc_mems_1_io_read_resp_bits_data_15_0\[25\] net:net94122 net:net93961
	comment: capacity:3 usage:4 overflow:1
	bbox = (1589.7600, 2637.9000) - (1590.3000, 2638.4400) on Layer -
violation type: Horizontal congestion
	srcs: net:net92156 net:net57406 net:net134804 net:net14735
	comment: capacity:3 usage:4 overflow:1
	bbox = (1590.3000, 2444.5800) - (1590.8400, 2445.1200) on Layer -
violation type: Horizontal congestion
	srcs: net:net78362 net:clknet_10_411_0_clock net:spad/_acc_mems_1_io_adder_op1_5_0\[20\] net:net135352
	comment: capacity:3 usage:4 overflow:1
	bbox = (1590.3000, 2446.7400) - (1590.8400, 2447.2800) on Layer -
violation type: Horizontal congestion
	srcs: net:spad/_acc_mems_1_io_adder_op1_6_0\[28\] net:spad/_acc_mems_1_io_adder_op1_7_0\[24\] net:spad/_acc_mems_1_io_adder_op1_8_0\[8\] net:net135138
	comment: capacity:3 usage:4 overflow:1
	bbox = (1590.3000, 2449.9800) - (1590.8400, 2450.5200) on Layer -
violation type: Horizontal congestion
	srcs: net:spad/_acc_mems_1_io_adder_op1_0_0\[13\] net:spad/_acc_mems_1_io_adder_op1_0_0\[17\] net:spad/_acc_mems_1_io_adder_op1_0_0\[21\] net:net135364
	comment: capacity:3 usage:4 overflow:1
	bbox = (1590.3000, 2455.9200) - (1590.8400, 2456.4600) on Layer -
violation type: Horizontal congestion
	srcs: net:net92284 net:net57383 net:spad/_02422_ net:spad/_acc_mems_1_io_adder_op1_10_0\[28\]
	comment: capacity:3 usage:4 overflow:1
	bbox = (1590.3000, 2459.1600) - (1590.8400, 2459.7000) on Layer -
violation type: Horizontal congestion
	srcs: net:net59649 net:spad/_acc_mems_1_io_adder_op1_3_0\[22\] net:spad/_acc_mems_1_io_adder_op1_5_0\[1\] net:spad/_acc_mems_1_io_adder_op1_5_0\[9\]
	comment: capacity:3 usage:4 overflow:1
	bbox = (1590.3000, 2482.9200) - (1590.8400, 2483.4600) on Layer -
violation type: Horizontal congestion
	srcs: net:spad/_acc_mems_1_io_adder_op1_1_0\[23\] net:spad/acc_mems_1/pipelined_writes_1_bits_mask_63 net:spad/acc_scale_unit/_1130_ net:net119466
	comment: capacity:3 usage:4 overflow:1
	bbox = (1590.3000, 2632.5000) - (1590.8400, 2633.0400) on Layer -
violation type: Horizontal congestion
	srcs: net:net91313 net:spad/_acc_mems_1_io_read_resp_bits_data_15_0\[25\] net:net94122 net:net93961
	comment: capacity:3 usage:4 overflow:1
	bbox = (1590.3000, 2637.9000) - (1590.8400, 2638.4400) on Layer -
violation type: Horizontal congestion
	srcs: net:net91931 net:net43550 net:spad/_07568_ net:spad/_acc_mems_1_io_adder_op1_6_0\[19\]
	comment: capacity:3 usage:4 overflow:1
	bbox = (1590.3000, 2651.4000) - (1590.8400, 2651.9400) on Layer -
violation type: Horizontal congestion
	srcs: net:spad/_acc_mems_1_io_adder_op1_6_0\[16\] net:spad/_acc_mems_1_io_adder_op1_7_0\[16\] net:net119333 net:net108345
	comment: capacity:3 usage:4 overflow:1
	bbox = (1590.8400, 2442.9600) - (1591.3800, 2443.5000) on Layer -
violation type: Horizontal congestion
	srcs: net:net92198 net:net57383 net:spad/_acc_mems_1_io_adder_op1_0_0\[10\] net:spad/_acc_mems_1_io_adder_op1_4_0\[28\]
	comment: capacity:3 usage:4 overflow:1
	bbox = (1590.8400, 2453.2200) - (1591.3800, 2453.7600) on Layer -
violation type: Horizontal congestion
	srcs: net:spad/_acc_mems_1_io_adder_op1_0_0\[13\] net:spad/_acc_mems_1_io_adder_op1_0_0\[17\] net:spad/_acc_mems_1_io_adder_op1_0_0\[21\] net:net135364
	comment: capacity:3 usage:4 overflow:1
	bbox = (1590.8400, 2455.9200) - (1591.3800, 2456.4600) on Layer -
violation type: Horizontal congestion
	srcs: net:net91931 net:net43550 net:spad/_acc_mems_1_io_adder_op1_10_0\[19\] net:spad/_acc_mems_1_io_adder_op1_6_0\[19\]
	comment: capacity:3 usage:4 overflow:1
	bbox = (1590.8400, 2651.4000) - (1591.3800, 2651.9400) on Layer -
violation type: Horizontal congestion
	srcs: net:spad/_acc_mems_1_io_adder_op1_3_0\[19\] net:spad/_acc_mems_1_io_adder_op1_4_0\[11\] net:spad/_acc_mems_1_io_adder_op1_5_0\[7\] net:spad/acc_mems_1/q/_0413_
	comment: capacity:3 usage:4 overflow:1
	bbox = (1590.8400, 2654.6400) - (1591.3800, 2655.1800) on Layer -
violation type: Horizontal congestion
	srcs: net:spad/_acc_mems_1_io_adder_op1_11_0\[31\] net:spad/_acc_mems_1_io_adder_op1_6_0\[3\] net:net134614 net:net119248
	comment: capacity:3 usage:4 overflow:1
	bbox = (1590.8400, 2657.8800) - (1591.3800, 2658.4200) on Layer -
violation type: Horizontal congestion
	srcs: net:spad/acc_adders/m_7/_098_ net:spad/acc_adders/m_7/_252_ net:net135532
	comment: capacity:2 usage:3 overflow:1
	bbox = (1591.3800, 2397.6000) - (1591.9200, 2398.1400) on Layer -
violation type: Horizontal congestion
	srcs: net:net92162 net:spad/_acc_mems_1_io_adder_op1_12_0\[31\] net:spad/_acc_mems_1_io_adder_op1_5_0\[23\] net:spad/_acc_mems_1_io_adder_op1_7_0\[19\]
	comment: capacity:3 usage:4 overflow:1
	bbox = (1591.3800, 2653.0200) - (1591.9200, 2653.5600) on Layer -
violation type: Horizontal congestion
	srcs: net:spad/_02335_ net:spad/_acc_mems_1_io_adder_op1_2_0\[13\] net:spad/_acc_mems_1_io_adder_op1_2_0\[14\] net:net93666
	comment: capacity:3 usage:4 overflow:1
	bbox = (1591.9200, 2467.2600) - (1592.4600, 2467.8000) on Layer -
violation type: Horizontal congestion
	srcs: net:net92294 net:net43436 net:spad/norm_unit_passthru_q/ram_ext/_1954_ net:net108255
	comment: capacity:3 usage:4 overflow:1
	bbox = (1591.9200, 2646.0000) - (1592.4600, 2646.5400) on Layer -
violation type: Horizontal congestion
	srcs: net:net91823 net:spad/_acc_mems_1_io_adder_op1_1_0\[12\] net:spad/acc_mems_1/q/_0239_ net:net119292
	comment: capacity:3 usage:4 overflow:1
	bbox = (1594.0800, 2434.8600) - (1594.6200, 2435.4000) on Layer -
violation type: Horizontal congestion
	srcs: net:net51279 net:net135470 net:net135460 net:net135254
	comment: capacity:3 usage:4 overflow:1
	bbox = (1596.2400, 2438.1000) - (1596.7800, 2438.6400) on Layer -
violation type: Horizontal congestion
	srcs: net:net55658 net:spad/_acc_mems_1_io_adder_op1_12_0\[23\] net:spad/_acc_mems_1_io_adder_op1_8_0\[23\] net:net101608
	comment: capacity:3 usage:4 overflow:1
	bbox = (1596.2400, 2661.1200) - (1596.7800, 2661.6600) on Layer -
violation type: Horizontal congestion
	srcs: net:net92441 net:net91882 net:net91819 net:spad/_acc_mems_1_io_adder_op1_3_0\[27\]
	comment: capacity:3 usage:4 overflow:1
	bbox = (1596.2400, 2664.3600) - (1596.7800, 2664.9000) on Layer -
violation type: Horizontal congestion
	srcs: net:net93257 net:spad/_acc_mems_1_io_adder_op1_6_0\[4\] net:spad/_acc_mems_1_io_adder_op1_8_0\[24\] net:spad/_acc_mems_1_io_adder_op1_9_0\[20\]
	comment: capacity:3 usage:4 overflow:1
	bbox = (1596.7800, 2451.6000) - (1597.3200, 2452.1400) on Layer -
violation type: Horizontal congestion
	srcs: net:spad/_acc_mems_1_io_adder_op1_4_0\[16\] net:spad/_acc_mems_1_io_adder_op1_8_0\[20\] net:spad/acc_mems_1/pipelined_writes_1_bits_mask_29 net:net135138
	comment: capacity:3 usage:4 overflow:1
	bbox = (1596.7800, 2452.6800) - (1597.3200, 2453.2200) on Layer -
violation type: Horizontal congestion
	srcs: net:net91503 net:spad/_acc_mems_1_io_adder_op1_6_0\[7\] net:spad/acc_mems_1/_1838_ net:spad/acc_mems_1/pipelined_writes_1_bits_mask_42
	comment: capacity:3 usage:4 overflow:1
	bbox = (1596.7800, 2653.5600) - (1597.3200, 2654.1000) on Layer -
violation type: Horizontal congestion
	srcs: net:net43550 net:spad/_acc_mems_1_io_adder_op1_8_0\[23\] net:spad/_acc_mems_1_io_adder_op1_9_0\[27\] net:spad/acc_adders/_0409_
	comment: capacity:3 usage:4 overflow:1
	bbox = (1596.7800, 2655.7200) - (1597.3200, 2656.2600) on Layer -
violation type: Horizontal congestion
	srcs: net:net92363 net:net92113 net:net51311 net:spad/_02398_
	comment: capacity:3 usage:4 overflow:1
	bbox = (1596.7800, 2663.8200) - (1597.3200, 2664.3600) on Layer -
violation type: Horizontal congestion
	srcs: net:net91468 net:net91223 net:spad/_acc_mems_1_io_adder_op1_2_0\[28\] net:clknet_leaf_4325_clock
	comment: capacity:3 usage:4 overflow:1
	bbox = (1597.3200, 2447.8200) - (1597.8600, 2448.3600) on Layer -
violation type: Horizontal congestion
	srcs: net:net91948 net:spad/_acc_mems_1_io_adder_op1_1_0\[28\] net:spad/_acc_mems_1_io_adder_op1_5_0\[24\] net:net135351
	comment: capacity:3 usage:4 overflow:1
	bbox = (1597.3200, 2448.9000) - (1597.8600, 2449.4400) on Layer -
violation type: Horizontal congestion
	srcs: net:spad/_acc_mems_1_io_adder_op1_4_0\[16\] net:spad/_acc_mems_1_io_adder_op1_6_0\[4\] net:spad/_acc_mems_1_io_adder_op1_8_0\[24\] net:spad/_acc_mems_1_io_adder_op1_9_0\[20\]
	comment: capacity:3 usage:4 overflow:1
	bbox = (1597.3200, 2451.6000) - (1597.8600, 2452.1400) on Layer -
violation type: Horizontal congestion
	srcs: net:spad/_acc_mems_1_io_adder_op1_0_0\[5\] net:spad/_acc_mems_1_io_adder_op1_12_0\[20\] net:spad/_acc_mems_1_io_adder_op1_6_0\[24\] net:net14090
	comment: capacity:3 usage:4 overflow:1
	bbox = (1597.3200, 2453.7600) - (1597.8600, 2454.3000) on Layer -
violation type: Horizontal congestion
	srcs: net:spad/_acc_mems_1_io_adder_op1_0_0\[21\] net:spad/_acc_mems_1_io_adder_op1_0_0\[22\] net:net135364 net:net108265
	comment: capacity:3 usage:4 overflow:1
	bbox = (1597.3200, 2456.4600) - (1597.8600, 2457.0000) on Layer -
violation type: Horizontal congestion
	srcs: net:net92284 net:spad/_acc_mems_1_io_adder_op1_5_0\[28\] net:spad/_acc_mems_1_io_adder_op1_6_0\[20\] net:spad/_acc_mems_1_io_adder_op1_8_0\[16\]
	comment: capacity:3 usage:4 overflow:1
	bbox = (1597.3200, 2459.7000) - (1597.8600, 2460.2400) on Layer -
violation type: Horizontal congestion
	srcs: net:net52229 net:spad/_02495_ net:spad/_acc_mems_1_io_adder_op1_1_0\[29\] net:net135291
	comment: capacity:3 usage:4 overflow:1
	bbox = (1597.3200, 2464.0200) - (1597.8600, 2464.5600) on Layer -
violation type: Horizontal congestion
	srcs: net:net92294 net:net43436 net:net135462 net:net108255
	comment: capacity:3 usage:4 overflow:1
	bbox = (1597.3200, 2646.0000) - (1597.8600, 2646.5400) on Layer -
violation type: Horizontal congestion
	srcs: net:net91851 net:spad/_acc_mems_1_io_adder_op1_12_0\[31\] net:spad/_acc_mems_1_io_adder_op1_5_0\[23\] net:net101040
	comment: capacity:3 usage:4 overflow:1
	bbox = (1597.3200, 2652.4800) - (1597.8600, 2653.0200) on Layer -
violation type: Horizontal congestion
	srcs: net:net91503 net:spad/_acc_mems_1_io_adder_op1_6_0\[7\] net:spad/acc_mems_1/_1838_ net:spad/acc_mems_1/pipelined_writes_1_bits_mask_42
	comment: capacity:3 usage:4 overflow:1
	bbox = (1597.3200, 2653.5600) - (1597.8600, 2654.1000) on Layer -
violation type: Horizontal congestion
	srcs: net:net91865 net:spad/_acc_mems_1_io_adder_op1_11_0\[31\] net:spad/_acc_mems_1_io_adder_op1_7_0\[19\] net:net108258
	comment: capacity:3 usage:4 overflow:1
	bbox = (1597.3200, 2655.1800) - (1597.8600, 2655.7200) on Layer -
violation type: Horizontal congestion
	srcs: net:spad/_acc_mems_1_io_adder_op1_11_0\[23\] net:spad/_acc_mems_1_io_adder_op1_2_0\[7\] net:net134614 net:net14037
	comment: capacity:3 usage:4 overflow:1
	bbox = (1597.3200, 2657.3400) - (1597.8600, 2657.8800) on Layer -
violation type: Horizontal congestion
	srcs: net:spad/_acc_mems_1_io_adder_op1_4_0\[16\] net:spad/_acc_mems_1_io_adder_op1_6_0\[4\] net:spad/_acc_mems_1_io_adder_op1_8_0\[24\] net:spad/_acc_mems_1_io_adder_op1_9_0\[20\]
	comment: capacity:3 usage:4 overflow:1
	bbox = (1599.4800, 2451.6000) - (1600.0200, 2452.1400) on Layer -
violation type: Horizontal congestion
	srcs: net:spad/_acc_mems_1_io_adder_op1_0_0\[5\] net:spad/_acc_mems_1_io_adder_op1_12_0\[20\] net:spad/_acc_mems_1_io_adder_op1_6_0\[24\] net:net108401
	comment: capacity:3 usage:4 overflow:1
	bbox = (1599.4800, 2453.7600) - (1600.0200, 2454.3000) on Layer -
violation type: Horizontal congestion
	srcs: net:net43325 net:spad/writer/_04796_ net:spad/writer/_04802_ net:spad/writer/_12302_
	comment: capacity:3 usage:4 overflow:1
	bbox = (1778.7600, 2960.2800) - (1779.3000, 2960.8200) on Layer -
violation type: Horizontal congestion
	srcs: net:net98644 net:spad/writer/_04982_ net:spad/writer/_04983_ net:spad/writer/_05138_
	comment: capacity:3 usage:4 overflow:1
	bbox = (1780.3800, 2950.5600) - (1780.9200, 2951.1000) on Layer -
violation type: Horizontal congestion
	srcs: net:ex_controller/mesh/mesh/mesh_3_1/tile_0_0/_0030_ net:ex_controller/mesh/mesh/mesh_3_1/tile_0_0/_0218_ net:ex_controller/mesh/mesh/mesh_3_1/tile_0_0/_0260_ net:ex_controller/mesh/mesh/mesh_3_1/tile_0_0/_0297_
	comment: capacity:3 usage:4 overflow:1
	bbox = (2337.6600, 801.3600) - (2338.2000, 801.9000) on Layer -
