grid_x,grid_y,instance_count,cell_area,proxy_power_w,power_rank,steady_temp_k,delta_over_ambient_k
0,0,0,0.0,0.0,4088,326.3,8.150000000000034
1,0,0,0.0,0.0,4074,326.34,8.189999999999998
2,0,0,0.0,0.0,4075,326.44,8.29000000000002
3,0,0,0.0,0.0,4076,326.57,8.420000000000016
4,0,0,0.0,0.0,4077,326.76,8.610000000000014
5,0,0,0.0,0.0,4078,326.98,8.830000000000041
6,0,0,0.0,0.0,4079,327.25,9.100000000000023
7,0,0,0.0,0.0,4080,327.56,9.410000000000025
8,0,0,0.0,0.0,4092,327.91,9.760000000000048
9,0,0,0.0,0.0,4081,328.29,10.140000000000043
10,0,0,0.0,0.0,4082,328.7,10.550000000000011
11,0,0,0.0,0.0,4083,329.12,10.970000000000027
12,0,0,0.0,0.0,4084,329.53,11.379999999999995
13,0,0,0.0,0.0,4085,329.89,11.740000000000009
14,0,0,0.0,0.0,4086,330.19,12.04000000000002
15,0,0,0.0,0.0,4087,330.44,12.29000000000002
16,0,0,0.0,0.0,4089,330.65,12.5
17,0,20,10.16226,5.2554666189195014e-05,3081,330.81,12.660000000000025
18,0,0,0.0,0.0,4090,330.87,12.720000000000027
19,0,0,0.0,0.0,4091,330.91,12.760000000000048
20,0,79,58.8303,4.78224281078491e-05,3098,330.96,12.810000000000002
21,0,129,94.59504000000007,7.575954997733078e-05,2992,331.0,12.850000000000023
22,0,165,94.66794000000014,9.520649258518446e-05,2914,331.03,12.879999999999995
23,0,143,87.1009200000001,8.512989026760477e-05,2955,331.06,12.910000000000025
24,0,176,87.11550000000011,0.0001035649125802761,2885,331.09,12.939999999999998
25,0,53,27.964439999999986,3.2277157647313006e-05,3195,331.09,12.939999999999998
26,0,0,0.0,0.0,3577,331.09,12.939999999999998
27,0,3,1.80792,9.34975409965e-06,3384,331.09,12.939999999999998
28,0,0,0.0,0.0,3578,331.04,12.890000000000043
29,0,35,15.76098,6.536395595092499e-05,3028,330.94,12.79000000000002
30,0,72,27.760320000000007,0.00014356396617529996,2726,330.76,12.610000000000014
31,0,10,5.482080000000001,2.8350867269912e-05,3223,330.43,12.28000000000003
32,0,0,0.0,0.0,3547,330.06,11.910000000000025
33,0,0,0.0,0.0,3548,329.66,11.510000000000048
34,0,0,0.0,0.0,3549,329.24,11.090000000000032
35,0,0,0.0,0.0,3550,328.81,10.660000000000025
36,0,0,0.0,0.0,3591,328.38,10.230000000000018
37,0,0,0.0,0.0,4093,327.96,9.810000000000002
38,0,0,0.0,0.0,4094,327.57,9.420000000000016
39,0,0,0.0,0.0,4095,327.19,9.04000000000002
40,0,0,0.0,0.0,3555,326.84,8.689999999999998
41,0,0,0.0,0.0,3556,326.51,8.360000000000014
42,0,0,0.0,0.0,3557,326.2,8.050000000000011
43,0,0,0.0,0.0,3558,325.9,7.75
44,0,0,0.0,0.0,3543,325.62,7.470000000000027
45,0,0,0.0,0.0,3544,325.34,7.189999999999998
46,0,0,0.0,0.0,3545,325.06,6.910000000000025
47,0,0,0.0,0.0,3546,324.79,6.640000000000043
48,0,0,0.0,0.0,3563,324.53,6.3799999999999955
49,0,0,0.0,0.0,3564,324.28,6.1299999999999955
50,0,0,0.0,0.0,3565,324.03,5.8799999999999955
51,0,0,0.0,0.0,3566,323.8,5.650000000000034
52,0,0,0.0,0.0,3551,323.59,5.439999999999998
53,0,0,0.0,0.0,3552,323.39,5.240000000000009
54,0,0,0.0,0.0,3553,323.21,5.060000000000002
55,0,0,0.0,0.0,3554,323.05,4.900000000000034
56,0,0,0.0,0.0,3571,322.9,4.75
57,0,0,0.0,0.0,3572,322.77,4.6200000000000045
58,0,0,0.0,0.0,3573,322.66,4.510000000000048
59,0,0,0.0,0.0,3574,322.57,4.420000000000016
60,0,0,0.0,0.0,3559,322.5,4.350000000000023
61,0,0,0.0,0.0,3560,322.45,4.300000000000011
62,0,0,0.0,0.0,3561,322.41,4.260000000000048
63,0,0,0.0,0.0,3562,322.4,4.25
0,1,0,0.0,0.0,3990,326.31,8.160000000000025
1,1,1,0.1458,2.80942059237e-07,3540,326.36,8.210000000000036
2,1,1,1.86624,4.25766241988e-07,3536,326.45,8.300000000000011
3,1,4,16.79616,3.831896177892e-06,3469,326.59,8.439999999999998
4,1,0,0.0,0.0,3991,326.77,8.620000000000005
5,1,0,0.0,0.0,3982,327.0,8.850000000000023
6,1,0,0.0,0.0,3983,327.27,9.120000000000005
7,1,0,0.0,0.0,3984,327.59,9.439999999999998
8,1,0,0.0,0.0,3927,327.95,9.800000000000011
9,1,0,0.0,0.0,3987,328.34,10.189999999999998
10,1,0,0.0,0.0,3988,328.76,10.610000000000014
11,1,0,0.0,0.0,3989,329.21,11.060000000000002
12,1,240,72.11268,0.0003567897591376967,740,329.76,11.610000000000014
13,1,389,164.82689999999988,0.0006494480069364119,387,330.22,12.07000000000005
14,1,107,108.44603999999998,0.00011631113168397967,2829,330.35,12.200000000000045
15,1,279,97.0736399999998,0.00035338726348448904,749,330.68,12.53000000000003
16,1,494,256.6371600000004,0.0005897377316093544,518,330.96,12.810000000000002
17,1,595,232.65305999999993,0.0006034945670449375,480,331.1,12.950000000000045
18,1,244,145.2459599999999,0.00028837372188672946,1122,331.07,12.920000000000016
19,1,32,63.99161999999999,2.9093895588729002e-05,3215,331.01,12.860000000000014
20,1,158,183.05189999999996,0.0001185510327708039,2824,331.06,12.910000000000025
21,1,187,195.69276000000033,0.00011259803644925083,2842,331.08,12.930000000000007
22,1,188,201.96216,0.00011570521329268251,2832,331.11,12.960000000000036
23,1,237,219.66228000000035,0.00014064284328553953,2738,331.15,13.0
24,1,274,213.55326000000042,0.0001560367435416858,2672,331.18,13.03000000000003
25,1,103,73.20617999999999,6.081502960472238e-05,3048,331.18,13.03000000000003
26,1,132,93.26826000000001,0.00017315878853158516,2577,331.25,13.100000000000023
27,1,381,136.48337999999976,0.0004867036741180685,629,331.37,13.220000000000027
28,1,443,183.85379999999995,0.0005841007806152472,534,331.35,13.200000000000045
29,1,518,218.29175999999978,0.0006791597558951627,302,331.26,13.110000000000014
30,1,517,178.73622000000015,0.0006248080741529397,431,331.04,12.890000000000043
31,1,294,118.89989999999992,0.00055493078115171,571,330.72,12.57000000000005
32,1,2,2.5660800000000004,1.3270618722090001e-05,3339,330.18,12.03000000000003
33,1,0,0.0,0.0,3936,329.77,11.620000000000005
34,1,0,0.0,0.0,3937,329.33,11.180000000000007
35,1,0,0.0,0.0,3938,328.89,10.740000000000009
36,1,0,0.0,0.0,3939,328.44,10.29000000000002
37,1,0,0.0,0.0,3940,328.01,9.860000000000014
38,1,0,0.0,0.0,3941,327.61,9.460000000000036
39,1,0,0.0,0.0,3942,327.23,9.080000000000041
40,1,0,0.0,0.0,3902,326.88,8.730000000000018
41,1,0,0.0,0.0,3944,326.55,8.400000000000034
42,1,0,0.0,0.0,3945,326.24,8.090000000000032
43,1,0,0.0,0.0,3946,325.95,7.800000000000011
44,1,0,0.0,0.0,3947,325.66,7.510000000000048
45,1,0,0.0,0.0,3948,325.38,7.230000000000018
46,1,0,0.0,0.0,3949,325.11,6.960000000000036
47,1,0,0.0,0.0,3950,324.83,6.680000000000007
48,1,0,0.0,0.0,3910,324.57,6.420000000000016
49,1,0,0.0,0.0,3898,324.31,6.160000000000025
50,1,0,0.0,0.0,3899,324.06,5.910000000000025
51,1,0,0.0,0.0,3900,323.83,5.680000000000007
52,1,1,0.1458,2.80942059237e-07,3541,323.61,5.460000000000036
53,1,5,12.59712,2.873922133419e-06,3481,323.41,5.260000000000048
54,1,5,10.730879999999999,2.4481558914310003e-06,3485,323.23,5.080000000000041
55,1,0,0.0,0.0,3901,323.06,4.910000000000025
56,1,0,0.0,0.0,3918,322.91,4.760000000000048
57,1,0,0.0,0.0,3903,322.79,4.640000000000043
58,1,0,0.0,0.0,3904,322.68,4.53000000000003
59,1,0,0.0,0.0,3905,322.59,4.439999999999998
60,1,0,0.0,0.0,3906,322.52,4.3700000000000045
61,1,0,0.0,0.0,3907,322.46,4.310000000000002
62,1,0,0.0,0.0,3908,322.43,4.28000000000003
63,1,0,0.0,0.0,3909,322.41,4.260000000000048
0,2,0,0.0,0.0,3894,326.33,8.180000000000007
1,2,0,0.0,0.0,3895,326.38,8.230000000000018
2,2,0,0.0,0.0,3896,326.47,8.32000000000005
3,2,0,0.0,0.0,3897,326.61,8.460000000000036
4,2,34,114.77375999999998,2.6184623882271998e-05,3235,326.81,8.660000000000025
5,2,27,159.56352000000004,3.6403013690066e-05,3162,327.05,8.900000000000034
6,2,8,55.987200000000016,1.2772987259680002e-05,3344,327.32,9.170000000000016
7,2,19,132.96960000000004,3.0335844741739995e-05,3206,327.65,9.5
8,2,6,41.99040000000001,9.579740444760001e-06,3380,328.01,9.860000000000014
9,2,4,27.9936,6.38649362984e-06,3437,328.43,10.28000000000003
10,2,3,6.53184,1.490181846958e-06,3521,328.88,10.730000000000018
11,2,213,77.75513999999998,0.0002891013153772321,1115,329.45,11.300000000000011
12,2,410,153.48365999999987,0.0005884794418781734,520,330.0,11.850000000000023
13,2,497,274.94964000000044,0.000727690775220977,167,330.42,12.270000000000039
14,2,429,249.6970799999999,0.00046673971269049834,644,330.64,12.490000000000009
15,2,516,197.76312000000001,0.0005026496608001617,612,330.9,12.75
16,2,632,280.1838599999997,0.0005241200006488189,597,331.11,12.960000000000036
17,2,596,265.7059199999997,0.0005657196760702274,560,331.26,13.110000000000014
18,2,461,177.99263999999977,0.0004496469669182985,651,331.29,13.140000000000043
19,2,121,135.88560000000004,0.00013271305497994393,2768,331.21,13.060000000000002
20,2,59,128.47896,6.119257076976502e-05,3043,331.19,13.04000000000002
21,2,39,110.76425999999998,3.5123313412496994e-05,3170,331.19,13.04000000000002
22,2,43,103.78044,3.2289503744034e-05,3194,331.21,13.060000000000002
23,2,149,183.34350000000006,9.399443951243907e-05,2919,331.26,13.110000000000014
24,2,114,149.76576,7.552623594708515e-05,2993,331.28,13.129999999999995
25,2,51,46.18943999999998,3.2054777528937104e-05,3198,331.31,13.160000000000025
26,2,218,98.86698000000004,0.00026442467630313543,1478,331.43,13.28000000000003
27,2,500,192.92255999999955,0.0007047966716155527,224,331.61,13.460000000000036
28,2,527,190.37106,0.0007123590380007503,209,331.56,13.410000000000025
29,2,564,203.18687999999958,0.0005641416971030005,563,331.39,13.240000000000009
30,2,526,179.39231999999964,0.0006025347434536236,481,331.2,13.050000000000011
31,2,470,193.0537799999998,0.0006916368935573216,260,330.95,12.800000000000011
32,2,558,177.6573000000001,0.0005843364027389605,532,330.55,12.400000000000034
33,2,378,121.45139999999991,0.0005565940075953236,569,330.13,11.980000000000018
34,2,173,41.83002000000002,0.0002163261654186432,2211,329.58,11.430000000000007
35,2,4,1.21014,6.258303147353999e-06,3442,329.03,10.879999999999995
36,2,0,0.0,0.0,3862,328.55,10.400000000000034
37,2,0,0.0,0.0,3863,328.1,9.950000000000045
38,2,0,0.0,0.0,3864,327.69,9.54000000000002
39,2,0,0.0,0.0,3865,327.31,9.160000000000025
40,2,0,0.0,0.0,3809,326.95,8.800000000000011
41,2,0,0.0,0.0,3810,326.63,8.480000000000018
42,2,0,0.0,0.0,3811,326.33,8.180000000000007
43,2,0,0.0,0.0,3812,326.04,7.890000000000043
44,2,0,0.0,0.0,3813,325.75,7.600000000000023
45,2,0,0.0,0.0,3814,325.47,7.32000000000005
46,2,0,0.0,0.0,3815,325.19,7.0400000000000205
47,2,0,0.0,0.0,3816,324.92,6.770000000000039
48,2,0,0.0,0.0,3817,324.64,6.490000000000009
49,2,1,2.3328,5.32207802485e-07,3534,324.37,6.220000000000027
50,2,9,58.32000000000001,1.3305195062165002e-05,3337,324.12,5.970000000000027
51,2,13,62.51904,1.4263169106633001e-05,3328,323.88,5.730000000000018
52,2,43,198.28799999999995,4.5237663211319e-05,3108,323.67,5.520000000000039
53,2,0,0.0,0.0,3818,323.45,5.300000000000011
54,2,0,0.0,0.0,3819,323.26,5.110000000000014
55,2,4,8.39808,1.9159480889460004e-06,3495,323.09,4.939999999999998
56,2,0,0.0,0.0,3820,322.94,4.7900000000000205
57,2,0,0.0,0.0,3821,322.81,4.660000000000025
58,2,0,0.0,0.0,3822,322.7,4.550000000000011
59,2,0,0.0,0.0,3823,322.61,4.460000000000036
60,2,0,0.0,0.0,3824,322.54,4.390000000000043
61,2,0,0.0,0.0,3825,322.48,4.330000000000041
62,2,0,0.0,0.0,3826,322.45,4.300000000000011
63,2,0,0.0,0.0,3827,322.43,4.28000000000003
0,3,0,0.0,0.0,3753,326.36,8.210000000000036
1,3,8,20.52864,4.683428661868e-06,3459,326.41,8.260000000000048
2,3,0,0.0,0.0,3796,326.5,8.350000000000023
3,3,0,0.0,0.0,3797,326.65,8.5
4,3,45,141.36767999999998,3.225179283059101e-05,3196,326.86,8.710000000000036
5,3,1,6.9984,1.59662340746e-06,3505,327.09,8.939999999999998
6,3,1,6.9984,1.59662340746e-06,3510,327.37,9.220000000000027
7,3,5,34.992000000000004,7.9831170373e-06,3404,327.71,9.560000000000002
8,3,4,27.9936,6.38649362984e-06,3435,328.1,9.950000000000045
9,3,13,90.97920000000003,2.075610429698e-05,3276,328.54,10.390000000000043
10,3,223,170.70263999999997,0.00023469985377921497,1969,329.1,10.950000000000045
11,3,492,272.26691999999997,0.0006261738146850722,430,329.73,11.580000000000041
12,3,473,318.39804000000055,0.0008439857628473247,2,330.26,12.110000000000014
13,3,512,310.0874400000004,0.0007375811037892534,134,330.61,12.460000000000036
14,3,439,224.00711999999976,0.0006579762824914299,363,330.88,12.730000000000018
15,3,487,213.96150000000017,0.0006694256950222944,322,331.14,12.990000000000009
16,3,546,174.47885999999954,0.0005655925336147322,561,331.3,13.150000000000034
17,3,568,204.63029999999964,0.0005923640039985087,511,331.45,13.300000000000011
18,3,617,234.0527399999997,0.0005726970454130118,554,331.53,13.379999999999995
19,3,552,258.69294000000053,0.0005881392310831907,521,331.57,13.420000000000016
20,3,170,164.14163999999988,0.00016684164563098917,2614,331.43,13.28000000000003
21,3,12,55.05408,1.2560104138669e-05,3348,331.38,13.230000000000018
22,3,31,64.3707,2.2158525214219098e-05,3266,331.4,13.25
23,3,139,202.07880000000014,8.780715516668799e-05,2945,331.45,13.300000000000011
24,3,62,120.53285999999999,4.8894088499542015e-05,3095,331.47,13.32000000000005
25,3,29,96.89867999999998,2.701692463100199e-05,3232,331.51,13.360000000000014
26,3,193,76.02011999999999,0.00023174168871989016,2015,331.62,13.470000000000027
27,3,540,256.4622,0.0006597587779135965,354,331.79,13.640000000000043
28,3,569,189.88991999999976,0.000576099700975305,545,331.71,13.560000000000002
29,3,632,358.7409000000006,0.0005855753645575814,528,331.58,13.430000000000007
30,3,538,271.36296,0.0006814652910213015,294,331.41,13.260000000000048
31,3,476,347.1643800000003,0.0006642386734239741,340,331.13,12.980000000000018
32,3,730,387.52182000000204,0.0004980116014911826,618,330.72,12.57000000000005
33,3,513,146.20823999999965,0.0005808373984443272,537,330.35,12.200000000000045
34,3,569,171.3441599999998,0.0006647011767834938,337,329.93,11.78000000000003
35,3,414,102.46823999999984,0.00043997040389166824,656,329.36,11.210000000000036
36,3,0,0.0,0.0,3755,328.71,10.560000000000002
37,3,0,0.0,0.0,3756,328.23,10.080000000000041
38,3,0,0.0,0.0,3757,327.8,9.650000000000034
39,3,0,0.0,0.0,3758,327.41,9.260000000000048
40,3,0,0.0,0.0,3762,327.06,8.910000000000025
41,3,0,0.0,0.0,3763,326.75,8.600000000000023
42,3,46,29.72862000000002,4.4062028517338704e-05,3116,326.47,8.32000000000005
43,3,98,51.8902199999999,6.756468185006268e-05,3021,326.19,8.04000000000002
44,3,119,77.24484,0.000105856863207912,2878,325.92,7.770000000000039
45,3,27,18.77904000000001,2.2331591753800004e-05,3262,325.61,7.460000000000036
46,3,239,173.05001999999993,0.00015539768912359084,2676,325.37,7.220000000000027
47,3,388,130.8263399999999,0.00018520096525064696,2493,325.1,6.9500000000000455
48,3,38,104.74272000000005,4.062039599599802e-05,3143,324.76,6.610000000000014
49,3,12,48.52224,1.006472636014e-05,3373,324.46,6.310000000000002
50,3,17,95.64480000000003,2.1820519901945e-05,3269,324.2,6.050000000000011
51,3,30,92.37888,2.1075428978430998e-05,3275,323.95,5.800000000000011
52,3,35,97.51104000000002,2.2246286143883006e-05,3263,323.72,5.57000000000005
53,3,0,0.0,0.0,3760,323.5,5.350000000000023
54,3,0,0.0,0.0,3761,323.31,5.160000000000025
55,3,13,22.86144,5.215636464353e-06,3451,323.14,4.990000000000009
56,3,0,0.0,0.0,3720,322.99,4.840000000000032
57,3,0,0.0,0.0,3721,322.85,4.7000000000000455
58,3,0,0.0,0.0,3722,322.74,4.590000000000032
59,3,0,0.0,0.0,3723,322.65,4.5
60,3,0,0.0,0.0,3712,322.58,4.430000000000007
61,3,0,0.0,0.0,3713,322.52,4.3700000000000045
62,3,0,0.0,0.0,3714,322.48,4.330000000000041
63,3,0,0.0,0.0,3715,322.47,4.32000000000005
0,4,0,0.0,0.0,3688,326.4,8.25
1,4,13,42.45696000000001,9.686182005227e-06,3379,326.45,8.300000000000011
2,4,0,0.0,0.0,3689,326.55,8.400000000000034
3,4,0,0.0,0.0,3730,326.7,8.550000000000011
4,4,26,96.11135999999999,2.1926961462398998e-05,3268,326.91,8.760000000000048
5,4,7,48.98880000000001,1.1176363852220002e-05,3362,327.15,9.0
6,4,0,0.0,0.0,3731,327.44,9.29000000000002
7,4,0,0.0,0.0,3732,327.79,9.640000000000043
8,4,1,6.9984,1.59662340746e-06,3514,328.19,10.04000000000002
9,4,1,6.9984,1.59662340746e-06,3508,328.66,10.510000000000048
10,4,281,130.4472599999999,0.00038862154109985445,698,329.3,11.150000000000034
11,4,531,255.2228999999998,0.0007294608131169624,159,329.93,11.78000000000003
12,4,448,236.9395799999997,0.0007271635830082408,169,330.38,12.230000000000018
13,4,471,303.13278,0.0006704783352060482,318,330.74,12.590000000000032
14,4,492,293.42249999999984,0.0006192559116103014,449,331.04,12.890000000000043
15,4,467,268.28658000000024,0.0007555051588824782,83,331.34,13.189999999999998
16,4,625,261.1861200000003,0.0005988520468964217,496,331.49,13.340000000000032
17,4,618,276.50969999999995,0.0005405469714267666,583,331.63,13.480000000000018
18,4,581,300.7416600000001,0.0006431209430503599,398,331.77,13.620000000000005
19,4,581,268.7093999999999,0.0006123887078710674,460,331.81,13.660000000000025
20,4,126,135.52110000000002,0.00013346106281687293,2764,331.67,13.520000000000039
21,4,16,80.37954,1.8986559590182e-05,3293,331.64,13.490000000000009
22,4,96,125.63586,8.387532845704298e-05,2961,331.69,13.54000000000002
23,4,72,92.67047999999998,7.996762632238006e-05,2978,331.72,13.57000000000005
24,4,55,101.08314000000001,4.0325475307919004e-05,3144,331.74,13.590000000000032
25,4,77,141.98003999999997,8.156294596316804e-05,2968,331.78,13.629999999999995
26,4,420,206.0299799999996,0.00048429103755606224,632,331.95,13.800000000000011
27,4,500,232.53642000000042,0.000678935484877015,303,332.01,13.860000000000014
28,4,589,377.9865000000009,0.0006700408511291423,320,331.94,13.79000000000002
29,4,591,309.7958399999997,0.0005942295891944248,503,331.77,13.620000000000005
30,4,574,278.0989200000002,0.0006171255422591214,452,331.57,13.420000000000016
31,4,494,362.4442200000006,0.0006842784888769184,284,331.32,13.170000000000016
32,4,700,383.51232000000044,0.0005372426131239351,588,330.93,12.78000000000003
33,4,609,145.66877999999974,0.00053653238473423,589,330.53,12.379999999999995
34,4,550,220.1288399999998,0.0006840475160660097,285,330.14,11.990000000000009
35,4,515,171.53369999999984,0.0005987958449316093,497,329.61,11.460000000000036
36,4,121,24.90263999999998,0.00012878532259848888,2788,328.92,10.770000000000039
37,4,0,0.0,0.0,3695,328.38,10.230000000000018
38,4,0,0.0,0.0,3696,327.94,9.79000000000002
39,4,0,0.0,0.0,3697,327.55,9.400000000000034
40,4,0,0.0,0.0,3694,327.2,9.050000000000011
41,4,49,21.126419999999996,2.342933838253502e-05,3254,326.9,8.75
42,4,372,229.85370000000043,0.00027067541104200426,1367,326.7,8.550000000000011
43,4,340,226.76274000000038,0.00027444736995180984,1306,326.43,8.28000000000003
44,4,346,248.57442000000034,0.00023871221865992965,1921,326.13,7.980000000000018
45,4,274,184.0725,0.00019882062726078102,2372,325.83,7.680000000000007
46,4,562,247.0872599999997,0.0002833972944662857,1189,325.57,7.420000000000016
47,4,478,303.5118600000005,0.0002459462543631275,1802,325.26,7.110000000000014
48,4,410,195.95519999999976,0.00019205250776174949,2438,324.93,6.78000000000003
49,4,7,44.3232,1.0111948247245e-05,3372,324.57,6.420000000000016
50,4,25,165.62880000000007,3.7786753976550004e-05,3158,324.3,6.150000000000034
51,4,15,57.85343999999999,1.3198753501653e-05,3340,324.03,5.8799999999999955
52,4,21,114.30719999999998,2.6078182321819995e-05,3237,323.8,5.650000000000034
53,4,0,0.0,0.0,3692,323.57,5.420000000000016
54,4,0,0.0,0.0,3693,323.37,5.220000000000027
55,4,4,9.3312,2.12883120994e-06,3492,323.2,5.050000000000011
56,4,0,0.0,0.0,3657,323.04,4.890000000000043
57,4,0,0.0,0.0,3658,322.91,4.760000000000048
58,4,0,0.0,0.0,3659,322.79,4.640000000000043
59,4,0,0.0,0.0,3660,322.7,4.550000000000011
60,4,0,0.0,0.0,3698,322.62,4.470000000000027
61,4,0,0.0,0.0,3699,322.57,4.420000000000016
62,4,0,0.0,0.0,3700,322.53,4.3799999999999955
63,4,0,0.0,0.0,3701,322.51,4.360000000000014
0,5,0,0.0,0.0,3672,326.44,8.29000000000002
1,5,12,39.19104000000001,8.941091081747999e-06,3388,326.5,8.350000000000023
2,5,0,0.0,0.0,3673,326.6,8.450000000000045
3,5,0,0.0,0.0,3667,326.75,8.600000000000023
4,5,79,428.30208000000016,9.771335253649603e-05,2905,326.99,8.840000000000032
5,5,26,99.84383999999996,2.2778493946387994e-05,3257,327.22,9.07000000000005
6,5,17,112.44096000000003,2.5652416079852997e-05,3238,327.53,9.379999999999995
7,5,12,83.98080000000003,1.9159480889520002e-05,3291,327.88,9.730000000000018
8,5,8,55.987200000000016,1.2772987259680002e-05,3343,328.3,10.150000000000034
9,5,5,34.992000000000004,7.9831170373e-06,3402,328.78,10.629999999999995
10,5,317,196.42175999999986,0.0005314619186791739,591,329.49,11.340000000000032
11,5,505,245.95002000000005,0.0006538288442489682,377,330.05,11.900000000000034
12,5,611,346.52286000000043,0.0006019598612889633,485,330.48,12.330000000000041
13,5,543,301.5727200000003,0.0006194209471379065,448,330.87,12.720000000000027
14,5,443,254.4210000000004,0.0006153326696349809,457,331.18,13.03000000000003
15,5,495,300.8728800000005,0.0006853147219637057,282,331.47,13.32000000000005
16,5,493,380.1443399999997,0.0006605152166877896,351,331.68,13.53000000000003
17,5,546,350.0220599999997,0.0006638777254824117,343,331.85,13.700000000000045
18,5,515,374.61852,0.0007495644542545269,100,332.0,13.850000000000023
19,5,518,291.3083999999998,0.0005785460863527331,540,332.03,13.879999999999995
20,5,355,321.5035800000004,0.0005842371409690176,533,332.09,13.939999999999998
21,5,405,366.57036000000113,0.0005487908847338047,579,332.12,13.970000000000027
22,5,326,356.5393200000008,0.0005093785885187284,607,332.14,13.990000000000009
23,5,482,393.1642800000009,0.0006666982309970323,331,332.23,14.080000000000041
24,5,383,352.1944800000003,0.0005725956528297468,555,332.23,14.080000000000041
25,5,302,298.02977999999996,0.00041215530186852116,673,332.19,14.04000000000002
26,5,563,327.3355800000002,0.0005857621613018833,527,332.25,14.100000000000023
27,5,551,227.25845999999984,0.0005627238549535451,564,332.2,14.050000000000011
28,5,584,286.4969999999999,0.0005982643770004605,498,332.12,13.970000000000027
29,5,592,314.0823599999998,0.0006117847581454322,463,331.97,13.82000000000005
30,5,519,308.83355999999986,0.0006515258587668408,383,331.78,13.629999999999995
31,5,475,323.1365400000005,0.0007263265887347317,170,331.53,13.379999999999995
32,5,599,271.6399800000003,0.0005929483845542506,508,331.14,12.990000000000009
33,5,648,185.15141999999963,0.0005123855275634697,603,330.71,12.560000000000002
34,5,560,207.6629399999996,0.0005872898786238067,523,330.29,12.140000000000043
35,5,488,203.55138,0.0007228618062580365,180,329.83,11.680000000000007
36,5,118,31.20119999999998,0.00016135865946179223,2648,329.1,10.950000000000045
37,5,0,0.0,0.0,3627,328.54,10.390000000000043
38,5,0,0.0,0.0,3628,328.1,9.950000000000045
39,5,3,0.4374,8.42826177709e-07,3529,327.71,9.560000000000002
40,5,18,9.5499,4.927963385973999e-06,3453,327.37,9.220000000000027
41,5,158,117.23778000000027,6.296481553817024e-05,3033,327.08,8.930000000000007
42,5,332,270.2986200000003,0.00033027413907210586,809,326.89,8.740000000000009
43,5,354,271.9753200000004,0.0002940751018150921,1064,326.6,8.450000000000045
44,5,346,351.74250000000023,0.0002644211473692872,1479,326.3,8.150000000000034
45,5,337,222.3887400000001,0.0002114357571414454,2263,325.99,7.840000000000032
46,5,371,214.54469999999995,0.00020000743479699223,2359,325.69,7.5400000000000205
47,5,505,295.39080000000024,0.00026966179447695436,1384,325.41,7.260000000000048
48,5,366,185.04936,0.00015734523391092948,2665,325.06,6.910000000000025
49,5,28,151.16544000000005,3.4487065601123e-05,3174,324.7,6.550000000000011
50,5,22,152.09856000000005,3.469994872213e-05,3173,324.41,6.260000000000048
51,5,32,153.03168000000008,3.4912831843096006e-05,3172,324.14,5.990000000000009
52,5,39,218.35008000000002,4.9814650312721006e-05,3091,323.89,5.740000000000009
53,5,0,0.0,0.0,3631,323.65,5.5
54,5,0,0.0,0.0,3632,323.45,5.300000000000011
55,5,11,27.52704,6.280052069323001e-06,3441,323.27,5.1200000000000045
56,5,0,0.0,0.0,3633,323.11,4.960000000000036
57,5,0,0.0,0.0,3634,322.97,4.82000000000005
58,5,0,0.0,0.0,3635,322.86,4.710000000000036
59,5,0,0.0,0.0,3636,322.76,4.610000000000014
60,5,0,0.0,0.0,3637,322.69,4.5400000000000205
61,5,0,0.0,0.0,3638,322.63,4.480000000000018
62,5,0,0.0,0.0,3639,322.59,4.439999999999998
63,5,0,0.0,0.0,3630,322.57,4.420000000000016
0,6,0,0.0,0.0,3640,326.49,8.340000000000032
1,6,7,26.593919999999997,6.067168948332e-06,3443,326.55,8.400000000000034
2,6,0,0.0,0.0,3641,326.65,8.5
3,6,0,0.0,0.0,3642,326.81,8.660000000000025
4,6,45,192.2227200000001,4.385392292484404e-05,3121,327.04,8.890000000000043
5,6,36,140.90112000000005,3.214535127015401e-05,3197,327.3,9.150000000000034
6,6,19,127.37088000000004,2.9058546015765993e-05,3216,327.61,9.460000000000036
7,6,12,83.98080000000003,1.9159480889520002e-05,3290,327.98,9.830000000000041
8,6,9,62.98560000000002,1.4369610667140003e-05,3324,328.41,10.260000000000048
9,6,15,104.97600000000004,2.39493511119e-05,3251,328.9,10.75
10,6,236,156.48714,0.0003387763040595779,786,329.55,11.400000000000034
11,6,447,291.29382000000015,0.000770700400602811,56,330.21,12.060000000000002
12,6,524,380.3630400000003,0.0007492893672007986,102,330.66,12.510000000000048
13,6,532,293.23296000000033,0.0007230688107082548,179,331.03,12.879999999999995
14,6,465,364.55832000000004,0.0006548971840278299,373,331.33,13.180000000000007
15,6,466,347.57262,0.0006288398205645692,426,331.59,13.439999999999998
16,6,484,345.3127200000004,0.0007469186438825094,107,331.85,13.700000000000045
17,6,517,344.5399800000006,0.000658571310800735,358,332.0,13.850000000000023
18,6,475,268.46153999999996,0.000584366844879463,531,332.12,13.970000000000027
19,6,443,339.59736000000083,0.00066765661837527,329,332.27,14.120000000000005
20,6,464,514.1491200000007,0.0007496120475761124,99,332.39,14.240000000000009
21,6,444,378.5113800000002,0.0006014542912017932,486,332.41,14.260000000000048
22,6,530,423.9135000000003,0.0005923849198311749,510,332.47,14.32000000000005
23,6,618,451.0614600000003,0.0006043611112820005,478,332.52,14.370000000000005
24,6,535,454.8085200000001,0.0007089173947371281,214,332.58,14.430000000000007
25,6,465,411.6517200000001,0.0007519589578252139,93,332.59,14.439999999999998
26,6,506,372.1253400000001,0.0007458964345747925,112,332.56,14.410000000000025
27,6,538,389.6942400000009,0.0007017105878804128,229,332.48,14.330000000000041
28,6,568,355.69368000000014,0.0006839832160793608,286,332.36,14.210000000000036
29,6,526,346.9311000000001,0.0006791770409903809,301,332.19,14.04000000000002
30,6,488,327.9479400000003,0.0006225197906727381,441,331.95,13.800000000000011
31,6,493,279.48402,0.000748834163505666,103,331.71,13.560000000000002
32,6,505,187.09056,0.0006962258692252225,241,331.35,13.200000000000045
33,6,580,280.38798000000037,0.0007004618817910189,234,330.95,12.800000000000011
34,6,533,265.1518800000002,0.0007150767105184418,201,330.5,12.350000000000023
35,6,543,300.30426000000057,0.000715816847500813,197,329.98,11.830000000000041
36,6,75,16.883639999999996,7.100447989283008e-05,3011,329.23,11.080000000000041
37,6,0,0.0,0.0,3611,328.7,10.550000000000011
38,6,41,18.137520000000002,4.787762209010405e-06,3455,328.26,10.110000000000014
39,6,156,88.38396000000007,4.0947200175194847e-05,3139,327.89,9.740000000000009
40,6,195,147.2725800000002,5.051005551646963e-05,3088,327.56,9.410000000000025
41,6,349,280.5775200000009,0.00016402688860316957,2630,327.29,9.140000000000043
42,6,395,343.2861000000008,0.0002828609974257022,1195,327.05,8.900000000000034
43,6,336,285.33060000000035,0.0002596947869416971,1560,326.76,8.610000000000014
44,6,366,343.32984000000033,0.0002728758641076136,1330,326.47,8.32000000000005
45,6,348,275.70780000000036,0.0002776037778961137,1264,326.18,8.03000000000003
46,6,348,313.22214000000054,0.00022669635940015658,2082,325.86,7.710000000000036
47,6,386,266.58071999999987,0.00025134455443630803,1709,325.56,7.410000000000025
48,6,151,237.23118000000002,0.0001261055747002432,2799,325.19,7.0400000000000205
49,6,31,196.42176000000006,4.4811896969367015e-05,3111,324.84,6.689999999999998
50,6,30,200.15424000000007,4.5663429453351014e-05,3105,324.53,6.3799999999999955
51,6,14,48.52224,1.1069922291693e-05,3364,324.24,6.090000000000032
52,6,28,147.89952,3.374197467763199e-05,3180,323.99,5.840000000000032
53,6,0,0.0,0.0,3615,323.75,5.600000000000023
54,6,0,0.0,0.0,3610,323.54,5.390000000000043
55,6,9,30.326400000000003,6.918701432304999e-06,3424,323.36,5.210000000000036
56,6,0,0.0,0.0,3616,323.19,5.0400000000000205
57,6,0,0.0,0.0,3617,323.05,4.900000000000034
58,6,0,0.0,0.0,3618,322.94,4.7900000000000205
59,6,0,0.0,0.0,3619,322.84,4.689999999999998
60,6,0,0.0,0.0,3620,322.76,4.610000000000014
61,6,0,0.0,0.0,3612,322.7,4.550000000000011
62,6,0,0.0,0.0,3613,322.66,4.510000000000048
63,6,0,0.0,0.0,3614,322.64,4.490000000000009
0,7,0,0.0,0.0,3623,326.55,8.400000000000034
1,7,0,0.0,0.0,3624,326.6,8.450000000000045
2,7,8,33.59232,7.663792355783998e-06,3411,326.71,8.560000000000002
3,7,11,43.39008,9.899065126223998e-06,3377,326.88,8.730000000000018
4,7,32,156.76416000000003,3.5764364327071995e-05,3166,327.1,8.950000000000045
5,7,69,385.84512000000024,8.802717053125308e-05,2943,327.39,9.240000000000009
6,7,31,205.75296000000006,4.694072817932001e-05,3102,327.7,9.550000000000011
7,7,15,104.97600000000004,2.39493511119e-05,3250,328.07,9.920000000000016
8,7,22,153.96480000000005,3.512571496412e-05,3167,328.52,10.370000000000005
9,7,22,122.00544000000005,4.282605641652001e-05,3127,329.03,10.879999999999995
10,7,304,222.46163999999985,0.00046085909777446044,646,329.72,11.57000000000005
11,7,447,332.33651999999984,0.0006700924802124085,319,330.3,12.150000000000034
12,7,429,401.3145000000012,0.0005778264550642652,541,330.72,12.57000000000005
13,7,484,307.66715999999985,0.0007110585755964402,210,331.13,12.980000000000018
14,7,461,337.78944000000047,0.000756445964979324,82,331.46,13.310000000000002
15,7,521,316.2693600000003,0.0006242324400062186,435,331.68,13.53000000000003
16,7,451,374.61852000000073,0.0007075864604906499,218,331.94,13.79000000000002
17,7,457,310.6706400000002,0.0006817839992164733,292,332.12,13.970000000000027
18,7,394,351.62586000000096,0.0005766323861149087,544,332.25,14.100000000000023
19,7,373,426.435840000001,0.0005948952209669901,500,332.41,14.260000000000048
20,7,485,427.74804000000046,0.0007291160368924318,161,332.59,14.439999999999998
21,7,562,396.6343200000001,0.0006825160747009888,290,332.68,14.53000000000003
22,7,584,402.2913599999999,0.0006794821819835922,300,332.75,14.600000000000023
23,7,563,402.2622000000003,0.0007416041310912637,123,332.83,14.680000000000007
24,7,527,469.59264000000036,0.000770222915197627,57,332.86,14.710000000000036
25,7,507,501.34788000000015,0.0007614669563468329,74,332.84,14.689999999999998
26,7,379,258.67836000000005,0.0005710674020664288,558,332.73,14.580000000000041
27,7,478,387.4343400000006,0.0007156032393332537,198,332.69,14.54000000000002
28,7,502,398.9379600000007,0.0006679953063936968,327,332.54,14.390000000000043
29,7,538,384.1392600000007,0.0006084035645964433,467,332.34,14.189999999999998
30,7,554,472.9460400000008,0.0006654254725856153,336,332.13,13.980000000000018
31,7,519,428.9873400000006,0.0006687307229847462,324,331.85,13.700000000000045
32,7,483,265.8954600000006,0.0007467469555558974,108,331.53,13.379999999999995
33,7,509,319.38948000000045,0.0006707560445728758,317,331.09,12.939999999999998
34,7,506,233.67366000000004,0.0006801806922027634,298,330.62,12.470000000000027
35,7,289,137.40192000000013,0.0002839475789810295,1182,329.98,11.830000000000041
36,7,123,86.75100000000015,1.967981508103142e-05,3286,329.36,11.210000000000036
37,7,213,126.53982000000022,3.3502982354330204e-05,3183,328.88,10.730000000000018
38,7,382,306.7923600000011,7.266141518985445e-05,3002,328.46,10.310000000000002
39,7,420,310.01454000000086,0.00014925062076185896,2698,328.11,9.960000000000036
40,7,485,395.90532000000167,0.0001897774017709229,2453,327.79,9.640000000000043
41,7,468,376.19316000000134,0.00022817882811461632,2061,327.49,9.340000000000032
42,7,406,333.24048000000084,0.000248071497026544,1766,327.21,9.060000000000002
43,7,356,328.3561800000004,0.000273605394032578,1318,326.93,8.78000000000003
44,7,355,304.5907800000006,0.00022639708086892772,2086,326.62,8.470000000000027
45,7,344,278.5071600000001,0.00025382796809661945,1669,326.33,8.180000000000007
46,7,347,351.02808000000056,0.00029088823347971153,1096,326.04,7.890000000000043
47,7,483,464.5917000000001,0.00031841675242601664,868,325.73,7.580000000000041
48,7,578,419.27706000000035,0.00032233472031777745,842,325.4,7.25
49,7,72,234.91296000000008,6.326402196664305e-05,3030,324.98,6.830000000000041
50,7,35,198.2880000000001,4.523766321134802e-05,3107,324.66,6.510000000000048
51,7,27,184.2912000000001,4.204441639644501e-05,3130,324.37,6.220000000000027
52,7,36,192.22272000000004,4.385392292486501e-05,3120,324.11,5.960000000000036
53,7,14,44.78975999999999,1.0218389807711998e-05,3370,323.86,5.710000000000036
54,7,8,31.72608,7.2380261137959985e-06,3419,323.64,5.490000000000009
55,7,0,0.0,0.0,3622,323.45,5.300000000000011
56,7,0,0.0,0.0,3643,323.29,5.140000000000043
57,7,0,0.0,0.0,3644,323.15,5.0
58,7,0,0.0,0.0,3645,323.03,4.8799999999999955
59,7,0,0.0,0.0,3646,322.92,4.770000000000039
60,7,0,0.0,0.0,3647,322.84,4.689999999999998
61,7,0,0.0,0.0,3648,322.78,4.6299999999999955
62,7,0,0.0,0.0,3625,322.74,4.590000000000032
63,7,0,0.0,0.0,3626,322.72,4.57000000000005
0,8,0,0.0,0.0,3651,326.6,8.450000000000045
1,8,0,0.0,0.0,3652,326.66,8.510000000000048
2,8,7,16.329600000000003,3.725454617395e-06,3473,326.77,8.620000000000005
3,8,3,7.931519999999999,1.809506528449e-06,3497,326.94,8.79000000000002
4,8,28,141.83424000000002,3.235823439116799e-05,3193,327.17,9.020000000000039
5,8,17,81.64800000000004,1.862727308702001e-05,3297,327.44,9.29000000000002
6,8,26,125.50464000000005,2.8632779773763005e-05,3217,327.78,9.629999999999995
7,8,7,48.98880000000001,1.1176363852220002e-05,3360,328.16,10.010000000000048
8,8,4,27.9936,6.38649362984e-06,3438,328.62,10.470000000000027
9,8,86,29.84526,0.00013358876002263995,2762,329.18,11.03000000000003
10,8,522,315.01548000000076,0.0006627384018237173,347,329.91,11.760000000000048
11,8,469,363.6835200000012,0.0006876476091465832,271,330.42,12.270000000000039
12,8,424,343.62144000000023,0.0006600042587418199,353,330.85,12.700000000000045
13,8,293,357.60366,0.000478307166240939,636,331.15,13.0
14,8,229,283.52267999999987,0.000414495151922791,671,331.43,13.28000000000003
15,8,342,350.53236000000004,0.00047811370827062055,638,331.71,13.560000000000002
16,8,247,358.5951000000002,0.00036104950888833,733,331.9,13.75
17,8,240,279.6152399999998,0.000336928729873302,787,332.09,13.939999999999998
18,8,239,395.67204000000027,0.000355608374748016,745,332.29,14.140000000000043
19,8,251,343.53396000000026,0.0003248295307759246,825,332.46,14.310000000000002
20,8,473,445.63770000000034,0.0007031716982651261,227,332.75,14.600000000000023
21,8,550,509.27940000000035,0.0007609700646680996,75,332.89,14.740000000000009
22,8,607,435.6795599999999,0.0006340483941080188,419,332.94,14.79000000000002
23,8,582,504.2784600000004,0.0007532040292720833,89,333.04,14.890000000000043
24,8,547,412.1328600000004,0.0007648259907678904,68,333.07,14.920000000000016
25,8,474,393.1497000000004,0.0007393051162468725,131,333.04,14.890000000000043
26,8,444,297.6361199999999,0.0006904864290437517,265,332.96,14.810000000000002
27,8,575,386.99694000000056,0.0006867282079466263,275,332.86,14.710000000000036
28,8,618,391.1522400000009,0.0007405071370274132,127,332.73,14.580000000000041
29,8,569,418.9563000000002,0.000691713056633463,259,332.53,14.379999999999995
30,8,587,446.9207400000013,0.0007211607330213845,184,332.31,14.160000000000025
31,8,519,371.16306000000026,0.000744823559380752,114,332.03,13.879999999999995
32,8,497,308.9210400000009,0.0005774505778402424,542,331.61,13.460000000000036
33,8,645,406.636200000001,0.0006155901553792939,455,331.2,13.050000000000011
34,8,581,255.15000000000018,0.0006633514579993135,345,330.74,12.590000000000032
35,8,395,230.43690000000007,0.0004884793951391374,628,330.17,12.020000000000039
36,8,371,265.7934000000009,0.00011643016125031606,2828,329.54,11.390000000000043
37,8,453,359.74692000000147,0.00014498814786021916,2718,329.08,10.930000000000007
38,8,455,341.0991000000013,0.00014060379378756803,2739,328.66,10.510000000000048
39,8,479,420.1956000000018,0.00013315339521757414,2766,328.29,10.140000000000043
40,8,499,458.9638200000018,0.00018327503527644463,2507,327.97,9.82000000000005
41,8,486,448.4079000000016,0.0002133740841864727,2247,327.66,9.510000000000048
42,8,424,372.7522800000008,0.0002644276303588194,1477,327.38,9.230000000000018
43,8,337,411.6225600000003,0.00029943144012038346,1020,327.1,8.950000000000045
44,8,338,337.8186000000004,0.0003302940495623194,808,326.81,8.660000000000025
45,8,365,399.65238000000033,0.0003317058872176159,805,326.51,8.360000000000014
46,8,362,334.62558000000064,0.00030641248994952284,972,326.2,8.050000000000011
47,8,397,402.3496800000003,0.0003190865250814716,864,325.88,7.730000000000018
48,8,546,195.99894000000006,0.000214149713380883,2237,325.51,7.360000000000014
49,8,155,134.865,0.00010109182121705569,2893,325.14,6.990000000000009
50,8,2,13.9968,3.19324681492e-06,3477,324.78,6.6299999999999955
51,8,21,95.64480000000003,2.1820519901935005e-05,3270,324.49,6.340000000000032
52,8,12,32.6592,7.450909234795e-06,3414,324.22,6.07000000000005
53,8,9,52.72127999999999,1.2027896336191e-05,3351,323.98,5.830000000000041
54,8,6,13.996800000000002,3.19324681491e-06,3480,323.76,5.610000000000014
55,8,0,0.0,0.0,3675,323.57,5.420000000000016
56,8,0,0.0,0.0,3676,323.4,5.25
57,8,0,0.0,0.0,3677,323.25,5.100000000000023
58,8,0,0.0,0.0,3678,323.13,4.980000000000018
59,8,0,0.0,0.0,3679,323.02,4.8700000000000045
60,8,0,0.0,0.0,3680,322.94,4.7900000000000205
61,8,0,0.0,0.0,3681,322.88,4.730000000000018
62,8,0,0.0,0.0,3682,322.84,4.689999999999998
63,8,0,0.0,0.0,3674,322.81,4.660000000000025
0,9,0,0.0,0.0,3683,326.66,8.510000000000048
1,9,0,0.0,0.0,3684,326.72,8.57000000000005
2,9,0,0.0,0.0,3685,326.83,8.680000000000007
3,9,38,147.43295999999992,3.363553311708699e-05,3182,327.02,8.870000000000005
4,9,12,61.11936,1.3943844425142002e-05,3331,327.24,9.090000000000032
5,9,30,181.9584,4.151220859395e-05,3134,327.53,9.379999999999995
6,9,43,230.48064000000008,5.258213088565803e-05,3080,327.87,9.720000000000027
7,9,9,43.85664,1.0005506686743001e-05,3374,328.26,10.110000000000014
8,9,4,27.9936,6.38649362984e-06,3434,328.73,10.580000000000041
9,9,101,38.17043999999999,0.00016280448038374896,2640,329.31,11.160000000000025
10,9,514,226.3690799999999,0.0007324640354085007,152,330.05,11.900000000000034
11,9,454,279.57150000000047,0.0006579009838304358,365,330.52,12.370000000000005
12,9,552,251.60706000000022,0.0007051433125718433,221,330.97,12.82000000000005
13,9,467,327.71466000000044,0.0006870457196927887,272,331.31,13.160000000000025
14,9,267,240.48251999999985,0.00037069387677201584,718,331.5,13.350000000000023
15,9,249,276.1597800000002,0.0002880473400135891,1128,331.73,13.580000000000041
16,9,247,369.6613200000003,0.00037154935668476906,717,331.99,13.840000000000032
17,9,182,263.08151999999995,0.0002237354287855795,2126,332.16,14.010000000000048
18,9,238,293.49539999999996,0.00033958805973162025,784,332.4,14.25
19,9,277,381.9376800000003,0.0003948566253891817,689,332.61,14.460000000000036
20,9,450,323.2386,0.000557775569907648,568,332.85,14.700000000000045
21,9,610,397.6986599999998,0.0006303604102421261,425,333.01,14.860000000000014
22,9,602,345.12318000000005,0.0005901085455718532,515,333.1,14.950000000000045
23,9,553,560.3531400000005,0.0007937795617759296,28,333.23,15.080000000000041
24,9,516,348.3162000000002,0.000768069292232544,62,333.24,15.090000000000032
25,9,471,417.64410000000004,0.0008070460006897779,19,333.23,15.080000000000041
26,9,557,388.13417999999996,0.0006836799183956086,287,333.11,14.960000000000036
27,9,473,339.6848400000001,0.0006821930656629014,291,333.0,14.850000000000023
28,9,622,398.8359000000006,0.0006051053313791877,476,332.83,14.680000000000007
29,9,527,307.11312000000095,0.0005931836228209314,505,332.64,14.490000000000009
30,9,429,365.72472000000073,0.000754655690799724,85,332.46,14.310000000000002
31,9,523,576.8722800000004,0.0008072947699571464,18,332.18,14.03000000000003
32,9,499,421.2453599999999,0.0008371239807491635,3,331.82,13.670000000000016
33,9,494,296.0323200000007,0.0004985997048294656,617,331.27,13.120000000000005
34,9,439,270.0653400000005,0.00034893782599497447,758,330.74,12.590000000000032
35,9,449,333.9403200000013,0.0002300804489407379,2037,330.2,12.050000000000011
36,9,462,392.8435200000013,0.00013041213900825884,2781,329.68,11.53000000000003
37,9,492,455.8874400000014,0.00015290447121209382,2684,329.24,11.090000000000032
38,9,490,533.1177000000014,0.0002012347820777092,2349,328.85,10.700000000000045
39,9,485,498.5922600000009,0.0002553148246703812,1644,328.51,10.360000000000014
40,9,501,502.07688000000104,0.00025237668818856935,1689,328.17,10.020000000000039
41,9,457,390.4086600000008,0.0002685918073216755,1404,327.85,9.700000000000045
42,9,449,400.0460400000008,0.0002768495111006612,1275,327.55,9.400000000000034
43,9,348,514.2949200000005,0.0003090829376918571,947,327.25,9.100000000000023
44,9,352,312.6097800000003,0.0003187250915292245,867,326.96,8.810000000000002
45,9,346,354.0607200000006,0.00028544026419394854,1162,326.64,8.490000000000009
46,9,387,424.9486800000007,0.0003181986663414985,871,326.34,8.189999999999998
47,9,332,344.9919600000004,0.00028670633538772,1142,326.01,7.860000000000014
48,9,351,197.86517999999992,0.0002392679540687004,1910,325.67,7.520000000000039
49,9,184,210.05405999999996,0.00013139355705636002,2776,325.3,7.150000000000034
50,9,31,204.58656000000008,4.985683533376003e-05,3090,324.94,6.7900000000000205
51,9,12,79.31520000000002,1.8095065284545e-05,3301,324.63,6.480000000000018
52,9,32,153.96480000000008,3.512571496409502e-05,3169,324.36,6.210000000000036
53,9,12,29.874419999999997,1.8567647060454998e-05,3298,324.11,5.960000000000036
54,9,28,40.649040000000014,3.8212910790977705e-05,3155,323.9,5.75
55,9,8,11.955599999999999,1.1382652618061e-05,3359,323.7,5.550000000000011
56,9,0,0.0,0.0,3702,323.52,5.3700000000000045
57,9,0,0.0,0.0,3703,323.37,5.220000000000027
58,9,0,0.0,0.0,3704,323.25,5.100000000000023
59,9,0,0.0,0.0,3705,323.14,4.990000000000009
60,9,0,0.0,0.0,3706,323.05,4.900000000000034
61,9,0,0.0,0.0,3707,322.99,4.840000000000032
62,9,0,0.0,0.0,3686,322.94,4.7900000000000205
63,9,0,0.0,0.0,3687,322.92,4.770000000000039
0,10,0,0.0,0.0,3709,326.73,8.580000000000041
1,10,0,0.0,0.0,3710,326.79,8.640000000000043
2,10,0,0.0,0.0,3711,326.9,8.75
3,10,4,7.46496,1.703064967952e-06,3499,327.07,8.920000000000016
4,10,23,131.56992000000005,3.0016520060238995e-05,3209,327.31,9.160000000000025
5,10,25,142.3008,3.246467595167499e-05,3191,327.6,9.450000000000045
6,10,23,118.50624000000006,2.7036156366308004e-05,3230,327.95,9.800000000000011
7,10,24,130.63680000000005,2.980363693924e-05,3210,328.36,10.210000000000036
8,10,4,27.9936,6.38649362984e-06,3432,328.83,10.680000000000007
9,10,382,140.55119999999988,0.000516985743154149,599,329.54,11.390000000000043
10,10,523,283.6976400000002,0.0007152715656856338,199,330.15,12.0
11,10,528,306.5882400000009,0.000666359681176768,332,330.62,12.470000000000027
12,10,553,237.39155999999994,0.0006499302833863535,385,331.04,12.890000000000043
13,10,427,269.67168,0.0007050083217637346,223,331.42,13.270000000000039
14,10,373,251.12592000000004,0.0004853650191707168,630,331.65,13.5
15,10,221,245.89169999999984,0.0002968402272314025,1038,331.85,13.700000000000045
16,10,170,216.25055999999984,0.0002611363177342291,1540,332.08,13.930000000000007
17,10,168,212.10983999999993,0.00023391348448243408,1982,332.29,14.140000000000043
18,10,205,252.08820000000003,0.00031287699363567305,918,332.53,14.379999999999995
19,10,219,290.06910000000016,0.0003761549266874572,714,332.75,14.600000000000023
20,10,348,388.3966200000005,0.0005809748290114035,536,333.0,14.850000000000023
21,10,527,441.1470600000005,0.0007014740412070283,231,333.18,15.03000000000003
22,10,419,403.16616000000056,0.0006244644157177033,433,333.25,15.100000000000023
23,10,440,379.44450000000097,0.000732586600049615,151,333.35,15.200000000000045
24,10,477,397.5528600000009,0.0007795697648586225,40,333.38,15.230000000000018
25,10,482,411.31638000000044,0.0007189487748859326,192,333.32,15.170000000000016
26,10,734,390.0879000000004,0.0005562569852529124,570,333.19,15.04000000000002
27,10,583,310.74353999999977,0.0006337266430798511,420,333.11,14.960000000000036
28,10,515,330.26616000000064,0.0006931151509289573,253,332.98,14.830000000000041
29,10,487,255.47076000000013,0.000615228148434675,458,332.77,14.620000000000005
30,10,520,266.0412600000007,0.0005988594427312721,495,332.53,14.379999999999995
31,10,496,256.38930000000016,0.0006581029710845464,362,332.25,14.100000000000023
32,10,461,223.19064000000034,0.0006588785758031036,356,331.88,13.730000000000018
33,10,303,224.26956,0.0004255596133986218,662,331.36,13.210000000000036
34,10,453,385.6847400000011,0.00016803406497158346,2605,330.79,12.640000000000043
35,10,466,437.5895400000014,0.0001692411248517923,2601,330.3,12.150000000000034
36,10,513,510.8394600000018,0.0002135100613610767,2245,329.85,11.700000000000045
37,10,509,639.7849800000012,0.000213281895917272,2249,329.41,11.260000000000048
38,10,514,512.2828800000016,0.00021989564788501973,2177,329.02,10.870000000000005
39,10,369,460.1448000000009,0.000263870072351019,1490,328.67,10.520000000000039
40,10,368,473.70419999999996,0.0003470495523641947,764,328.36,10.210000000000036
41,10,570,466.9682399999996,0.00033099718983343063,806,328.03,9.879999999999995
42,10,461,454.3273800000001,0.00025611463280657195,1627,327.69,9.54000000000002
43,10,324,441.59904000000023,0.0002562324388320838,1623,327.38,9.230000000000018
44,10,364,335.28168000000045,0.00029816642665375447,1028,327.08,8.930000000000007
45,10,390,399.90024000000057,0.0002531918606541656,1678,326.76,8.610000000000014
46,10,398,358.6971600000004,0.0002933607452878787,1069,326.47,8.32000000000005
47,10,220,208.45026000000004,0.00017883485311185067,2540,326.12,7.970000000000027
48,10,541,337.4832599999997,0.0002679220814234737,1415,325.82,7.670000000000016
49,10,595,303.7888799999999,0.0002750524587603561,1297,325.5,7.350000000000023
50,10,51,266.9598000000001,7.162139887329604e-05,3006,325.1,6.9500000000000455
51,10,28,195.95520000000008,4.470545540888001e-05,3112,324.78,6.6299999999999955
52,10,3,20.9952,4.7898702223800004e-06,3454,324.49,6.340000000000032
53,10,32,69.89652000000001,4.784603742497002e-05,3097,324.25,6.100000000000023
54,10,52,76.90950000000005,7.129436614599572e-05,3007,324.05,5.900000000000034
55,10,90,128.96010000000004,0.00013530331098483226,2755,323.87,5.720000000000027
56,10,43,51.62778000000003,6.211230059114471e-05,3039,323.68,5.53000000000003
57,10,17,26.827199999999998,2.7648760400203704e-05,3228,323.52,5.3700000000000045
58,10,18,28.66427999999999,2.5302456046651004e-05,3242,323.38,5.230000000000018
59,10,16,18.42912,2.4010398766536703e-05,3248,323.27,5.1200000000000045
60,10,0,0.0,0.0,3739,323.17,5.020000000000039
61,10,0,0.0,0.0,3736,323.1,4.9500000000000455
62,10,0,0.0,0.0,3737,323.06,4.910000000000025
63,10,0,0.0,0.0,3738,323.03,4.8799999999999955
0,11,0,0.0,0.0,3740,326.8,8.650000000000034
1,11,0,0.0,0.0,3741,326.85,8.700000000000045
2,11,0,0.0,0.0,3742,326.97,8.82000000000005
3,11,0,0.0,0.0,3743,327.14,8.990000000000009
4,11,31,160.96320000000006,3.6722338371560004e-05,3161,327.39,9.240000000000009
5,11,13,62.519040000000004,1.4263169106633003e-05,3327,327.67,9.520000000000039
6,11,32,172.16064000000006,3.927693582349801e-05,3149,328.03,9.879999999999995
7,11,41,216.95040000000006,4.9495325631235016e-05,3093,328.44,10.29000000000002
8,11,7,39.19104,8.941091081773e-06,3387,328.91,10.760000000000048
9,11,352,182.20625999999976,0.000550201635294651,577,329.63,11.480000000000018
10,11,472,235.1899799999999,0.0006385446957326845,409,330.2,12.050000000000011
11,11,509,245.45430000000056,0.0006918146995049731,258,330.71,12.560000000000002
12,11,564,245.33766,0.0005930020368750687,507,331.11,12.960000000000036
13,11,568,166.7368799999998,0.000550924853998922,576,331.47,13.32000000000005
14,11,537,329.8870800000005,0.0005446212681829954,581,331.79,13.640000000000043
15,11,355,366.3516600000005,0.0004898831510946482,626,332.05,13.900000000000034
16,11,358,338.7663000000005,0.0005748985488401793,547,332.33,14.180000000000007
17,11,323,378.17604000000034,0.0005086157533912017,608,332.54,14.390000000000043
18,11,343,354.0024000000004,0.0005311805988962251,592,332.76,14.610000000000014
19,11,465,568.707480000001,0.0006002045909867129,491,332.98,14.830000000000041
20,11,435,545.0004000000014,0.0006280053756370997,427,333.15,15.0
21,11,453,504.17640000000114,0.0007422262494027056,119,333.32,15.170000000000016
22,11,386,484.09974000000085,0.0006401255104504303,407,333.37,15.220000000000027
23,11,517,452.27160000000106,0.0007518534772259679,94,333.45,15.300000000000011
24,11,516,461.25288000000165,0.0007202496474038484,187,333.45,15.300000000000011
25,11,559,526.2651000000022,0.0006865103173757227,278,333.41,15.260000000000048
26,11,751,662.646420000001,0.0006546288608627925,375,333.32,15.170000000000016
27,11,705,449.90964000000145,0.0005755136032048364,546,333.19,15.04000000000002
28,11,702,494.5827600000014,0.0006022117533902496,483,333.06,14.910000000000025
29,11,572,242.0134200000002,0.0006933761965478327,251,332.91,14.760000000000048
30,11,553,205.15518000000029,0.000691908114471187,257,332.67,14.520000000000039
31,11,476,199.93554000000051,0.000657917195697073,364,332.36,14.210000000000036
32,11,542,244.50660000000022,0.0006194370930841846,447,331.99,13.840000000000032
33,11,551,238.4413200000002,0.0007882848242774921,31,331.61,13.460000000000036
34,11,451,425.8963800000017,0.00020523445455175924,2307,330.93,12.78000000000003
35,11,450,362.779560000001,0.00013746621693965625,2747,330.42,12.270000000000039
36,11,495,540.6264000000016,0.00018108560817046962,2523,329.97,11.82000000000005
37,11,487,513.9595800000012,0.00016585946376851401,2619,329.54,11.390000000000043
38,11,472,585.5036400000007,0.00019868237955554855,2374,329.16,11.010000000000048
39,11,446,572.9940000000008,0.00026311663176593474,1501,328.82,10.670000000000016
40,11,484,517.7358000000011,0.0002717170489912308,1348,328.48,10.330000000000041
41,11,545,517.3713000000002,0.0003006261895221977,1006,328.16,10.010000000000048
42,11,536,484.0997400000011,0.0003238519947264553,832,327.85,9.700000000000045
43,11,414,476.0661600000014,0.00025775214541549175,1593,327.51,9.360000000000014
44,11,357,371.44008000000036,0.00026888384629550463,1394,327.2,9.050000000000011
45,11,352,286.32204000000024,0.00022455759517929277,2111,326.88,8.730000000000018
46,11,324,359.9218800000003,0.00027916399406710665,1246,326.59,8.439999999999998
47,11,415,376.5430799999999,0.00025587594260337147,1633,326.28,8.129999999999995
48,11,410,280.62125999999995,0.0002234620213321533,2130,325.96,7.810000000000002
49,11,334,472.9606200000005,0.000291417411603277,1089,325.65,7.5
50,11,65,112.07646000000001,8.051141247895014e-05,2973,325.26,7.110000000000014
51,11,14,97.97760000000004,2.235272770444e-05,3261,324.92,6.770000000000039
52,11,11,76.98240000000003,1.7562857482060003e-05,3302,324.63,6.480000000000018
53,11,12,66.77640000000001,1.5730251043655004e-05,3317,324.38,6.230000000000018
54,11,17,41.52384000000001,2.409661612733e-05,3247,324.17,6.020000000000039
55,11,32,71.35452000000001,4.168791365298511e-05,3133,323.98,5.830000000000041
56,11,42,64.96848000000004,6.0326514122325006e-05,3051,323.82,5.670000000000016
57,11,51,88.09236000000004,7.665984362525502e-05,2987,323.67,5.520000000000039
58,11,56,71.82108000000004,7.629607886019042e-05,2990,323.54,5.390000000000043
59,11,64,81.38556000000004,8.881895772769214e-05,2940,323.43,5.28000000000003
60,11,14,15.265259999999998,1.7123058014031704e-05,3305,323.31,5.160000000000025
61,11,0,0.0,0.0,3744,323.24,5.090000000000032
62,11,0,0.0,0.0,3745,323.18,5.03000000000003
63,11,0,0.0,0.0,3746,323.16,5.010000000000048
0,12,0,0.0,0.0,3748,326.86,8.710000000000036
1,12,0,0.0,0.0,3749,326.92,8.770000000000039
2,12,0,0.0,0.0,3750,327.04,8.890000000000043
3,12,0,0.0,0.0,3751,327.21,9.060000000000002
4,12,2,9.3312,2.1288312099450002e-06,3489,327.45,9.300000000000011
5,12,39,226.28160000000008,5.1624156841190025e-05,3084,327.76,9.610000000000014
6,12,22,92.37888000000005,2.107542897845101e-05,3274,328.1,9.950000000000045
7,12,32,167.49504000000007,3.8212520218523017e-05,3156,328.52,10.370000000000005
8,12,28,144.63360000000003,3.2996883754155e-05,3186,328.99,10.840000000000032
9,12,275,175.3390799999998,0.00047317248223572515,640,329.66,11.510000000000048
10,12,511,206.91935999999993,0.0007218283076735044,181,330.28,12.129999999999995
11,12,483,184.85981999999973,0.0005945706542079618,502,330.73,12.580000000000041
12,12,589,155.97683999999984,0.0006498074167368502,386,331.2,13.050000000000011
13,12,577,161.92547999999954,0.0005494334992716494,578,331.56,13.410000000000025
14,12,425,412.3224000000008,0.0005713536362166003,556,331.92,13.770000000000039
15,12,365,426.9315600000008,0.0005153720235971114,602,332.2,14.050000000000011
16,12,314,365.36022000000037,0.0004783441775225607,635,332.46,14.310000000000002
17,12,323,396.6051600000005,0.00047316753670369183,641,332.68,14.53000000000003
18,12,325,430.64946000000015,0.00058166684222854,535,332.93,14.78000000000003
19,12,466,520.0831800000012,0.0006200006621897515,446,333.13,14.980000000000018
20,12,435,505.85310000000123,0.0006175176362433262,451,333.27,15.120000000000005
21,12,471,509.1627600000016,0.0006166880974482577,453,333.38,15.230000000000018
22,12,412,435.11094000000105,0.000634617761079871,417,333.46,15.310000000000002
23,12,372,338.8392000000002,0.0006548862329415614,374,333.5,15.350000000000023
24,12,458,329.11434000000054,0.000736673448708805,136,333.52,15.370000000000005
25,12,495,400.570920000001,0.000680938545353834,296,333.47,15.32000000000005
26,12,686,426.9169800000007,0.0006526022074344863,380,333.39,15.240000000000009
27,12,596,380.14434000000074,0.0006360244308288321,413,333.29,15.140000000000043
28,12,573,421.5952800000007,0.000786969765674883,33,333.21,15.060000000000002
29,12,456,310.6852200000002,0.0008026428381609834,21,333.04,14.890000000000043
30,12,586,346.4499600000007,0.0006808325049594286,297,332.77,14.620000000000005
31,12,518,279.39654000000013,0.0007402798855073372,128,332.5,14.350000000000023
32,12,544,338.1539400000003,0.0007065005759418975,219,332.14,13.990000000000009
33,12,472,246.97062000000005,0.0005851236284476595,530,331.68,13.53000000000003
34,12,404,339.87438000000105,0.0003222786528713664,843,331.12,12.970000000000027
35,12,412,397.2466800000008,0.00018620293383009661,2485,330.58,12.430000000000007
36,12,458,482.02938000000114,0.00020272971514595026,2335,330.12,11.970000000000027
37,12,500,590.5920600000011,0.00020394468367323308,2324,329.69,11.54000000000002
38,12,485,561.4029000000013,0.0001972375773835585,2390,329.29,11.140000000000043
39,12,414,481.7377800000008,0.00024111228447727283,1883,328.95,10.800000000000011
40,12,566,697.5946799999989,0.0003444712558844887,769,328.64,10.490000000000009
41,12,557,612.797399999999,0.00033985005871736365,783,328.3,10.150000000000034
42,12,539,594.8785799999998,0.0003530738210458605,750,327.98,9.830000000000041
43,12,470,476.59104000000167,0.0003066817286635966,969,327.64,9.490000000000009
44,12,273,361.4382000000002,0.0002352342715352278,1965,327.3,9.150000000000034
45,12,229,355.2562800000003,0.0002245045884812667,2112,327.0,8.850000000000023
46,12,314,458.04528000000016,0.00028914420926924676,1114,326.72,8.57000000000005
47,12,692,507.34026000000006,0.0003148651192819606,902,326.44,8.29000000000002
48,12,545,388.27998000000025,0.0003328681828193527,799,326.13,7.980000000000018
49,12,572,370.1570400000001,0.0003071408103747898,966,325.81,7.660000000000025
50,12,415,378.0739800000002,0.00023756785475010319,1934,325.46,7.310000000000002
51,12,11,76.98240000000003,1.7562857482060003e-05,3303,325.07,6.920000000000016
52,12,5,34.992000000000004,7.9831170373e-06,3403,324.78,6.6299999999999955
53,12,14,77.58018000000003,1.6853760415469002e-05,3309,324.53,6.3799999999999955
54,12,16,44.1045,1.9981218482742e-05,3283,324.31,6.160000000000025
55,12,46,81.21060000000004,7.638028675059343e-05,2989,324.14,5.990000000000009
56,12,6,19.026899999999998,6.304456966809e-06,3439,323.94,5.7900000000000205
57,12,38,63.27720000000005,5.5505579959224015e-05,3068,323.81,5.660000000000025
58,12,76,102.54113999999997,0.00011657302534296823,2827,323.7,5.550000000000011
59,12,56,72.9,7.1811243727399e-05,3004,323.57,5.420000000000016
60,12,56,52.094340000000024,4.5067945224290434e-05,3110,323.46,5.310000000000002
61,12,24,32.55713999999999,3.328863356257671e-05,3185,323.39,5.240000000000009
62,12,6,11.795219999999999,7.128659862332e-06,3422,323.32,5.170000000000016
63,12,0,0.0,0.0,3752,323.29,5.140000000000043
0,13,0,0.0,0.0,3764,326.94,8.79000000000002
1,13,0,0.0,0.0,3765,326.99,8.840000000000032
2,13,0,0.0,0.0,3766,327.11,8.960000000000036
3,13,0,0.0,0.0,3767,327.29,9.140000000000043
4,13,0,0.0,0.0,3768,327.53,9.379999999999995
5,13,10,32.19264,7.344467674303e-06,3416,327.82,9.670000000000016
6,13,15,86.31360000000002,1.9691688692000002e-05,3285,328.18,10.03000000000003
7,13,32,172.62720000000002,3.9383377383995e-05,3148,328.59,10.439999999999998
8,13,21,114.30720000000004,2.6078182321834998e-05,3236,329.05,10.900000000000034
9,13,78,73.84770000000002,0.00012820349168667796,2792,329.59,11.439999999999998
10,13,296,139.16609999999994,0.000419873095015032,668,330.21,12.060000000000002
11,13,294,85.11803999999995,0.00032435765001203996,826,330.68,12.53000000000003
12,13,371,194.84712000000007,0.0004914484601569748,623,331.21,13.060000000000002
13,13,375,405.1636200000004,0.0005919727974491011,513,331.67,13.520000000000039
14,13,384,480.39642000000083,0.0005743417168798223,550,332.04,13.890000000000043
15,13,471,437.6332800000009,0.0006971993193996558,239,332.4,14.25
16,13,513,411.6079800000005,0.0007578062934366498,79,332.7,14.550000000000011
17,13,357,408.5024400000006,0.00046368877274722555,645,332.83,14.680000000000007
18,13,358,468.4262400000007,0.0006025000242719507,482,333.08,14.930000000000007
19,13,445,468.9657000000008,0.0006231617652077614,437,333.26,15.110000000000014
20,13,469,626.9254200000009,0.000689590988201721,267,333.41,15.260000000000048
21,13,435,544.7671200000015,0.0006428853169996419,400,333.48,15.330000000000041
22,13,443,514.0033200000013,0.0006582987817646764,361,333.53,15.379999999999995
23,13,319,347.03316000000024,0.0004969667260698332,619,333.49,15.340000000000032
24,13,296,305.2323000000005,0.0004910592593326551,624,333.48,15.330000000000041
25,13,470,419.1312600000008,0.0006957777289439484,243,333.51,15.360000000000014
26,13,576,262.1629800000002,0.0006418394515015697,402,333.43,15.28000000000003
27,13,593,323.3989800000003,0.0006441173711497486,397,333.35,15.200000000000045
28,13,538,330.5140200000002,0.0006646818476109134,338,333.23,15.080000000000041
29,13,568,304.75116000000077,0.0005893513932939429,519,333.04,14.890000000000043
30,13,545,427.0482000000009,0.0007254883526285678,171,332.87,14.720000000000027
31,13,460,321.1390800000006,0.0006753348352106027,312,332.58,14.430000000000007
32,13,471,328.6477800000003,0.0007336999875563252,147,332.26,14.110000000000014
33,13,496,280.81080000000026,0.0006911165267946402,262,331.85,13.700000000000045
34,13,456,238.07681999999963,0.0006242350730252519,434,331.37,13.220000000000027
35,13,424,445.069080000001,0.0002799762590000246,1237,330.77,12.620000000000005
36,13,443,516.7152000000009,0.00022300599949773745,2135,330.27,12.120000000000005
37,13,465,548.674560000001,0.00019441428508033582,2422,329.82,11.670000000000016
38,13,495,582.4126800000008,0.00022445903348864945,2113,329.43,11.28000000000003
39,13,478,623.7615599999995,0.0002953955314876497,1047,329.09,10.939999999999998
40,13,615,731.8722599999993,0.00039684611272855513,686,328.77,10.620000000000005
41,13,530,683.1313199999994,0.00033254539519812196,800,328.41,10.260000000000048
42,13,531,505.96974000000034,0.0003240370956833282,831,328.08,9.930000000000007
43,13,389,359.2803600000012,0.00024905163661198266,1749,327.73,9.580000000000041
44,13,210,284.6016000000004,0.00019485573629186013,2416,327.4,9.25
45,13,266,348.41826000000015,0.00022260688839499356,2143,327.11,8.960000000000036
46,13,594,510.2854200000004,0.00033175032017947957,804,326.86,8.710000000000036
47,13,503,564.2022600000009,0.00035853098566296257,736,326.57,8.420000000000016
48,13,488,532.4032799999997,0.00031814486213272797,873,326.26,8.110000000000014
49,13,356,287.53218000000055,0.00028971684879777423,1112,325.95,7.800000000000011
50,13,343,287.9258400000005,0.00029412367253261085,1063,325.63,7.480000000000018
51,13,56,168.7635000000001,7.641189202662615e-05,2988,325.25,7.100000000000023
52,13,16,75.30570000000002,2.2640870838641e-05,3258,324.94,6.7900000000000205
53,13,20,52.939980000000006,2.50598551511691e-05,3244,324.69,6.5400000000000205
54,13,23,66.45564,2.81819345702197e-05,3227,324.47,6.32000000000005
55,13,45,69.24042000000003,6.196932411603211e-05,3041,324.28,6.1299999999999955
56,13,36,61.52760000000002,5.064462933830681e-05,3087,324.11,5.960000000000036
57,13,12,25.99614,1.366592019384e-05,3334,323.94,5.7900000000000205
58,13,20,31.521959999999993,2.3828559633676104e-05,3253,323.81,5.660000000000025
59,13,42,56.70162000000006,6.095473415225102e-05,3045,323.71,5.560000000000002
60,13,49,65.20176000000004,5.516811530805371e-05,3071,323.61,5.460000000000036
61,13,59,61.80462000000004,8.914713213444273e-05,2939,323.55,5.400000000000034
62,13,10,16.1109,1.3594724852907002e-05,3336,323.47,5.32000000000005
63,13,0,0.0,0.0,3769,323.44,5.2900000000000205
0,14,0,0.0,0.0,3774,327.01,8.860000000000014
1,14,0,0.0,0.0,3775,327.07,8.920000000000016
2,14,0,0.0,0.0,3770,327.19,9.04000000000002
3,14,0,0.0,0.0,3771,327.37,9.220000000000027
4,14,0,0.0,0.0,3772,327.61,9.460000000000036
5,14,0,0.0,0.0,3773,327.91,9.760000000000048
6,14,37,216.95040000000006,4.949532563124502e-05,3092,328.27,10.120000000000005
7,14,21,137.63520000000005,3.1400260346709995e-05,3202,328.67,10.520000000000039
8,14,30,191.28960000000006,4.364103980390001e-05,3122,329.13,10.980000000000018
9,14,30,184.2912000000001,4.204441639644001e-05,3131,329.61,11.460000000000036
10,14,64,93.5307,4.4691753113325815e-05,3113,330.13,11.980000000000018
11,14,277,186.3469800000002,0.00016652035930356105,2615,330.68,12.53000000000003
12,14,359,376.4118600000004,0.0005272403181129078,595,331.29,13.140000000000043
13,14,391,532.4616000000007,0.0006205792029372861,445,331.78,13.629999999999995
14,14,583,445.7835000000004,0.0007619817685493678,72,332.22,14.07000000000005
15,14,531,457.30170000000066,0.000728718453708609,162,332.54,14.390000000000043
16,14,510,464.79582000000005,0.0006714589943595718,316,332.8,14.650000000000034
17,14,507,452.95686000000126,0.0007681209428524021,60,333.07,14.920000000000016
18,14,454,274.07484000000034,0.0007370050898996007,135,333.25,15.100000000000023
19,14,454,382.9145400000002,0.0006910141943539068,263,333.39,15.240000000000009
20,14,482,341.87183999999985,0.0006777031287260455,307,333.5,15.350000000000023
21,14,487,448.52454000000074,0.0006077934752495335,469,333.54,15.390000000000043
22,14,392,439.7765400000006,0.0005537979030879981,573,333.56,15.410000000000025
23,14,372,364.3104600000005,0.0004925216109837453,622,333.53,15.379999999999995
24,14,279,278.72586000000024,0.00039467147503644787,690,333.47,15.32000000000005
25,14,373,433.05516000000074,0.0005096239804514301,606,333.46,15.310000000000002
26,14,368,233.84862,0.0005511651004932668,575,333.42,15.270000000000039
27,14,419,289.69002000000046,0.0006954146438653146,245,333.39,15.240000000000009
28,14,528,385.4077200000003,0.0007340268700360669,145,333.29,15.140000000000043
29,14,490,340.3701000000003,0.0006572684412604843,367,333.12,14.970000000000027
30,14,412,421.3765800000006,0.0007152004675484203,200,332.93,14.78000000000003
31,14,492,469.68012000000033,0.0007971989020363968,25,332.7,14.550000000000011
32,14,493,366.7453200000008,0.0007522797637462896,92,332.36,14.210000000000036
33,14,516,456.76224000000065,0.0007243908702674565,175,331.97,13.82000000000005
34,14,475,276.69924000000026,0.0006859981637922089,281,331.52,13.370000000000005
35,14,358,297.1987200000004,0.0004960407259304002,620,330.98,12.830000000000041
36,14,445,478.865520000001,0.00019427228529482005,2424,330.4,12.25
37,14,465,512.6036400000013,0.00019560898428872927,2409,329.95,11.800000000000011
38,14,470,589.2069600000009,0.00021727199263831052,2203,329.55,11.400000000000034
39,14,575,860.1033599999981,0.00035950895367808385,735,329.21,11.060000000000002
40,14,584,655.8812999999999,0.0002748811581519262,1300,328.82,10.670000000000016
41,14,467,427.44186000000064,0.00024766690363007464,1774,328.47,10.32000000000005
42,14,436,437.56038000000154,0.0002721014804819011,1341,328.15,10.0
43,14,384,331.9720200000011,0.0002435348623684638,1840,327.82,9.670000000000016
44,14,564,473.38344000000035,0.00029730121648505875,1035,327.53,9.379999999999995
45,14,617,323.13654000000037,0.0002874234512920914,1132,327.23,9.080000000000041
46,14,538,639.5516999999995,0.0003231840268407782,836,326.96,8.810000000000002
47,14,435,374.5310400000006,0.00030019992059293973,1012,326.66,8.510000000000048
48,14,382,407.0881800000006,0.00026861002760763175,1403,326.36,8.210000000000036
49,14,579,335.8065599999999,0.0003031957845649432,988,326.08,7.930000000000007
50,14,387,407.1173400000005,0.0003135395994226831,914,325.78,7.6299999999999955
51,14,100,173.7936,0.00014923562283867975,2699,325.42,7.270000000000039
52,14,41,94.24512000000003,4.7762131016874725e-05,3099,325.11,6.960000000000036
53,14,58,118.54998000000009,8.011237305130913e-05,2977,324.86,6.710000000000036
54,14,33,66.99510000000002,4.442966577896141e-05,3115,324.63,6.480000000000018
55,14,37,42.3549,6.001534159259401e-05,3054,324.44,6.2900000000000205
56,14,69,122.07833999999997,0.00011013024047796015,2850,324.28,6.1299999999999955
57,14,10,32.09058,1.1859387337123102e-05,3355,324.09,5.939999999999998
58,14,26,60.477840000000015,4.0712704787911015e-05,3142,323.97,5.82000000000005
59,14,25,26.535600000000006,3.6288036548947004e-05,3164,323.85,5.7000000000000455
60,14,20,23.415479999999995,2.3973680474174007e-05,3249,323.76,5.610000000000014
61,14,58,71.3107800000001,8.164563233268224e-05,2967,323.7,5.550000000000011
62,14,13,24.319439999999997,2.04002434273311e-05,3280,323.62,5.470000000000027
63,14,0,0.0,0.0,3776,323.59,5.439999999999998
0,15,0,0.0,0.0,3799,327.09,8.939999999999998
1,15,0,0.0,0.0,3800,327.15,9.0
2,15,0,0.0,0.0,3777,327.27,9.120000000000005
3,15,0,0.0,0.0,3778,327.45,9.300000000000011
4,15,0,0.0,0.0,3779,327.7,9.550000000000011
5,15,0,0.0,0.0,3780,328.0,9.850000000000023
6,15,5,16.3296,3.7254546174000005e-06,3472,328.36,10.210000000000036
7,15,20,111.97440000000003,2.5545974519349996e-05,3239,328.77,10.620000000000005
8,15,26,139.50144000000006,3.1826026588687994e-05,3201,329.22,11.07000000000005
9,15,28,153.96480000000003,3.5125714964105e-05,3168,329.71,11.560000000000002
10,15,47,77.85720000000002,3.2917843121015004e-05,3189,330.21,12.060000000000002
11,15,213,303.4098000000003,0.0001608714341206185,2650,330.77,12.620000000000005
12,15,269,263.57724000000013,0.0004848157663399205,631,331.37,13.220000000000027
13,15,423,308.0462399999999,0.0006612769707271239,350,331.89,13.740000000000009
14,15,487,412.1474400000008,0.0007334873462302253,148,332.31,14.160000000000025
15,15,548,359.00334000000055,0.0006908685094209185,264,332.63,14.480000000000018
16,15,488,365.1561000000002,0.0006695541325468941,321,332.9,14.75
17,15,429,338.0081400000006,0.0007401309938947241,129,333.16,15.010000000000048
18,15,465,318.96666,0.0007546704830279007,84,333.35,15.200000000000045
19,15,452,302.5495799999999,0.0006928326657752077,254,333.48,15.330000000000041
20,15,475,395.8761600000013,0.0007499455513282191,98,333.59,15.439999999999998
21,15,492,309.7375200000005,0.0006469751429879538,393,333.62,15.470000000000027
22,15,380,398.7775800000002,0.0006939607579301523,249,333.66,15.510000000000048
23,15,392,272.6605799999997,0.0006761449580959246,310,333.63,15.480000000000018
24,15,334,258.76583999999986,0.0005389432661972217,585,333.54,15.390000000000043
25,15,232,383.2207200000002,0.00030970597481739425,944,333.39,15.240000000000009
26,15,283,170.03195999999988,0.0004725592196996118,642,333.38,15.230000000000018
27,15,495,326.22750000000013,0.0006353852238253236,415,333.38,15.230000000000018
28,15,539,376.9075800000003,0.0006737593174926745,313,333.29,15.140000000000043
29,15,570,487.97802000000064,0.0008168695199414943,11,333.2,15.050000000000011
30,15,505,420.22476000000023,0.0007732309064842806,51,332.99,14.840000000000032
31,15,494,514.5136200000006,0.0008081524029225326,13,332.76,14.610000000000014
32,15,454,384.5766600000009,0.0006951041959122102,246,332.41,14.260000000000048
33,15,466,346.39164000000045,0.0006556296111444953,370,332.04,13.890000000000043
34,15,476,285.50556000000034,0.0007201270497260635,189,331.64,13.490000000000009
35,15,384,396.7801200000004,0.0005049489061202504,609,331.11,12.960000000000036
36,15,490,652.1488200000005,0.0002217667304240192,2150,330.54,12.390000000000043
37,15,484,586.1597400000011,0.00022516057219700095,2099,330.08,11.930000000000007
38,15,479,814.4533799999992,0.00026444976550041023,1476,329.66,11.510000000000048
39,15,490,647.2062000000003,0.00025413535731032326,1664,329.26,11.110000000000014
40,15,455,506.6258400000013,0.0001921203769312065,2437,328.87,10.720000000000027
41,15,387,391.050180000001,0.00023126177464955153,2024,328.54,10.390000000000043
42,15,427,434.80476000000044,0.00027038799202932297,1376,328.22,10.07000000000005
43,15,429,384.19758000000064,0.00026635722974566986,1445,327.91,9.760000000000048
44,15,545,310.23323999999985,0.00025795992480881085,1586,327.6,9.450000000000045
45,15,362,317.9606400000004,0.00025027735919399234,1725,327.31,9.160000000000025
46,15,455,230.49521999999976,0.00023252923001665593,2003,327.02,8.870000000000005
47,15,467,366.84738000000027,0.00030710375010981175,967,326.76,8.610000000000014
48,15,274,303.7305600000011,0.0002495230459635096,1737,326.46,8.310000000000002
49,15,380,215.15706000000011,0.00022364039877117317,2128,326.17,8.020000000000039
50,15,406,222.56369999999984,0.0002526936420985266,1683,325.89,7.740000000000009
51,15,110,174.02687999999998,0.00015499671557030046,2678,325.57,7.420000000000016
52,15,59,115.82352000000009,9.272530741966072e-05,2922,325.27,7.1200000000000045
53,15,58,96.05304000000004,8.813198432247104e-05,2942,325.03,6.8799999999999955
54,15,77,117.90846,0.00011423183478130487,2835,324.82,6.670000000000016
55,15,68,90.36684000000004,9.863693607550515e-05,2902,324.62,6.470000000000027
56,15,89,108.66473999999995,0.00013210483029775613,2770,324.46,6.310000000000002
57,15,9,24.69852,8.429597476912e-06,3396,324.26,6.110000000000014
58,15,9,22.001220000000004,7.649075375042e-06,3412,324.12,5.970000000000027
59,15,31,48.09942000000001,3.9817223799348115e-05,3146,324.01,5.860000000000014
60,15,80,176.62212,0.00010719523849960115,2868,323.94,5.7900000000000205
61,15,25,43.40466,3.49855047022517e-05,3171,323.84,5.689999999999998
62,15,63,40.31369999999997,4.0899672922049445e-05,3140,323.79,5.640000000000043
63,15,0,0.0,0.0,3801,323.74,5.590000000000032
0,16,0,0.0,0.0,3806,327.16,9.010000000000048
1,16,0,0.0,0.0,3807,327.22,9.07000000000005
2,16,0,0.0,0.0,3808,327.35,9.200000000000045
3,16,0,0.0,0.0,3802,327.54,9.390000000000043
4,16,0,0.0,0.0,3803,327.79,9.640000000000043
5,16,0,0.0,0.0,3804,328.11,9.960000000000036
6,16,0,0.0,0.0,3805,328.48,10.330000000000041
7,16,35,198.28800000000007,4.523766321135002e-05,3106,328.91,10.760000000000048
8,16,25,128.30400000000003,2.9271429136749998e-05,3213,329.36,11.210000000000036
9,16,55,245.61468000000005,6.0244204985785034e-05,3052,329.86,11.710000000000036
10,16,319,413.82414000000074,0.0002635163126220338,1494,330.43,12.28000000000003
11,16,413,319.1270400000001,0.0004837090386021069,633,331.0,12.850000000000023
12,16,286,213.0283800000003,0.0003781679766891352,711,331.45,13.300000000000011
13,16,411,246.59154000000038,0.0006009352134374158,489,331.96,13.810000000000002
14,16,456,292.9122,0.0007283291779893855,164,332.39,14.240000000000009
15,16,455,343.8547200000005,0.0007911244760973132,29,332.74,14.590000000000032
16,16,520,392.5373400000008,0.0007199934766016519,190,332.99,14.840000000000032
17,16,475,305.8300800000004,0.0007420875202917356,120,333.22,15.07000000000005
18,16,471,319.8706200000003,0.0007616517582848412,73,333.41,15.260000000000048
19,16,470,353.25882000000064,0.0007475023493780367,106,333.55,15.400000000000034
20,16,499,340.5159000000004,0.00064700569011657,392,333.61,15.460000000000036
21,16,539,411.0393600000009,0.0006380849916865814,410,333.66,15.510000000000048
22,16,465,353.94408000000027,0.0007810293844798194,38,333.72,15.57000000000005
23,16,437,354.8626200000007,0.0007465708932507205,109,333.69,15.54000000000002
24,16,409,327.0294,0.0006769490792914757,309,333.59,15.439999999999998
25,16,143,301.12073999999996,0.00018381834877760235,2503,333.35,15.200000000000045
26,16,114,137.56230000000002,0.00013467673684967592,2759,333.27,15.120000000000005
27,16,570,392.4352799999999,0.0007102400750739736,213,333.39,15.240000000000009
28,16,550,237.1436999999996,0.0006059800954274152,473,333.27,15.120000000000005
29,16,468,473.675040000001,0.0006645293855091481,339,333.15,15.0
30,16,479,394.3890000000003,0.0006811155425960146,295,332.97,14.82000000000005
31,16,461,361.90476000000035,0.0007108838745123775,211,332.75,14.600000000000023
32,16,495,462.91500000000116,0.0007993854286383481,23,332.48,14.330000000000041
33,16,494,446.8770000000009,0.0007528932330392315,90,332.13,13.980000000000018
34,16,503,467.5951800000013,0.0007051301197416604,222,331.72,13.57000000000005
35,16,482,363.3773400000001,0.0006960369773258096,242,331.28,13.129999999999995
36,16,500,505.0366200000007,0.0003756810658796903,715,330.7,12.550000000000011
37,16,433,608.01516,0.00019761466816145453,2386,330.18,12.03000000000003
38,16,468,617.5358999999999,0.00024723525154640523,1780,329.75,11.600000000000023
39,16,480,573.4314000000013,0.00020214487626370916,2341,329.32,11.170000000000016
40,16,462,521.4682800000014,0.00022419716307896795,2117,328.95,10.800000000000011
41,16,372,440.8117200000009,0.00026184757698522734,1531,328.62,10.470000000000027
42,16,572,403.4869200000005,0.00028387917423214,1184,328.3,10.150000000000034
43,16,563,369.57384000000036,0.00031603393602120755,894,328.0,9.850000000000023
44,16,496,391.4875800000003,0.0002941879290534383,1061,327.69,9.54000000000002
45,16,464,360.0531,0.0002847346224098647,1168,327.4,9.25
46,16,556,300.12929999999994,0.0002747997324877317,1301,327.11,8.960000000000036
47,16,593,270.9401399999999,0.00027571589123840176,1290,326.84,8.689999999999998
48,16,514,308.4107400000003,0.0002615405108004504,1537,326.56,8.410000000000025
49,16,495,274.96422000000035,0.0003022958450961754,998,326.3,8.150000000000034
50,16,476,215.22996000000006,0.00028201707513020747,1211,326.02,7.8700000000000045
51,16,127,136.0168200000003,0.00016381487663475784,2631,325.71,7.560000000000002
52,16,79,107.33796,9.90308638774468e-05,2901,325.43,7.28000000000003
53,16,64,83.73294,6.249983439658875e-05,3035,325.18,7.03000000000003
54,16,54,73.65816,7.739551099037282e-05,2984,324.97,6.82000000000005
55,16,51,69.69240000000005,7.907076061719313e-05,2981,324.79,6.640000000000043
56,16,156,177.61356000000035,0.00020265547114114546,2338,324.66,6.510000000000048
57,16,28,45.16884,4.6855696925952005e-05,3103,324.44,6.2900000000000205
58,16,9,27.439559999999997,1.0979753429536002e-05,3365,324.29,6.140000000000043
59,16,10,16.14006,1.2308887765056998e-05,3350,324.17,6.020000000000039
60,16,81,95.68854000000003,0.00011372442016546257,2837,324.11,5.960000000000036
61,16,10,7.785720000000001,1.6948571252708e-05,3308,324.0,5.850000000000023
62,16,20,17.02944,1.034009562767e-05,3369,323.94,5.7900000000000205
63,16,0,0.0,0.0,3828,323.9,5.75
0,17,0,0.0,0.0,3833,327.24,9.090000000000032
1,17,0,0.0,0.0,3834,327.3,9.150000000000034
2,17,0,0.0,0.0,3835,327.44,9.29000000000002
3,17,0,0.0,0.0,3829,327.63,9.480000000000018
4,17,0,0.0,0.0,3830,327.9,9.75
5,17,1,6.9984,1.59662340746e-06,3512,328.23,10.080000000000041
6,17,0,0.0,0.0,3831,328.61,10.460000000000036
7,17,11,58.32000000000001,1.3305195062160001e-05,3338,329.06,10.910000000000025
8,17,45,140.90112000000008,8.288611182767007e-05,2965,329.55,11.400000000000034
9,17,172,221.6451600000001,0.00017713977541280622,2555,330.07,11.920000000000016
10,17,428,512.3266200000013,0.0005106916295421975,604,330.67,12.520000000000039
11,17,525,273.8852999999997,0.0005469002207571836,580,331.16,13.010000000000048
12,17,482,321.634800000001,0.000807677679970783,16,331.7,13.550000000000011
13,17,445,264.68532000000033,0.000684945624128704,283,332.07,13.920000000000016
14,17,457,333.72162000000037,0.0007710101872939205,55,332.46,14.310000000000002
15,17,489,310.7435400000006,0.0006590970233584063,355,332.74,14.590000000000032
16,17,483,356.18940000000083,0.0007511260081327736,95,333.04,14.890000000000043
17,17,487,289.4275799999999,0.0006895506971103429,268,333.24,15.090000000000032
18,17,454,300.8874600000002,0.0007293596923143635,160,333.43,15.28000000000003
19,17,487,367.1244000000009,0.0007338721975581226,146,333.56,15.410000000000025
20,17,498,377.4907800000003,0.0007136777385166363,204,333.64,15.490000000000009
21,17,453,339.1599600000001,0.0007126449180671885,208,333.69,15.54000000000002
22,17,399,332.7301800000004,0.0006420161071770931,401,333.68,15.53000000000003
23,17,379,311.7058200000004,0.0006535948129418745,379,333.66,15.510000000000048
24,17,405,295.9594199999999,0.0006057041452925806,474,333.57,15.420000000000016
25,17,165,302.34545999999995,0.00027074099311140225,1364,333.38,15.230000000000018
26,17,239,229.86827999999994,0.0004099031513717113,675,333.35,15.200000000000045
27,17,414,275.92649999999975,0.000622063498636737,443,333.35,15.200000000000045
28,17,474,390.86064000000067,0.0005773696470061219,543,333.24,15.090000000000032
29,17,455,379.80900000000054,0.0007485971353472013,104,333.16,15.010000000000048
30,17,493,406.300860000001,0.0007601113116253204,77,332.98,14.830000000000041
31,17,464,398.5588800000009,0.0007419560806031457,121,332.75,14.600000000000023
32,17,460,425.0215800000004,0.0007657483404453648,66,332.47,14.32000000000005
33,17,559,401.76648000000046,0.0006869985260051682,274,332.12,13.970000000000027
34,17,620,500.07942000000037,0.0007768178311965303,45,331.78,13.629999999999995
35,17,663,551.2260600000002,0.0006895996641343061,266,331.35,13.200000000000045
36,17,678,734.3945999999984,0.0007407097241098738,126,330.91,12.760000000000048
37,17,526,492.77483999999976,0.0005948046846152654,501,330.4,12.25
38,17,647,459.50328000000036,0.0003351874908313609,791,329.85,11.700000000000045
39,17,247,431.02854000000025,0.00023447807458726485,1974,329.4,11.25
40,17,641,469.1989800000001,0.00030730950266503305,964,329.03,10.879999999999995
41,17,547,385.62642000000005,0.0002966379244802375,1042,328.68,10.53000000000003
42,17,472,360.5779800000008,0.00033420844557740446,796,328.36,10.210000000000036
43,17,396,357.7348800000007,0.00025914170637750185,1568,328.03,9.879999999999995
44,17,644,396.66347999999977,0.00029190946327190817,1081,327.75,9.600000000000023
45,17,389,323.4135600000006,0.0002938457543180097,1065,327.47,9.32000000000005
46,17,621,340.9533,0.00027857664716125454,1251,327.19,9.04000000000002
47,17,508,283.7268,0.0002610574284014787,1541,326.91,8.760000000000048
48,17,413,227.44800000000035,0.0002639953939800086,1486,326.65,8.5
49,17,469,252.84636000000052,0.0002648663899832448,1468,326.39,8.240000000000009
50,17,482,177.36570000000006,0.00025931149793693563,1566,326.13,7.980000000000018
51,17,321,164.12706000000003,0.00022484537452969097,2101,325.86,7.710000000000036
52,17,230,85.08888000000005,0.00012829252562454574,2790,325.59,7.439999999999998
53,17,105,39.83255999999998,7.2067424594045e-05,3003,325.34,7.189999999999998
54,17,77,73.74564,5.2520371267420445e-05,3082,325.13,6.980000000000018
55,17,59,72.79794000000007,8.626129446881301e-05,2951,324.96,6.810000000000002
56,17,132,163.36890000000025,0.00016834482098155413,2603,324.82,6.670000000000016
57,17,91,112.71798,0.00012920368611089788,2786,324.65,6.5
58,17,3,3.1055400000000004,6.760385162596e-06,3425,324.47,6.32000000000005
59,17,3,15.1632,2.2866221293281003e-06,3488,324.34,6.189999999999998
60,17,107,193.97232,0.00016199035094106092,2645,324.3,6.150000000000034
61,17,69,78.55704000000003,9.974539548239571e-05,2897,324.2,6.050000000000011
62,17,18,56.4246,1.3725154183951998e-05,3332,324.11,5.960000000000036
63,17,0,0.0,0.0,3832,324.07,5.920000000000016
0,18,0,0.0,0.0,3837,327.31,9.160000000000025
1,18,0,0.0,0.0,3838,327.38,9.230000000000018
2,18,0,0.0,0.0,3839,327.52,9.370000000000005
3,18,1,6.9984,1.59662340746e-06,3511,327.73,9.580000000000041
4,18,0,0.0,0.0,3840,328.01,9.860000000000014
5,18,4,27.9936,6.38649362984e-06,3431,328.36,10.210000000000036
6,18,7,48.98880000000001,1.1176363852220002e-05,3361,328.77,10.620000000000005
7,18,233,119.65806,0.0002336494985651511,1984,329.31,11.160000000000025
8,18,517,391.91039999999987,0.0007352024088211597,141,329.96,11.810000000000002
9,18,421,319.9872600000011,0.0005931285456795135,506,330.39,12.240000000000009
10,18,491,463.0753800000004,0.0006120201199159691,462,330.86,12.710000000000036
11,18,655,509.64390000000026,0.0005992072236986265,494,331.3,13.150000000000034
12,18,528,375.7266000000009,0.0008073369115357108,17,331.78,13.629999999999995
13,18,416,249.37632000000022,0.0006398023300650405,408,332.1,13.950000000000045
14,18,448,276.84503999999987,0.0006982841672554275,237,332.47,14.32000000000005
15,18,477,246.57696000000007,0.0007793102026660338,41,332.8,14.650000000000034
16,18,462,216.62964000000017,0.0007236111729874941,177,333.04,14.890000000000043
17,18,467,310.2478200000005,0.0007603213004273097,76,333.26,15.110000000000014
18,18,490,317.7711000000004,0.0007300363954660862,156,333.42,15.270000000000039
19,18,483,430.89732000000157,0.000699266316568525,235,333.54,15.390000000000043
20,18,507,431.6263200000008,0.000752623940159384,91,333.64,15.490000000000009
21,18,521,489.18816000000066,0.0007654483384265304,67,333.69,15.54000000000002
22,18,479,346.23126000000053,0.0007814175531505766,37,333.7,15.550000000000011
23,18,508,464.9270400000009,0.0007806904906284294,39,333.67,15.520000000000039
24,18,404,363.6835200000007,0.0006405359919932249,405,333.56,15.410000000000025
25,18,342,385.9909200000007,0.000502551192728416,613,333.44,15.29000000000002
26,18,540,439.44120000000095,0.0007318329112326224,154,333.45,15.300000000000011
27,18,562,512.0933400000004,0.0007084638714185444,216,333.36,15.210000000000036
28,18,553,572.9794200000001,0.0007061091880202607,220,333.24,15.090000000000032
29,18,452,464.7958200000008,0.0006477718882776718,390,333.08,14.930000000000007
30,18,506,660.5177399999997,0.0007658509597898823,65,332.93,14.78000000000003
31,18,492,451.3530600000007,0.0008191886557185713,8,332.73,14.580000000000041
32,18,505,432.6177600000016,0.000613428251627746,459,332.39,14.240000000000009
33,18,581,419.4957600000004,0.0007330949813946347,149,332.11,13.960000000000036
34,18,498,382.5792000000005,0.000716992341816214,195,331.76,13.610000000000014
35,18,630,702.0853199999992,0.0008078400373027391,15,331.4,13.25
36,18,624,613.0744199999992,0.0007640566166247559,70,330.95,12.800000000000011
37,18,456,392.08536000000015,0.0005164368675281449,600,330.41,12.260000000000048
38,18,681,418.9125599999999,0.00029951445042041024,1019,329.88,11.730000000000018
39,18,412,521.3953800000006,0.00030852166165595504,954,329.45,11.300000000000011
40,18,444,345.4439400000001,0.0003148051489261127,904,329.07,10.920000000000016
41,18,277,325.4693400000006,0.00024775873456335334,1769,328.69,10.54000000000002
42,18,492,283.96008000000023,0.0002708963548864439,1361,328.37,10.220000000000027
43,18,546,304.15338000000014,0.00026586280373223627,1454,328.07,9.920000000000016
44,18,403,378.39474000000064,0.00028120060753720783,1224,327.79,9.640000000000043
45,18,619,386.7636599999998,0.0003234039545566519,835,327.52,9.370000000000005
46,18,353,235.13166000000035,0.00024976088916596484,1735,327.23,9.080000000000041
47,18,508,270.8380800000004,0.00028087196181159735,1225,326.98,8.830000000000041
48,18,450,202.38498000000047,0.00024433097759570877,1825,326.72,8.57000000000005
49,18,537,237.42072000000036,0.0002659613289691784,1451,326.48,8.330000000000041
50,18,393,185.54508000000038,0.00023402947957899708,1979,326.23,8.080000000000041
51,18,487,227.68128000000016,0.0002696052627003309,1386,326.0,7.850000000000023
52,18,567,183.47471999999988,0.00027136673690488487,1351,325.78,7.6299999999999955
53,18,449,200.31462000000013,0.0002769202705470551,1272,325.57,7.420000000000016
54,18,468,152.56511999999987,0.00024593259926753255,1804,325.36,7.210000000000036
55,18,343,129.07673999999975,0.0001782626097044452,2545,325.16,7.010000000000048
56,18,145,94.04099999999998,0.00013534748701754396,2754,324.99,6.840000000000032
57,18,152,145.30428000000023,0.0001858799403558141,2487,324.86,6.710000000000036
58,18,92,121.81589999999998,0.00014513287296374805,2716,324.7,6.550000000000011
59,18,18,13.5594,2.9517174653596004e-05,3212,324.54,6.390000000000043
60,18,16,36.56664,2.25794450834257e-05,3259,324.43,6.28000000000003
61,18,45,46.13111999999997,5.514282679518803e-05,3072,324.36,6.210000000000036
62,18,2,9.3312,2.1288312099450002e-06,3491,324.28,6.1299999999999955
63,18,0,0.0,0.0,3841,324.25,6.100000000000023
0,19,0,0.0,0.0,3843,327.37,9.220000000000027
1,19,1,1.86624,4.25766241988e-07,3539,327.45,9.300000000000011
2,19,2,9.3312,2.1288312099450002e-06,3490,327.6,9.450000000000045
3,19,4,27.9936,6.38649362984e-06,3430,327.82,9.670000000000016
4,19,6,41.99040000000001,9.579740444760001e-06,3382,328.12,9.970000000000027
5,19,10,69.98400000000002,1.5966234074600004e-05,3313,328.49,10.340000000000032
6,19,90,36.87282,0.00012380419487978894,2808,328.97,10.82000000000005
7,19,424,136.04597999999976,0.000500605953769268,615,329.57,11.420000000000016
8,19,537,253.16712000000007,0.0006346457033295164,416,330.09,11.939999999999998
9,19,478,446.395860000002,0.0006279133620462678,428,330.54,12.390000000000043
10,19,457,500.487660000002,0.0006007968241419813,490,330.96,12.810000000000002
11,19,603,452.1695400000006,0.0006576175573003276,366,331.39,13.240000000000009
12,19,650,428.6228400000008,0.0006460165090681776,394,331.77,13.620000000000005
13,19,425,348.4765800000008,0.0004404508799234962,655,332.05,13.900000000000034
14,19,360,179.4069000000001,0.0005967170469547889,499,332.43,14.28000000000003
15,19,453,287.32806000000033,0.0007455784661633916,113,332.77,14.620000000000005
16,19,506,249.33257999999987,0.0007278286886398321,166,333.01,14.860000000000014
17,19,539,261.24444000000057,0.0005922149277625637,512,333.16,15.010000000000048
18,19,495,394.1994600000009,0.0007459486654541796,111,333.38,15.230000000000018
19,19,497,467.68266000000096,0.0007590721042187757,78,333.51,15.360000000000014
20,19,460,463.5273600000007,0.0008174494945290686,10,333.61,15.460000000000036
21,19,492,455.960340000001,0.0007138655734357895,203,333.62,15.470000000000027
22,19,428,370.2445200000004,0.000719939237929636,191,333.62,15.470000000000027
23,19,410,301.77684,0.0006715883291081347,315,333.57,15.420000000000016
24,19,549,440.4472200000004,0.0007084681192051528,215,333.53,15.379999999999995
25,19,547,400.87710000000067,0.000612117109642124,461,333.43,15.28000000000003
26,19,538,548.5287600000003,0.0008081482820625887,14,333.42,15.270000000000039
27,19,559,401.64984,0.0006218161662628974,444,333.27,15.120000000000005
28,19,582,526.6296,0.0007791991991059451,42,333.2,15.050000000000011
29,19,529,335.68992,0.0006358862680129091,414,332.99,14.840000000000032
30,19,552,386.1513000000003,0.0006777421394533784,306,332.82,14.670000000000016
31,19,463,378.04482000000013,0.0007719440262913839,52,332.62,14.470000000000027
32,19,468,267.1785000000002,0.0007210926900167871,185,332.34,14.189999999999998
33,19,472,474.3019800000005,0.0007968254787022244,26,332.06,13.910000000000025
34,19,472,544.6504800000008,0.0008294056800363559,5,331.74,13.590000000000032
35,19,529,710.4396599999991,0.0008681558738073195,1,331.38,13.230000000000018
36,19,524,505.4594400000005,0.0007873429032135996,32,330.93,12.78000000000003
37,19,479,474.3457200000005,0.000728453398826178,163,330.47,12.32000000000005
38,19,332,427.77720000000016,0.0002762560294386914,1282,329.86,11.710000000000036
39,19,693,500.8667400000003,0.00033512172964898453,793,329.46,11.310000000000002
40,19,491,271.5524999999996,0.00025679832926119045,1612,329.05,10.900000000000034
41,19,593,217.75229999999968,0.00024924530502279553,1746,328.69,10.54000000000002
42,19,464,287.2114200000011,0.00024021683565044328,1900,328.37,10.220000000000027
43,19,530,432.7344000000002,0.00035693280823604164,738,328.11,9.960000000000036
44,19,560,279.1778399999998,0.0002776956622569865,1262,327.81,9.660000000000025
45,19,495,318.87917999999974,0.0002538281731984764,1668,327.53,9.379999999999995
46,19,584,388.83402,0.0002687927466086784,1395,327.28,9.129999999999995
47,19,552,274.6726199999999,0.00030531780585166046,982,327.04,8.890000000000043
48,19,553,243.55889999999954,0.0002669115186133127,1435,326.79,8.640000000000043
49,19,455,190.10861999999997,0.0002578997432242316,1589,326.55,8.400000000000034
50,19,566,165.1185000000001,0.0002689048503527,1393,326.33,8.180000000000007
51,19,587,217.15452,0.00027682750908545944,1276,326.11,7.960000000000036
52,19,536,224.24040000000036,0.0002859832745263545,1151,325.9,7.75
53,19,539,175.25159999999974,0.0002492070518581239,1747,325.69,7.5400000000000205
54,19,373,186.1136999999999,0.0002072830378452416,2295,325.5,7.350000000000023
55,19,585,222.15545999999983,0.00026963584355256873,1385,325.35,7.2000000000000455
56,19,400,199.06074000000015,0.0002543503523118671,1658,325.2,7.050000000000011
57,19,560,180.20879999999983,0.0003003672610071722,1010,325.07,6.920000000000016
58,19,416,186.1720199999999,0.00023871592556506976,1920,324.92,6.770000000000039
59,19,182,158.65956000000037,0.00020492255598759796,2312,324.79,6.640000000000043
60,19,5,20.52864,3.678232730305e-06,3474,324.61,6.460000000000036
61,19,24,54.10637999999999,2.3416996176695103e-05,3255,324.54,6.390000000000043
62,19,16,110.10816000000004,2.5120208277369997e-05,3243,324.47,6.32000000000005
63,19,0,0.0,0.0,3842,324.43,6.28000000000003
0,20,0,0.0,0.0,3845,327.43,9.28000000000003
1,20,3,10.730879999999999,2.448155891436e-06,3484,327.51,9.360000000000014
2,20,8,55.987200000000016,1.2772987259680002e-05,3345,327.67,9.520000000000039
3,20,10,69.98400000000002,1.5966234074600004e-05,3315,327.9,9.75
4,20,2,13.9968,3.19324681492e-06,3479,328.22,10.07000000000005
5,20,1,6.9984,1.59662340746e-06,3515,328.61,10.460000000000036
6,20,375,113.88437999999987,0.0005289927536494121,594,329.24,11.090000000000032
7,20,520,237.85812000000035,0.0006602759383193649,352,329.76,11.610000000000014
8,20,548,257.7015000000001,0.000601415648655477,487,330.19,12.04000000000002
9,20,484,369.55926000000096,0.0006755699237676066,311,330.65,12.5
10,20,380,375.0705000000006,0.0005211979311786528,598,331.0,12.850000000000023
11,20,565,568.8678600000009,0.0006779911757498478,305,331.43,13.28000000000003
12,20,455,491.4626400000002,0.0005674962280979686,559,331.75,13.600000000000023
13,20,440,274.80383999999964,0.0005746279385759447,548,332.08,13.930000000000007
14,20,478,221.8784399999997,0.000658499692087373,359,332.41,14.260000000000048
15,20,475,323.9967600000011,0.0007299711053110548,157,332.71,14.560000000000002
16,20,568,350.66358000000093,0.0007697100513049789,58,332.95,14.800000000000011
17,20,602,416.44854000000066,0.0006522204634999919,382,333.11,14.960000000000036
18,20,558,418.4022600000004,0.0007661121493491279,64,333.31,15.160000000000025
19,20,510,457.1704800000006,0.000771760888866669,53,333.43,15.28000000000003
20,20,485,408.24000000000035,0.0007850558275816807,34,333.51,15.360000000000014
21,20,513,467.478540000001,0.0007016772634004325,230,333.51,15.360000000000014
22,20,354,345.15234,0.0006561397001330067,369,333.49,15.340000000000032
23,20,467,286.5990599999998,0.0004756903355253402,639,333.4,15.25
24,20,531,413.3721599999998,0.0005937904376217722,504,333.39,15.240000000000009
25,20,610,371.4255000000004,0.0006880517351364684,270,333.36,15.210000000000036
26,20,583,433.9737000000002,0.0005711740940113182,557,333.25,15.100000000000023
27,20,615,627.4503000000005,0.0007216928426510644,182,333.2,15.050000000000011
28,20,592,401.56236,0.0006587053195168231,357,333.05,14.900000000000034
29,20,540,404.0555400000006,0.0006945197310449164,247,332.9,14.75
30,20,486,243.19439999999983,0.0005865308506067735,525,332.66,14.510000000000048
31,20,515,394.5056400000015,0.0006771254856068437,308,332.46,14.310000000000002
32,20,517,423.06786000000017,0.0007341300774648163,143,332.21,14.060000000000002
33,20,466,484.7121000000002,0.0008012925920018953,22,331.93,13.78000000000003
34,20,481,489.93174000000045,0.0007387092516901454,133,331.58,13.430000000000007
35,20,501,593.3914199999999,0.0007948225032528865,27,331.23,13.080000000000041
36,20,505,452.79648000000043,0.0007202825436692989,186,330.81,12.660000000000025
37,20,519,446.8624200000005,0.0007741545701575036,50,330.4,12.25
38,20,352,472.52322000000055,0.00034822639983222596,760,329.82,11.670000000000016
39,20,471,468.52830000000023,0.00035184499680813785,751,329.42,11.270000000000039
40,20,455,305.1156600000003,0.00024379123798165672,1833,329.01,10.860000000000014
41,20,440,307.8712800000009,0.00028291422805236426,1194,328.68,10.53000000000003
42,20,545,268.18451999999985,0.0003161355064930061,890,328.38,10.230000000000018
43,20,386,247.61214000000012,0.00024459109642260314,1822,328.08,9.930000000000007
44,20,433,311.8078800000003,0.00028582656283784814,1155,327.82,9.670000000000016
45,20,605,459.73656000000057,0.00030808586270961006,956,327.57,9.420000000000016
46,20,275,311.54543999999987,0.00023121201673210342,2025,327.3,9.150000000000034
47,20,500,284.51412000000045,0.00028024179185339923,1234,327.08,8.930000000000007
48,20,536,279.6589800000001,0.00027222285277965545,1338,326.84,8.689999999999998
49,20,614,202.2683399999999,0.0002796039120642044,1241,326.62,8.470000000000027
50,20,364,203.4639000000007,0.00022902082490123337,2051,326.38,8.230000000000018
51,20,356,174.3184800000004,0.00022411876238626256,2119,326.17,8.020000000000039
52,20,509,173.5019999999995,0.00023691852377284391,1944,325.98,7.830000000000041
53,20,390,177.29280000000034,0.00021917593478031457,2182,325.79,7.640000000000043
54,20,408,164.81232,0.00023027094730522743,2036,325.63,7.480000000000018
55,20,477,217.35864000000063,0.00026748976537139895,1422,325.49,7.340000000000032
56,20,525,211.24962000000005,0.00027980280796821675,1240,325.35,7.2000000000000455
57,20,427,215.0112600000002,0.00026171963529159027,1532,325.22,7.07000000000005
58,20,566,210.52062000000004,0.00026704733597577766,1430,325.1,6.9500000000000455
59,20,364,175.28075999999996,0.0002307794714836042,2030,324.98,6.830000000000041
60,20,275,198.37547999999992,0.0001761514028778464,2559,324.86,6.710000000000036
61,20,340,97.43814000000003,0.0001630140812651676,2638,324.78,6.6299999999999955
62,20,39,11.85354,2.2166911013713006e-05,3265,324.67,6.520000000000039
63,20,0,0.0,0.0,3844,324.63,6.480000000000018
0,21,12,11.16828,2.5479448543969998e-06,3483,327.47,9.32000000000005
1,21,33,93.66192000000002,1.9357751406680005e-05,3289,327.55,9.400000000000034
2,21,2,13.9968,3.19324681492e-06,3478,327.72,9.57000000000005
3,21,4,27.9936,6.38649362984e-06,3433,327.97,9.82000000000005
4,21,1,6.9984,1.59662340746e-06,3516,328.3,10.150000000000034
5,21,39,36.1584,8.320716267117002e-05,2964,328.75,10.600000000000023
6,21,247,101.94336000000001,0.0004418687555673162,654,329.32,11.170000000000016
7,21,441,238.06224000000074,0.0005807946806057898,538,329.82,11.670000000000016
8,21,467,292.6935000000003,0.0006333987881657997,421,330.27,12.120000000000005
9,21,392,322.66998000000086,0.0005342153281243811,590,330.65,12.5
10,21,457,590.125500000001,0.0006225570167715637,439,331.06,12.910000000000025
11,21,456,403.16616000000084,0.0006318080578488464,422,331.42,13.270000000000039
12,21,461,456.4852200000001,0.0005028611875586504,610,331.71,13.560000000000002
13,21,542,381.82104,0.0006012956156636654,488,332.05,13.900000000000034
14,21,411,253.58993999999987,0.0006864199008227759,279,332.36,14.210000000000036
15,21,474,349.38054000000005,0.0008210027493712318,7,332.65,14.5
16,21,601,411.66630000000083,0.0006344080505030707,418,332.81,14.660000000000025
17,21,495,247.37885999999978,0.0006658309624517718,335,333.0,14.850000000000023
18,21,513,465.2040600000009,0.0007535891429951287,88,333.18,15.03000000000003
19,21,529,465.52482000000043,0.0007768627469593307,44,333.3,15.150000000000034
20,21,498,554.6086200000007,0.0007324631327283792,153,333.36,15.210000000000036
21,21,531,511.4080800000006,0.0007568670086852684,81,333.4,15.25
22,21,433,401.0083200000004,0.0007005236511084188,233,333.37,15.220000000000027
23,21,542,237.08537999999945,0.0005654645250032399,562,333.29,15.140000000000043
24,21,586,354.5856000000005,0.000602141580795009,484,333.25,15.100000000000023
25,21,618,348.0246000000004,0.0006247177776377771,432,333.2,15.050000000000011
26,21,535,395.10342000000026,0.0007032809186309115,226,333.15,15.0
27,21,516,359.03249999999986,0.0007173948881167651,194,333.06,14.910000000000025
28,21,436,274.9933799999998,0.0006083206850366655,468,332.89,14.740000000000009
29,21,515,286.2199800000002,0.0007389310624647409,132,332.76,14.610000000000014
30,21,459,295.3616399999999,0.0006638802500018393,342,332.53,14.379999999999995
31,21,553,422.7325200000006,0.0007642891372674511,69,332.32,14.170000000000016
32,21,508,481.8835800000005,0.0007543634278519655,86,332.03,13.879999999999995
33,21,496,497.09052000000094,0.0007159642259821776,196,331.71,13.560000000000002
34,21,465,415.23840000000047,0.0007483740946207124,105,331.38,13.230000000000018
35,21,532,549.3889799999997,0.0007031630896206023,228,331.02,12.870000000000005
36,21,516,442.69254000000024,0.0007630140754909903,71,330.66,12.510000000000048
37,21,385,457.89948000000044,0.0005397518684275125,584,330.18,12.03000000000003
38,21,495,380.2026599999999,0.0002869265668254587,1139,329.7,11.550000000000011
39,21,569,391.12308,0.0002885050265634815,1119,329.31,11.160000000000025
40,21,453,243.03402000000045,0.0002765724910072491,1281,328.96,10.810000000000002
41,21,442,183.85379999999998,0.0002742584807352154,1311,328.64,10.490000000000009
42,21,393,244.50659999999988,0.0002339167927358044,1981,328.33,10.180000000000007
43,21,643,218.43755999999985,0.0002573885242397409,1600,328.06,9.910000000000025
44,21,510,355.62078000000014,0.00028392355737718287,1183,327.81,9.660000000000025
45,21,391,309.0231000000002,0.00023874615425609644,1918,327.55,9.400000000000034
46,21,628,320.70168000000007,0.00027668776253085304,1278,327.32,9.170000000000016
47,21,558,368.5386600000004,0.0003086990036511834,950,327.11,8.960000000000036
48,21,356,336.6959400000006,0.00025333443818348144,1676,326.87,8.720000000000027
49,21,509,216.2797200000003,0.00026868281621463154,1400,326.66,8.510000000000048
50,21,416,226.17953999999997,0.00025330122643767096,1677,326.45,8.300000000000011
51,21,518,196.4800799999999,0.00027924430587811916,1244,326.26,8.110000000000014
52,21,513,194.32223999999965,0.00022235832398065703,2145,326.05,7.900000000000034
53,21,467,226.70441999999974,0.0002247362450723785,2103,325.88,7.730000000000018
54,21,469,145.27511999999967,0.0002345032105151363,1973,325.73,7.580000000000041
55,21,457,198.52128000000016,0.0002340637300954317,1978,325.58,7.430000000000007
56,21,481,189.11718000000053,0.0002608797591192341,1544,325.47,7.32000000000005
57,21,426,204.46992000000006,0.00022432115464821083,2114,325.34,7.189999999999998
58,21,521,183.0081600000002,0.00026353568592085556,1492,325.25,7.100000000000023
59,21,471,195.28452000000036,0.00024661808597582053,1789,325.14,6.990000000000009
60,21,342,154.18349999999998,0.00020213720049170827,2342,325.05,6.900000000000034
61,21,532,240.10344000000023,0.0002691886860771795,1390,325.0,6.850000000000023
62,21,444,146.20823999999965,0.00020673183490068107,2297,324.92,6.770000000000039
63,21,292,97.74432,0.00019913952130411376,2369,324.89,6.740000000000009
0,22,0,0.0,0.0,3873,327.48,9.330000000000041
1,22,0,0.0,0.0,3874,327.57,9.420000000000016
2,22,0,0.0,0.0,3875,327.75,9.600000000000023
3,22,0,0.0,0.0,3867,328.01,9.860000000000014
4,22,17,6.371460000000001,3.295034307700101e-05,3188,328.39,10.240000000000009
5,22,442,140.55119999999977,0.000599929536066476,493,329.0,10.850000000000023
6,22,416,151.41330000000016,0.0005745893449593328,549,329.44,11.29000000000002
7,22,321,220.74120000000084,0.0005853755720940106,529,329.87,11.720000000000027
8,22,366,276.11604000000085,0.0005625547301290794,565,330.27,12.120000000000005
9,22,523,457.1267400000016,0.0006895031044505522,269,330.71,12.560000000000002
10,22,511,627.3628200000015,0.0006583660629671548,360,331.06,12.910000000000025
11,22,500,629.7102000000014,0.0007399192178584188,130,331.42,13.270000000000039
12,22,615,544.2568200000002,0.0005898108311454127,517,331.68,13.53000000000003
13,22,638,596.8177199999996,0.0007247227061569986,173,332.01,13.860000000000014
14,22,505,456.83514000000065,0.0007885783655340269,30,332.29,14.140000000000043
15,22,591,328.7352599999995,0.0005873826882590292,522,332.45,14.300000000000011
16,22,638,386.53038000000026,0.0006798505749365749,299,332.67,14.520000000000039
17,22,572,373.0292999999998,0.0006675409761670558,330,332.84,14.689999999999998
18,22,506,461.5444800000009,0.0007274231481832942,168,333.01,14.860000000000014
19,22,535,438.1727400000007,0.0008037770847029838,20,333.14,14.990000000000009
20,22,531,499.4233200000007,0.0007711183770660442,54,333.2,15.050000000000011
21,22,488,374.1957000000003,0.0007681158725962721,61,333.22,15.07000000000005
22,22,469,351.94662000000073,0.0007130394590455517,206,333.2,15.050000000000011
23,22,538,298.5838199999997,0.0006367223587113383,412,333.13,14.980000000000018
24,22,574,214.98209999999978,0.0005928992111575964,509,333.07,14.920000000000016
25,22,580,296.9362800000004,0.0006374276111103768,411,333.03,14.879999999999995
26,22,521,351.82998000000015,0.0006237879213004076,436,332.95,14.800000000000011
27,22,521,528.0584400000009,0.0007974392764382066,24,332.91,14.760000000000048
28,22,521,335.79198000000076,0.0008186195350774228,9,332.78,14.629999999999995
29,22,479,400.70214000000044,0.0008301843541491764,4,332.61,14.460000000000036
30,22,498,455.0272200000006,0.0007758164977025179,47,332.36,14.210000000000036
31,22,492,421.2745200000003,0.0007215441304691862,183,332.08,13.930000000000007
32,22,481,507.2090400000003,0.0007815474671677608,36,331.8,13.650000000000034
33,22,403,394.2286200000001,0.0006159139480439553,454,331.42,13.270000000000039
34,22,417,456.5435400000004,0.0003807524724559803,709,331.01,12.860000000000014
35,22,425,538.5268800000006,0.00047830447290562415,637,330.7,12.550000000000011
36,22,569,358.55136000000005,0.0003556373196153863,744,330.3,12.150000000000034
37,22,571,488.2258800000004,0.00030860303779013464,952,329.92,11.770000000000039
38,22,529,325.16316000000023,0.00032110320914266694,856,329.56,11.410000000000025
39,22,247,359.11998000000006,0.0002089890452606846,2280,329.18,11.03000000000003
40,22,653,336.73968000000025,0.0002870710811445783,1138,328.88,10.730000000000018
41,22,530,210.22901999999976,0.0002663745246747715,1444,328.57,10.420000000000016
42,22,583,259.8301799999998,0.0002513778085610775,1706,328.28,10.129999999999995
43,22,420,242.8153200000006,0.0002629754479847704,1503,328.02,9.870000000000005
44,22,469,198.02555999999979,0.0002550364116828464,1649,327.77,9.620000000000005
45,22,526,366.90570000000014,0.0002619570970924421,1528,327.54,9.390000000000043
46,22,545,302.2288199999997,0.0002944254184450937,1058,327.33,9.180000000000007
47,22,378,250.7468400000001,0.00027307282935559073,1327,327.11,8.960000000000036
48,22,655,315.40914,0.00028019284775673316,1236,326.9,8.75
49,22,413,282.6187199999998,0.00025013734148879215,1727,326.69,8.54000000000002
50,22,642,242.58203999999978,0.00026647844631641574,1442,326.49,8.340000000000032
51,22,324,127.31255999999979,0.0001832271657733189,2508,326.28,8.129999999999995
52,22,366,122.13665999999988,0.00017583574234173127,2564,326.1,7.9500000000000455
53,22,455,178.15302000000014,0.00025587626504799005,1632,325.96,7.810000000000002
54,22,307,125.63585999999984,0.00021036603687229702,2275,325.8,7.650000000000034
55,22,660,194.80337999999972,0.0002498396122637339,1733,325.68,7.53000000000003
56,22,400,164.5936199999998,0.000192977572127773,2432,325.54,7.390000000000043
57,22,492,186.20118,0.00023345821053166957,1988,325.45,7.300000000000011
58,22,451,152.3318399999996,0.00024401750260372306,1831,325.36,7.210000000000036
59,22,576,183.83921999999976,0.00025763197547723027,1598,325.29,7.140000000000043
60,22,468,189.4233600000004,0.0002773097246593844,1267,325.22,7.07000000000005
61,22,556,210.4477200000001,0.000281981050166168,1212,325.16,7.010000000000048
62,22,417,231.31170000000031,0.0002526627309263372,1684,325.11,6.960000000000036
63,22,452,164.09789999999978,0.0001825573824531893,2512,325.06,6.910000000000025
0,23,1,5.13216,1.17085716547e-06,3525,327.48,9.330000000000041
1,23,0,0.0,0.0,3870,327.57,9.420000000000016
2,23,0,0.0,0.0,3871,327.75,9.600000000000023
3,23,0,0.0,0.0,3872,328.03,9.879999999999995
4,23,259,85.46796,0.0003566653512720716,741,328.53,10.379999999999995
5,23,478,219.07908000000026,0.0006832314230030385,288,329.07,10.920000000000016
6,23,525,300.74166000000065,0.0006927644126953578,255,329.5,11.350000000000023
7,23,410,307.02564000000064,0.0007238830281073977,176,329.92,11.770000000000039
8,23,401,386.93862000000126,0.0005738823701179288,551,330.25,12.100000000000023
9,23,492,574.8019200000015,0.0007244121804078165,174,330.67,12.520000000000039
10,23,601,653.8546800000012,0.0007791357680318385,43,331.04,12.890000000000043
11,23,493,718.7356800000015,0.0007444170041401808,115,331.34,13.189999999999998
12,23,543,585.022500000001,0.0007127829823503258,207,331.61,13.460000000000036
13,23,617,571.2006599999997,0.0006225303303137608,440,331.85,13.700000000000045
14,23,510,421.8868800000001,0.0007749074535351127,49,332.13,13.980000000000018
15,23,591,357.25374000000005,0.0006042209550419443,479,332.28,14.129999999999995
16,23,575,368.1158399999999,0.00064443715557109,396,332.47,14.32000000000005
17,23,517,361.9484999999999,0.0007232495438359035,178,332.66,14.510000000000048
18,23,568,417.92112000000026,0.0007417131253706565,122,332.8,14.650000000000034
19,23,445,347.35392000000013,0.0006972404122314047,238,332.89,14.740000000000009
20,23,564,375.4641600000004,0.0008116451650912009,12,332.99,14.840000000000032
21,23,487,360.5925600000004,0.0006455709946801269,395,332.96,14.810000000000002
22,23,460,252.8026200000004,0.0007676849673795067,63,332.99,14.840000000000032
23,23,558,199.43981999999966,0.0006508578952481657,384,332.92,14.770000000000039
24,23,546,215.09873999999976,0.0006074413299356383,470,332.86,14.710000000000036
25,23,548,232.24481999999992,0.0006429655130391126,399,332.81,14.660000000000025
26,23,507,372.91266000000024,0.0007279372696383468,165,332.76,14.610000000000014
27,23,516,524.1510000000007,0.00077560658066882,48,332.68,14.53000000000003
28,23,528,338.27058000000056,0.0006931700946903954,252,332.51,14.360000000000014
29,23,546,455.9895000000004,0.000823265859804836,6,332.36,14.210000000000036
30,23,522,476.47440000000046,0.0007435395501774074,117,332.1,13.950000000000045
31,23,464,506.52378000000067,0.0007350220994309733,142,331.81,13.660000000000025
32,23,109,180.57330000000005,0.00017439439717442288,2570,331.31,13.160000000000025
33,23,405,366.90570000000014,0.0002499949301489371,1731,331.0,12.850000000000023
34,23,558,481.7232000000005,0.00031790548768505336,875,330.7,12.550000000000011
35,23,496,354.0461400000003,0.0002734467138619752,1322,330.37,12.220000000000027
36,23,548,298.5546599999997,0.00028240734194886764,1204,330.04,11.890000000000043
37,23,468,459.78030000000007,0.0003086163086622586,951,329.73,11.580000000000041
38,23,524,386.3700000000001,0.0003161246227920319,891,329.41,11.260000000000048
39,23,466,432.9093600000006,0.0003062054031749672,974,329.09,10.939999999999998
40,23,435,297.75276000000105,0.00030641739378168035,971,328.79,10.640000000000043
41,23,368,190.35647999999995,0.00022006078626756105,2175,328.48,10.330000000000041
42,23,479,303.54102000000063,0.000279852197613003,1239,328.23,10.080000000000041
43,23,485,229.2996599999999,0.0002830244686531568,1192,327.98,9.830000000000041
44,23,371,228.29363999999984,0.00023262770063696322,2001,327.73,9.580000000000041
45,23,545,206.71523999999982,0.00025675400126539576,1613,327.52,9.370000000000005
46,23,385,166.40154,0.0002383054826347686,1925,327.3,9.150000000000034
47,23,635,366.8765400000001,0.0003162121725003281,887,327.12,8.970000000000027
48,23,505,386.38458000000094,0.0003121265243225572,923,326.92,8.770000000000039
49,23,465,248.39945999999995,0.0002471091536315881,1783,326.7,8.550000000000011
50,23,555,326.79612000000026,0.0002814937779639163,1219,326.53,8.379999999999995
51,23,505,307.76922000000025,0.0003129067622305217,917,326.35,8.200000000000045
52,23,601,206.16119999999964,0.0002855806071112236,1160,326.17,8.020000000000039
53,23,517,252.84636000000017,0.0002521185290847706,1692,326.01,7.860000000000014
54,23,538,169.04051999999976,0.00025097972939698413,1712,325.86,7.710000000000036
55,23,412,215.72568000000064,0.0002751904751046932,1296,325.75,7.600000000000023
56,23,494,178.1967599999999,0.0002622308574382342,1523,325.64,7.490000000000009
57,23,386,188.0236799999997,0.0002016795806002908,2347,325.53,7.3799999999999955
58,23,555,208.85849999999982,0.0002464983605980672,1792,325.46,7.310000000000002
59,23,398,194.93460000000036,0.0002874306621667375,1131,325.41,7.260000000000048
60,23,506,252.5839200000003,0.00029769744355953093,1031,325.35,7.2000000000000455
61,23,410,259.99056000000115,0.00025512285774208774,1648,325.29,7.140000000000043
62,23,526,187.7612399999999,0.0002514784991990291,1704,325.25,7.100000000000023
63,23,351,126.94805999999966,0.00018434265621200752,2498,325.2,7.050000000000011
0,24,6,6.9254999999999995,1.5799919136284e-06,3518,327.46,9.310000000000002
1,24,0,0.0,0.0,3879,327.54,9.390000000000043
2,24,0,0.0,0.0,3880,327.73,9.580000000000041
3,24,0,0.0,0.0,3869,328.01,9.860000000000014
4,24,318,102.0162599999999,0.0004353265671595576,657,328.53,10.379999999999995
5,24,480,248.0787000000002,0.0006636842265852759,344,329.03,10.879999999999995
6,24,567,268.8697800000004,0.0005858373493993663,526,329.42,11.270000000000039
7,24,530,307.1568600000007,0.0006935759469259597,250,329.84,11.689999999999998
8,24,319,315.72990000000067,0.0006104902572320063,466,330.18,12.03000000000003
9,24,499,590.8253400000017,0.000655149030445011,371,330.54,12.390000000000043
10,24,583,709.7689800000024,0.0007033434556784599,225,330.89,12.740000000000009
11,24,466,511.1019000000022,0.0006568285986307345,368,331.17,13.020000000000039
12,24,566,485.6160600000016,0.0006312452066778432,424,331.43,13.28000000000003
13,24,559,544.7379600000011,0.0007503143635090609,97,331.71,13.560000000000002
14,24,475,421.6827600000005,0.000751093032252345,96,331.92,13.770000000000039
15,24,606,443.3194799999999,0.0006405245250605904,406,332.07,13.920000000000016
16,24,614,370.98809999999986,0.0006108568380405054,465,332.23,14.080000000000041
17,24,536,309.94163999999967,0.0006480307603863891,389,332.39,14.240000000000009
18,24,520,392.1291000000016,0.0006971246579404533,240,332.53,14.379999999999995
19,24,509,376.7763600000007,0.0007574122440411404,80,332.64,14.490000000000009
20,24,516,276.5097000000001,0.0006413918684515657,404,332.66,14.510000000000048
21,24,471,306.7194600000003,0.00074438059789148,116,332.72,14.57000000000005
22,24,435,245.9646000000005,0.0007692241558495081,59,332.73,14.580000000000041
23,24,510,198.6670799999998,0.0006154041653237602,456,332.64,14.490000000000009
24,24,631,285.9283800000003,0.0007429527432748394,118,332.64,14.490000000000009
25,24,522,284.86404,0.0005898669213925063,516,332.53,14.379999999999995
26,24,484,509.60016000000144,0.0007326683200988586,150,332.5,14.350000000000023
27,24,497,459.7948800000004,0.000749536456769954,101,332.39,14.240000000000009
28,24,551,398.4422400000001,0.0007297733960466761,158,332.24,14.090000000000032
29,24,511,473.1064200000004,0.0007175948198758533,193,332.04,13.890000000000043
30,24,532,459.51786000000027,0.0007365718421220784,137,331.81,13.660000000000025
31,24,434,366.19128000000035,0.0007361490827038984,139,331.52,13.370000000000005
32,24,231,292.1103,0.00019078991650408787,2447,331.01,12.860000000000014
33,24,558,303.27858000000043,0.0002877062444899282,1130,330.72,12.57000000000005
34,24,468,392.1728400000002,0.0002918044767540599,1082,330.42,12.270000000000039
35,24,532,308.0462399999999,0.00028879221732498495,1118,330.12,11.970000000000027
36,24,330,285.1993800000002,0.0002451408110018495,1818,329.81,11.660000000000025
37,24,525,442.1385000000004,0.00031054354901410397,935,329.53,11.379999999999995
38,24,427,258.3430199999999,0.00023314311571921045,1994,329.22,11.07000000000005
39,24,600,433.23011999999994,0.0003202696329125709,860,328.96,10.810000000000002
40,24,510,248.9972400000001,0.00024926556236459975,1745,328.66,10.510000000000048
41,24,460,204.28037999999987,0.00023317901266850985,1993,328.39,10.240000000000009
42,24,578,212.89716000000016,0.0002555100910612476,1640,328.15,10.0
43,24,516,230.83055999999974,0.0002481594968497845,1763,327.91,9.760000000000048
44,24,476,218.2917600000002,0.00024172878162008856,1874,327.69,9.54000000000002
45,24,618,246.7081800000001,0.00029227628591928093,1076,327.49,9.340000000000032
46,24,472,225.43596000000022,0.0002910553843823402,1094,327.29,9.140000000000043
47,24,482,308.9647800000005,0.00028559167732221586,1159,327.09,8.939999999999998
48,24,480,227.11265999999978,0.0002578880658768162,1590,326.9,8.75
49,24,525,271.8586800000003,0.0002944831770098736,1056,326.72,8.57000000000005
50,24,412,253.44413999999995,0.00026728879955412063,1425,326.53,8.379999999999995
51,24,595,235.46699999999998,0.0002483002882227559,1761,326.35,8.200000000000045
52,24,239,194.84712,0.0001627572815224667,2641,326.15,8.0
53,24,491,203.15772000000038,0.00025570828830861786,1636,326.03,7.8799999999999955
54,24,147,68.16149999999995,0.0001071582085662607,2869,325.85,7.7000000000000455
55,24,595,206.46738000000005,0.00023883362418401763,1916,325.78,7.6299999999999955
56,24,447,183.35807999999994,0.0002452811292233423,1816,325.69,7.5400000000000205
57,24,404,167.93243999999973,0.00022605755008163925,2091,325.6,7.4500000000000455
58,24,532,159.2719199999998,0.00023875870328866783,1917,325.54,7.390000000000043
59,24,560,227.2292999999998,0.00026875538300271664,1398,325.49,7.340000000000032
60,24,642,177.90515999999974,0.00025407432804018304,1665,325.44,7.2900000000000205
61,24,506,208.20239999999995,0.0002582109958419565,1583,325.39,7.240000000000009
62,24,546,214.4718000000002,0.0002915451426150165,1087,325.37,7.220000000000027
63,24,347,100.98107999999992,0.00019400187045879965,2426,325.31,7.160000000000025
0,25,0,0.0,0.0,3876,327.4,9.25
1,25,1,6.9984,1.59662340746e-06,3501,327.49,9.340000000000032
2,25,0,0.0,0.0,3877,327.67,9.520000000000039
3,25,0,0.0,0.0,3878,327.94,9.79000000000002
4,25,185,89.06921999999997,0.00018847120344908292,2465,328.36,10.210000000000036
5,25,563,328.5602999999998,0.0006866581921855441,276,328.94,10.79000000000002
6,25,587,276.6409200000003,0.000607279019778198,471,329.32,11.170000000000016
7,25,505,343.4173200000008,0.0007079738410865545,217,329.72,11.57000000000005
8,25,396,310.4956800000006,0.0007820037737321088,35,330.09,11.939999999999998
9,25,473,506.10096000000163,0.0005380991087436412,587,330.34,12.189999999999998
10,25,453,450.81360000000075,0.0006190288122363372,450,330.68,12.53000000000003
11,25,415,537.1272000000008,0.0006943500126739487,248,330.99,12.840000000000032
12,25,579,562.4089200000006,0.0006316517022739911,423,331.22,13.07000000000005
13,25,582,422.58671999999996,0.0006641063571779281,341,331.45,13.300000000000011
14,25,401,454.10868000000016,0.00050209839880774,614,331.59,13.439999999999998
15,25,595,528.5833200000008,0.0006659532262629595,334,331.82,13.670000000000016
16,25,608,483.28326000000084,0.000587281820376107,524,331.95,13.800000000000011
17,25,567,404.8574400000013,0.0006049957404999397,477,332.09,13.939999999999998
18,25,510,302.54958,0.0006684954355236299,325,332.22,14.07000000000005
19,25,582,349.62840000000006,0.0007252678426253317,172,332.32,14.170000000000016
20,25,493,268.56359999999995,0.0006865926371762153,277,332.36,14.210000000000036
21,25,523,246.16872000000012,0.0006826366413759303,289,332.38,14.230000000000018
22,25,457,282.72078000000056,0.0007148324788364442,202,332.39,14.240000000000009
23,25,547,241.80929999999987,0.0005729929291731906,553,332.31,14.160000000000025
24,25,529,297.5194799999997,0.0007104779518859534,212,332.31,14.160000000000025
25,25,562,396.95508,0.0006474099983577814,391,332.23,14.080000000000041
26,25,490,379.03626000000065,0.0007314402543238697,155,332.18,14.03000000000003
27,25,505,446.97906000000023,0.0007363059231667741,138,332.07,13.920000000000016
28,25,615,577.6450200000006,0.0007201323984483442,188,331.91,13.760000000000048
29,25,508,467.5806000000002,0.000734045413932734,144,331.72,13.57000000000005
30,25,498,395.48249999999973,0.0007767396953638211,46,331.5,13.350000000000023
31,25,418,336.82716000000045,0.00055791075704674,567,331.14,12.990000000000009
32,25,421,302.0538600000003,0.00028909713455054983,1116,330.74,12.590000000000032
33,25,555,287.63424,0.000252049520371021,1694,330.43,12.28000000000003
34,25,587,360.86957999999987,0.00030619842152660674,975,330.16,12.010000000000048
35,25,319,252.17567999999977,0.00022147536221133,2155,329.85,11.700000000000045
36,25,469,344.21922000000023,0.00028361875914621016,1187,329.6,11.450000000000045
37,25,570,338.6788200000001,0.0002771951787278662,1268,329.33,11.180000000000007
38,25,542,276.1889399999997,0.0002813844599766667,1222,329.07,10.920000000000016
39,25,494,439.8348600000003,0.00031165123282211166,927,328.82,10.670000000000016
40,25,502,247.7871,0.00029130132120834746,1091,328.56,10.410000000000025
41,25,485,264.68531999999976,0.00026158154399737513,1536,328.31,10.160000000000025
42,25,436,209.07720000000072,0.00026116406304390813,1539,328.07,9.920000000000016
43,25,494,186.24491999999984,0.00027131728423362045,1355,327.85,9.700000000000045
44,25,548,242.2612800000001,0.00023826411387697195,1926,327.63,9.480000000000018
45,25,453,225.71298000000013,0.00027545486301725755,1294,327.44,9.29000000000002
46,25,500,224.25497999999988,0.000266491598400751,1441,327.24,9.090000000000032
47,25,501,201.4664399999999,0.0002655550503489444,1459,327.06,8.910000000000025
48,25,416,262.27961999999985,0.00025035548426080855,1722,326.87,8.720000000000027
49,25,651,409.59594000000044,0.0003128026275679767,919,326.72,8.57000000000005
50,25,584,264.8165399999995,0.0002921510953939211,1078,326.54,8.390000000000043
51,25,458,261.1423800000005,0.0002582052778852919,1584,326.35,8.200000000000045
52,25,523,273.57912000000016,0.0002629025604501629,1507,326.19,8.04000000000002
53,25,556,336.56472000000025,0.0003120528194417882,924,326.05,7.900000000000034
54,25,466,119.6726399999999,0.0001904082344931404,2448,325.88,7.730000000000018
55,25,346,154.99998000000028,0.00019491310372091303,2415,325.78,7.6299999999999955
56,25,232,130.43267999999978,0.00012944679714730096,2785,325.68,7.53000000000003
57,25,550,190.57518000000013,0.00024636765683717395,1795,325.65,7.5
58,25,420,171.70865999999998,0.0002462886417433996,1797,325.6,7.4500000000000455
59,25,617,229.27049999999954,0.0002737738758920507,1315,325.56,7.410000000000025
60,25,394,183.72258000000053,0.0002486292422667068,1756,325.51,7.360000000000014
61,25,549,216.25055999999995,0.00025111445950608995,1711,325.47,7.32000000000005
62,25,533,238.64544000000052,0.0002704068599290597,1375,325.45,7.300000000000011
63,25,404,177.65729999999974,0.00019117737431051076,2444,325.4,7.25
0,26,0,0.0,0.0,3883,327.33,9.180000000000007
1,26,3,11.343240000000002,2.83553951117e-06,3482,327.41,9.260000000000048
2,26,1,1.86624,4.25766241988e-07,3538,327.58,9.430000000000007
3,26,8,22.861439999999998,5.215636464358e-06,3450,327.83,9.680000000000007
4,26,16,52.72128000000001,1.2027896336166e-05,3352,328.18,10.03000000000003
5,26,379,333.31337999999965,0.0005255739416422983,596,328.74,10.590000000000032
6,26,535,308.8627200000004,0.0006222659677641148,442,329.16,11.010000000000048
7,26,461,427.52934000000073,0.000662828218054237,346,329.52,11.370000000000005
8,26,470,465.23322000000104,0.0004710683765705744,643,329.79,11.640000000000043
9,26,472,447.7226400000005,0.0005157209327544055,601,330.12,11.970000000000027
10,26,592,722.8618200000003,0.000753769102523161,87,330.5,12.350000000000023
11,26,597,578.9134800000004,0.0006483469670536796,388,330.73,12.580000000000041
12,26,678,688.5842399999988,0.0006690994565851612,323,330.97,12.82000000000005
13,26,628,569.6843399999995,0.0007412360715060131,124,331.2,13.050000000000011
14,26,422,437.8374,0.0005796772251846608,539,331.32,13.170000000000016
15,26,583,397.3778999999999,0.0006679941421115743,328,331.51,13.360000000000014
16,26,632,451.0468800000001,0.000681527735398962,293,331.66,13.510000000000048
17,26,564,376.3972800000009,0.0006618946811683087,348,331.78,13.629999999999995
18,26,550,321.50357999999994,0.0006109552211779814,464,331.86,13.710000000000036
19,26,520,389.51927999999987,0.0007136110121833036,205,331.97,13.82000000000005
20,26,585,328.0645799999997,0.0005387914628815175,586,331.95,13.800000000000011
21,26,627,272.2960800000001,0.0006055670333062323,475,331.99,13.840000000000032
22,26,541,368.1887399999998,0.0006230513819888422,438,331.99,13.840000000000032
23,26,510,249.36173999999966,0.0005999743906281462,492,331.95,13.800000000000011
24,26,475,400.8916800000002,0.0007009568542737689,232,331.94,13.79000000000002
25,26,558,489.6693000000005,0.0007356665340201235,140,331.9,13.75
26,26,483,543.1924800000006,0.0007462568890060173,110,331.81,13.660000000000025
27,26,543,435.40254000000016,0.0006523699025645169,381,331.67,13.520000000000039
28,26,561,625.3653599999996,0.000740893641632309,125,331.54,13.390000000000043
29,26,517,395.7303600000001,0.0006724715902094118,314,331.33,13.180000000000007
30,26,505,454.2399000000002,0.0006863785451326543,280,331.11,12.960000000000036
31,26,361,381.89394000000044,0.00034817278481951303,761,330.73,12.580000000000041
32,26,654,306.6319799999997,0.0002702344973093441,1379,330.42,12.270000000000039
33,26,391,447.69348000000036,0.00030348463695595507,987,330.16,12.010000000000048
34,26,401,425.96927999999997,0.00026045649095826363,1552,329.89,11.740000000000009
35,26,474,352.03410000000036,0.00028838764397257473,1121,329.64,11.490000000000009
36,26,660,539.0663400000003,0.00033665039593604976,789,329.41,11.260000000000048
37,26,500,319.4186399999999,0.00030199787793580536,1000,329.15,11.0
38,26,259,289.79207999999994,0.0002240088752853031,2121,328.88,10.730000000000018
39,26,621,595.0681199999999,0.000346308004004439,765,328.69,10.54000000000002
40,26,381,323.76347999999973,0.00022461697879462493,2109,328.42,10.270000000000039
41,26,463,304.12422000000055,0.0002760931955737247,1286,328.21,10.060000000000002
42,26,476,460.64052000000066,0.00033680751827348067,788,328.01,9.860000000000014
43,26,329,226.50029999999975,0.0002028656759360085,2332,327.75,9.600000000000023
44,26,526,309.5188200000004,0.00027428896706560243,1310,327.57,9.420000000000016
45,26,281,276.24725999999987,0.00016993364605287365,2598,327.34,9.189999999999998
46,26,591,244.47743999999983,0.000254037806944336,1666,327.19,9.04000000000002
47,26,540,275.0808599999996,0.00026875710599601465,1397,327.02,8.870000000000005
48,26,403,339.9327000000001,0.00027126284101215746,1356,326.84,8.689999999999998
49,26,495,238.87872000000027,0.0002708386155858231,1362,326.68,8.53000000000003
50,26,343,362.7504000000005,0.00024357588036568215,1838,326.5,8.350000000000023
51,26,668,349.54092000000026,0.00031031575063270766,937,326.36,8.210000000000036
52,26,371,187.3092599999998,0.000203102606108794,2330,326.15,8.0
53,26,214,104.45111999999995,9.603925586080994e-05,2910,325.97,7.82000000000005
54,26,67,33.50484000000001,4.1304951996601094e-05,3135,325.82,7.670000000000016
55,26,374,193.91399999999976,0.00019977282213013117,2361,325.79,7.640000000000043
56,26,542,164.5207199999998,0.00026631129070042145,1446,325.75,7.600000000000023
57,26,322,141.25103999999973,0.00019800714225446238,2384,325.67,7.520000000000039
58,26,508,266.07042000000047,0.00025791663151952137,1588,325.64,7.490000000000009
59,26,486,195.00750000000036,0.00027107065699649046,1359,325.61,7.460000000000036
60,26,423,182.81861999999995,0.00024220235396132792,1865,325.56,7.410000000000025
61,26,637,214.8508800000001,0.00028173702193340914,1216,325.54,7.390000000000043
62,26,374,177.39486000000002,0.00024684717069552956,1786,325.5,7.350000000000023
63,26,479,130.92839999999975,0.00017947981046997238,2533,325.46,7.310000000000002
0,27,1,6.9984,1.59662340746e-06,3503,327.23,9.080000000000041
1,27,1,4.19904,9.57974044473e-07,3527,327.31,9.160000000000025
2,27,0,0.0,0.0,3955,327.46,9.310000000000002
3,27,0,0.0,0.0,3881,327.7,9.550000000000011
4,27,69,108.67932000000003,0.00011229321298226098,2845,328.05,9.900000000000034
5,27,457,217.51902000000007,0.000691308277480042,261,328.61,10.460000000000036
6,27,477,357.8515200000003,0.0006537802698769937,378,328.96,10.810000000000002
7,27,482,404.79912000000047,0.00038416198781151124,701,329.2,11.050000000000011
8,27,581,396.8530200000008,0.00029463452045549933,1054,329.48,11.330000000000041
9,27,535,528.0584400000005,0.0005100365511452467,605,329.86,11.710000000000036
10,27,562,604.8658800000007,0.0006921445259734144,256,330.21,12.060000000000002
11,27,646,518.6835000000004,0.0006263763804713098,429,330.44,12.29000000000002
12,27,485,609.1378200000001,0.0006416736369259072,403,330.66,12.510000000000048
13,27,533,331.8407999999997,0.0005906114009503736,514,330.82,12.670000000000016
14,27,433,478.89468000000016,0.0004902141601875604,625,330.95,12.800000000000011
15,27,591,286.5261599999994,0.0005521420480483586,574,331.12,12.970000000000027
16,27,641,545.1753600000002,0.000653843355155238,376,331.29,13.140000000000043
17,27,590,488.41542000000015,0.0006991988504515915,236,331.41,13.260000000000048
18,27,623,460.5093,0.0006955711624853279,244,331.5,13.350000000000023
19,27,622,356.7434399999996,0.000666348123485003,333,331.56,13.410000000000025
20,27,598,431.58258000000006,0.000668214201870051,326,331.6,13.450000000000045
21,27,556,333.6049799999998,0.0006550870669943157,372,331.6,13.450000000000045
22,27,569,332.71559999999977,0.0006781643696730344,304,331.6,13.450000000000045
23,27,263,302.97239999999977,0.00039496429935263663,688,331.47,13.32000000000005
24,27,470,409.50846000000035,0.0004059899306457736,680,331.43,13.28000000000003
25,27,571,443.0278800000005,0.0006612789828518994,349,331.46,13.310000000000002
26,27,502,451.26558,0.0006066592226052984,472,331.35,13.200000000000045
27,27,458,521.7890399999997,0.0005308779832575355,593,331.21,13.060000000000002
28,27,444,478.7926200000011,0.000559983361748735,566,331.08,12.930000000000007
29,27,452,364.0771800000002,0.0005412730863214508,582,330.89,12.740000000000009
30,27,424,455.0855400000006,0.00045898299277581856,648,330.65,12.5
31,27,601,314.4322799999997,0.00028184593328756314,1214,330.35,12.200000000000045
32,27,558,360.7821,0.000320831290830972,859,330.12,11.970000000000027
33,27,517,495.00558,0.0003061980751917259,976,329.88,11.730000000000018
34,27,542,474.6227400000008,0.00034369475428273276,770,329.66,11.510000000000048
35,27,612,388.38203999999996,0.0003027863432956381,991,329.41,11.260000000000048
36,27,521,449.3118600000004,0.0003619234249179164,731,329.21,11.060000000000002
37,27,362,312.63893999999993,0.00022722586438019975,2072,328.94,10.79000000000002
38,27,504,407.5110000000005,0.0002902510521347481,1107,328.74,10.590000000000032
39,27,586,501.74154000000027,0.0003217136397982697,851,328.53,10.379999999999995
40,27,481,235.96271999999973,0.00025452262830592413,1654,328.3,10.150000000000034
41,27,686,423.59274,0.0003145985631136963,907,328.11,9.960000000000036
42,27,489,209.67497999999958,0.00022999367233867627,2039,327.88,9.730000000000018
43,27,582,250.93637999999984,0.0002624038470362579,1521,327.69,9.54000000000002
44,27,545,403.76394,0.00031403218488284434,909,327.51,9.360000000000014
45,27,430,210.5206200000001,0.00025381136696687654,1670,327.31,9.160000000000025
46,27,486,377.3595600000007,0.0003074675090486184,960,327.15,9.0
47,27,448,292.59143999999975,0.0002817909320823398,1215,326.97,8.82000000000005
48,27,517,217.08161999999982,0.00022336089354138086,2131,326.79,8.640000000000043
49,27,472,440.8700400000002,0.0002921247720483202,1079,326.65,8.5
50,27,529,373.1313600000003,0.00027269144028054567,1332,326.48,8.330000000000041
51,27,518,273.49164,0.00031379141918540037,912,326.33,8.180000000000007
52,27,224,304.8094800000003,0.00019553192703253603,2410,326.13,7.980000000000018
53,27,0,0.0,0.0,3953,325.91,7.760000000000048
54,27,0,0.0,0.0,3954,325.79,7.640000000000043
55,27,546,159.02405999999988,0.0002145327729116071,2232,325.79,7.640000000000043
56,27,371,178.76538000000014,0.000211356116071808,2264,325.74,7.590000000000032
57,27,548,177.21989999999985,0.0002755037549791586,1293,325.71,7.560000000000002
58,27,612,190.21068000000002,0.0002573367754370248,1601,325.67,7.520000000000039
59,27,374,190.35648000000006,0.00024092446253276616,1885,325.63,7.480000000000018
60,27,465,184.2183000000001,0.0002517187566440626,1701,325.6,7.4500000000000455
61,27,580,269.35092,0.0002942882294451829,1059,325.59,7.439999999999998
62,27,549,231.9386400000003,0.00029034763348192646,1104,325.56,7.410000000000025
63,27,246,104.52401999999978,0.00016796794986358944,2607,325.5,7.350000000000023
0,28,19,20.76192,4.736649442118999e-06,3457,327.13,8.980000000000018
1,28,15,20.73276,4.729996844586e-06,3458,327.2,9.050000000000011
2,28,0,0.0,0.0,3951,327.33,9.180000000000007
3,28,0,0.0,0.0,3952,327.55,9.400000000000034
4,28,27,125.50463999999997,2.8632779773747993e-05,3218,327.84,9.689999999999998
5,28,148,121.49514000000005,0.000231618064114507,2019,328.25,10.100000000000023
6,28,314,269.0010000000001,0.00040639496745714616,679,328.64,10.490000000000009
7,28,504,400.06062000000014,0.0003108020022410772,930,328.92,10.770000000000039
8,28,574,330.1057799999997,0.0002937280712644912,1067,329.21,11.060000000000002
9,28,466,615.1593599999999,0.0004517423760859891,650,329.55,11.400000000000034
10,28,484,494.33490000000023,0.0005544407703440144,572,329.86,11.710000000000036
11,28,482,339.6848399999998,0.0005737939630934694,552,330.1,11.950000000000045
12,28,469,428.6082600000003,0.0006870084850989857,273,330.34,12.189999999999998
13,28,395,281.0294999999998,0.0004784430667311475,634,330.43,12.28000000000003
14,28,342,416.47770000000037,0.0002727550947771719,1331,330.5,12.350000000000023
15,28,458,360.1551600000004,0.00038161794260178265,707,330.67,12.520000000000039
16,28,463,364.1355000000012,0.0005005642410481897,616,330.83,12.680000000000007
17,28,427,511.3060200000005,0.0003932285771525378,693,330.9,12.75
18,28,466,396.94050000000044,0.00040593113029555934,681,330.98,12.830000000000041
19,28,484,364.99572000000046,0.0004931230690348017,621,331.07,12.920000000000016
20,28,408,335.9377800000004,0.00040980936328592366,676,331.08,12.930000000000007
21,28,451,411.76836000000037,0.00042934963663112427,659,331.1,12.950000000000045
22,28,456,392.2457400000004,0.000379448134618336,710,331.07,12.920000000000016
23,28,413,494.0870400000004,0.000310018696627822,942,331.01,12.860000000000014
24,28,378,363.65436000000096,0.00028548651764821075,1161,330.95,12.800000000000011
25,28,553,505.56150000000054,0.00033087047079911924,807,330.91,12.760000000000048
26,28,485,562.9046400000011,0.0003581177846289646,737,330.84,12.689999999999998
27,28,522,438.58098,0.00028674964980675657,1140,330.7,12.550000000000011
28,28,479,419.2187400000003,0.00030677328850934785,968,330.57,12.420000000000016
29,28,577,303.65766,0.0003112408908414372,929,330.41,12.260000000000048
30,28,305,308.10456000000056,0.00023168646090475568,2018,330.2,12.050000000000011
31,28,585,320.3225999999998,0.000247696269950436,1773,329.99,11.840000000000032
32,28,537,440.73882000000077,0.00030768678161333026,958,329.81,11.660000000000025
33,28,458,451.51344,0.00028721482509250874,1135,329.59,11.439999999999998
34,28,468,379.05084,0.0002966413509359138,1041,329.38,11.230000000000018
35,28,494,352.55898000000013,0.00028209948735054855,1209,329.17,11.020000000000039
36,28,467,372.3148800000002,0.00027062397039748654,1368,328.96,10.810000000000002
37,28,459,448.9327800000002,0.0002779587913396054,1261,328.76,10.610000000000014
38,28,582,461.2820400000004,0.0003107664747600974,931,328.57,10.420000000000016
39,28,439,517.6045800000004,0.0003323109010926112,801,328.38,10.230000000000018
40,28,408,402.8891400000001,0.0002754151663686205,1295,328.17,10.020000000000039
41,28,506,380.75669999999997,0.00030743107278694107,962,327.99,9.840000000000032
42,28,457,359.1053999999999,0.0003097777893331774,943,327.8,9.650000000000034
43,28,527,370.5507000000008,0.000310674884461441,933,327.61,9.460000000000036
44,28,453,375.14340000000055,0.0003152199482896058,900,327.43,9.28000000000003
45,28,369,181.9438199999998,0.00018632993147004077,2483,327.21,9.060000000000002
46,28,555,233.9652600000003,0.0002744987815251005,1305,327.07,8.920000000000016
47,28,388,275.56199999999984,0.00021934824112161442,2180,326.89,8.740000000000009
48,28,538,293.2183800000006,0.0002912416309356902,1093,326.75,8.600000000000023
49,28,535,230.27651999999986,0.0002839845918062166,1180,326.6,8.450000000000045
50,28,599,255.71861999999987,0.00025657261164018197,1616,326.43,8.28000000000003
51,28,518,480.10482000000013,0.0003318919647098657,802,326.3,8.150000000000034
52,28,531,408.8669400000004,0.0002629518485766504,1504,326.12,7.970000000000027
53,28,0,0.0,0.0,3958,325.88,7.730000000000018
54,28,0,0.0,0.0,3959,325.77,7.6200000000000045
55,28,248,181.2002399999998,0.0001590135773211946,2656,325.76,7.610000000000014
56,28,464,150.1156799999996,0.00019782444646337317,2385,325.73,7.580000000000041
57,28,544,178.63415999999972,0.00024408070438781918,1829,325.71,7.560000000000002
58,28,415,225.78588000000036,0.00027458029125667044,1304,325.68,7.53000000000003
59,28,605,191.78531999999967,0.00026171272226894815,1533,325.65,7.5
60,28,413,141.57179999999963,0.00018942681708037745,2456,325.6,7.4500000000000455
61,28,530,185.10768000000016,0.0002608469517427621,1547,325.6,7.4500000000000455
62,28,440,176.47632,0.00021365669747299538,2243,325.56,7.410000000000025
63,28,386,180.7336799999996,0.00020035738240203643,2358,325.54,7.390000000000043
0,29,210,225.3484799999999,5.141127372008759e-05,3086,327.03,8.879999999999995
1,29,21,37.6164,7.576654883504698e-06,3413,327.07,8.920000000000016
2,29,0,0.0,0.0,3956,327.2,9.050000000000011
3,29,0,0.0,0.0,3957,327.39,9.240000000000009
4,29,30,132.50304,3.0229403181213003e-05,3207,327.66,9.510000000000048
5,29,51,150.80094000000003,5.306202721014502e-05,3078,327.97,9.82000000000005
6,29,340,300.4063200000004,0.00022906414939466479,2050,328.34,10.189999999999998
7,29,402,451.076040000001,0.00029908111248305415,1023,328.66,10.510000000000048
8,29,444,425.86722000000105,0.0003198252473004495,862,328.95,10.800000000000011
9,29,476,516.234060000001,0.00038151674636569064,708,329.24,11.090000000000032
10,29,471,472.74192000000136,0.0002904026060599289,1103,329.45,11.300000000000011
11,29,447,410.09166000000096,0.00039791447031934247,685,329.7,11.550000000000011
12,29,476,565.4998800000014,0.00044492907880016967,653,329.9,11.75
13,29,405,486.0826200000013,0.0002891721090135116,1113,329.99,11.840000000000032
14,29,437,561.4903800000006,0.00031362515259319784,913,330.13,11.980000000000018
15,29,499,550.7740800000015,0.00031616785111555353,888,330.25,12.100000000000023
16,29,443,342.1488600000006,0.0002976249962282287,1033,330.35,12.200000000000045
17,29,447,434.42568000000097,0.0003169930333567959,881,330.45,12.300000000000011
18,29,467,459.27000000000066,0.00032219841903040466,846,330.53,12.379999999999995
19,29,517,411.4184400000007,0.00034802975122671974,762,330.59,12.439999999999998
20,29,382,338.6205000000006,0.0003123231872917829,921,330.61,12.460000000000036
21,29,552,362.86704000000015,0.0003105134242537129,936,330.63,12.480000000000018
22,29,464,454.50234000000097,0.00033656038710815273,790,330.63,12.480000000000018
23,29,528,613.8180000000006,0.00034241216387523456,775,330.6,12.450000000000045
24,29,450,535.9899600000009,0.00031327607951951253,916,330.55,12.400000000000034
25,29,487,422.32428000000056,0.00034219803224894987,776,330.5,12.350000000000023
26,29,347,358.56594000000047,0.00029515810459735195,1050,330.4,12.25
27,29,541,318.77712000000037,0.0003028840846058352,990,330.3,12.150000000000034
28,29,452,307.6963200000005,0.0002780253788401791,1259,330.16,12.010000000000048
29,29,586,271.98989999999986,0.00025613312905432595,1626,330.01,11.860000000000014
30,29,559,274.2643799999999,0.0002991749369560377,1022,329.86,11.710000000000036
31,29,287,265.4726399999997,0.00020115348488928956,2351,329.65,11.5
32,29,459,396.15318000000025,0.00032676255733725585,818,329.51,11.360000000000014
33,29,400,356.24772000000013,0.00022962389271828347,2045,329.29,11.140000000000043
34,29,612,443.07162,0.0003160578551407825,893,329.13,10.980000000000018
35,29,375,324.4924800000007,0.00024759462390907904,1775,328.92,10.770000000000039
36,29,600,334.45061999999984,0.00026447083872557266,1475,328.75,10.600000000000023
37,29,568,469.4905800000003,0.000324357510494185,827,328.58,10.430000000000007
38,29,351,276.59717999999987,0.00020538140951274409,2305,328.36,10.210000000000036
39,29,463,453.21930000000026,0.0002979999527868277,1030,328.22,10.07000000000005
40,29,565,387.59472000000005,0.0003074401405509543,961,328.04,9.890000000000043
41,29,481,265.3414200000005,0.00026606377853798785,1450,327.85,9.700000000000045
42,29,479,242.45082000000045,0.0002705086219092965,1370,327.67,9.520000000000039
43,29,572,241.08030000000008,0.00028809669877695676,1127,327.5,9.350000000000023
44,29,430,197.73396000000002,0.0002841988625716531,1177,327.33,9.180000000000007
45,29,470,207.036,0.00022374381767913142,2125,327.14,8.990000000000009
46,29,510,213.10127999999986,0.0002507582152810115,1718,326.98,8.830000000000041
47,29,481,183.38723999999982,0.00026077299040087556,1548,326.83,8.680000000000007
48,29,521,195.8531400000004,0.0002609098494755701,1543,326.68,8.53000000000003
49,29,350,191.7853200000002,0.00022398440860629774,2122,326.52,8.370000000000005
50,29,463,270.38610000000045,0.0002608518396827795,1545,326.38,8.230000000000018
51,29,458,216.38177999999976,0.00022719212582194255,2075,326.22,8.07000000000005
52,29,465,399.0108600000001,0.00024039516517791713,1898,326.07,7.920000000000016
53,29,0,0.0,0.0,3962,325.85,7.7000000000000455
54,29,0,0.0,0.0,3963,325.74,7.590000000000032
55,29,323,243.71927999999988,0.00019281917812671436,2433,325.75,7.600000000000023
56,29,425,178.06554000000008,0.00023822894913593025,1927,325.72,7.57000000000005
57,29,322,157.97430000000037,0.00021554750082916914,2220,325.69,7.5400000000000205
58,29,570,179.10071999999968,0.00022981195488369345,2040,325.66,7.510000000000048
59,29,396,189.23382000000035,0.00025854008694704394,1577,325.65,7.5
60,29,516,149.64911999999984,0.0002842027876137444,1176,325.64,7.490000000000009
61,29,565,215.94438000000002,0.0002786531666508542,1250,325.61,7.460000000000036
62,29,431,234.73800000000017,0.00022737013204784842,2071,325.58,7.430000000000007
63,29,510,135.72521999999987,0.0002038189537291222,2327,325.56,7.410000000000025
0,30,415,298.3213800000004,6.805939904158995e-05,3017,326.91,8.760000000000048
1,30,94,124.23618000000002,2.8343391781136402e-05,3225,326.95,8.800000000000011
2,30,0,0.0,0.0,3960,327.05,8.900000000000034
3,30,0,0.0,0.0,3961,327.23,9.080000000000041
4,30,27,109.32084000000005,2.4940588144011305e-05,3245,327.48,9.330000000000041
5,30,346,385.13070000000107,0.00031482155408595416,903,327.86,9.710000000000036
6,30,419,565.4853000000012,0.0003669408272467959,724,328.17,10.020000000000039
7,30,455,461.121660000001,0.0003183880907952632,869,328.43,10.28000000000003
8,30,461,362.0943000000011,0.00030479081340203446,983,328.69,10.54000000000002
9,30,448,407.175660000001,0.000316074344285253,892,328.93,10.78000000000003
10,30,512,485.5140000000007,0.00034911867029555093,756,329.16,11.010000000000048
11,30,463,364.383360000001,0.00031615398516069055,889,329.34,11.189999999999998
12,30,477,475.24968000000155,0.0003405940794812377,779,329.51,11.360000000000014
13,30,459,458.27856000000116,0.00031062237009524263,934,329.64,11.490000000000009
14,30,485,559.6824600000011,0.00032418681196709096,828,329.76,11.610000000000014
15,30,466,560.7613800000019,0.0003230742939076434,837,329.87,11.720000000000027
16,30,454,417.8773800000011,0.0003057087268112114,980,329.96,11.810000000000002
17,30,453,504.2784600000012,0.0003434902759925113,773,330.06,11.910000000000025
18,30,482,457.5641400000007,0.0003191470746381365,863,330.12,11.970000000000027
19,30,510,442.19682000000086,0.0003075340238677095,959,330.16,12.010000000000048
20,30,457,395.7741000000008,0.00032697454953628904,817,330.21,12.060000000000002
21,30,490,398.63178000000033,0.0003651181338148191,725,330.24,12.090000000000032
22,30,500,476.02242000000086,0.0003402021004768488,782,330.22,12.07000000000005
23,30,453,492.76026000000064,0.0003213161155183308,853,330.19,12.04000000000002
24,30,446,507.98178000000104,0.0003220471408929877,848,330.15,12.0
25,30,405,445.958460000001,0.00029176874059798347,1083,330.09,11.939999999999998
26,30,492,241.60517999999965,0.00026334188221024,1496,330.0,11.850000000000023
27,30,437,305.81550000000084,0.0002922801590162519,1075,329.92,11.770000000000039
28,30,421,331.2867600000004,0.0002856610966343207,1158,329.8,11.650000000000034
29,30,460,177.6427199999998,0.00021231992409841526,2252,329.65,11.5
30,30,455,294.22440000000034,0.00030475525647618635,984,329.53,11.379999999999995
31,30,550,267.1639199999999,0.0002528622365138449,1680,329.36,11.210000000000036
32,30,572,446.93532000000016,0.00030623265851048397,973,329.22,11.07000000000005
33,30,401,249.69708000000006,0.0002831928854255351,1191,329.04,10.890000000000043
34,30,347,249.37631999999994,0.0001942164504979765,2425,328.84,10.689999999999998
35,30,547,301.6456199999999,0.0002915272330967111,1088,328.71,10.560000000000002
36,30,311,203.71175999999997,0.00021057171975974963,2273,328.52,10.370000000000005
37,30,496,349.8471000000001,0.0003393686045877569,785,328.4,10.25
38,30,517,271.50876000000017,0.0002627605396859792,1509,328.21,10.060000000000002
39,30,598,398.4568199999999,0.00029827732935864924,1027,328.06,9.910000000000025
40,30,531,301.74768000000023,0.0002807823073355494,1226,327.89,9.740000000000009
41,30,492,212.32853999999966,0.00025636869566049566,1621,327.71,9.560000000000002
42,30,404,219.91014000000033,0.00026711070840187116,1428,327.55,9.400000000000034
43,30,604,205.21350000000015,0.00026877834268941553,1396,327.38,9.230000000000018
44,30,560,200.12508,0.0002590507823527035,1570,327.22,9.07000000000005
45,30,478,248.7493800000006,0.00025852141707422975,1578,327.06,8.910000000000025
46,30,400,127.47293999999972,0.0001960751189712973,2403,326.88,8.730000000000018
47,30,467,193.0100399999998,0.0002065329970529886,2299,326.74,8.590000000000032
48,30,575,243.54432000000006,0.0002872644015113281,1134,326.62,8.470000000000027
49,30,494,115.32779999999983,0.00019123834671559554,2443,326.44,8.29000000000002
50,30,568,200.02301999999997,0.00025680916456661233,1611,326.33,8.180000000000007
51,30,412,200.78118000000012,0.0002766536134456223,1279,326.19,8.04000000000002
52,30,249,367.0369200000003,0.00019998134746989155,2360,326.02,7.8700000000000045
53,30,0,0.0,0.0,3966,325.82,7.670000000000016
54,30,0,0.0,0.0,3967,325.72,7.57000000000005
55,30,549,180.74825999999987,0.0002088988707925453,2284,325.73,7.580000000000041
56,30,243,144.75023999999982,0.00013737719071442884,2748,325.67,7.520000000000039
57,30,539,260.80704,0.0002694198967907746,1387,325.68,7.53000000000003
58,30,415,146.92265999999992,0.00024263572172379948,1858,325.65,7.5
59,30,411,205.9570799999996,0.0001708238813262115,2591,325.61,7.460000000000036
60,30,523,185.70546000000024,0.00024308848673636476,1847,325.61,7.460000000000036
61,30,489,202.5891,0.0002916907507892749,1085,325.61,7.460000000000036
62,30,598,185.76377999999988,0.00028054167761630794,1232,325.59,7.439999999999998
63,30,248,102.46823999999982,0.00014312625080528373,2728,325.54,7.390000000000043
0,31,354,323.2386000000004,7.374404363189206e-05,3001,326.77,8.620000000000005
1,31,49,106.59438000000002,2.4318570274829505e-05,3246,326.81,8.660000000000025
2,31,0,0.0,0.0,3964,326.9,8.75
3,31,0,0.0,0.0,3965,327.07,8.920000000000016
4,31,42,101.76839999999999,4.1886834578962124e-05,3132,327.31,9.160000000000025
5,31,396,341.2011600000009,0.00031649374143745385,885,327.67,9.520000000000039
6,31,425,433.30302000000006,0.00039638388869205554,687,327.97,9.82000000000005
7,31,475,369.8362800000008,0.0003420987668708591,777,328.21,10.060000000000002
8,31,532,356.0873400000007,0.0003089512124876759,949,328.44,10.29000000000002
9,31,506,475.93494000000106,0.0003624884653597578,729,328.67,10.520000000000039
10,31,530,486.30132000000134,0.0003403013912400191,780,328.86,10.710000000000036
11,31,568,475.0164000000011,0.0003721257493967865,716,329.05,10.900000000000034
12,31,457,358.55136000000084,0.0003211245365008106,854,329.18,11.03000000000003
13,31,465,411.12684000000047,0.0003209144810644419,858,329.3,11.150000000000034
14,31,446,402.3205200000014,0.000282382741427285,1205,329.39,11.240000000000009
15,31,430,509.8042800000016,0.00031751118236161466,877,329.5,11.350000000000023
16,31,454,396.9550800000012,0.00026476636094138897,1470,329.57,11.420000000000016
17,31,452,441.2928600000008,0.00032791473184315086,815,329.67,11.520000000000039
18,31,492,487.61352000000096,0.0003412462596014215,778,329.73,11.580000000000041
19,31,412,474.7685400000005,0.0003113873537957521,928,329.77,11.620000000000005
20,31,464,485.7472800000007,0.000299780237020121,1017,329.8,11.650000000000034
21,31,530,589.4110800000012,0.00041316942518924694,672,329.86,11.710000000000036
22,31,543,294.9242399999999,0.00023719222463483285,1938,329.81,11.660000000000025
23,31,401,386.3554200000009,0.00029666565735523236,1040,329.81,11.660000000000025
24,31,407,406.0238400000005,0.0002967011056339277,1039,329.77,11.620000000000005
25,31,294,239.43276000000012,0.00020644929854799353,2300,329.69,11.54000000000002
26,31,295,249.1430400000002,0.00026267560086595007,1513,329.64,11.490000000000009
27,31,573,293.30585999999994,0.0002859487750514599,1152,329.57,11.420000000000016
28,31,583,361.02996000000024,0.00030725480397710686,965,329.47,11.32000000000005
29,31,341,226.6023600000007,0.00023171227997921607,2017,329.33,11.180000000000007
30,31,548,306.32579999999984,0.00029084568828497765,1101,329.22,11.07000000000005
31,31,370,257.57027999999974,0.00019923655898191977,2367,329.06,10.910000000000025
32,31,321,347.1352200000001,0.00023691624105437548,1945,328.92,10.770000000000039
33,31,515,288.7131599999996,0.0002656751841359528,1456,328.78,10.629999999999995
34,31,318,246.4457399999998,0.00020476729724126363,2314,328.61,10.460000000000036
35,31,439,253.60451999999984,0.0002357587668424994,1959,328.47,10.32000000000005
36,31,475,341.4344400000007,0.00027768634109901435,1263,328.33,10.180000000000007
37,31,654,367.32851999999986,0.00029449497906367043,1055,328.19,10.04000000000002
38,31,479,309.5188199999999,0.0002562488930495217,1622,328.03,9.879999999999995
39,31,531,422.65961999999996,0.00031399356465509486,910,327.9,9.75
40,31,402,318.9812400000001,0.0002830106149650898,1193,327.74,9.590000000000032
41,31,422,230.7868200000002,0.0002407627355118344,1890,327.57,9.420000000000016
42,31,597,284.12046000000015,0.0002941675472735092,1062,327.43,9.28000000000003
43,31,500,256.0539600000005,0.00027822333257445227,1256,327.27,9.120000000000005
44,31,259,146.12075999999985,0.00018175547096772304,2518,327.09,8.939999999999998
45,31,571,223.10316000000003,0.00026323802817622546,1500,326.96,8.810000000000002
46,31,525,189.35045999999997,0.00027853928780053683,1253,326.82,8.670000000000016
47,31,448,258.50340000000045,0.00023729115266705626,1937,326.67,8.520000000000039
48,31,393,174.75588,0.00024256675458349646,1860,326.53,8.379999999999995
49,31,381,257.38074000000057,0.0002178875367853015,2199,326.39,8.240000000000009
50,31,476,239.8264200000001,0.0002942063413053842,1060,326.28,8.129999999999995
51,31,504,228.68729999999974,0.00022924472067487926,2048,326.12,7.970000000000027
52,31,479,225.78587999999948,0.00024630987299136166,1796,325.99,7.840000000000032
53,31,0,0.0,0.0,3968,325.79,7.640000000000043
54,31,0,0.0,0.0,3969,325.7,7.550000000000011
55,31,207,145.21679999999984,0.0001630554207745155,2637,325.69,7.5400000000000205
56,31,313,92.90375999999988,0.00012639242145447488,2798,325.64,7.490000000000009
57,31,350,123.21557999999987,0.00017866347522481755,2541,325.63,7.480000000000018
58,31,392,218.97702000000015,0.00022709845230177962,2076,325.62,7.470000000000027
59,31,526,167.1888599999996,0.00024273793893409527,1855,325.61,7.460000000000036
60,31,351,138.84533999999977,0.00017434708845778706,2571,325.57,7.420000000000016
61,31,495,220.56623999999996,0.00024934064604067524,1742,325.58,7.430000000000007
62,31,459,181.37520000000012,0.00022955613011581069,2047,325.56,7.410000000000025
63,31,374,163.25225999999967,0.00019671813823603248,2394,325.54,7.390000000000043
0,32,451,427.9375800000008,9.76301950671578e-05,2906,326.64,8.490000000000009
1,32,64,96.24257999999999,2.0717156502347396e-05,3278,326.66,8.510000000000048
2,32,88,72.57923999999993,1.2872596839069706e-05,3342,326.76,8.610000000000014
3,32,300,190.25441999999998,3.720616434675955e-05,3160,326.92,8.770000000000039
4,32,330,205.3884600000001,3.856141385888934e-05,3151,327.13,8.980000000000018
5,32,382,396.0802800000008,0.00032965589427759733,810,327.48,9.330000000000041
6,32,420,424.23426000000154,0.00036861515624308393,722,327.75,9.600000000000023
7,32,505,612.5641199999999,0.00043204113358923465,658,328.01,9.860000000000014
8,32,582,572.8773600000005,0.00040798602398676423,678,328.22,10.07000000000005
9,32,584,622.1577600000012,0.00037798205954974145,712,328.42,10.270000000000039
10,32,653,868.2098399999995,0.00042908841407422624,660,328.61,10.460000000000036
11,32,566,595.4180400000008,0.00035469842722311753,747,328.74,10.590000000000032
12,32,565,659.4242399999996,0.00040837096405820314,677,328.89,10.740000000000009
13,32,508,534.4007400000006,0.00037051504649428653,719,328.98,10.830000000000041
14,32,448,542.0552400000015,0.000312153042882852,922,329.05,10.900000000000034
15,32,465,639.8578800000005,0.0003332601479165237,798,329.14,10.990000000000009
16,32,487,598.5819000000009,0.00033512478159614865,792,329.22,11.07000000000005
17,32,471,620.4081600000005,0.0003559056878930219,743,329.3,11.150000000000034
18,32,435,494.2328400000012,0.0003188030824087868,866,329.35,11.200000000000045
19,32,417,445.2586200000003,0.00020892372485609273,2282,329.35,11.200000000000045
20,32,442,514.7469000000009,0.0002332942565802093,1989,329.4,11.25
21,32,557,597.6050399999997,0.00031893934643319465,865,329.46,11.310000000000002
22,32,474,419.43744000000027,0.0002931634999595585,1071,329.46,11.310000000000002
23,32,392,533.1031200000008,0.00032260604779224083,840,329.46,11.310000000000002
24,32,419,495.1659600000004,0.00031700165561696216,880,329.43,11.28000000000003
25,32,661,506.2905000000007,0.00036330863575033986,728,329.41,11.260000000000048
26,32,596,354.8042999999994,0.00027198499107370196,1343,329.32,11.170000000000016
27,32,551,401.3728200000001,0.000315430283484854,897,329.25,11.100000000000023
28,32,551,423.18450000000036,0.0002969007522237552,1037,329.16,11.010000000000048
29,32,385,359.4844800000002,0.0002684911293709092,1406,329.05,10.900000000000034
30,32,301,268.97183999999993,0.00022655427559622484,2083,328.92,10.770000000000039
31,32,527,434.7610200000001,0.00030258134732591137,994,328.82,10.670000000000016
32,32,447,529.997580000001,0.0003154854981606264,896,328.69,10.54000000000002
33,32,686,438.2748000000003,0.00032137158311187794,852,328.56,10.410000000000025
34,32,351,424.9778400000009,0.00026687853674992805,1437,328.4,10.25
35,32,508,341.37612000000007,0.00024652657198891804,1791,328.25,10.100000000000023
36,32,294,435.0526200000001,0.00021547257003000055,2222,328.11,9.960000000000036
37,32,325,417.0900600000002,0.0001957513293790023,2408,327.97,9.82000000000005
38,32,314,285.7534199999999,0.00019635067840883071,2401,327.84,9.689999999999998
39,32,433,628.7333399999994,0.000316649626321757,883,327.74,9.590000000000032
40,32,527,460.29060000000015,0.0003057674427855383,979,327.6,9.450000000000045
41,32,564,340.64712000000037,0.0002845326416390691,1171,327.45,9.300000000000011
42,32,535,331.5637799999998,0.0003039156089203537,985,327.31,9.160000000000025
43,32,445,275.95565999999997,0.00027578455429140287,1288,327.15,9.0
44,32,558,319.0395600000002,0.00024373775969829012,1835,326.99,8.840000000000032
45,32,541,369.29682,0.00031557553576986886,895,326.88,8.730000000000018
46,32,354,184.10165999999978,0.00020507646769144357,2310,326.7,8.550000000000011
47,32,640,359.48448000000013,0.00029086551405694996,1099,326.6,8.450000000000045
48,32,483,290.5648199999998,0.0002604204139513266,1554,326.45,8.300000000000011
49,32,599,207.69209999999973,0.000254162432126935,1663,326.32,8.170000000000016
50,32,405,229.94117999999958,0.00021402927522027812,2239,326.19,8.04000000000002
51,32,489,259.56774000000047,0.0002853553190452486,1163,326.08,7.930000000000007
52,32,346,129.76199999999977,0.00019878059115789197,2373,325.93,7.78000000000003
53,32,96,87.53831999999997,5.8054842415315704e-05,3060,325.78,7.6299999999999955
54,32,446,239.66603999999967,0.00021563676206861373,2218,325.74,7.590000000000032
55,32,555,177.91973999999976,0.0002620308061530405,1526,325.7,7.550000000000011
56,32,217,128.9455199999998,0.00013899532385446437,2743,325.62,7.470000000000027
57,32,268,120.45995999999978,0.0001958730476462114,2405,325.6,7.4500000000000455
58,32,631,217.43153999999998,0.0002632754129348968,1498,325.6,7.4500000000000455
59,32,380,159.54893999999987,0.00021424817284658129,2234,325.57,7.420000000000016
60,32,404,149.89697999999984,0.00022964861863347251,2044,325.56,7.410000000000025
61,32,574,169.3612799999997,0.00025236713243825305,1690,325.56,7.410000000000025
62,32,444,224.18208000000087,0.0002544643570687367,1656,325.55,7.400000000000034
63,32,528,196.77167999999978,0.00021879041271477488,2187,325.53,7.3799999999999955
0,33,334,323.8947000000004,7.389372707631942e-05,3000,326.49,8.340000000000032
1,33,43,47.895300000000006,7.676757932701202e-06,3410,326.51,8.360000000000014
2,33,282,177.33653999999996,3.194711299788955e-05,3200,326.61,8.460000000000036
3,33,470,295.72614000000027,5.86551001945451e-05,3059,326.76,8.610000000000014
4,33,431,290.78352000000035,5.397579262149033e-05,3077,326.95,8.800000000000011
5,33,334,215.3611800000008,0.00026170151920710394,1534,327.25,9.100000000000023
6,33,397,344.55456000000123,0.00035686313689608243,739,327.52,9.370000000000005
7,33,448,379.4590800000008,0.0003639069163177667,727,327.75,9.600000000000023
8,33,530,409.2022800000012,0.00032575710696043604,822,327.94,9.79000000000002
9,33,531,537.5646000000013,0.0004214037852811026,665,328.16,10.010000000000048
10,33,651,669.1345199999995,0.0003513960657313009,753,328.3,10.150000000000034
11,33,597,670.5196199999995,0.0003906004953104874,696,328.45,10.300000000000011
12,33,552,540.5097599999997,0.0003816229912859759,706,328.56,10.410000000000025
13,33,495,462.200580000001,0.0003343369541754315,795,328.63,10.480000000000018
14,33,450,459.0513000000015,0.00030611227563843974,977,328.7,10.550000000000011
15,33,431,383.7747600000008,0.00027343291561216106,1323,328.77,10.620000000000005
16,33,437,370.36116000000095,0.00025865245269500974,1574,328.84,10.689999999999998
17,33,403,361.4090400000006,0.00029135664338384776,1090,328.92,10.770000000000039
18,33,398,302.6516400000004,0.0002782124641756703,1257,328.97,10.82000000000005
19,33,514,285.6659399999999,0.0001482544961422966,2704,328.97,10.82000000000005
20,33,391,303.80346000000054,0.00018396520929241217,2502,329.03,10.879999999999995
21,33,441,403.6181400000003,0.00029029978677237896,1106,329.1,10.950000000000045
22,33,400,275.7223800000001,0.00032368910649981705,833,329.13,10.980000000000018
23,33,181,185.9241599999999,0.0002149119841121762,2227,329.09,10.939999999999998
24,33,303,166.95557999999997,0.00022719815445267113,2074,329.08,10.930000000000007
25,33,677,363.11490000000015,0.0002604577504383714,1551,329.06,10.910000000000025
26,33,458,225.14436000000012,0.00024489767139213004,1821,329.0,10.850000000000023
27,33,192,240.8324399999999,0.00021742698689201004,2201,328.92,10.770000000000039
28,33,170,222.06798000000026,0.00019545428618261156,2412,328.83,10.680000000000007
29,33,405,208.5960600000005,0.00028591223037593045,1153,328.77,10.620000000000005
30,33,585,322.33464000000043,0.00028519966685547696,1164,328.67,10.520000000000039
31,33,566,303.75971999999973,0.000251990849747792,1696,328.55,10.400000000000034
32,33,260,241.50311999999988,0.00019656166523036647,2396,328.41,10.260000000000048
33,33,169,162.33371999999994,0.00010627612022524515,2875,328.25,10.100000000000023
34,33,211,165.59963999999997,0.0001257424792271018,2802,328.13,9.980000000000018
35,33,476,194.64299999999986,0.00022703327810437427,2077,328.04,9.890000000000043
36,33,234,209.0334599999999,0.00016898478767303843,2602,327.9,9.75
37,33,546,323.2677599999997,0.00026245336150463043,1518,327.81,9.660000000000025
38,33,442,340.7929200000009,0.0002824565770536952,1202,327.69,9.54000000000002
39,33,526,354.1044599999999,0.0002675932184317171,1419,327.57,9.420000000000016
40,33,508,282.2833799999999,0.0002553026775234485,1645,327.43,9.28000000000003
41,33,388,174.7267200000002,0.0002516813381139946,1702,327.3,9.150000000000034
42,33,481,183.81006000000002,0.000255893171129617,1630,327.16,9.010000000000048
43,33,505,176.7824999999998,0.00024551413700145647,1810,327.02,8.870000000000005
44,33,496,164.89980000000017,0.00023673977306366305,1947,326.87,8.720000000000027
45,33,293,126.0586799999998,0.00016158546737254665,2647,326.72,8.57000000000005
46,33,498,260.2967400000005,0.00025891000879733905,1571,326.62,8.470000000000027
47,33,505,218.97702000000024,0.00029273857542316665,1073,326.5,8.350000000000023
48,33,361,147.0976199999998,0.00016507324301814273,2622,326.33,8.180000000000007
49,33,529,269.70084000000037,0.00028600501838904976,1150,326.25,8.100000000000023
50,33,405,123.31763999999995,0.00019834295886239856,2380,326.11,7.960000000000036
51,33,567,233.01756000000015,0.00025444276616509986,1657,326.01,7.860000000000014
52,33,572,186.75521999999972,0.00027025814734610244,1378,325.91,7.760000000000048
53,33,250,121.39307999999981,0.00015040571696693072,2691,325.77,7.6200000000000045
54,33,576,185.5013399999999,0.0002635177814718663,1493,325.73,7.580000000000041
55,33,158,117.04823999999992,0.00010773715733352094,2864,325.61,7.460000000000036
56,33,603,202.10795999999962,0.00025000724031154546,1730,325.62,7.470000000000027
57,33,545,160.46747999999963,0.000242835580248103,1854,325.58,7.430000000000007
58,33,242,169.65287999999987,0.00016224278155754361,2642,325.53,7.3799999999999955
59,33,385,225.42137999999977,0.00021800032385953634,2197,325.53,7.3799999999999955
60,33,497,172.21895999999967,0.00023074677737320706,2031,325.53,7.3799999999999955
61,33,434,169.52165999999983,0.00023851312872143218,1924,325.52,7.3700000000000045
62,33,618,246.8102400000001,0.0002844822530336686,1173,325.53,7.3799999999999955
63,33,246,108.54809999999979,0.00014672418132795071,2711,325.47,7.32000000000005
0,34,318,261.3465000000001,5.9623905372182296e-05,3055,326.34,8.189999999999998
1,34,44,58.75739999999997,8.144458649891702e-06,3398,326.37,8.220000000000027
2,34,294,183.48930000000007,3.335081107695607e-05,3184,326.46,8.310000000000002
3,34,487,297.0091800000006,6.089119328695581e-05,3046,326.6,8.450000000000045
4,34,424,287.4447000000005,5.431978572890546e-05,3075,326.77,8.620000000000005
5,34,305,243.0486000000007,0.0002706866496608446,1366,327.04,8.890000000000043
6,34,415,397.8736200000004,0.00035096150485298147,754,327.29,9.140000000000043
7,34,476,435.6212399999994,0.0003982484621519229,684,327.51,9.360000000000014
8,34,563,464.2855200000013,0.0003318745329654463,803,327.69,9.54000000000002
9,34,555,527.5481399999998,0.000384663524562801,700,327.88,9.730000000000018
10,34,669,870.5717999999999,0.0004600590667195357,647,328.06,9.910000000000025
11,34,688,808.1256599999975,0.0004288893417218655,661,328.17,10.020000000000039
12,34,550,598.4215200000012,0.0003888812854320379,697,328.25,10.100000000000023
13,34,466,483.47280000000114,0.0003059463535029059,978,328.29,10.140000000000043
14,34,454,358.43472000000065,0.00014091782065272794,2737,328.3,10.150000000000034
15,34,439,346.90194000000065,0.00014036193017011165,2741,328.37,10.220000000000027
16,34,462,319.6810800000009,0.00017002127296279713,2597,328.46,10.310000000000002
17,34,358,332.43858000000057,0.0001807891476869796,2524,328.54,10.390000000000043
18,34,422,271.7128800000003,0.00024083575294768422,1888,328.62,10.470000000000027
19,34,508,419.91858000000013,0.0001931188313769374,2430,328.66,10.510000000000048
20,34,404,293.6412000000001,0.00011255954201092814,2843,328.68,10.53000000000003
21,34,313,296.9946,0.00022007003661831732,2174,328.76,10.610000000000014
22,34,399,201.933,0.00023141182771794022,2021,328.79,10.640000000000043
23,34,330,279.2653200000004,0.000269130682418525,1391,328.81,10.660000000000025
24,34,518,248.99723999999978,0.00026401735462282586,1485,328.79,10.640000000000043
25,34,547,304.21169999999984,0.0002595847419748093,1563,328.76,10.610000000000014
26,34,450,184.2474599999999,0.00021786697488442743,2200,328.7,10.550000000000011
27,34,249,195.79481999999965,0.00015578710164801998,2674,328.63,10.480000000000018
28,34,293,168.5448,0.0001504892531134061,2689,328.55,10.400000000000034
29,34,277,175.39739999999983,0.00020521047518262529,2308,328.49,10.340000000000032
30,34,354,190.35647999999986,0.00021904398504537815,2183,328.41,10.260000000000048
31,34,370,269.64252,0.00019937771639602872,2365,328.3,10.150000000000034
32,34,134,180.86489999999998,0.00011385116432448388,2836,328.16,10.010000000000048
33,34,601,255.8352599999997,0.0002881424179849325,1126,328.1,9.950000000000045
34,34,455,246.5915400000002,0.00026092065466747706,1542,327.97,9.82000000000005
35,34,584,311.12262,0.00029511306522606907,1051,327.87,9.720000000000027
36,34,240,252.86093999999989,0.00017472491972220772,2568,327.71,9.560000000000002
37,34,370,269.1322199999999,0.0002087636172869844,2285,327.62,9.470000000000027
38,34,428,279.4985999999996,0.0002492985075267183,1744,327.52,9.370000000000005
39,34,445,393.1496999999999,0.0002791645858770237,1245,327.42,9.270000000000039
40,34,426,256.79753999999997,0.00027052087525536743,1369,327.29,9.140000000000043
41,34,519,202.3120799999999,0.00025026956236564045,1726,327.16,9.010000000000048
42,34,426,254.11482000000055,0.00024559579603193284,1808,327.02,8.870000000000005
43,34,635,205.8112799999998,0.00027429058796927207,1309,326.9,8.75
44,34,466,203.1431399999998,0.00021651380052209514,2210,326.75,8.600000000000023
45,34,423,215.79858000000016,0.00026818150012978794,1411,326.64,8.490000000000009
46,34,454,142.85483999999974,0.00020174745654964903,2346,326.49,8.340000000000032
47,34,356,174.74129999999977,0.00018135940544102092,2520,326.36,8.210000000000036
48,34,431,264.8894400000007,0.0002558818853207024,1631,326.27,8.120000000000005
49,34,455,148.93469999999985,0.00025003036797610135,1729,326.15,8.0
50,34,273,181.4189399999999,0.0001677684819851095,2611,326.01,7.860000000000014
51,34,484,208.93140000000042,0.000268448951185108,1408,325.94,7.7900000000000205
52,34,232,128.31857999999988,0.00016314619912981352,2636,325.81,7.660000000000025
53,34,554,234.35891999999996,0.00024304551308970497,1850,325.75,7.600000000000023
54,34,549,179.2173599999996,0.0002577730189097272,1592,325.67,7.520000000000039
55,34,156,107.46917999999985,0.00013421126233333303,2760,325.57,7.420000000000016
56,34,343,187.0614000000002,0.00025253865243723235,1687,325.57,7.420000000000016
57,34,212,91.69361999999992,0.00011277158835589574,2839,325.49,7.340000000000032
58,34,460,218.46671999999964,0.0002371624636176393,1940,325.51,7.360000000000014
59,34,645,168.3406799999998,0.0002746277912337642,1303,325.51,7.360000000000014
60,34,325,197.32571999999985,0.00017138671896168933,2589,325.46,7.310000000000002
61,34,527,200.41667999999996,0.00029641773167408687,1044,325.5,7.350000000000023
62,34,551,184.84524000000002,0.0002793553374611895,1243,325.48,7.330000000000041
63,34,303,220.69746000000046,0.0002261871437821182,2090,325.45,7.300000000000011
0,35,286,304.8240600000001,6.558915762682563e-05,3027,326.21,8.060000000000002
1,35,274,246.47490000000042,4.8625098082487684e-05,3096,326.24,8.090000000000032
2,35,278,156.57461999999992,2.9254361949964576e-05,3214,326.31,8.160000000000025
3,35,523,384.9265800000005,7.461604047422492e-05,2997,326.44,8.29000000000002
4,35,532,398.26728000000014,8.114428307411557e-05,2970,326.59,8.439999999999998
5,35,486,332.3948399999996,0.00010995409975583022,2853,326.78,8.629999999999995
6,35,439,334.30482,0.0001844693690300223,2496,327.0,8.850000000000023
7,35,415,322.7574600000006,0.00026325109803034897,1499,327.22,9.07000000000005
8,35,495,422.6742000000005,0.00036938926958014057,720,327.43,9.28000000000003
9,35,506,455.7999600000013,0.000319986227621789,861,327.58,9.430000000000007
10,35,643,491.22936000000175,0.00038620195377563396,699,327.74,9.590000000000032
11,35,718,549.5493600000019,0.00042069249150544823,667,327.86,9.710000000000036
12,35,471,370.6819200000011,0.00031704893621675885,879,327.91,9.760000000000048
13,35,486,382.8562200000009,0.0001778886857372856,2547,327.93,9.78000000000003
14,35,468,256.0831200000003,8.50937387699202e-05,2956,327.96,9.810000000000002
15,35,480,294.4868400000006,9.03604099966547e-05,2934,328.03,9.879999999999995
16,35,455,296.2656000000002,0.0001103844544816299,2847,328.12,9.970000000000027
17,35,341,360.75294000000065,0.00018362477616114817,2505,328.23,10.080000000000041
18,35,436,285.82632000000063,0.00024261165664147053,1859,328.32,10.170000000000016
19,35,561,407.0152800000003,0.00011001015072801083,2851,328.33,10.180000000000007
20,35,354,324.82782000000014,0.00013206541405069396,2771,328.39,10.240000000000009
21,35,495,411.60798000000005,0.00027367501870652165,1317,328.49,10.340000000000032
22,35,501,341.0553600000001,0.00027606289668021325,1287,328.52,10.370000000000005
23,35,317,204.41160000000013,0.00020154661696404172,2348,328.51,10.360000000000014
24,35,610,292.0519799999993,0.0002489418253774318,1750,328.52,10.370000000000005
25,35,566,352.6172999999998,0.0002882445256498415,1124,328.51,10.360000000000014
26,35,599,250.45523999999995,0.0002420563550370992,1868,328.46,10.310000000000002
27,35,565,249.11387999999945,0.00025770086776051045,1595,328.42,10.270000000000039
28,35,653,290.5502399999999,0.0002769127642723198,1273,328.36,10.210000000000036
29,35,589,305.7717600000006,0.00031535770509078805,899,328.3,10.150000000000034
30,35,488,203.87213999999977,0.00024185611939465568,1872,328.19,10.04000000000002
31,35,520,360.6071400000005,0.0002794642136986205,1242,328.11,9.960000000000036
32,35,513,227.81249999999972,0.00027267743190996377,1333,328.01,9.860000000000014
33,35,614,309.37302000000017,0.0002841068389615169,1178,327.9,9.75
34,35,244,184.48073999999988,0.00018654036044338172,2482,327.76,9.610000000000014
35,35,202,172.10232000000005,0.00013516147004154883,2756,327.63,9.480000000000018
36,35,283,231.2679600000001,0.00016502683117322958,2623,327.54,9.390000000000043
37,35,466,302.14133999999973,0.0002548322542392046,1652,327.47,9.32000000000005
38,35,519,304.4304000000002,0.0002827173995879257,1198,327.37,9.220000000000027
39,35,548,405.3677400000005,0.0003004967297671491,1009,327.27,9.120000000000005
40,35,480,348.1995600000006,0.000290847183302175,1100,327.15,9.0
41,35,580,201.9913199999998,0.00024941826382116706,1740,327.02,8.870000000000005
42,35,365,162.85859999999965,0.00020387195695745745,2325,326.88,8.730000000000018
43,35,527,179.55269999999973,0.00027359542222948706,1319,326.77,8.620000000000005
44,35,397,186.6969000000002,0.0002053178594818693,2306,326.62,8.470000000000027
45,35,514,163.96667999999977,0.0001944264387503673,2421,326.5,8.350000000000023
46,35,536,170.70263999999978,0.00026979632819496555,1383,326.4,8.25
47,35,436,158.74703999999977,0.00021200537173417724,2257,326.27,8.120000000000005
48,35,520,218.20428000000013,0.0002526978217132262,1682,326.17,8.020000000000039
49,35,374,121.94711999999986,0.00017933796459302542,2535,326.03,7.8799999999999955
50,35,552,195.2990999999998,0.00023894605091405623,1914,325.95,7.800000000000011
51,35,490,168.53022,0.00023546469721006245,1963,325.85,7.7000000000000455
52,35,351,152.9150399999999,0.00018609286041020818,2486,325.74,7.590000000000032
53,35,364,139.98258000000024,0.00021859807137775258,2189,325.67,7.520000000000039
54,35,124,76.79285999999992,8.708100954841977e-05,2946,325.56,7.410000000000025
55,35,452,198.33173999999977,0.0001887750673731712,2462,325.53,7.3799999999999955
56,35,596,230.58269999999973,0.0002629153531864011,1506,325.52,7.3700000000000045
57,35,486,155.30615999999972,0.00021524340732416238,2225,325.47,7.32000000000005
58,35,455,210.68099999999984,0.0002172272842810301,2205,325.45,7.300000000000011
59,35,270,205.11144000000056,0.00018988473488913368,2452,325.42,7.270000000000039
60,35,458,150.6697199999998,0.0001944319855669425,2420,325.41,7.260000000000048
61,35,459,189.84617999999955,0.0002170744685112133,2207,325.41,7.260000000000048
62,35,452,182.64366000000018,0.00023447088582440918,1975,325.41,7.260000000000048
63,35,545,177.1907399999999,0.00022388465877734597,2123,325.4,7.25
0,36,369,425.9838600000008,8.877433173847667e-05,2941,326.08,7.930000000000007
1,36,395,324.62370000000067,6.323743248471882e-05,3031,326.11,7.960000000000036
2,36,329,241.7364000000003,4.509807421684813e-05,3109,326.17,8.020000000000039
3,36,624,277.7198399999992,6.644689367721812e-05,3025,326.27,8.120000000000005
4,36,470,309.35844000000026,0.0001385485468228131,2744,326.43,8.28000000000003
5,36,525,350.43029999999953,7.584561941644454e-05,2991,326.56,8.410000000000025
6,36,618,511.45182000000045,0.00010830660163303574,2862,326.74,8.590000000000032
7,36,532,347.1352200000002,0.00014914013555134502,2702,326.93,8.78000000000003
8,36,482,394.0828200000009,0.0003073432324153329,963,327.15,9.0
9,36,452,410.06250000000165,0.0003267558049743223,819,327.31,9.160000000000025
10,36,655,374.851800000001,0.00034354355650701135,771,327.44,9.29000000000002
11,36,556,264.37913999999995,0.00028578317469097985,1157,327.52,9.370000000000005
12,36,477,333.7653600000011,0.00020379091518018573,2328,327.56,9.410000000000025
13,36,499,337.4103600000012,0.00015820837800833512,2660,327.61,9.460000000000036
14,36,541,365.12694000000096,0.00010462046976593757,2881,327.67,9.520000000000039
15,36,481,361.7152200000007,0.00011014021286117652,2849,327.75,9.600000000000023
16,36,492,416.5943400000004,0.0001210146421055318,2816,327.84,9.689999999999998
17,36,408,382.7541600000009,0.00018844908656460746,2467,327.95,9.800000000000011
18,36,317,306.4278600000003,0.00018227242015552678,2513,328.03,9.879999999999995
19,36,466,428.6374200000006,0.000144527952145691,2720,328.08,9.930000000000007
20,36,264,251.60706000000013,0.00015013052447973015,2694,328.14,9.990000000000009
21,36,426,302.4329399999998,0.0002622710639342069,1522,328.23,10.080000000000041
22,36,670,285.31601999999975,0.0002629437563312674,1505,328.26,10.110000000000014
23,36,472,228.01662000000016,0.00023327549145530483,1990,328.27,10.120000000000005
24,36,440,224.7506999999996,0.0002321826999388379,2006,328.27,10.120000000000005
25,36,603,311.9099399999995,0.0002519871536506295,1697,328.26,10.110000000000014
26,36,509,336.06900000000155,0.00024626156589801086,1798,328.23,10.080000000000041
27,36,630,303.26399999999967,0.00027889911903232944,1248,328.2,10.050000000000011
28,36,510,270.42983999999973,0.00025058699630965296,1721,328.14,9.990000000000009
29,36,667,313.00343999999984,0.00028253062251443455,1199,328.09,9.939999999999998
30,36,340,238.71833999999984,0.00022209793775474667,2148,327.99,9.840000000000032
31,36,273,247.04352,0.0001773212701211614,2550,327.88,9.730000000000018
32,36,550,318.8062800000004,0.00027212174430635787,1340,327.81,9.660000000000025
33,36,256,209.8645199999999,0.00017251631837398438,2582,327.68,9.53000000000003
34,36,98,115.80893999999994,7.869147611944915e-05,2982,327.55,9.400000000000034
35,36,510,250.83431999999962,0.00023078971288621042,2029,327.49,9.340000000000032
36,36,450,272.9376000000002,0.0002571230390022782,1606,327.41,9.260000000000048
37,36,541,407.9046600000001,0.0002965161343271678,1043,327.32,9.170000000000016
38,36,540,246.35825999999977,0.00024268563405483983,1857,327.2,9.050000000000011
39,36,317,387.72594,0.00022383006444903628,2124,327.09,8.939999999999998
40,36,298,233.80487999999986,0.00018878960314234558,2461,326.97,8.82000000000005
41,36,503,227.63753999999977,0.00024862735306699943,1757,326.88,8.730000000000018
42,36,399,201.29148000000035,0.00025617270854967915,1625,326.76,8.610000000000014
43,36,648,202.72032000000002,0.00026070488466202685,1549,326.64,8.490000000000009
44,36,370,189.78785999999968,0.00017966022037691967,2530,326.49,8.340000000000032
45,36,279,105.28218000000001,0.00016536938869767383,2620,326.37,8.220000000000027
46,36,591,184.62654,0.0002500428421320567,1728,326.28,8.129999999999995
47,36,338,189.0442799999998,0.0001994032840162585,2364,326.16,8.010000000000048
48,36,181,104.87393999999985,0.00012163223226351799,2814,326.02,7.8700000000000045
49,36,492,182.2937399999997,0.00019203975917595235,2439,325.94,7.7900000000000205
50,36,477,284.0329800000008,0.0002627563021021488,1510,325.86,7.710000000000036
51,36,289,127.96865999999989,0.00017676961968997955,2558,325.74,7.590000000000032
52,36,348,133.80065999999988,0.00014959426581931848,2695,325.65,7.5
53,36,572,240.1325999999997,0.00026250558945807914,1515,325.61,7.460000000000036
54,36,302,131.2929,0.00015613683902781757,2671,325.51,7.360000000000014
55,36,287,178.3862999999999,0.00017377157244340399,2572,325.46,7.310000000000002
56,36,156,93.50153999999993,8.649250518247169e-05,2948,325.39,7.240000000000009
57,36,336,200.13966,0.00022534601160303423,2098,325.41,7.260000000000048
58,36,292,158.60123999999982,0.00018402882629953342,2501,325.37,7.220000000000027
59,36,554,313.9948800000006,0.0002699347234155187,1382,325.39,7.240000000000009
60,36,466,166.8389399999999,0.0002576527149557062,1597,325.37,7.220000000000027
61,36,462,157.88681999999983,0.00024115073059454675,1882,325.36,7.210000000000036
62,36,489,238.96620000000024,0.0002707899764330724,1363,325.36,7.210000000000036
63,36,206,98.53163999999994,0.00010449599422011926,2882,325.29,7.140000000000043
0,37,308,395.22006000000056,8.463740301371399e-05,2958,325.95,7.800000000000011
1,37,460,487.78848000000147,0.00010210386199143423,2888,325.99,7.840000000000032
2,37,392,315.20502000000084,6.266345044162873e-05,3034,326.03,7.8799999999999955
3,37,535,285.5201399999996,5.6890662738706287e-05,3061,326.12,7.970000000000027
4,37,469,306.4570200000001,6.1067056972873e-05,3044,326.23,8.080000000000041
5,37,504,394.4473200000009,7.541434579499269e-05,2995,326.37,8.220000000000027
6,37,526,387.7988399999998,8.664148666201433e-05,2947,326.53,8.379999999999995
7,37,459,374.9830200000021,0.0002455141925790414,1809,326.73,8.580000000000041
8,37,474,386.3408400000011,0.0002686526871425883,1401,326.89,8.740000000000009
9,37,464,367.64928000000117,0.0002527412985483604,1681,327.02,8.870000000000005
10,37,464,335.61702000000076,0.00026011802698185446,1557,327.13,8.980000000000018
11,37,452,280.6504200000007,0.00021546064611587714,2223,327.21,9.060000000000002
12,37,498,379.7069400000009,0.0001524019037451829,2686,327.26,9.110000000000014
13,37,602,287.7800400000005,9.088203320867305e-05,2929,327.31,9.160000000000025
14,37,594,302.7682800000002,8.785358391984455e-05,2944,327.39,9.240000000000009
15,37,403,388.0175400000001,0.00010707646534537239,2870,327.48,9.330000000000041
16,37,413,302.8849200000005,0.00016213859969731455,2644,327.6,9.450000000000045
17,37,460,465.58314000000166,0.0002441734841199934,1828,327.72,9.57000000000005
18,37,491,561.956940000002,0.00028053956737799675,1233,327.82,9.670000000000016
19,37,457,481.0962600000011,0.000274356987010623,1307,327.89,9.740000000000009
20,37,335,342.22176000000053,0.00022743621230319116,2069,327.93,9.78000000000003
21,37,537,473.4563400000006,0.0003499164115018478,755,328.03,9.879999999999995
22,37,616,322.64082,0.00024245048847953963,1862,328.02,9.870000000000005
23,37,548,318.25224000000026,0.00026754240185163477,1421,328.05,9.900000000000034
24,37,584,263.97089999999963,0.00025700366152149,1607,328.05,9.900000000000034
25,37,301,295.85736000000054,0.00023199354167626892,2011,328.04,9.890000000000043
26,37,439,207.76499999999973,0.00025452976090643094,1653,328.02,9.870000000000005
27,37,551,306.7777799999994,0.00024206458938868223,1867,327.99,9.840000000000032
28,37,572,272.13569999999993,0.00024649300173193136,1793,327.94,9.79000000000002
29,37,482,260.83619999999996,0.00026271872278778454,1512,327.89,9.740000000000009
30,37,510,282.7207800000002,0.0002711081805878953,1358,327.82,9.670000000000016
31,37,454,405.7468200000006,0.0002986811545809671,1025,327.74,9.590000000000032
32,37,403,254.43557999999996,0.0001866726383994914,2479,327.61,9.460000000000036
33,37,478,206.51112000000023,0.0002812312406493899,1223,327.55,9.400000000000034
34,37,471,296.28018000000054,0.0002866902759008409,1143,327.45,9.300000000000011
35,37,635,304.03674,0.000285813310625913,1156,327.35,9.200000000000045
36,37,355,337.3520399999999,0.0002247164241589315,2104,327.24,9.090000000000032
37,37,168,247.90374,0.00010284502346715076,2887,327.1,8.950000000000045
38,37,214,157.90140000000005,0.00014815758776812855,2705,327.02,8.870000000000005
39,37,308,340.83665999999994,0.00021077364998436948,2272,326.95,8.800000000000011
40,37,518,294.0057000000003,0.00029876574173250803,1024,326.87,8.720000000000027
41,37,519,209.8499400000003,0.00024698127907386803,1785,326.74,8.590000000000032
42,37,385,213.40745999999973,0.0002212390053781421,2160,326.62,8.470000000000027
43,37,366,113.12621999999993,0.0001798803118988702,2527,326.49,8.340000000000032
44,37,373,190.29815999999977,0.00019645755438468728,2400,326.38,8.230000000000018
45,37,489,255.16458000000048,0.00023967915154574006,1906,326.28,8.129999999999995
46,37,218,109.29167999999984,0.00012120985010123368,2815,326.13,7.980000000000018
47,37,378,168.2094599999998,0.0001760322811669625,2561,326.04,7.890000000000043
48,37,517,234.59220000000008,0.00025534399680261614,1642,325.96,7.810000000000002
49,37,289,138.3350399999999,0.0001661446242865536,2616,325.83,7.680000000000007
50,37,235,123.23015999999991,0.00013489045666663303,2757,325.73,7.580000000000041
51,37,159,98.37125999999994,8.960866944831712e-05,2937,325.62,7.470000000000027
52,37,422,271.75662000000034,0.00025660966716192345,1615,325.6,7.4500000000000455
53,37,308,143.56925999999984,0.0001788882033635935,2539,325.5,7.350000000000023
54,37,154,110.82257999999993,0.00010998613015535706,2852,325.41,7.260000000000048
55,37,316,203.12855999999974,0.0001918765263108016,2440,325.39,7.240000000000009
56,37,235,78.14879999999995,0.00010945200501767187,2857,325.32,7.170000000000016
57,37,596,229.57668000000015,0.00025080020121690606,1716,325.34,7.189999999999998
58,37,480,183.25601999999964,0.00022271193966876853,2142,325.31,7.160000000000025
59,37,420,110.82257999999986,0.00017224300303477765,2585,325.28,7.1299999999999955
60,37,296,167.68457999999978,0.0001706397876288044,2593,325.27,7.1200000000000045
61,37,550,172.17521999999977,0.0002719686905921544,1344,325.29,7.140000000000043
62,37,613,209.2667399999998,0.0002684617282139249,1407,325.28,7.1299999999999955
63,37,196,118.53539999999985,0.00013562805657630397,2753,325.23,7.080000000000041
0,38,302,255.10626000000065,6.04940883188019e-05,3049,325.82,7.670000000000016
1,38,389,305.975880000001,6.530160527097156e-05,3029,325.85,7.7000000000000455
2,38,407,324.9882000000019,6.800746542808335e-05,3020,325.91,7.760000000000048
3,38,445,278.76959999999974,0.00011744192583397679,2826,326.0,7.850000000000023
4,38,539,257.1328799999995,0.00011629503575083049,2830,326.1,7.9500000000000455
5,38,542,238.25178000000022,0.00012057460113721923,2818,326.22,8.07000000000005
6,38,454,311.34132000000045,0.0002050754834957049,2311,326.37,8.220000000000027
7,38,480,313.19298000000055,0.00018190833620732041,2517,326.5,8.350000000000023
8,38,518,387.7551000000009,0.00019582265402190682,2407,326.63,8.480000000000018
9,38,493,331.8408000000006,0.00020432857954521362,2320,326.75,8.600000000000023
10,38,474,296.8779600000006,0.00020475603340032838,2315,326.86,8.710000000000036
11,38,437,289.12140000000073,0.00011881005373289309,2822,326.91,8.760000000000048
12,38,482,302.3892000000005,9.906971632077223e-05,2900,326.98,8.830000000000041
13,38,645,323.8801200000007,9.717919884274492e-05,2907,327.06,8.910000000000025
14,38,518,343.28610000000015,0.00010065875751115432,2895,327.15,9.0
15,38,513,324.1571400000004,0.00010092833007495728,2894,327.25,9.100000000000023
16,38,430,357.1662600000005,0.0001964814658370224,2398,327.38,9.230000000000018
17,38,479,612.680760000001,0.00027882597759287884,1249,327.51,9.360000000000014
18,38,442,435.2275800000007,0.0002412931269832265,1881,327.59,9.439999999999998
19,38,467,441.4386600000009,0.00027669135574728257,1277,327.67,9.520000000000039
20,38,433,299.77937999999983,0.00021710363713493697,2206,327.72,9.57000000000005
21,38,477,353.49210000000033,0.00029088807972640435,1097,327.79,9.640000000000043
22,38,555,302.65164000000016,0.00029800794042340656,1029,327.83,9.680000000000007
23,38,594,379.3716,0.00028056945314184863,1231,327.84,9.689999999999998
24,38,607,268.05329999999987,0.00026390855951171244,1488,327.85,9.700000000000045
25,38,298,285.08274000000085,0.00026209791753511335,1525,327.85,9.700000000000045
26,38,433,271.85868000000016,0.0002646736982427162,1471,327.83,9.680000000000007
27,38,366,280.44630000000086,0.0002749178882861624,1298,327.81,9.660000000000025
28,38,563,395.35128,0.00030128675425235984,1003,327.78,9.629999999999995
29,38,281,350.6052600000004,0.0002919513501772834,1080,327.72,9.57000000000005
30,38,468,408.0358800000006,0.00029361130569596165,1068,327.65,9.5
31,38,443,342.9799200000003,0.00018914293497857836,2457,327.53,9.379999999999995
32,38,112,173.25413999999998,6.0879392640455994e-05,3047,327.4,9.25
33,38,270,280.09638000000007,0.00019884465544527444,2371,327.36,9.210000000000036
34,38,563,229.91201999999987,0.0002766292754976414,1280,327.29,9.140000000000043
35,38,84,165.24972000000005,8.482856958525504e-05,2957,327.14,8.990000000000009
36,38,273,244.90026000000006,0.00015152750928315665,2687,327.07,8.920000000000016
37,38,335,266.65361999999993,0.00021201698419500567,2256,327.0,8.850000000000023
38,38,584,341.9593200000003,0.0002962131217511562,1046,326.94,8.79000000000002
39,38,522,439.17876000000024,0.00029635213317417503,1045,326.84,8.689999999999998
40,38,475,263.5626599999999,0.00023223683458720417,2005,326.72,8.57000000000005
41,38,392,167.42213999999973,0.00020386295654270702,2326,326.6,8.450000000000045
42,38,296,148.58477999999988,0.00016786053580177375,2609,326.48,8.330000000000041
43,38,562,234.98586000000003,0.00028831103590968785,1123,326.4,8.25
44,38,298,162.63989999999993,0.00015297674896125367,2683,326.25,8.100000000000023
45,38,343,144.8377199999999,0.00017520899862985345,2566,326.15,8.0
46,38,429,122.9385599999999,0.00019761374030081137,2387,326.05,7.900000000000034
47,38,410,234.03816000000043,0.0002453039763242185,1813,325.97,7.82000000000005
48,38,498,175.57235999999983,0.00022145195743246104,2157,325.85,7.7000000000000455
49,38,223,47.67659999999998,8.287452209805892e-05,2966,325.71,7.560000000000002
50,38,374,205.37387999999973,0.0002157335197671504,2217,325.66,7.510000000000048
51,38,460,136.1480399999998,0.00019461317452598405,2419,325.57,7.420000000000016
52,38,518,214.99668000000005,0.0002434947795781178,1842,325.5,7.350000000000023
53,38,318,112.45554000000003,0.00014715333323069365,2709,325.4,7.25
54,38,370,103.34303999999997,0.00014787411297298087,2706,325.35,7.2000000000000455
55,38,578,215.87147999999985,0.00025759276254692893,1599,325.34,7.189999999999998
56,38,260,124.27991999999978,0.00015869950113616682,2657,325.26,7.110000000000014
57,38,163,83.51423999999986,0.00010370310707843914,2884,325.22,7.07000000000005
58,38,226,183.3580799999999,0.0001584467913465855,2659,325.21,7.060000000000002
59,38,465,192.44141999999994,0.0002743475331254132,1308,325.24,7.090000000000032
60,38,539,197.10701999999966,0.00021854328174153112,2190,325.2,7.050000000000011
61,38,358,156.8807999999997,0.00018660911576289728,2481,325.18,7.03000000000003
62,38,547,201.16026000000022,0.00026136129410065853,1538,325.2,7.050000000000011
63,38,465,186.11369999999968,0.00017584489837966437,2563,325.16,7.010000000000048
0,39,293,268.21368000000075,0.00016509407146126788,2621,325.74,7.590000000000032
1,39,394,314.9717400000009,0.00015860080707505247,2658,325.76,7.610000000000014
2,39,331,280.4900400000006,0.0001640719203690964,2628,325.81,7.660000000000025
3,39,353,300.69792000000086,6.203843751932217e-05,3040,325.85,7.7000000000000455
4,39,346,247.64130000000094,0.00019741715222514742,2389,325.98,7.830000000000041
5,39,436,314.4760200000007,0.00023305035597554776,1995,326.09,7.939999999999998
6,39,492,382.02516000000094,0.0001874282673642747,2475,326.19,8.04000000000002
7,39,543,450.288720000002,0.0001678509735346831,2610,326.29,8.140000000000043
8,39,500,511.0144200000023,0.00023535054544103322,1964,326.43,8.28000000000003
9,39,465,330.9805800000002,0.00018529450873860126,2492,326.52,8.370000000000005
10,39,445,368.07210000000055,0.00024272340349741387,1856,326.64,8.490000000000009
11,39,474,264.1604400000002,0.00012490173141937154,2806,326.68,8.53000000000003
12,39,478,234.11105999999958,8.014321019152225e-05,2976,326.75,8.600000000000023
13,39,502,297.00917999999984,9.171707539739859e-05,2925,326.84,8.689999999999998
14,39,471,352.850580000001,0.00011032889079408782,2848,326.93,8.78000000000003
15,39,479,362.54628000000025,0.00011276161204380709,2840,327.04,8.890000000000043
16,39,468,469.3156200000007,0.00024145727733133491,1880,327.19,9.04000000000002
17,39,486,538.002000000001,0.00026791468031379283,1416,327.3,9.150000000000034
18,39,449,414.21780000000086,0.00023862617880851325,1922,327.38,9.230000000000018
19,39,420,363.3481800000007,0.000245935539117955,1803,327.46,9.310000000000002
20,39,546,267.3971999999998,0.0002568180470612016,1610,327.53,9.379999999999995
21,39,603,408.7940399999999,0.00028719547783642057,1136,327.59,9.439999999999998
22,39,502,333.9548999999992,0.00019548140236017822,2411,327.59,9.439999999999998
23,39,302,155.11661999999995,0.00014312469732108993,2729,327.6,9.450000000000045
24,39,475,287.4301200000003,0.0002523493764519395,1691,327.65,9.5
25,39,210,288.9464400000007,0.0002730914964214548,1326,327.66,9.510000000000048
26,39,221,246.37284000000037,0.0002648010604398733,1469,327.65,9.5
27,39,194,282.63330000000036,0.00026039456891848036,1555,327.63,9.480000000000018
28,39,398,358.7117400000002,0.00029014018846619245,1108,327.6,9.450000000000045
29,39,374,371.2068000000009,0.00028987671629268305,1110,327.55,9.400000000000034
30,39,540,277.0928999999996,0.0002508457278250144,1715,327.48,9.330000000000041
31,39,618,371.03184,0.0002723211864677018,1336,327.41,9.260000000000048
32,39,545,369.60300000000007,0.00031264692488218893,920,327.34,9.189999999999998
33,39,397,249.08472000000012,0.0002062742866673535,2301,327.21,9.060000000000002
34,39,432,185.86583999999996,0.00021396602689058533,2240,327.13,8.980000000000018
35,39,252,215.56530000000006,0.00014386964079148986,2725,327.02,8.870000000000005
36,39,396,306.4424399999998,0.0002389805857354907,1913,326.97,8.82000000000005
37,39,481,331.7387400000002,0.0002640299329355018,1484,326.89,8.740000000000009
38,39,509,246.13955999999988,0.00022145001134668088,2158,326.78,8.629999999999995
39,39,335,289.7045999999998,0.00020821101786703224,2288,326.68,8.53000000000003
40,39,266,185.79293999999996,0.00017796119124357176,2546,326.57,8.420000000000016
41,39,548,213.99066,0.0002572258139655884,1603,326.49,8.340000000000032
42,39,408,228.5123400000007,0.00022259269638368027,2144,326.37,8.220000000000027
43,39,399,143.21933999999987,0.00018110402426740427,2521,326.25,8.100000000000023
44,39,228,126.88973999999993,0.00015036961774117285,2692,326.14,7.990000000000009
45,39,577,221.33897999999974,0.0002693128265900925,1388,326.07,7.920000000000016
46,39,414,228.03120000000047,0.0002564790038912885,1618,325.97,7.82000000000005
47,39,603,211.49747999999965,0.0002496314104079077,1736,325.87,7.720000000000027
48,39,115,91.9998,8.641013661832899e-05,2949,325.72,7.57000000000005
49,39,398,163.41264,0.0002577837479536176,1591,325.68,7.53000000000003
50,39,620,208.56690000000006,0.00025769318674752627,1596,325.59,7.439999999999998
51,39,199,131.6136599999999,0.00012328966127650968,2812,325.45,7.300000000000011
52,39,35,24.68394,1.9566385698043205e-05,3288,325.34,7.189999999999998
53,39,53,46.116539999999986,3.411338550826811e-05,3176,325.28,7.1299999999999955
54,39,345,211.59954000000064,0.0002564552585507113,1619,325.3,7.150000000000034
55,39,139,81.91044,0.00010316945672928303,2886,325.21,7.060000000000002
56,39,340,182.08961999999974,0.00018997713808575998,2450,325.2,7.050000000000011
57,39,422,136.43963999999968,0.00022290710893536642,2138,325.18,7.03000000000003
58,39,576,150.93215999999973,0.00023189755353402288,2012,325.16,7.010000000000048
59,39,388,114.19055999999975,0.00017901956717945557,2538,325.12,6.970000000000027
60,39,274,145.08558000000014,0.00018684916454918076,2478,325.11,6.960000000000036
61,39,300,111.6682199999998,0.00017743360279933663,2549,325.09,6.939999999999998
62,39,387,220.36212000000077,0.00030190719057365307,1001,325.12,6.970000000000027
63,39,334,138.30587999999983,0.00018296389117048364,2510,325.08,6.930000000000007
0,40,272,255.22290000000086,0.0001622107398612346,2643,325.61,7.460000000000036
1,40,347,302.76828000000086,0.00016611425085446538,2618,325.64,7.490000000000009
2,40,352,270.7214400000009,0.00021853434709910165,2191,325.71,7.560000000000002
3,40,375,280.2859200000011,0.00022467662248933502,2105,325.77,7.6200000000000045
4,40,349,234.18396000000044,0.00022327749449998357,2132,325.85,7.7000000000000455
5,40,472,259.9759800000001,0.0001474635125651487,2707,325.9,7.75
6,40,537,493.41636000000136,0.00015732932129736805,2666,326.0,7.850000000000023
7,40,583,631.0078200000027,0.00016430757224263371,2627,326.1,7.9500000000000455
8,40,560,473.71878000000237,0.00014262073177532305,2732,326.2,8.050000000000011
9,40,530,379.31328000000207,0.00010690237218145178,2872,326.29,8.140000000000043
10,40,446,291.9061800000005,0.000201980241303428,2344,326.42,8.270000000000039
11,40,450,243.6609600000002,0.0001256108720436969,2804,326.48,8.330000000000041
12,40,492,344.0151000000001,0.00010686780896489163,2873,326.56,8.410000000000025
13,40,441,245.6000999999999,8.37440233841554e-05,2962,326.64,8.490000000000009
14,40,453,292.57686000000007,0.00010748082990020865,2866,326.74,8.590000000000032
15,40,435,274.49766000000034,0.00010686171223687174,2874,326.84,8.689999999999998
16,40,463,501.654060000001,0.0002539913164527587,1667,327.0,8.850000000000023
17,40,505,686.8929600000015,0.00029958557565708634,1018,327.12,8.970000000000027
18,40,458,425.92554000000126,0.00024248643321597756,1861,327.19,9.04000000000002
19,40,452,263.8105200000001,0.00016611857081414054,2617,327.24,9.090000000000032
20,40,666,376.1494199999999,0.00028717826704771594,1137,327.35,9.200000000000045
21,40,537,524.50092,0.00032110599238831933,855,327.42,9.270000000000039
22,40,554,313.9948799999995,0.000219901908505106,2176,327.42,9.270000000000039
23,40,148,182.49785999999997,0.00011951992029547895,2820,327.41,9.260000000000048
24,40,545,220.9744800000002,0.00028443294981353543,1175,327.48,9.330000000000041
25,40,252,350.8822800000007,0.0003001214387787022,1013,327.5,9.350000000000023
26,40,201,278.9154000000005,0.00026559156747191215,1458,327.48,9.330000000000041
27,40,166,175.42656000000034,0.0002202615915129688,2173,327.45,9.300000000000011
28,40,502,263.1690000000001,0.0002388551955832207,1915,327.43,9.28000000000003
29,40,500,298.36511999999993,0.00022625303648980704,2089,327.38,9.230000000000018
30,40,587,304.00758000000013,0.0002917476939331163,1084,327.34,9.189999999999998
31,40,597,311.47253999999975,0.0002827510230087023,1196,327.27,9.120000000000005
32,40,568,260.15093999999965,0.00027421274347020616,1312,327.18,9.03000000000003
33,40,523,263.41685999999993,0.00025879653393984974,1573,327.09,8.939999999999998
34,40,222,155.24784,0.00014921619164078888,2700,326.97,8.82000000000005
35,40,543,288.42155999999983,0.000285047559901127,1165,326.94,8.79000000000002
36,40,524,381.9522600000006,0.0002985630715710778,1026,326.86,8.710000000000036
37,40,409,304.2554399999999,0.0002365047256724723,1952,326.75,8.600000000000023
38,40,215,166.25574000000003,0.00013152620374088877,2775,326.63,8.480000000000018
39,40,460,389.3297399999999,0.00026828348170241387,1410,326.58,8.430000000000007
40,40,473,309.75210000000004,0.00028066404978541415,1229,326.48,8.330000000000041
41,40,419,176.12639999999985,0.00017840320332188322,2544,326.35,8.200000000000045
42,40,95,66.51395999999997,8.923546483241297e-05,2938,326.21,8.060000000000002
43,40,361,139.55975999999984,0.00019850831031404957,2377,326.15,8.0
44,40,418,206.65692000000018,0.00023029727802837945,2035,326.06,7.910000000000025
45,40,648,197.31113999999974,0.0002821355950630142,1207,325.97,7.82000000000005
46,40,242,177.3365399999999,0.00015737832361458308,2664,325.83,7.680000000000007
47,40,201,71.50031999999999,9.050006503643906e-05,2933,325.71,7.560000000000002
48,40,404,134.79209999999975,0.00021523372612640461,2226,325.66,7.510000000000048
49,40,506,201.37896000000038,0.0002664123730674339,1443,325.59,7.439999999999998
50,40,334,203.75550000000024,0.00021982733697426714,2178,325.48,7.330000000000041
51,40,94,37.5435,4.2890014389663734e-05,3126,325.34,7.189999999999998
52,40,346,100.00422,0.00017951056512634066,2532,325.31,7.160000000000025
53,40,363,124.10495999999985,0.00016822478573438638,2604,325.24,7.090000000000032
54,40,580,202.88069999999976,0.00026460026861115874,1473,325.22,7.07000000000005
55,40,346,101.75381999999995,0.00016078023000575767,2651,325.14,6.990000000000009
56,40,610,159.3593999999998,0.0002484242299581749,1758,325.14,6.990000000000009
57,40,272,128.26025999999982,0.00014954329259904775,2696,325.07,6.920000000000016
58,40,291,152.3901600000003,0.0002263036045752741,2088,325.06,6.910000000000025
59,40,96,59.16563999999996,5.6212326665864026e-05,3063,324.98,6.830000000000041
60,40,421,263.0523600000004,0.00024154648418169382,1877,325.03,6.8799999999999955
61,40,527,139.7784599999999,0.00021154208791752813,2261,325.01,6.860000000000014
62,40,536,193.56407999999968,0.00022643117251289926,2085,325.0,6.850000000000023
63,40,209,107.48375999999999,0.00010693883615145297,2871,324.95,6.800000000000011
0,41,104,96.76745999999997,5.61822564105718e-05,3064,325.43,7.28000000000003
1,41,298,259.4656800000004,0.0001796651261616899,2529,325.5,7.350000000000023
2,41,373,294.63264000000083,0.00022786990538539516,2063,325.57,7.420000000000016
3,41,421,279.16326000000083,0.00023072027526193433,2032,325.63,7.480000000000018
4,41,513,397.1592000000008,0.00019214613945953984,2436,325.69,7.5400000000000205
5,41,558,355.1104799999997,9.949520182975007e-05,2899,325.73,7.580000000000041
6,41,635,616.2091200000006,0.0001502297670113283,2693,325.83,7.680000000000007
7,41,591,582.0627600000018,0.00014172766369792284,2735,325.92,7.770000000000039
8,41,558,361.01538000000136,0.00013100397486628758,2778,326.01,7.860000000000014
9,41,568,272.8646999999996,0.00018342647357533405,2506,326.13,7.980000000000018
10,41,440,195.79481999999996,0.000172062549337752,2586,326.22,8.07000000000005
11,41,558,200.91239999999962,0.0001855727243389708,2489,326.31,8.160000000000025
12,41,482,276.7721399999999,0.00019755096567461257,2388,326.41,8.260000000000048
13,41,611,346.61034000000035,0.0002718437494657812,1347,326.53,8.379999999999995
14,41,389,231.90947999999966,0.00019524074392935874,2414,326.6,8.450000000000045
15,41,318,285.70967999999993,0.00016186089551465326,2646,326.69,8.54000000000002
16,41,461,510.6645000000011,0.0002587993568972173,1572,326.82,8.670000000000016
17,41,456,545.4086400000007,0.000272975974736226,1329,326.93,8.78000000000003
18,41,428,227.76876000000007,0.00019816629209448938,2381,326.99,8.840000000000032
19,41,571,311.38506000000024,0.00028619326571204966,1149,327.1,8.950000000000045
20,41,687,326.0088000000003,0.00030006121042228286,1014,327.19,9.04000000000002
21,41,542,387.56556000000023,0.00032652385355856183,821,327.25,9.100000000000023
22,41,604,383.93514000000096,0.00029524860744597917,1048,327.28,9.129999999999995
23,41,303,226.23786,0.00017323717059294672,2576,327.26,9.110000000000014
24,41,228,306.9381600000007,0.00020927273090969473,2278,327.3,9.150000000000034
25,41,314,337.1625000000012,0.00024526219959778085,1817,327.32,9.170000000000016
26,41,330,348.22872000000183,0.00025808283907826154,1585,327.33,9.180000000000007
27,41,257,322.495020000001,0.0002618550670538505,1530,327.32,9.170000000000016
28,41,213,311.3996400000002,0.0003266063654639288,820,327.31,9.160000000000025
29,41,369,371.9358000000012,0.0002784134213898287,1254,327.25,9.100000000000023
30,41,621,321.2994599999998,0.00028477318732518655,1167,327.2,9.050000000000011
31,41,545,332.93430000000006,0.0003031025088582437,989,327.13,8.980000000000018
32,41,240,170.13402,0.00015425779555909772,2679,327.0,8.850000000000023
33,41,130,194.92001999999994,0.00010469873634215688,2880,326.9,8.75
34,41,182,261.81306000000006,0.00017077843851919425,2592,326.85,8.700000000000045
35,41,392,340.2826200000004,0.00028156353323444626,1217,326.81,8.660000000000025
36,41,365,283.63932,0.00022840757609826322,2058,326.72,8.57000000000005
37,41,287,243.58806000000004,0.00017784713464474427,2548,326.62,8.470000000000027
38,41,559,313.7761800000002,0.00031024962840294764,938,326.57,8.420000000000016
39,41,530,364.04802000000024,0.00027194388860462995,1345,326.47,8.32000000000005
40,41,222,195.41573999999994,0.00013420620527399785,2761,326.32,8.170000000000016
41,41,395,119.67263999999997,0.00016322813250298449,2635,326.23,8.080000000000041
42,41,444,161.42975999999982,0.00025618490433802516,1624,326.16,8.010000000000048
43,41,484,154.43135999999996,0.00023761950651381643,1933,326.05,7.900000000000034
44,41,613,215.79857999999984,0.00026701420775759904,1432,325.96,7.810000000000002
45,41,92,74.51837999999998,6.755351129106101e-05,3022,325.79,7.640000000000043
46,41,373,115.3423799999998,0.0001729230166027906,2578,325.73,7.580000000000041
47,41,401,147.85577999999978,0.00022119073486936638,2161,325.66,7.510000000000048
48,41,454,226.9522800000006,0.0002556046128442938,1639,325.58,7.430000000000007
49,41,509,168.57395999999977,0.00020784370741542817,2291,325.47,7.32000000000005
50,41,131,59.42807999999998,8.334250397030294e-05,2963,325.35,7.2000000000000455
51,41,330,132.28433999999982,0.00018771468741228176,2473,325.3,7.150000000000034
52,41,548,192.31019999999992,0.00024316799232593992,1846,325.25,7.100000000000023
53,41,334,170.1923399999997,0.00018977043190737805,2454,325.16,7.010000000000048
54,41,89,51.933959999999956,4.385761057968012e-05,3119,325.06,6.910000000000025
55,41,146,75.80141999999994,9.444585419097398e-05,2915,325.03,6.8799999999999955
56,41,399,252.40896000000095,0.0002992961701535816,1021,325.07,6.920000000000016
57,41,319,106.75475999999988,0.00013263703968129282,2769,324.98,6.830000000000041
58,41,557,219.95387999999957,0.0002628718209161055,1508,324.98,6.830000000000041
59,41,305,85.84704000000002,0.00013069910865220566,2779,324.91,6.760000000000048
60,41,564,150.5093399999998,0.00023152319303905162,2020,324.93,6.78000000000003
61,41,149,59.12189999999996,9.577793000791595e-05,2913,324.87,6.720000000000027
62,41,468,159.15527999999966,0.00019648040761931205,2399,324.89,6.740000000000009
63,41,205,122.39909999999993,0.00012606580345369905,2800,324.86,6.710000000000036
0,42,138,159.4906200000001,7.961577968869119e-05,2980,325.29,7.140000000000043
1,42,266,183.27060000000012,0.0001433243549221545,2727,325.34,7.189999999999998
2,42,379,304.80948000000114,0.0002062414688000797,2302,325.42,7.270000000000039
3,42,434,298.8025200000006,0.00016498807874791295,2624,325.46,7.310000000000002
4,42,474,427.20858000000123,0.00019163744017158243,2441,325.54,7.390000000000043
5,42,473,379.3861799999996,0.00012527377576835303,2805,325.58,7.430000000000007
6,42,471,296.7467399999999,9.950217707438518e-05,2898,325.65,7.5
7,42,517,273.91445999999974,0.00016734448624473064,2613,325.76,7.610000000000014
8,42,598,191.49371999999943,0.00023187416657419844,2013,325.88,7.730000000000018
9,42,589,241.9405199999994,0.00024863395662035547,1755,325.98,7.830000000000041
10,42,523,171.08171999999988,0.00023573750836468967,1960,326.07,7.920000000000016
11,42,559,186.47819999999967,0.00018416625434154198,2500,326.14,7.990000000000009
12,42,518,211.94945999999987,0.0002393747934200417,1909,326.25,8.100000000000023
13,42,751,268.97184000000016,0.0002662436876387061,1447,326.36,8.210000000000036
14,42,467,205.70921999999965,0.00024658484888455894,1790,326.45,8.300000000000011
15,42,457,198.95867999999982,0.0002287374047312179,2053,326.54,8.390000000000043
16,42,334,281.0003400000001,0.00018789552103310226,2471,326.63,8.480000000000018
17,42,302,236.9541600000002,0.00017285249551383955,2579,326.72,8.57000000000005
18,42,459,178.5612599999998,0.00020195758555231912,2345,326.82,8.670000000000016
19,42,429,276.69923999999986,0.00024727722475725573,1778,326.92,8.770000000000039
20,42,397,297.91314000000017,0.0002619837690640358,1527,327.01,8.860000000000014
21,42,335,408.40038000000044,0.00032844860458473526,812,327.09,8.939999999999998
22,42,367,238.2372000000007,0.00025369777523481525,1671,327.11,8.960000000000036
23,42,322,258.1097400000005,0.00022091333098537137,2164,327.13,8.980000000000018
24,42,329,351.3925800000013,0.00021882452690204487,2186,327.16,9.010000000000048
25,42,285,339.02874000000133,0.00019967478798751243,2362,327.16,9.010000000000048
26,42,314,258.4742400000009,0.00018031046351020297,2526,327.16,9.010000000000048
27,42,274,265.32684000000086,0.0002308296541503485,2028,327.17,9.020000000000039
28,42,237,351.2759400000008,0.00026408179708382266,1483,327.16,9.010000000000048
29,42,272,286.7011200000012,0.00022748975854869463,2068,327.1,8.950000000000045
30,42,507,396.91134000000005,0.0002586086897955619,1575,327.06,8.910000000000025
31,42,539,330.5577599999995,0.0002456809624803904,1805,326.98,8.830000000000041
32,42,152,247.78709999999992,0.00013355381201596498,2763,326.87,8.720000000000027
33,42,161,244.6524000000002,0.00016486461514122086,2625,326.8,8.650000000000034
34,42,194,268.2720000000002,0.00018905603969771875,2460,326.73,8.580000000000041
35,42,281,335.01924000000093,0.0002044069927011517,2319,326.67,8.520000000000039
36,42,432,304.7949000000001,0.00024818098758341156,1762,326.61,8.460000000000036
37,42,342,268.19910000000067,0.00021483374163582978,2228,326.52,8.370000000000005
38,42,554,261.8567999999998,0.0002456439357612819,1807,326.44,8.29000000000002
39,42,292,309.94163999999995,0.0002034364824581083,2329,326.34,8.189999999999998
40,42,236,246.9997800000001,0.0001873729898698031,2476,326.24,8.090000000000032
41,42,458,206.7298199999999,0.00023215031574417915,2009,326.15,8.0
42,42,450,211.00176000000016,0.0002443304649810723,1826,326.05,7.900000000000034
43,42,546,231.6324599999999,0.000254347165926697,1659,325.95,7.800000000000011
44,42,109,94.75541999999994,0.00010826732031314723,2863,325.8,7.650000000000034
45,42,176,58.23251999999998,0.00011065758887864762,2846,325.71,7.560000000000002
46,42,475,142.02377999999985,0.00022279339084620424,2140,325.65,7.5
47,42,452,284.4849600000006,0.00026704286464277865,1431,325.58,7.430000000000007
48,42,524,156.38507999999973,0.00019432590227150994,2423,325.46,7.310000000000002
49,42,70,66.28067999999995,5.544029819037999e-05,3070,325.33,7.180000000000007
50,42,253,86.98427999999987,0.00012367066966015183,2809,325.27,7.1200000000000045
51,42,539,220.3183800000001,0.00027388567456710603,1314,325.24,7.090000000000032
52,42,426,190.10862000000026,0.00022778012014214836,2065,325.15,7.0
53,42,82,68.73011999999997,4.943093697797701e-05,3094,325.03,6.8799999999999955
54,42,142,46.67057999999996,9.068577291857494e-05,2930,324.99,6.840000000000032
55,42,403,128.12903999999986,0.00018439237283237851,2497,324.98,6.830000000000041
56,42,557,181.88550000000004,0.00025335903714537416,1674,324.96,6.810000000000002
57,42,396,156.28301999999965,0.00019602718272014952,2404,324.9,6.75
58,42,275,78.57161999999991,0.00012966673856492378,2783,324.85,6.7000000000000455
59,42,107,81.80837999999996,9.297502941122801e-05,2921,324.8,6.650000000000034
60,42,274,173.92481999999987,0.0002077483084282804,2292,324.82,6.670000000000016
61,42,108,50.578019999999974,6.152144320110842e-05,3042,324.76,6.610000000000014
62,42,548,207.15263999999982,0.0002361623982684601,1957,324.81,6.660000000000025
63,42,215,126.5252399999998,0.00014010105201965064,2742,324.77,6.6200000000000045
0,43,26,37.6893,1.5558264220333e-05,3320,325.11,6.960000000000036
1,43,281,207.67752000000036,0.00014163288967624862,2736,325.19,7.0400000000000205
2,43,399,272.5585200000007,0.00020080856803803641,2353,325.26,7.110000000000014
3,43,454,401.1832800000013,0.00023291610600056182,1998,325.34,7.189999999999998
4,43,490,410.77692,0.0002773261915926458,1266,325.42,7.270000000000039
5,43,439,399.1420800000001,0.0002791163474453357,1247,325.48,7.330000000000041
6,43,440,269.61336000000085,0.00020454028210332913,2317,325.53,7.3799999999999955
7,43,607,240.17634000000012,0.00023691459890393137,1946,325.62,7.470000000000027
8,43,562,187.4550599999995,0.0002339992343965543,1980,325.71,7.560000000000002
9,43,591,314.63640000000044,0.00023217849411623668,2007,325.8,7.650000000000034
10,43,691,366.0454800000002,0.00030804142345795365,957,325.92,7.770000000000039
11,43,574,261.43397999999934,0.00021605319686856964,2213,325.98,7.830000000000041
12,43,553,248.5015199999996,0.0002818832480416307,1213,326.1,7.9500000000000455
13,43,567,264.81653999999986,0.0002459519569999899,1801,326.18,8.03000000000003
14,43,395,231.12216,0.0001719277882330048,2587,326.25,8.100000000000023
15,43,302,275.8390200000001,0.00022594013878342084,2092,326.37,8.220000000000027
16,43,349,370.97352000000075,0.00026539579118523834,1462,326.48,8.330000000000041
17,43,460,491.37516000000136,0.0002556307079260259,1637,326.58,8.430000000000007
18,43,425,375.7411800000004,0.00027746415819279453,1265,326.68,8.53000000000003
19,43,351,500.60430000000093,0.00028377321899944664,1185,326.77,8.620000000000005
20,43,346,412.33698000000084,0.00024400438197092129,1832,326.84,8.689999999999998
21,43,358,451.06146000000086,0.00025137342215808626,1707,326.91,8.760000000000048
22,43,336,370.9006200000008,0.0002644142816726935,1480,326.97,8.82000000000005
23,43,372,444.50046000000106,0.0002713438445026826,1354,327.01,8.860000000000014
24,43,365,386.4866400000006,0.00022366068675132964,2127,327.03,8.879999999999995
25,43,322,347.74758000000065,0.0002645186655698442,1474,327.06,8.910000000000025
26,43,358,356.7434400000015,0.00022702998087783803,2078,327.05,8.900000000000034
27,43,295,397.2321000000012,0.00021835146518367477,2193,327.04,8.890000000000043
28,43,292,384.44544000000144,0.00027007081901441485,1380,327.04,8.890000000000043
29,43,306,360.31554000000136,0.0002533537156271452,1675,326.99,8.840000000000032
30,43,625,336.01068,0.00028795894335840295,1129,326.95,8.800000000000011
31,43,130,208.8293399999999,0.00012572059764909987,2803,326.82,8.670000000000016
32,43,172,275.2558200000002,0.00019359213444646156,2428,326.77,8.620000000000005
33,43,237,437.1813000000006,0.0002423880229390259,1864,326.72,8.57000000000005
34,43,191,227.63754,0.00015941500537184963,2654,326.62,8.470000000000027
35,43,270,356.1019200000009,0.00022404629451458442,2120,326.57,8.420000000000016
36,43,425,353.36087999999995,0.0002882290927310384,1125,326.51,8.360000000000014
37,43,662,261.1277999999998,0.0003024047522359773,996,326.44,8.29000000000002
38,43,230,232.01153999999985,0.0001796812653850617,2528,326.31,8.160000000000025
39,43,521,341.6822999999997,0.00031684778046087186,882,326.27,8.120000000000005
40,43,678,285.31602000000026,0.0003092979419030158,946,326.18,8.03000000000003
41,43,505,193.70988,0.0002401855696827919,1901,326.05,7.900000000000034
42,43,255,182.29374000000018,0.0001601868501198538,2652,325.92,7.770000000000039
43,43,57,33.883920000000025,3.8206281771795004e-05,3157,325.77,7.6200000000000045
44,43,16,20.091240000000006,1.5454910028709e-05,3321,325.67,7.520000000000039
45,43,554,171.5336999999996,0.0002525982087549088,1685,325.66,7.510000000000048
46,43,512,257.29326000000043,0.0002771023037143268,1271,325.58,7.430000000000007
47,43,204,93.53069999999992,0.00012595780440415906,2801,325.44,7.2900000000000205
48,43,225,56.14757999999997,9.052844671620188e-05,2932,325.33,7.180000000000007
49,43,318,132.22601999999986,0.00018143340253806126,2519,325.28,7.1299999999999955
50,43,522,239.50566000000032,0.00028448215764101734,1174,325.24,7.090000000000032
51,43,611,174.1580999999997,0.00023773460295970592,1931,325.14,6.990000000000009
52,43,118,86.16779999999997,7.440372492432795e-05,2999,325.02,6.8700000000000045
53,43,75,45.85409999999995,5.2252289990838025e-05,3083,324.95,6.800000000000011
54,43,567,211.7599199999999,0.00027029030039880936,1377,324.97,6.82000000000005
55,43,465,259.14492000000075,0.00026538871167651636,1463,324.92,6.770000000000039
56,43,71,65.24549999999994,3.8916691818377214e-05,3150,324.8,6.650000000000034
57,43,280,196.77167999999978,0.00017842051931352273,2543,324.8,6.650000000000034
58,43,333,123.7696199999997,0.0001890566682950317,2459,324.77,6.6200000000000045
59,43,425,168.58853999999982,0.00017358472488751566,2574,324.73,6.580000000000041
60,43,556,208.72728000000004,0.0002683016385795431,1409,324.74,6.590000000000032
61,43,168,69.5757599999999,9.18037828734968e-05,2924,324.67,6.520000000000039
62,43,522,192.52889999999988,0.0002531671654589748,1679,324.72,6.57000000000005
63,43,181,113.79689999999992,0.00012859655493943384,2789,324.67,6.520000000000039
0,44,35,77.74056,2.2510493424993992e-05,3260,324.95,6.800000000000011
1,44,418,263.37312000000054,0.00020417362478027543,2321,325.05,6.900000000000034
2,44,475,367.3576800000016,0.00024096865404441413,1884,325.12,6.970000000000027
3,44,485,386.3700000000005,0.00022643950595272516,2084,325.18,7.03000000000003
4,44,462,359.5282200000013,0.00024154986243256934,1876,325.24,7.090000000000032
5,44,464,381.57318000000134,0.0002355009860275213,1961,325.3,7.150000000000034
6,44,378,251.31546000000003,0.0001312968474068411,2777,325.33,7.180000000000007
7,44,340,207.19638000000006,0.00019917658220137147,2368,325.43,7.28000000000003
8,44,529,208.56689999999983,0.0002477321615858828,1771,325.54,7.390000000000043
9,44,539,219.13739999999987,0.00026611902830787215,1449,325.63,7.480000000000018
10,44,483,173.6186399999998,0.00023388902944830288,1983,325.71,7.560000000000002
11,44,579,268.8114600000001,0.0002912969883034172,1092,325.83,7.680000000000007
12,44,571,208.5960599999992,0.00022638887821317325,2087,325.9,7.75
13,44,423,233.1341999999994,0.00020822623330415122,2287,325.99,7.840000000000032
14,44,355,346.78530000000086,0.00024865687768630394,1754,326.1,7.9500000000000455
15,44,401,417.6586800000011,0.00027804157245329086,1258,326.22,8.07000000000005
16,44,420,383.6435400000014,0.0002450536920408905,1819,326.31,8.160000000000025
17,44,382,381.9231000000009,0.0002331935969357043,1992,326.41,8.260000000000048
18,44,368,396.56142000000057,0.00023462353197319495,1970,326.51,8.360000000000014
19,44,340,444.50046000000094,0.00025968400292615936,1561,326.61,8.460000000000036
20,44,378,453.51090000000085,0.00026084811257903224,1546,326.69,8.54000000000002
21,44,382,625.4965800000007,0.0003175215361096467,876,326.79,8.640000000000043
22,44,365,525.9443400000008,0.0003280121273862583,814,326.85,8.700000000000045
23,44,390,516.8610000000007,0.00031074107667411076,932,326.9,8.75
24,44,398,504.803340000001,0.00030835698221718234,955,326.94,8.79000000000002
25,44,399,455.36256000000105,0.00028846835632721795,1120,326.96,8.810000000000002
26,44,355,435.88368000000065,0.00024731828109455936,1777,326.96,8.810000000000002
27,44,327,371.8337400000006,0.000266713736783696,1438,326.96,8.810000000000002
28,44,315,316.98378000000105,0.00022152878899582202,2152,326.92,8.770000000000039
29,44,305,318.26682000000125,0.000218289441970165,2194,326.87,8.720000000000027
30,44,242,269.1322200000004,0.0002472495098580302,1779,326.82,8.670000000000016
31,44,175,240.3513000000002,0.0001601233103992193,2653,326.73,8.580000000000041
32,44,234,291.0459600000008,0.00020267197350816592,2337,326.67,8.520000000000039
33,44,293,365.0540400000009,0.0002436328157360087,1837,326.62,8.470000000000027
34,44,302,409.28976000000097,0.0002498691233038962,1732,326.54,8.390000000000043
35,44,227,390.6419400000003,0.0002188768735591299,2185,326.46,8.310000000000002
36,44,232,385.1744400000006,0.00021208097727730112,2254,326.38,8.230000000000018
37,44,230,320.2059600000006,0.0002208619323109797,2165,326.3,8.150000000000034
38,44,150,211.24962000000002,0.0001094354043912376,2858,326.18,8.03000000000003
39,44,320,326.4753600000004,0.00023662222166544045,1949,326.14,7.990000000000009
40,44,448,219.09366000000006,0.00023646365799620395,1955,326.05,7.900000000000034
41,44,99,84.44735999999997,7.087593649814211e-05,3012,325.9,7.75
42,44,95,56.36627999999996,7.440885442360063e-05,2998,325.8,7.650000000000034
43,44,282,184.13081999999994,0.000187683972353576,2474,325.73,7.580000000000041
44,44,338,106.7693399999999,0.00014668988765714788,2712,325.63,7.480000000000018
45,44,493,209.6020800000001,0.00022686034337226325,2079,325.56,7.410000000000025
46,44,408,122.26787999999982,0.00017442795858505267,2569,325.45,7.300000000000011
47,44,164,60.46325999999998,0.00010992439511582295,2854,325.34,7.189999999999998
48,44,438,167.27634000000006,0.00022070450874174308,2167,325.29,7.140000000000043
49,44,450,214.34058000000022,0.0002437599630256085,1834,325.21,7.060000000000002
50,44,570,207.21095999999977,0.00024529535570823774,1815,325.13,6.980000000000018
51,44,70,55.08323999999996,4.388966192358201e-05,3118,324.99,6.840000000000032
52,44,26,9.856079999999997,2.1455494694433008e-05,3272,324.91,6.760000000000048
53,44,509,154.18349999999958,0.00022999830553219753,2038,324.92,6.770000000000039
54,44,411,199.4252400000003,0.0002370648079869265,1942,324.87,6.720000000000027
55,44,455,136.10429999999977,0.0001857129951700243,2488,324.8,6.650000000000034
56,44,74,67.28669999999995,5.562079964744772e-05,3067,324.71,6.560000000000002
57,44,646,171.51911999999976,0.00026552533297720003,1460,324.73,6.580000000000041
58,44,386,126.1169999999998,0.00017279582973755351,2580,324.66,6.510000000000048
59,44,283,94.27428,0.00012825658183151993,2791,324.61,6.460000000000036
60,44,82,42.063299999999984,5.5743751007978006e-05,3066,324.57,6.420000000000016
61,44,63,67.05341999999995,4.674812634828482e-05,3104,324.56,6.410000000000025
62,44,458,202.47246000000013,0.00024892434700951436,1751,324.62,6.470000000000027
63,44,278,98.79407999999998,0.0001553034870037938,2677,324.58,6.430000000000007
0,45,45,70.56719999999999,2.8525637269431092e-05,3221,324.78,6.6299999999999955
1,45,435,293.5099800000012,0.00020411142857901907,2322,324.88,6.730000000000018
2,45,459,323.51562000000166,0.00021873986614424435,2188,324.94,6.7900000000000205
3,45,522,264.16044000000034,0.0002721977752736352,1339,325.02,6.8700000000000045
4,45,482,347.7475800000003,0.0002507549490125415,1719,325.08,6.930000000000007
5,45,425,231.3408599999999,0.0002308469591561464,2027,325.13,6.980000000000018
6,45,278,227.52090000000027,0.00018046955190332355,2525,325.17,7.020000000000039
7,45,331,243.00486000000123,0.0002484053073366964,1759,325.26,7.110000000000014
8,45,280,205.28639999999982,0.0002179882732716921,2198,325.34,7.189999999999998
9,45,450,271.6108199999996,0.00026657205611916175,1439,325.44,7.2900000000000205
10,45,310,277.6323600000005,0.00022163877309449803,2151,325.52,7.3700000000000045
11,45,500,327.00023999999974,0.0003027133073488682,992,325.64,7.490000000000009
12,45,366,298.4525999999996,0.00018846746139758878,2466,325.7,7.550000000000011
13,45,354,220.95989999999935,0.00014727630141663642,2708,325.78,7.6299999999999955
14,45,330,248.19534000000013,0.00024435563084862136,1824,325.92,7.770000000000039
15,45,295,337.9789800000006,0.0002563845798560574,1620,326.03,7.8799999999999955
16,45,417,386.6907600000005,0.0002498345518934969,1734,326.14,7.990000000000009
17,45,400,473.19390000000095,0.00026775408375076987,1418,326.25,8.100000000000023
18,45,363,378.2781000000008,0.0002678227304926088,1417,326.35,8.200000000000045
19,45,400,495.1222200000013,0.00027073155889186076,1365,326.45,8.300000000000011
20,45,380,454.26906000000133,0.00024323762110180417,1844,326.53,8.379999999999995
21,45,449,539.4600000000017,0.00032868824347899705,811,326.64,8.490000000000009
22,45,416,567.8618400000008,0.0003143440079225577,908,326.71,8.560000000000002
23,45,399,507.3111000000013,0.00030055310741835444,1008,326.76,8.610000000000014
24,45,433,675.6080400000005,0.0003277649112394922,816,326.82,8.670000000000016
25,45,396,602.6351400000003,0.00034490066881235254,767,326.87,8.720000000000027
26,45,378,693.1040400000005,0.00035621288573207526,742,326.9,8.75
27,45,418,619.4896200000005,0.00032295932872090845,838,326.88,8.730000000000018
28,45,395,684.5747400000005,0.0003514065000258905,752,326.87,8.720000000000027
29,45,354,546.1084800000008,0.0002947933222509101,1052,326.8,8.650000000000034
30,45,415,456.2373600000009,0.0002873742112228228,1133,326.74,8.590000000000032
31,45,317,410.64570000000055,0.0003134798309656664,915,326.68,8.53000000000003
32,45,252,319.7102400000004,0.00024296978762202305,1853,326.59,8.439999999999998
33,45,222,285.5347200000003,0.0001845358349636515,2494,326.5,8.350000000000023
34,45,248,339.9327000000004,0.0001635617724219888,2633,326.42,8.270000000000039
35,45,262,334.01322000000033,0.00022418843247048938,2118,326.36,8.210000000000036
36,45,147,283.90175999999997,0.00014199997995600783,2734,326.25,8.100000000000023
37,45,109,298.24848000000003,0.00011875478957753978,2823,326.16,8.010000000000048
38,45,262,140.81363999999996,0.00013679346759039933,2750,326.09,7.939999999999998
39,45,341,246.1833000000003,0.0002117990541834035,2259,326.04,7.890000000000043
40,45,592,314.1115200000001,0.00027620741839723325,1284,325.98,7.830000000000041
41,45,353,219.31236000000027,0.0002477303006414227,1772,325.87,7.720000000000027
42,45,345,197.38404000000034,0.0002669800470624523,1434,325.78,7.6299999999999955
43,45,573,224.67780000000016,0.00027613095935335286,1285,325.69,7.5400000000000205
44,45,452,173.72070000000008,0.00025085968574666126,1714,325.58,7.430000000000007
45,45,398,172.07315999999963,0.00020484220064918748,2313,325.47,7.32000000000005
46,45,71,52.16724,5.4988801920376006e-05,3073,325.32,7.170000000000016
47,45,574,184.84523999999973,0.00024946573327613636,1738,325.3,7.150000000000034
48,45,574,188.1694799999999,0.0002364796765460647,1954,325.2,7.050000000000011
49,45,273,164.49155999999977,0.00016282776230897193,2639,325.09,6.939999999999998
50,45,69,26.521020000000007,3.945299856247704e-05,3147,324.97,6.82000000000005
51,45,283,90.10440000000003,0.00016123262135332177,2649,324.94,6.7900000000000205
52,45,510,162.3920399999997,0.00023784705338960438,1930,324.9,6.75
53,45,448,192.80592000000019,0.0002585933261940036,1576,324.85,6.7000000000000455
54,45,600,189.07343999999972,0.0002480955503441716,1765,324.79,6.640000000000043
55,45,61,67.59287999999997,6.95902985654361e-05,3013,324.67,6.520000000000039
56,45,392,186.3469799999998,0.00018377938880933942,2504,324.66,6.510000000000048
57,45,414,216.58590000000055,0.00026060142042522795,1550,324.63,6.480000000000018
58,45,132,44.62937999999999,7.5235896593827e-05,2996,324.53,6.3799999999999955
59,45,94,81.93959999999987,6.604163475263778e-05,3026,324.49,6.340000000000032
60,45,47,30.792960000000004,3.1381642733891e-05,3203,324.46,6.310000000000002
61,45,522,205.44677999999985,0.00026019413346132955,1556,324.53,6.3799999999999955
62,45,524,179.1444599999997,0.00025450365324916125,1655,324.53,6.3799999999999955
63,45,298,105.70499999999997,0.00013700423949272988,2749,324.48,6.330000000000041
0,46,36,51.307019999999994,1.86841558266387e-05,3295,324.6,6.4500000000000455
1,46,405,246.46031999999957,0.00017915433269165295,2537,324.69,6.5400000000000205
2,46,500,203.24519999999967,0.0002246658844576438,2107,324.76,6.610000000000014
3,46,680,303.9638399999999,0.000270051316628146,1381,324.84,6.689999999999998
4,46,575,340.74917999999985,0.00027417320012047293,1313,324.9,6.75
5,46,509,282.56039999999973,0.00024307533685525947,1848,324.94,6.7900000000000205
6,46,416,245.4542999999998,0.00024717488194282163,1781,325.0,6.850000000000023
7,46,318,269.6716800000006,0.00021605260858978425,2214,325.05,6.900000000000034
8,46,291,273.54995999999977,0.00022039386025060197,2171,325.13,6.980000000000018
9,46,327,295.4928599999998,0.00022028207759214387,2172,325.22,7.07000000000005
10,46,323,260.0343000000001,0.00021118732306272658,2267,325.3,7.150000000000034
11,46,322,250.76141999999965,0.00022819386599135395,2060,325.41,7.260000000000048
12,46,605,288.88811999999984,0.0002649917214775723,1467,325.52,7.3700000000000045
13,46,609,319.5352799999997,0.00026341390560601785,1495,325.63,7.480000000000018
14,46,502,188.6360399999997,0.00017049130366436277,2595,325.71,7.560000000000002
15,46,302,320.512140000001,0.00024373581820871776,1836,325.85,7.7000000000000455
16,46,387,406.1696400000005,0.000290918858681454,1095,325.98,7.830000000000041
17,46,397,342.6445800000004,0.00023988202985910482,1904,326.07,7.920000000000016
18,46,312,295.93026000000054,0.00024340794246561725,1843,326.18,8.03000000000003
19,46,380,355.11048000000073,0.0002571437823620092,1605,326.29,8.140000000000043
20,46,368,365.62266000000085,0.0002672232451037702,1427,326.39,8.240000000000009
21,46,447,570.6174600000005,0.0003163172326881549,886,326.49,8.340000000000032
22,46,423,656.9748000000004,0.0002907039184389045,1102,326.55,8.400000000000034
23,46,247,408.45870000000036,0.0001580101731748552,2662,326.57,8.420000000000016
24,46,452,877.9638599999994,0.00034273943392760256,774,326.7,8.550000000000011
25,46,610,1275.0793199999944,0.0004484779594803964,652,326.79,8.640000000000043
26,46,459,1028.5460999999975,0.0004222787980218418,663,326.82,8.670000000000016
27,46,480,1314.6785999999952,0.0005027167676040031,611,326.85,8.700000000000045
28,46,528,997.1990999999995,0.00039099587093414104,695,326.79,8.640000000000043
29,46,590,1043.9425800000004,0.00041586228383992685,670,326.75,8.600000000000023
30,46,354,551.2552200000005,0.00020306217903158185,2331,326.61,8.460000000000036
31,46,218,377.30124000000035,0.00014664329148303477,2713,326.53,8.379999999999995
32,46,426,561.4320600000013,0.00031807397593977283,874,326.53,8.379999999999995
33,46,382,432.99684000000076,0.0002657061437068868,1455,326.44,8.29000000000002
34,46,310,412.80354000000085,0.00022349144625992623,2129,326.35,8.200000000000045
35,46,290,348.8702400000006,0.00020207529984526192,2343,326.26,8.110000000000014
36,46,176,250.42607999999987,0.00014935556418197566,2697,326.16,8.010000000000048
37,46,174,216.9941400000001,0.00010188693893185109,2889,326.07,7.920000000000016
38,46,588,328.9976999999999,0.000258266140893153,1582,326.05,7.900000000000034
39,46,537,220.7557799999996,0.000272987727408193,1328,325.98,7.830000000000041
40,46,653,324.0404999999996,0.0002824827688675451,1200,325.9,7.75
41,46,315,218.45214000000047,0.0002158073864155119,2216,325.78,7.6299999999999955
42,46,231,227.8999800000005,0.0002470719249766654,1784,325.69,7.5400000000000205
43,46,422,142.72361999999973,0.00022083308808983342,2166,325.59,7.439999999999998
44,46,182,72.53549999999997,9.369170962675293e-05,2920,325.45,7.300000000000011
45,46,301,103.03685999999995,0.00017110496746726157,2590,325.38,7.230000000000018
46,46,127,86.72183999999991,9.022406663081413e-05,2935,325.25,7.100000000000023
47,46,632,221.79095999999987,0.00028143718921414245,1220,325.22,7.07000000000005
48,46,166,99.4793399999999,9.10065760842837e-05,2928,325.06,6.910000000000025
49,46,25,10.935000000000002,1.5621344678832e-05,3319,324.95,6.800000000000011
50,46,154,53.15867999999996,6.645008075777214e-05,3024,324.89,6.740000000000009
51,46,481,193.8119400000001,0.00027230682861904983,1337,324.9,6.75
52,46,568,212.24106000000035,0.00024454787857445425,1823,324.82,6.670000000000016
53,46,383,205.49051999999958,0.00020705749579994515,2296,324.74,6.590000000000032
54,46,209,103.9553999999999,8.40687121171187e-05,2959,324.64,6.490000000000009
55,46,423,182.57075999999972,0.000197111837924762,2392,324.62,6.470000000000027
56,46,503,176.30136000000007,0.00022975649700958186,2042,324.57,6.420000000000016
57,46,362,147.38921999999974,0.0001884480629718462,2468,324.51,6.360000000000014
58,46,128,59.60304000000002,7.1223636019985e-05,3009,324.43,6.28000000000003
59,46,59,81.77921999999997,7.543565241339502e-05,2994,324.4,6.25
60,46,46,39.74508,3.381452163021101e-05,3179,324.36,6.210000000000036
61,46,636,254.11482000000018,0.00028228088041175624,1206,324.44,6.2900000000000205
62,46,402,169.66746000000032,0.00023811239068878247,1928,324.42,6.270000000000039
63,46,130,69.22583999999993,8.626601464320102e-05,2950,324.36,6.210000000000036
0,47,55,86.47398000000003,3.633037145418201e-05,3163,324.41,6.260000000000048
1,47,526,254.11481999999936,0.0002184342563134148,2192,324.51,6.360000000000014
2,47,552,253.13795999999957,0.00022719874029801916,2073,324.57,6.420000000000016
3,47,653,321.1536600000002,0.0002352257278155152,1966,324.63,6.480000000000018
4,47,484,342.0468,0.00029231242212634644,1074,324.7,6.550000000000011
5,47,423,374.9101200000002,0.00023207726914623023,2010,324.73,6.580000000000041
6,47,434,265.6621800000001,0.000227901934729178,2062,324.78,6.6299999999999955
7,47,311,267.32430000000085,0.00021205520683411735,2255,324.83,6.680000000000007
8,47,282,247.4663400000002,0.00018862682391726065,2464,324.9,6.75
9,47,297,250.01783999999992,0.00021436532084712954,2233,324.99,6.840000000000032
10,47,324,340.99704000000054,0.00022307439153393345,2133,325.09,6.939999999999998
11,47,383,344.55456000000015,0.00024053893317705597,1895,325.19,7.0400000000000205
12,47,450,274.9642199999996,0.00023654764947172332,1951,325.3,7.150000000000034
13,47,546,412.0599600000001,0.00032202120900940893,849,325.45,7.300000000000011
14,47,565,190.38563999999963,0.00020794324862484598,2290,325.52,7.3700000000000045
15,47,332,298.04436000000015,0.00023598129669368347,1958,325.65,7.5
16,47,333,368.7427800000005,0.0002385157182877637,1923,325.78,7.6299999999999955
17,47,317,253.77948000000055,0.0002396657472774778,1907,325.9,7.75
18,47,291,238.8933000000007,0.00024030676510466574,1899,326.01,7.860000000000014
19,47,412,387.49266000000085,0.0002148150624312934,2229,326.11,7.960000000000036
20,47,377,429.55596000000105,0.0002577447443478982,1594,326.23,8.080000000000041
21,47,385,494.77230000000054,0.00031165125101859006,926,326.33,8.180000000000007
22,47,344,601.7895000000003,0.0002659308107083754,1452,326.39,8.240000000000009
23,47,0,0.0,0.0,4073,326.37,8.220000000000027
24,47,372,753.3194399999995,0.0002908722114256827,1098,326.54,8.390000000000043
25,47,498,766.3102200000001,0.0003344129645367131,794,326.63,8.480000000000018
26,47,508,965.6188199999988,0.0003670203895697792,723,326.68,8.53000000000003
27,47,434,952.8321599999979,0.00041179767946205405,674,326.71,8.560000000000002
28,47,462,872.4671999999985,0.00038313030530406976,702,326.68,8.53000000000003
29,47,495,857.5956,0.00038166203582538926,705,326.64,8.490000000000009
30,47,194,522.1535400000009,0.00016445750179581778,2626,326.49,8.340000000000032
31,47,47,257.40990000000005,6.246575868647903e-05,3036,326.4,8.25
32,47,533,724.3927200000005,0.00031513684794342065,901,326.44,8.29000000000002
33,47,442,542.3322600000012,0.000301124190295491,1005,326.37,8.220000000000027
34,47,305,420.3851400000007,0.00022463114308904513,2108,326.28,8.129999999999995
35,47,334,392.610240000001,0.0002147608823015192,2230,326.19,8.04000000000002
36,47,213,249.24510000000006,0.00012694667810682456,2794,326.07,7.920000000000016
37,47,185,144.67734000000002,8.608179510825401e-05,2952,325.98,7.830000000000041
38,47,567,215.63819999999944,0.00023322150892728422,1991,325.96,7.810000000000002
39,47,538,270.0653399999997,0.00022832581511540378,2059,325.88,7.730000000000018
40,47,625,285.6076200000003,0.0002654073958915139,1461,325.81,7.660000000000025
41,47,367,218.1168000000002,0.00021823892723860515,2196,325.69,7.5400000000000205
42,47,166,142.11126000000002,0.00011603092346389476,2831,325.56,7.410000000000025
43,47,107,131.80319999999998,0.00012333620450724476,2811,325.47,7.32000000000005
44,47,557,202.55993999999998,0.0002618816579685507,1529,325.42,7.270000000000039
45,47,392,194.22018000000054,0.0002449803307216783,1820,325.33,7.180000000000007
46,47,599,184.9764599999997,0.00023753962695193656,1935,325.23,7.080000000000041
47,47,313,146.3248799999998,0.00019310771676698965,2431,325.12,6.970000000000027
48,47,6,14.3613,3.9867192518440005e-06,3466,324.95,6.800000000000011
49,47,53,76.25340000000003,3.2053591147566004e-05,3199,324.88,6.730000000000018
50,47,255,169.68203999999997,0.00017550419500998886,2565,324.85,6.7000000000000455
51,47,625,210.3164999999997,0.0002542671719203179,1661,324.81,6.660000000000025
52,47,115,69.85277999999994,8.03961047103007e-05,2975,324.68,6.53000000000003
53,47,108,54.32507999999998,4.289035320014612e-05,3125,324.6,6.4500000000000455
54,47,391,191.96028000000032,0.0002289973209076216,2052,324.59,6.439999999999998
55,47,466,188.0819999999999,0.0002419355382651214,1870,324.54,6.390000000000043
56,47,468,150.1010999999998,0.00021344567363087337,2246,324.47,6.32000000000005
57,47,4,6.29856,1.371120371005e-05,3333,324.35,6.2000000000000455
58,47,161,85.77413999999999,7.168037198849997e-05,3005,324.33,6.180000000000007
59,47,536,238.83498,0.00026432192675492945,1481,324.37,6.220000000000027
60,47,300,101.46221999999989,0.00013796053122462276,2745,324.31,6.160000000000025
61,47,198,86.67809999999992,9.192823958017902e-05,2923,324.28,6.1299999999999955
62,47,537,167.26175999999973,0.0002335075698747487,1987,324.32,6.170000000000016
63,47,177,78.64451999999996,0.00010608110451085501,2876,324.26,6.110000000000014
0,48,60,66.03282,3.848661033027111e-05,3152,324.21,6.060000000000002
1,48,489,350.4886200000018,0.00022276787357524823,2141,324.31,6.160000000000025
2,48,594,212.88257999999956,0.00020730480525222992,2294,324.35,6.2000000000000455
3,48,597,227.15639999999942,0.00023639417890963346,1956,324.42,6.270000000000039
4,48,540,237.44987999999947,0.000244255704219387,1827,324.47,6.32000000000005
5,48,428,384.4308600000006,0.00022515723442492408,2100,324.51,6.360000000000014
6,48,340,235.56906000000083,0.00017056245689132477,2594,324.54,6.390000000000043
7,48,186,196.91748000000027,0.0001126282310048502,2841,324.57,6.420000000000016
8,48,296,228.48318000000054,0.00016370800938094468,2632,324.65,6.5
9,48,437,351.6987600000006,0.0002520647037394875,1693,324.76,6.610000000000014
10,48,351,261.22986000000066,0.00019801725368960425,2383,324.84,6.689999999999998
11,48,261,200.72286000000034,0.00017490607090581768,2567,324.94,6.7900000000000205
12,48,568,280.85454000000004,0.00021384602770570536,2241,325.07,6.920000000000016
13,48,551,283.61015999999967,0.00024567806980834356,1806,325.21,7.060000000000002
14,48,507,217.47527999999951,0.0002317205128765095,2016,325.32,7.170000000000016
15,48,296,264.1021200000007,0.00020806867301340114,2289,325.44,7.2900000000000205
16,48,400,361.74438000000026,0.00026536521059354335,1464,325.59,7.439999999999998
17,48,314,246.16872000000058,0.00023711792108049422,1941,325.72,7.57000000000005
18,48,235,199.04616000000038,0.00016787411287642559,2608,325.82,7.670000000000016
19,48,471,494.1453600000001,0.0002542350389275206,1662,325.97,7.82000000000005
20,48,380,412.4682000000009,0.00026699803005891327,1433,326.08,7.930000000000007
21,48,373,479.7840600000009,0.00027717026940271214,1269,326.17,8.020000000000039
22,48,330,547.3623600000006,0.0002551496130698126,1647,326.24,8.090000000000032
23,48,0,0.0,0.0,3970,326.22,8.07000000000005
24,48,344,757.2997800000002,0.0003018197778278667,1002,326.41,8.260000000000048
25,48,463,991.571219999998,0.0004185358700110927,669,326.53,8.379999999999995
26,48,471,907.0363799999986,0.0004215383119552966,664,326.58,8.430000000000007
27,48,424,866.343599999999,0.0004031354241892155,683,326.59,8.439999999999998
28,48,422,796.8407399999995,0.00036915769023154494,721,326.57,8.420000000000016
29,48,475,901.1023199999993,0.0004055437792982319,682,326.53,8.379999999999995
30,48,179,548.4850200000004,0.0001450748474370638,2717,326.38,8.230000000000018
31,48,51,274.23521999999997,6.217835522841102e-05,3038,326.3,8.150000000000034
32,48,554,791.0378999999999,0.00034907298472471287,757,326.36,8.210000000000036
33,48,488,709.973100000001,0.00032539063643928116,823,326.3,8.150000000000034
34,48,459,674.3104200000001,0.0003020035757279923,999,326.22,8.07000000000005
35,48,377,455.6104200000013,0.00022548799961395107,2096,326.12,7.970000000000027
36,48,281,335.67534000000046,0.00020106998430048257,2352,326.03,7.8799999999999955
37,48,456,231.74909999999974,0.00020854391224566998,2286,325.95,7.800000000000011
38,48,604,304.72200000000004,0.0002633184327972257,1497,325.89,7.740000000000009
39,48,562,247.4663399999999,0.00026857991411162674,1405,325.81,7.660000000000025
40,48,456,231.18047999999968,0.00025837841206942586,1579,325.72,7.57000000000005
41,48,216,181.06902000000028,0.00018109126277198156,2522,325.6,7.4500000000000455
42,48,236,159.7239000000003,0.0001899228346112829,2451,325.51,7.360000000000014
43,48,382,165.70169999999987,0.0002066281607695525,2298,325.42,7.270000000000039
44,48,445,202.34124000000068,0.0002668988268104094,1436,325.35,7.2000000000000455
45,48,338,191.91654000000028,0.00022553334382855884,2095,325.24,7.090000000000032
46,48,438,190.7355600000001,0.0002454915329158133,1811,325.16,7.010000000000048
47,48,460,172.0294199999997,0.0002430729789637358,1849,325.06,6.910000000000025
48,48,188,107.76077999999995,0.00010408617568476697,2883,324.92,6.770000000000039
49,48,434,153.46907999999996,0.00022685380274103283,2080,324.87,6.720000000000027
50,48,561,224.6194800000002,0.00026535165507170666,1465,324.8,6.650000000000034
51,48,333,130.2431399999998,0.0001895876674904507,2455,324.7,6.550000000000011
52,48,205,134.8066799999999,0.00012676123680918362,2796,324.61,6.460000000000036
53,48,470,172.65635999999978,0.00021033267006654514,2276,324.56,6.410000000000025
54,48,514,190.61892000000006,0.0002285468626027071,2057,324.5,6.350000000000023
55,48,398,122.22413999999984,0.00019933130193825732,2366,324.42,6.270000000000039
56,48,98,34.583759999999984,5.2812675059647696e-05,3079,324.31,6.160000000000025
57,48,0,0.0,0.0,3882,324.24,6.090000000000032
58,48,226,88.64639999999994,0.00010181219885137095,2890,324.25,6.100000000000023
59,48,383,107.01719999999985,0.0001771661400914825,2554,324.25,6.100000000000023
60,48,124,107.54207999999996,8.38937822595612e-05,2960,324.2,6.050000000000011
61,48,130,67.35959999999992,9.44351182377181e-05,2916,324.18,6.03000000000003
62,48,565,149.82407999999975,0.00021529222877178066,2224,324.21,6.060000000000002
63,48,137,86.67809999999996,7.823314217161597e-05,2983,324.14,5.990000000000009
0,49,73,70.08605999999999,4.7440568873400026e-05,3101,324.0,5.850000000000023
1,49,413,274.5268200000012,0.00020565487463959214,2303,324.08,5.930000000000007
2,49,450,307.75464000000153,0.0002141898741892555,2236,324.13,5.980000000000018
3,49,420,263.88342000000085,0.00022149815220084886,2154,324.18,6.03000000000003
4,49,547,329.7704400000014,0.00023547615835726906,1962,324.24,6.090000000000032
5,49,469,411.95790000000227,0.00024321957047889706,1845,324.28,6.1299999999999955
6,49,337,244.1566800000006,0.00017371479946463338,2573,324.3,6.150000000000034
7,49,89,111.33287999999996,6.018574943380604e-05,3053,324.31,6.160000000000025
8,49,117,112.3389,6.945140961473378e-05,3014,324.37,6.220000000000027
9,49,222,184.37868000000017,0.0001302692426413475,2782,324.47,6.32000000000005
10,49,149,138.52458000000001,0.00010773127757199012,2865,324.56,6.410000000000025
11,49,104,80.81693999999999,3.8374493028649986e-05,3153,324.65,6.5
12,49,452,275.6932199999999,0.00023261697146694974,2002,324.84,6.689999999999998
13,49,648,297.0820800000004,0.00030653928865090254,970,325.0,6.850000000000023
14,49,487,292.54769999999974,0.00021132714180479981,2265,325.1,6.9500000000000455
15,49,107,186.9156,7.99248964889652e-05,2979,325.19,7.0400000000000205
16,49,216,212.56182000000044,0.00015671035503159644,2668,325.36,7.210000000000036
17,49,471,210.46230000000048,0.00024241748636759773,1863,325.54,7.390000000000043
18,49,370,274.4247600000005,0.00021256614702180795,2251,325.68,7.53000000000003
19,49,619,472.4357400000005,0.00035540595531874413,746,325.86,7.710000000000036
20,49,494,433.27385999999996,0.0002723711975723621,1335,325.94,7.7900000000000205
21,49,417,404.25966000000074,0.0002659163980816942,1453,326.02,7.8700000000000045
22,49,332,500.99796000000066,0.00023071994060217733,2033,326.09,7.939999999999998
23,49,0,0.0,0.0,3868,326.08,7.930000000000007
24,49,322,674.6020200000011,0.0002768602077423684,1274,326.26,8.110000000000014
25,49,391,611.0769600000006,0.00034472546423574104,768,326.37,8.220000000000027
26,49,441,986.5265399999987,0.00042071751191916047,666,326.45,8.300000000000011
27,49,345,567.0745200000001,0.00032411943515525183,830,326.44,8.29000000000002
28,49,406,840.7556999999988,0.0003932829304978039,692,326.45,8.300000000000011
29,49,389,715.1489999999997,0.0003823500948754455,703,326.41,8.260000000000048
30,49,171,418.95630000000006,0.000126649194248356,2797,326.27,8.120000000000005
31,49,54,204.28038,5.614651313838901e-05,3065,326.2,8.050000000000011
32,49,374,600.6668400000004,0.0003595857493497044,734,326.27,8.120000000000005
33,49,371,492.4978200000008,0.00031471815727477336,906,326.21,8.060000000000002
34,49,368,534.2549400000006,0.0002947705624005895,1053,326.14,7.990000000000009
35,49,366,565.878960000001,0.000252480456565977,1688,326.06,7.910000000000025
36,49,342,433.4050800000013,0.000248702489331152,1753,325.98,7.830000000000041
37,49,458,320.3371800000005,0.0002416021633946517,1875,325.89,7.740000000000009
38,49,304,209.10635999999968,0.0001490948427578758,2703,325.78,7.6299999999999955
39,49,446,207.29843999999957,0.00021459567998501723,2231,325.71,7.560000000000002
40,49,248,253.83779999999982,0.0001795690544880167,2531,325.61,7.460000000000036
41,49,132,97.45271999999997,9.781796658840205e-05,2904,325.49,7.340000000000032
42,49,358,205.9424999999998,0.00018662293096176244,2480,325.43,7.28000000000003
43,49,441,191.79989999999998,0.00020943371323537603,2277,325.34,7.189999999999998
44,49,251,170.93592000000038,0.00021149119537039948,2262,325.24,7.090000000000032
45,49,226,166.92641999999998,0.00020122260753015588,2350,325.15,7.0
46,49,551,189.20466000000044,0.0002827479885496851,1197,325.08,6.930000000000007
47,49,417,210.92886000000064,0.0002494449669356999,1739,324.98,6.830000000000041
48,49,563,167.5096200000003,0.00025597305335579786,1629,324.89,6.740000000000009
49,49,451,195.29910000000015,0.0002389931379061505,1912,324.8,6.650000000000034
50,49,233,94.2597,0.00012900001996861177,2787,324.68,6.53000000000003
51,49,262,102.42449999999977,0.00012681842005495526,2795,324.6,6.4500000000000455
52,49,623,194.5117799999997,0.00026259475551727006,1514,324.56,6.410000000000025
53,49,535,188.28611999999976,0.00027475802395340697,1302,324.49,6.340000000000032
54,49,52,47.53079999999995,4.099096763919804e-05,3137,324.33,6.180000000000007
55,49,0,0.0,0.0,3836,324.25,6.100000000000023
56,49,1,6.9984,5.91427475887e-07,3532,324.19,6.0400000000000205
57,49,2,6.53184,1.490181846958e-06,3520,324.15,6.0
58,49,192,126.07325999999986,0.00015045864218640498,2690,324.18,6.03000000000003
59,49,319,169.7403599999999,0.00022146531659435764,2156,324.18,6.03000000000003
60,49,376,152.04023999999976,0.00017681890851871916,2557,324.14,5.990000000000009
61,49,430,155.69981999999973,0.0002335382234074932,1986,324.14,5.990000000000009
62,49,346,160.27794000000006,0.0002369668462340249,1943,324.11,5.960000000000036
63,49,12,17.30646,8.014486017115e-06,3401,324.01,5.860000000000014
0,50,72,46.48104,3.746464223408501e-05,3159,323.76,5.610000000000014
1,50,155,130.88466000000005,8.087849142156229e-05,2972,323.81,5.660000000000025
2,50,429,255.42702000000153,0.00019945446237536315,2363,323.89,5.740000000000009
3,50,459,345.70638000000235,0.00022588889059824897,2093,323.94,5.7900000000000205
4,50,450,312.5223000000017,0.0002115435134362507,2260,323.99,5.840000000000032
5,50,457,317.11500000000166,0.00021079916793463995,2271,324.03,5.8799999999999955
6,50,414,246.11040000000105,0.00020046858814170827,2357,324.07,5.920000000000016
7,50,404,238.06224000000103,0.00026804921763399873,1414,324.14,5.990000000000009
8,50,118,78.73199999999997,6.320154850580801e-05,3032,324.12,5.970000000000027
9,50,5,27.527040000000003,6.280052069338e-06,3440,324.18,6.03000000000003
10,50,17,54.79164,1.200352632669e-05,3353,324.27,6.1200000000000045
11,50,12,74.64960000000002,1.7030649679566002e-05,3307,324.39,6.240000000000009
12,50,128,106.98804000000001,9.4402485970371e-05,2917,324.55,6.400000000000034
13,50,552,256.8558599999999,0.00028450748654174925,1172,324.76,6.610000000000014
14,50,357,185.39927999999998,0.0001760585967486887,2560,324.86,6.710000000000036
15,50,37,158.58666,4.3188123107472994e-05,3124,324.96,6.810000000000002
16,50,39,99.11484000000002,3.3819161780278006e-05,3178,325.13,6.980000000000018
17,50,542,337.833180000001,0.00025533459673876357,1643,325.37,7.220000000000027
18,50,627,350.41572000000133,0.00032191223782052905,850,325.56,7.410000000000025
19,50,695,543.8340000000018,0.0003539144297997566,748,325.71,7.560000000000002
20,50,535,517.3858800000003,0.0002824517663379252,1203,325.8,7.650000000000034
21,50,417,520.5789000000009,0.00024931535853340935,1743,325.88,7.730000000000018
22,50,370,471.15270000000135,0.00023285511744223868,1999,325.95,7.800000000000011
23,50,236,420.82254000000034,0.00019901419790521746,2370,326.02,7.8700000000000045
24,50,367,671.2048800000014,0.0003183133188905621,870,326.14,7.990000000000009
25,50,569,1282.4276399999956,0.0004889367144476248,627,326.27,8.120000000000005
26,50,472,938.0188799999991,0.0003946643757635563,691,326.29,8.140000000000043
27,50,503,1124.8324199999984,0.00045410464840933934,649,326.34,8.189999999999998
28,50,477,884.9476799999998,0.0003818327396015138,704,326.31,8.160000000000025
29,50,474,788.96754,0.00037790258326924334,713,326.29,8.140000000000043
30,50,374,669.9510000000007,0.0002662124904013758,1448,326.21,8.060000000000002
31,50,254,531.6742800000003,0.0002453306543058559,1812,326.17,8.020000000000039
32,50,377,537.8853600000001,0.0003222111776339811,845,326.17,8.020000000000039
33,50,419,565.7185800000004,0.00031023732708422195,940,326.12,7.970000000000027
34,50,399,535.552560000001,0.0002847213151520659,1169,326.06,7.910000000000025
35,50,387,562.394340000001,0.00027324952883513875,1324,325.99,7.840000000000032
36,50,419,502.3684800000017,0.0002720396808263875,1342,325.91,7.760000000000048
37,50,339,333.123840000001,0.00027135320828947,1352,325.83,7.680000000000007
38,50,474,171.7815600000001,0.0002277588175122421,2066,325.73,7.580000000000041
39,50,461,271.14425999999986,0.00022863142919283167,2055,325.64,7.490000000000009
40,50,368,211.48289999999977,0.00016802703310345125,2606,325.53,7.3799999999999955
41,50,549,339.65568,0.00027246242119071626,1334,325.47,7.32000000000005
42,50,705,308.64401999999956,0.00028205618523391586,1210,325.38,7.230000000000018
43,50,418,220.59539999999987,0.000251811207343817,1700,325.27,7.1200000000000045
44,50,58,54.92286000000001,3.837403056512212e-05,3154,325.1,6.9500000000000455
45,50,372,131.19083999999998,0.00017722012823110714,2551,325.05,6.900000000000034
46,50,265,107.60039999999994,0.0001448754358770988,2719,324.95,6.800000000000011
47,50,341,120.51827999999985,0.0001784380742954148,2542,324.87,6.720000000000027
48,50,72,31.01166000000001,4.7506165440676e-05,3100,324.73,6.580000000000041
49,50,386,131.21999999999983,0.0001965282416636515,2397,324.7,6.550000000000011
50,50,194,96.91325999999997,0.000127693950190586,2793,324.59,6.439999999999998
51,50,527,238.92245999999977,0.0002534008830483411,1673,324.55,6.400000000000034
52,50,230,86.70725999999996,0.00013471521219643624,2758,324.43,6.28000000000003
53,50,164,60.30287999999994,7.126376209187416e-05,3008,324.33,6.180000000000007
54,50,0,0.0,0.0,3798,324.23,6.080000000000041
55,50,4,26.12736,5.960727387850001e-06,3444,324.16,6.010000000000048
56,50,1,6.9984,1.59662340746e-06,3513,324.11,5.960000000000036
57,50,52,88.98173999999997,4.3299999014376026e-05,3123,324.09,5.939999999999998
58,50,621,170.71721999999983,0.00024196787144629668,1869,324.13,5.980000000000018
59,50,537,165.3809399999997,0.00023795016251532727,1929,324.1,5.9500000000000455
60,50,540,192.04775999999976,0.00022775331906620705,2067,324.07,5.920000000000016
61,50,445,187.97993999999971,0.00023432564065846344,1977,324.04,5.890000000000043
62,50,412,176.7241799999996,0.00022467654794624758,2106,324.0,5.850000000000023
63,50,16,13.09284,9.953421737777999e-06,3375,323.9,5.75
0,51,19,18.137520000000002,1.7043494094980997e-05,3306,323.52,5.3700000000000045
1,51,115,102.45365999999999,6.801346915116482e-05,3019,323.56,5.410000000000025
2,51,231,134.83584,0.00012032442127292688,2819,323.62,5.470000000000027
3,51,254,135.69605999999996,0.00011348084624581254,2838,323.66,5.510000000000048
4,51,337,176.59296,0.00015307919897859342,2682,323.71,5.560000000000002
5,51,347,198.08387999999957,0.00016325622878240564,2634,323.76,5.610000000000014
6,51,282,158.73245999999983,0.0001405555273738777,2740,323.8,5.650000000000034
7,51,82,75.69935999999998,5.9474656988074004e-05,3056,323.82,5.670000000000016
8,51,24,35.00658000000001,1.4367926432450101e-05,3326,323.86,5.710000000000036
9,51,8,41.990399999999994,8.574544513177e-06,3392,323.94,5.7900000000000205
10,51,9,14.390460000000001,4.744363403912999e-06,3456,324.03,5.8799999999999955
11,51,10,46.364399999999996,1.2459991018443002e-05,3349,324.15,6.0
12,51,2,6.9984,1.59662340746e-06,3500,324.28,6.1299999999999955
13,51,30,59.54472000000001,2.834627682470499e-05,3224,324.44,6.2900000000000205
14,51,12,70.45056,1.6072675635089005e-05,3312,324.59,6.439999999999998
15,51,16,35.808479999999996,8.551196637439999e-06,3393,324.75,6.600000000000023
16,51,41,106.65270000000002,3.0662374787449995e-05,3205,324.94,6.7900000000000205
17,51,525,312.4056600000012,0.00030237821148893266,997,325.22,7.07000000000005
18,51,614,323.792640000001,0.00030271018086335487,993,325.39,7.240000000000009
19,51,670,421.98894000000075,0.00034353108233057357,772,325.55,7.400000000000034
20,51,709,476.6639400000018,0.0003402993603279443,781,325.67,7.520000000000039
21,51,471,445.91472000000147,0.00025545510001058475,1641,325.74,7.590000000000032
22,51,395,461.2966200000009,0.00026896339071431983,1392,325.82,7.670000000000016
23,51,367,396.2698200000007,0.0002858423997516538,1154,325.9,7.75
24,51,399,429.04566000000074,0.00027092393944754326,1360,325.98,7.830000000000041
25,51,442,660.7510200000006,0.0003220809902394168,847,326.06,7.910000000000025
26,51,406,695.6847000000002,0.0003251962922786047,824,326.11,7.960000000000036
27,51,332,519.0042600000005,0.0002932742361025583,1070,326.13,7.980000000000018
28,51,376,528.3063000000004,0.00032351218072271634,834,326.14,7.990000000000009
29,51,380,479.98818000000074,0.0003056780080025072,981,326.13,7.980000000000018
30,51,403,519.0480000000005,0.00031473027583192484,905,326.11,7.960000000000036
31,51,343,449.54514000000097,0.0002903465622418981,1105,326.08,7.930000000000007
32,51,318,412.45362000000097,0.0002756005479132604,1292,326.05,7.900000000000034
33,51,347,459.15336000000104,0.0002771113879184128,1270,326.01,7.860000000000014
34,51,404,503.3016000000016,0.0002779738996642686,1260,325.96,7.810000000000002
35,51,387,483.64776000000154,0.00030901585515459963,948,325.91,7.760000000000048
36,51,379,546.4729800000016,0.0002834101739765523,1188,325.83,7.680000000000007
37,51,346,294.16608000000093,0.00024079575569922642,1889,325.74,7.590000000000032
38,51,490,181.88549999999967,0.00021740609403447054,2202,325.65,7.5
39,51,601,323.09280000000075,0.00028057234122909547,1230,325.58,7.430000000000007
40,51,548,289.22346000000005,0.0002656378882136313,1457,325.49,7.340000000000032
41,51,624,423.2865600000004,0.0002471435016372454,1782,325.39,7.240000000000009
42,51,586,337.2354,0.0002951586834667147,1049,325.31,7.160000000000025
43,51,484,269.26344000000006,0.0002713521206313457,1353,325.19,7.0400000000000205
44,51,243,89.90028000000002,0.00010603639729248858,2877,325.03,6.8799999999999955
45,51,495,172.37933999999973,0.00022069534406980807,2168,324.97,6.82000000000005
46,51,368,199.06074000000004,0.00027375565965457227,1316,324.9,6.75
47,51,570,194.23476000000005,0.00025830599804944074,1581,324.8,6.650000000000034
48,51,389,231.16590000000065,0.0002832383232796169,1190,324.72,6.57000000000005
49,51,639,178.25507999999968,0.0002624737318710057,1517,324.63,6.480000000000018
50,51,435,222.1554600000002,0.00024087458899393067,1887,324.55,6.400000000000034
51,51,376,124.70273999999982,0.0001967061825211853,2395,324.45,6.300000000000011
52,51,368,105.12179999999987,0.00017340412844059653,2575,324.36,6.210000000000036
53,51,35,37.514340000000004,2.7016000909481004e-05,3233,324.23,6.080000000000041
54,51,133,103.18265999999993,0.0001091365038519908,2859,324.19,6.0400000000000205
55,51,216,119.81843999999992,0.00010161375087393668,2892,324.12,5.970000000000027
56,51,244,135.6523199999999,0.0001724303938145668,2583,324.1,5.9500000000000455
57,51,575,225.37763999999987,0.0002572118452153518,1604,324.09,5.939999999999998
58,51,407,191.50830000000013,0.00027049783736938956,1373,324.06,5.910000000000025
59,51,62,43.55045999999995,4.4528951388858134e-05,3114,323.94,5.7900000000000205
60,51,190,98.99819999999978,0.0001317825377707587,2773,323.93,5.78000000000003
61,51,233,70.31933999999997,0.00010725249957192392,2867,323.89,5.740000000000009
62,51,457,168.83639999999983,0.00019081504527796058,2445,323.87,5.720000000000027
63,51,1,3.03264,6.60169067521e-06,3429,323.78,5.6299999999999955
0,52,0,0.0,0.0,3747,323.29,5.140000000000043
1,52,56,85.00140000000002,2.8552510251956722e-05,3219,323.32,5.170000000000016
2,52,47,50.14061999999999,2.6388872463252e-05,3234,323.35,5.2000000000000455
3,52,18,28.999619999999997,7.687125131034e-06,3409,323.38,5.230000000000018
4,52,3,15.86304,2.345764876917e-06,3486,323.42,5.270000000000039
5,52,13,14.7987,6.719860713372e-06,3426,323.46,5.310000000000002
6,52,5,16.70868,3.450708039848e-06,3476,323.51,5.360000000000014
7,52,16,37.71846,9.781013606052002e-06,3378,323.57,5.420000000000016
8,52,1,6.9984,1.59662340746e-06,3509,323.63,5.480000000000018
9,52,3,15.39648,3.51257149641e-06,3475,323.71,5.560000000000002
10,52,16,29.057940000000002,9.179061585966e-06,3386,323.81,5.660000000000025
11,52,2,6.531840000000001,1.490181846958e-06,3519,323.93,5.78000000000003
12,52,6,34.52544,7.876675476796002e-06,3406,324.07,5.920000000000016
13,52,4,18.34164,4.43216291863e-06,3461,324.22,6.07000000000005
14,52,12,76.51584000000003,1.7456415921558e-05,3304,324.4,6.25
15,52,24,75.55356,1.9876961354012e-05,3284,324.58,6.430000000000007
16,52,219,171.31499999999986,0.00010538350657399105,2879,324.8,6.650000000000034
17,52,569,418.62095999999974,0.0002865449695319711,1145,325.06,6.910000000000025
18,52,454,292.533120000001,0.00024298995381544057,1852,325.22,7.07000000000005
19,52,666,405.35316000000125,0.0003458681314993814,766,325.4,7.25
20,52,726,520.9434000000016,0.00036182182411382467,732,325.53,7.3799999999999955
21,52,671,523.7281800000013,0.0003139927547685974,911,325.61,7.460000000000036
22,52,401,403.7056200000011,0.00025911135158311957,1569,325.67,7.520000000000039
23,52,409,383.89140000000106,0.00022479491590245062,2102,325.73,7.580000000000041
24,52,340,332.3656800000007,0.00025682064646001166,1609,325.81,7.660000000000025
25,52,375,484.44966000000136,0.00026806071451358424,1413,325.88,7.730000000000018
26,52,355,452.5777800000006,0.00029982954062495083,1016,325.94,7.7900000000000205
27,52,303,338.69340000000057,0.0002407373713169656,1892,325.95,7.800000000000011
28,52,281,305.0719200000006,0.0002490698903168658,1748,325.96,7.810000000000002
29,52,290,306.66114000000084,0.00025573679116488497,1635,325.97,7.82000000000005
30,52,307,289.39842000000107,0.0002552922271370612,1646,325.96,7.810000000000002
31,52,348,412.7306400000015,0.0002815019880402037,1218,325.96,7.810000000000002
32,52,352,413.9116200000014,0.0002704829935974587,1374,325.94,7.7900000000000205
33,52,375,479.2591800000009,0.0002897943602807128,1111,325.91,7.760000000000048
34,52,490,558.5014800000004,0.0003222407202949764,844,325.88,7.730000000000018
35,52,469,460.02816000000115,0.0002866582467373445,1144,325.81,7.660000000000025
36,52,377,489.8588400000014,0.0003226386619983031,839,325.76,7.610000000000014
37,52,373,519.6020400000009,0.00031199520994454994,925,325.68,7.53000000000003
38,52,415,248.9680800000004,0.00023279099860174508,2000,325.57,7.420000000000016
39,52,453,289.71917999999977,0.00021724094051081585,2204,325.48,7.330000000000041
40,52,583,336.73967999999974,0.00027049827740638637,1372,325.4,7.25
41,52,591,280.2130199999997,0.00025580511272900073,1634,325.3,7.150000000000034
42,52,564,275.5328399999995,0.00028483037802236495,1166,325.21,7.060000000000002
43,52,441,250.93637999999962,0.0001862863195870856,2484,325.07,6.920000000000016
44,52,496,181.88549999999978,0.000231376641636266,2022,324.98,6.830000000000041
45,52,575,216.23597999999959,0.00024356449972686106,1839,324.88,6.730000000000018
46,52,372,185.15141999999977,0.00023667505488986985,1948,324.78,6.6299999999999955
47,52,399,202.48703999999992,0.00023252341598714696,2004,324.68,6.53000000000003
48,52,313,154.81043999999957,0.0001844856828462032,2495,324.58,6.430000000000007
49,52,315,141.00317999999984,0.00020548831298568967,2304,324.52,6.3700000000000045
50,52,407,136.61459999999974,0.00021700958333156057,2208,324.44,6.2900000000000205
51,52,89,92.61215999999996,9.982090058978171e-05,2896,324.33,6.180000000000007
52,52,179,80.13167999999993,8.607130526324904e-05,2953,324.25,6.100000000000023
53,52,484,225.4068,0.0002616864032855756,1535,324.23,6.080000000000041
54,52,523,218.96244000000007,0.000247753803373629,1770,324.16,6.010000000000048
55,52,521,142.43201999999985,0.00022858217775554522,2056,324.09,5.939999999999998
56,52,493,194.93460000000022,0.0002572358817762413,1602,324.05,5.900000000000034
57,52,313,130.4764199999998,0.0001948515984709749,2417,323.99,5.840000000000032
58,52,445,135.18575999999965,0.00019715045282412254,2391,323.94,5.7900000000000205
59,52,201,80.26289999999999,0.00011434121407598798,2834,323.88,5.730000000000018
60,52,472,151.9964999999997,0.00028077583969241644,1227,323.89,5.740000000000009
61,52,87,81.92501999999992,6.218109767448477e-05,3037,323.77,5.6200000000000045
62,52,30,31.405320000000003,1.85504875845861e-05,3299,323.7,5.550000000000011
63,52,0,0.0,0.0,3708,323.66,5.510000000000048
0,53,9,2.1578400000000006,4.157942476699e-06,3464,323.08,4.930000000000007
1,53,23,30.26808,1.1081087632041e-05,3363,323.1,4.9500000000000455
2,53,30,32.20722000000001,2.0053730345182006e-05,3282,323.13,4.980000000000018
3,53,59,48.46391999999997,3.295749306626831e-05,3187,323.17,5.020000000000039
4,53,32,63.94788000000001,2.2139166685557995e-05,3267,323.2,5.050000000000011
5,53,30,43.8129,1.8655658345381096e-05,3296,323.24,5.090000000000032
6,53,32,50.56344000000001,2.0721805092482194e-05,3277,323.3,5.150000000000034
7,53,15,35.37108,1.3043758760643002e-05,3341,323.35,5.2000000000000455
8,53,10,36.56663999999999,1.4712104173929004e-05,3323,323.43,5.28000000000003
9,53,5,18.195840000000004,4.151220859388e-06,3465,323.51,5.360000000000014
10,53,9,47.12256000000001,1.0750597610230001e-05,3368,323.61,5.460000000000036
11,53,7,30.792959999999997,7.025142992816001e-06,3423,323.73,5.580000000000041
12,53,8,39.19104,7.935895150193e-06,3405,323.87,5.720000000000027
13,53,7,15.27984,8.835829052431e-06,3391,324.04,5.890000000000043
14,53,265,204.44076,0.00014434552237522263,2721,324.26,6.110000000000014
15,53,371,228.83310000000031,0.00015548609524961517,2675,324.46,6.310000000000002
16,53,470,300.8145600000003,0.00022285231465622973,2139,324.68,6.53000000000003
17,53,743,658.2286800000031,0.00034769670046175635,763,324.92,6.770000000000039
18,53,495,411.7829400000016,0.0002901030010585369,1109,325.08,6.930000000000007
19,53,605,363.391920000001,0.00030858714787505197,953,325.23,7.080000000000041
20,53,759,392.91642000000144,0.00032415325866757205,829,325.36,7.210000000000036
21,53,631,432.25326000000183,0.0003094950921084399,945,325.45,7.300000000000011
22,53,446,442.6488000000011,0.00023459287996365185,1971,325.51,7.360000000000014
23,53,385,393.1642800000008,0.00021103022539263467,2269,325.57,7.420000000000016
24,53,333,379.6777800000006,0.00021932021710860362,2181,325.64,7.490000000000009
25,53,380,505.022040000001,0.0002535708827608745,1672,325.71,7.560000000000002
26,53,632,377.3449799999998,0.0003165533144572664,884,325.78,7.6299999999999955
27,53,490,329.5517400000007,0.00026210772631987504,1524,325.79,7.640000000000043
28,53,529,225.34847999999977,0.00023766593554934895,1932,325.8,7.650000000000034
29,53,442,207.82332000000008,0.0001970303503983464,2393,325.8,7.650000000000034
30,53,507,334.37772000000064,0.00025916338292472727,1567,325.82,7.670000000000016
31,53,414,466.8661800000011,0.0003224053850692897,841,325.85,7.7000000000000455
32,53,512,521.6869800000011,0.0003336125501922678,797,325.84,7.689999999999998
33,53,618,481.4899200000006,0.00030030885760593765,1011,325.81,7.660000000000025
34,53,562,454.88142000000056,0.00027855034472303226,1252,325.76,7.610000000000014
35,53,384,466.61832000000095,0.0002890256637641087,1117,325.71,7.560000000000002
36,53,357,376.1494200000013,0.00024892310464848905,1752,325.64,7.490000000000009
37,53,389,329.65380000000107,0.00027150417761984987,1350,325.57,7.420000000000016
38,53,545,343.0965599999997,0.00025184815926179363,1699,325.48,7.330000000000041
39,53,608,289.01933999999966,0.00025031846328536425,1724,325.39,7.240000000000009
40,53,443,210.40398000000008,0.00017716645331509364,2553,325.28,7.1299999999999955
41,53,407,165.46841999999992,0.00019242574489258381,2435,325.18,7.03000000000003
42,53,533,263.98547999999994,0.00023732828869259986,1936,325.09,6.939999999999998
43,53,590,237.49361999999962,0.00025076495970589613,1717,324.99,6.840000000000032
44,53,489,267.03269999999964,0.00022684137194312707,2081,324.87,6.720000000000027
45,53,651,284.84946000000014,0.00023977301979720325,1905,324.76,6.610000000000014
46,53,439,153.43991999999986,0.00021600731746967153,2215,324.65,6.5
47,53,146,85.14719999999996,9.847191760804195e-05,2903,324.51,6.360000000000014
48,53,291,195.76566000000017,0.00023302222627946063,1996,324.48,6.330000000000041
49,53,612,178.34255999999965,0.00025837623867542843,1580,324.42,6.270000000000039
50,53,479,227.82708000000045,0.00028673294707728307,1141,324.36,6.210000000000036
51,53,534,206.11745999999968,0.0002466667604810775,1788,324.28,6.1299999999999955
52,53,562,156.50171999999998,0.0002273871938697553,2070,324.21,6.060000000000002
53,53,425,201.80178000000035,0.0002513592595740886,1708,324.15,6.0
54,53,458,154.1980799999997,0.00022292847863518254,2136,324.07,5.920000000000016
55,53,230,107.70245999999983,0.00013158939684401063,2774,323.98,5.830000000000041
56,53,289,77.49269999999997,0.00012959650426314163,2784,323.92,5.770000000000039
57,53,45,26.739720000000002,2.8549552684726006e-05,3220,323.84,5.689999999999998
58,53,47,45.037619999999976,5.020685948370401e-05,3089,323.81,5.660000000000025
59,53,434,149.08049999999974,0.0001914886241687961,2442,323.81,5.660000000000025
60,53,498,233.44037999999978,0.0002421181715423472,1866,323.78,5.6299999999999955
61,53,439,160.32167999999965,0.00023067862413934205,2034,323.72,5.57000000000005
62,53,59,52.61921999999993,4.397104416757211e-05,3117,323.6,5.4500000000000455
63,53,0,0.0,0.0,3650,323.55,5.400000000000034
0,54,0,0.0,0.0,3649,322.89,4.740000000000009
1,54,33,18.020880000000002,1.8392302789525003e-05,3300,322.91,4.760000000000048
2,54,42,34.77329999999998,3.2794561994709705e-05,3190,322.94,4.7900000000000205
3,54,68,79.25688000000001,4.2751002312950996e-05,3128,322.97,4.82000000000005
4,54,7,21.359700000000004,5.492225370467e-06,3446,322.99,4.840000000000032
5,54,3,16.3296,3.7254546174050005e-06,3471,323.04,4.890000000000043
6,54,14,62.05248000000001,1.4156727546131001e-05,3329,323.1,4.9500000000000455
7,54,16,46.160280000000014,1.3651818193608e-05,3335,323.16,5.010000000000048
8,54,11,56.84742000000001,1.2632776448541001e-05,3347,323.24,5.090000000000032
9,54,4,22.1616,1.0207698812510002e-05,3371,323.32,5.170000000000016
10,54,9,28.897560000000002,7.335761368045e-06,3417,323.43,5.28000000000003
11,54,8,37.324799999999996,8.515324839783e-06,3394,323.55,5.400000000000034
12,54,8,26.8272,8.894395330291e-06,3389,323.69,5.5400000000000205
13,54,5,17.26272,3.9383377383939994e-06,3468,323.86,5.710000000000036
14,54,378,232.93007999999983,0.000215528646234897,2221,324.12,5.970000000000027
15,54,452,231.6762000000004,0.00023717391860242088,1939,324.32,6.170000000000016
16,54,497,390.00042000000013,0.00024147117005178214,1879,324.53,6.3799999999999955
17,54,745,756.0167400000037,0.00039236726255235976,694,324.77,6.6200000000000045
18,54,544,468.2804400000008,0.0003209943333853867,857,324.92,6.770000000000039
19,54,666,370.01124000000067,0.000310245894957661,939,325.07,6.920000000000016
20,54,694,413.0514000000013,0.00036197512040700436,730,325.21,7.060000000000002
21,54,630,463.9501800000016,0.00031818927094834717,872,325.3,7.150000000000034
22,54,399,315.5986800000007,0.00020406011521378325,2323,325.34,7.189999999999998
23,54,401,368.71362000000164,0.00024192925607512025,1871,325.42,7.270000000000039
24,54,358,344.8899000000009,0.00022048802066303112,2170,325.48,7.330000000000041
25,54,360,341.93016000000097,0.00021630302985654312,2212,325.53,7.3799999999999955
26,54,412,400.07520000000056,0.0002624483029764135,1519,325.59,7.439999999999998
27,54,611,331.91369999999995,0.0002638849820778343,1489,325.63,7.480000000000018
28,54,567,291.35213999999985,0.0002681544962203914,1412,325.65,7.5
29,54,642,374.8080600000001,0.0002799620014640943,1238,325.67,7.520000000000039
30,54,594,278.66754000000026,0.0002824642268543358,1201,325.69,7.5400000000000205
31,54,497,431.74296000000095,0.0002839672564380239,1181,325.7,7.550000000000011
32,54,564,423.1845000000013,0.00031004863650577956,941,325.71,7.560000000000002
33,54,626,512.6182200000007,0.0003485412097992047,759,325.7,7.550000000000011
34,54,599,488.60496000000126,0.00030373605891615666,986,325.65,7.5
35,54,375,411.75378000000063,0.00026045480294057267,1553,325.59,7.439999999999998
36,54,362,361.11744000000164,0.0002731943974123642,1325,325.54,7.390000000000043
37,54,331,350.6927400000012,0.0002396610133559813,1908,325.46,7.310000000000002
38,54,494,189.11717999999954,0.00019481420315630864,2418,325.36,7.210000000000036
39,54,590,256.34556,0.0003005645094592755,1007,325.32,7.170000000000016
40,54,645,331.05348,0.00025984970484111965,1558,325.21,7.060000000000002
41,54,674,324.56537999999955,0.0002782581313384104,1255,325.11,6.960000000000036
42,54,406,157.52231999999967,0.00021198761594283261,2258,324.98,6.830000000000041
43,54,398,163.7333999999998,0.0001443021582458208,2722,324.84,6.689999999999998
44,54,547,271.3338000000001,0.0002692098029401898,1389,324.76,6.610000000000014
45,54,479,192.6746999999998,0.0002595121341837781,1564,324.64,6.490000000000009
46,54,150,56.39543999999997,7.696546735032698e-05,2986,324.46,6.310000000000002
47,54,6,29.16,5.412855882139001e-06,3448,324.34,6.189999999999998
48,54,59,89.47746000000002,5.411230402661303e-05,3076,324.28,6.1299999999999955
49,54,548,209.2667399999995,0.0002624903308344544,1516,324.29,6.140000000000043
50,54,286,127.67705999999978,0.0001901550414245515,2449,324.22,6.07000000000005
51,54,551,161.22563999999963,0.0002595883746297036,1562,324.18,6.03000000000003
52,54,254,90.43974,0.00017258598497638743,2581,324.09,5.939999999999998
53,54,389,117.48563999999989,0.00018282379762249963,2511,324.03,5.8799999999999955
54,54,12,5.277960000000001,1.1489480886666001e-05,3358,323.91,5.760000000000048
55,54,7,4.957200000000001,1.0791225142173998e-05,3367,323.85,5.7000000000000455
56,54,33,31.215780000000002,1.19355562466408e-05,3354,323.8,5.650000000000034
57,54,194,133.04249999999993,0.00016738122843583568,2612,323.8,5.650000000000034
58,54,526,209.3833799999998,0.00025194790416334096,1698,323.78,5.6299999999999955
59,54,470,191.84363999999982,0.0002430235174139579,1851,323.73,5.580000000000041
60,54,357,139.48685999999978,0.00021352352742195853,2244,323.67,5.520000000000039
61,54,531,215.41950000000006,0.00025562267746927794,1638,323.62,5.470000000000027
62,54,62,29.888999999999992,5.142669244630203e-05,3085,323.49,5.340000000000032
63,54,0,0.0,0.0,3621,323.44,5.2900000000000205
0,55,0,0.0,0.0,3609,322.72,4.57000000000005
1,55,0,0.0,0.0,3599,322.73,4.580000000000041
2,55,0,0.0,0.0,3600,322.75,4.600000000000023
3,55,0,0.0,0.0,3601,322.78,4.6299999999999955
4,55,0,0.0,0.0,3602,322.82,4.670000000000016
5,55,0,0.0,0.0,3603,322.86,4.710000000000036
6,55,0,0.0,0.0,3604,322.92,4.770000000000039
7,55,0,0.0,0.0,3605,322.98,4.830000000000041
8,55,17,12.742920000000002,8.222200245156e-06,3397,323.06,4.910000000000025
9,55,0,0.0,0.0,3606,323.15,5.0
10,55,1,2.3328,5.32207802485e-07,3533,323.26,5.110000000000014
11,55,1,2.3328,5.32207802485e-07,3535,323.38,5.230000000000018
12,55,0,0.0,0.0,3607,323.52,5.3700000000000045
13,55,0,0.0,0.0,3608,323.69,5.5400000000000205
14,55,20,29.5974,1.9098591321955996e-05,3292,323.88,5.730000000000018
15,55,56,67.43249999999998,3.3670341279648206e-05,3181,324.08,5.930000000000007
16,55,437,394.12656000000044,0.00024071592411268662,1893,324.36,6.210000000000036
17,55,475,310.90392000000077,0.00026275354945310607,1511,324.56,6.410000000000025
18,55,511,328.15206000000103,0.0002749014211542546,1299,324.73,6.580000000000041
19,55,536,298.9483200000001,0.00027565842024500917,1291,324.89,6.740000000000009
20,55,584,344.3941800000006,0.00030256726409552833,995,325.03,6.8799999999999955
21,55,535,305.88839999999993,0.00021334053798951314,2248,325.1,6.9500000000000455
22,55,539,368.9031600000002,0.0002807160836994579,1228,325.21,7.060000000000002
23,55,311,350.51778000000064,0.00023649114531414182,1953,325.26,7.110000000000014
24,55,318,380.3630400000013,0.00022584779882177194,2094,325.32,7.170000000000016
25,55,387,434.0611800000015,0.0002549670515879424,1650,325.38,7.230000000000018
26,55,421,390.6273600000007,0.00024065475609223443,1894,325.41,7.260000000000048
27,55,611,350.1241200000003,0.00028211798876376864,1208,325.46,7.310000000000002
28,55,580,293.6266200000001,0.00029274780458558847,1072,325.49,7.340000000000032
29,55,488,304.4595599999999,0.000284613042630242,1170,325.51,7.360000000000014
30,55,347,298.7442000000006,0.0002461880867259222,1799,325.52,7.3700000000000045
31,55,496,468.46998000000093,0.0003175075516087259,878,325.56,7.410000000000025
32,55,557,446.045940000001,0.0002999373331696507,1015,325.56,7.410000000000025
33,55,659,585.7806600000014,0.00036508396956175487,726,325.58,7.430000000000007
34,55,578,417.4254000000006,0.00029224226909190903,1077,325.53,7.3799999999999955
35,55,391,366.86196000000115,0.00026740231079296057,1423,325.48,7.330000000000041
36,55,358,319.4478000000012,0.00025611299649668467,1628,325.42,7.270000000000039
37,55,327,306.09252000000134,0.0002452965288229393,1814,325.35,7.2000000000000455
38,55,462,247.5100799999995,0.00022304491269366583,2134,325.27,7.1200000000000045
39,55,568,210.94343999999992,0.0002675540683156589,1420,325.21,7.060000000000002
40,55,506,244.14210000000006,0.0003012231364873796,1004,325.12,6.970000000000027
41,55,607,293.4516600000005,0.0002971661122887085,1036,325.01,6.860000000000014
42,55,373,210.25818000000007,0.00020473642596475293,2316,324.87,6.720000000000027
43,55,418,200.8832399999998,0.00017705011651540713,2556,324.73,6.580000000000041
44,55,570,173.0500199999994,0.0002387376531354288,1919,324.63,6.480000000000018
45,55,274,114.73001999999991,0.00015934527962607606,2655,324.47,6.32000000000005
46,55,7,43.39008,9.899065126249001e-06,3376,324.3,6.150000000000034
47,55,4,4.8114,2.291007738505e-06,3487,324.2,6.050000000000011
48,55,8,31.565700000000003,7.798101400326e-06,3407,324.13,5.980000000000018
49,55,29,48.37643999999999,2.8275519511916002e-05,3226,324.08,5.930000000000007
50,55,319,159.69473999999997,0.00022908383265093582,2049,324.11,5.960000000000036
51,55,447,162.59615999999968,0.00022180076861296627,2149,324.06,5.910000000000025
52,55,210,100.23749999999987,0.00010978786961043996,2855,323.96,5.810000000000002
53,55,161,125.03807999999988,0.00012088017992185787,2817,323.91,5.760000000000048
54,55,227,133.9901999999999,0.00017026652079849051,2596,323.87,5.720000000000027
55,55,568,195.80939999999987,0.00024603827274020707,1800,323.84,5.689999999999998
56,55,401,204.2512200000004,0.0002525854902804054,1686,323.79,5.640000000000043
57,55,593,216.39635999999985,0.00024402510648094793,1830,323.74,5.590000000000032
58,55,447,157.87224,0.00022235082763859124,2146,323.68,5.53000000000003
59,55,305,108.41687999999974,0.0001429067650291228,2730,323.6,5.4500000000000455
60,55,428,162.26081999999994,0.00025663474357635955,1614,323.58,5.430000000000007
61,55,395,146.58731999999983,0.0001531769161847566,2681,323.47,5.32000000000005
62,55,4,0.33534,7.29994641971e-07,3530,323.36,5.210000000000036
63,55,0,0.0,0.0,3629,323.32,5.170000000000016
0,56,0,0.0,0.0,3663,322.56,4.410000000000025
1,56,0,0.0,0.0,3664,322.57,4.420000000000016
2,56,0,0.0,0.0,3665,322.59,4.439999999999998
3,56,0,0.0,0.0,3666,322.62,4.470000000000027
4,56,0,0.0,0.0,3653,322.66,4.510000000000048
5,56,0,0.0,0.0,3654,322.71,4.560000000000002
6,56,0,0.0,0.0,3655,322.76,4.610000000000014
7,56,0,0.0,0.0,3656,322.83,4.680000000000007
8,56,0,0.0,0.0,3668,322.91,4.760000000000048
9,56,0,0.0,0.0,3669,323.0,4.850000000000023
10,56,0,0.0,0.0,3670,323.11,4.960000000000036
11,56,0,0.0,0.0,3671,323.23,5.080000000000041
12,56,0,0.0,0.0,3661,323.37,5.220000000000027
13,56,0,0.0,0.0,3662,323.53,5.3799999999999955
14,56,12,14.594580000000002,1.1790164397454001e-05,3357,323.72,5.57000000000005
15,56,43,101.22893999999998,2.7416047748038084e-05,3229,323.92,5.770000000000039
16,56,244,307.39014000000014,0.00014420812591317276,2723,324.16,6.010000000000048
17,56,357,115.15284000000001,0.0001854296790482921,2490,324.36,6.210000000000036
18,56,159,95.25113999999999,9.714898713172396e-05,2908,324.51,6.360000000000014
19,56,463,141.92171999999985,0.000204515146932759,2318,324.7,6.550000000000011
20,56,561,189.74411999999975,0.00022969172140681156,2043,324.84,6.689999999999998
21,56,608,266.7702599999998,0.00027349377146565756,1321,324.96,6.810000000000002
22,56,507,231.88032000000064,0.0002336242371495486,1985,325.03,6.8799999999999955
23,56,215,190.31274000000016,0.00016972782367453393,2599,325.08,6.930000000000007
24,56,265,215.97354000000084,0.00021327317401193617,2250,325.15,7.0
25,56,351,375.6245400000016,0.00025795869408066726,1587,325.21,7.060000000000002
26,56,351,354.629340000002,0.00025118159942750574,1710,325.24,7.090000000000032
27,56,416,252.6422400000008,0.00022093212981586687,2163,325.26,7.110000000000014
28,56,494,289.73376000000025,0.00025203923916713246,1695,325.3,7.150000000000034
29,56,323,262.29420000000005,0.00019859054073278557,2376,325.3,7.150000000000034
30,56,278,217.72314000000063,0.00019545059336502908,2413,325.33,7.180000000000007
31,56,550,403.18074000000024,0.00026651215746933,1440,325.38,7.230000000000018
32,56,571,358.551360000001,0.00029445355122848665,1057,325.41,7.260000000000048
33,56,710,531.338940000001,0.00032804117098004176,813,325.42,7.270000000000039
34,56,583,404.1867600000009,0.00029377494083638646,1066,325.4,7.25
35,56,353,364.4271000000009,0.0002548357302184457,1651,325.35,7.2000000000000455
36,56,358,322.9324200000013,0.00024046668962596552,1897,325.3,7.150000000000034
37,56,314,290.9293200000009,0.00025944835387701955,1565,325.25,7.100000000000023
38,56,449,198.69624000000027,0.00024147545204180503,1878,325.17,7.020000000000039
39,56,601,241.12404000000035,0.0002597418495535905,1559,325.1,6.9500000000000455
40,56,380,176.28677999999968,0.00018830559527252902,2470,324.98,6.830000000000041
41,56,183,124.01748,9.112548637650792e-05,2927,324.84,6.689999999999998
42,56,295,115.3277999999999,0.00017150049499627893,2588,324.75,6.600000000000023
43,56,436,204.5573999999996,0.0002122661989397397,2253,324.63,6.480000000000018
44,56,96,93.80772000000003,3.579379511751298e-05,3165,324.44,6.2900000000000205
45,56,14,43.579620000000006,1.2642008890444003e-05,3346,324.29,6.140000000000043
46,56,5,21.30138,5.456387069396e-06,3447,324.17,6.020000000000039
47,56,7,34.13178,7.14378833413e-06,3420,324.07,5.920000000000016
48,56,2,7.46496,1.703064967952e-06,3498,324.0,5.850000000000023
49,56,34,36.62496,4.075643772444199e-05,3141,323.96,5.810000000000002
50,56,602,183.9412799999997,0.00027575114201078683,1289,324.0,5.850000000000023
51,56,419,264.5541000000013,0.00026242551594892594,1520,323.95,5.800000000000011
52,56,598,178.4008799999999,0.0002481379144977136,1764,323.9,5.75
53,56,466,204.06168000000034,0.00026411749816067896,1482,323.86,5.710000000000036
54,56,583,234.59220000000022,0.00025685631752033925,1608,323.81,5.660000000000025
55,56,424,176.94288000000012,0.0002483898351637719,1760,323.75,5.600000000000023
56,56,497,167.9324399999996,0.00024007865916003123,1902,323.7,5.550000000000011
57,56,302,116.52336000000005,0.00017934620897523145,2534,323.62,5.470000000000027
58,56,431,117.25235999999988,0.00018906345907114338,2458,323.57,5.420000000000016
59,56,364,138.32045999999977,0.00021124794105183449,2266,323.51,5.360000000000014
60,56,537,218.70000000000002,0.0002639602014844102,1487,323.46,5.310000000000002
61,56,55,40.79484000000001,3.3960740475840705e-05,3177,323.31,5.160000000000025
62,56,0,0.0,0.0,3690,323.24,5.090000000000032
63,56,0,0.0,0.0,3691,323.21,5.060000000000002
0,57,0,0.0,0.0,3726,322.43,4.28000000000003
1,57,0,0.0,0.0,3727,322.44,4.2900000000000205
2,57,0,0.0,0.0,3728,322.46,4.310000000000002
3,57,0,0.0,0.0,3729,322.49,4.340000000000032
4,57,0,0.0,0.0,3716,322.53,4.3799999999999955
5,57,0,0.0,0.0,3717,322.57,4.420000000000016
6,57,0,0.0,0.0,3718,322.63,4.480000000000018
7,57,0,0.0,0.0,3719,322.7,4.550000000000011
8,57,0,0.0,0.0,3733,322.78,4.6299999999999955
9,57,0,0.0,0.0,3734,322.87,4.720000000000027
10,57,0,0.0,0.0,3735,322.98,4.830000000000041
11,57,0,0.0,0.0,3724,323.1,4.9500000000000455
12,57,0,0.0,0.0,3725,323.24,5.090000000000032
13,57,11,6.89634,5.362829111286999e-06,3449,323.4,5.25
14,57,8,3.455460000000001,4.280607716724e-06,3463,323.58,5.430000000000007
15,57,226,224.79444000000046,0.00011803669634735179,2825,323.8,5.650000000000034
16,57,365,348.8119200000011,0.0001883277747265419,2469,324.02,5.8700000000000045
17,57,461,137.8393199999997,0.000188723038983471,2463,324.2,6.050000000000011
18,57,592,196.53839999999983,0.00025427593028856,1660,324.4,6.25
19,57,634,214.03439999999975,0.00021824255083968105,2195,324.55,6.400000000000034
20,57,603,269.40923999999995,0.00023657245219750657,1950,324.69,6.5400000000000205
21,57,591,231.25337999999968,0.00026727326861687066,1426,324.81,6.660000000000025
22,57,383,173.53115999999957,0.00015641563458903188,2669,324.86,6.710000000000036
23,57,580,185.89499999999984,0.00024803347448734274,1767,324.95,6.800000000000011
24,57,311,124.54235999999985,0.00019805748047866764,2382,324.99,6.840000000000032
25,57,471,212.86800000000042,0.00022547568680639002,2097,325.03,6.8799999999999955
26,57,288,224.2987200000009,0.00020061935113340585,2355,325.05,6.900000000000034
27,57,234,180.77742000000066,0.00016404447594649434,2629,325.06,6.910000000000025
28,57,288,218.6562600000008,0.0002138198512341249,2242,325.1,6.9500000000000455
29,57,281,228.920580000001,0.00022133066582830473,2159,325.13,6.980000000000018
30,57,234,178.43004000000067,0.0001830143164594419,2509,325.14,6.990000000000009
31,57,393,196.33428000000055,0.00022786378557621763,2064,325.19,7.0400000000000205
32,57,397,252.01530000000037,0.00025068985644032796,1720,325.23,7.080000000000041
33,57,647,458.00154000000106,0.0003154232154362556,898,325.27,7.1200000000000045
34,57,424,269.0447400000011,0.00024637994624198545,1794,325.25,7.100000000000023
35,57,343,238.32468000000085,0.0002503476564872088,1723,325.22,7.07000000000005
36,57,336,242.49456000000112,0.00022111883868186123,2162,325.18,7.03000000000003
37,57,311,237.47904000000096,0.00022868999929705818,2054,325.13,6.980000000000018
38,57,346,255.83526000000032,0.00020262130846363714,2340,325.05,6.900000000000034
39,57,395,227.06891999999996,0.0002242906833731429,2115,324.98,6.830000000000041
40,57,595,220.43501999999944,0.0002408793566180822,1886,324.9,6.75
41,57,499,192.76217999999986,0.0001986525761816959,2375,324.78,6.6299999999999955
42,57,629,231.53039999999984,0.00026305162035492215,1502,324.68,6.53000000000003
43,57,288,97.75889999999988,0.00013645811731473884,2751,324.5,6.350000000000023
44,57,4,14.58,4.317015051866e-06,3462,324.31,6.160000000000025
45,57,9,62.98560000000002,1.4369610667140003e-05,3325,324.18,6.03000000000003
46,57,10,69.98400000000002,1.5966234074600004e-05,3316,324.06,5.910000000000025
47,57,4,27.9936,6.38649362984e-06,3436,323.96,5.810000000000002
48,57,5,31.25952,7.13158455332e-06,3421,323.88,5.730000000000018
49,57,0,0.0,0.0,3754,323.82,5.670000000000016
50,57,9,13.559399999999998,8.040417794432e-06,3400,323.79,5.640000000000043
51,57,26,22.905180000000012,2.7035736194375008e-05,3231,323.75,5.600000000000023
52,57,327,92.62674000000003,0.0001378970017847697,2746,323.75,5.600000000000023
53,57,322,105.15095999999986,0.00019080947931422374,2446,323.72,5.57000000000005
54,57,453,144.45863999999986,0.0002076321888321755,2293,323.68,5.53000000000003
55,57,345,109.07297999999986,0.00019843803957674263,2378,323.63,5.480000000000018
56,57,277,106.3319399999999,0.00015798841988013047,2663,323.56,5.410000000000025
57,57,517,146.99555999999984,0.0002762538199692104,1283,323.54,5.390000000000043
58,57,445,155.49569999999986,0.00021695733148784164,2209,323.46,5.310000000000002
59,57,472,208.69812000000027,0.00023514280204781714,1968,323.4,5.25
60,57,478,170.1340199999997,0.00020054938740229355,2356,323.32,5.170000000000016
61,57,45,38.76821999999999,6.828616074690768e-05,3016,323.2,5.050000000000011
62,57,1,0.0729,1.58694487385e-07,3542,323.13,4.980000000000018
63,57,0,0.0,0.0,3759,323.1,4.9500000000000455
0,58,0,0.0,0.0,3789,322.32,4.170000000000016
1,58,0,0.0,0.0,3790,322.33,4.180000000000007
2,58,0,0.0,0.0,3791,322.35,4.2000000000000455
3,58,0,0.0,0.0,3792,322.38,4.230000000000018
4,58,0,0.0,0.0,3781,322.42,4.270000000000039
5,58,0,0.0,0.0,3782,322.46,4.310000000000002
6,58,0,0.0,0.0,3783,322.52,4.3700000000000045
7,58,0,0.0,0.0,3784,322.59,4.439999999999998
8,58,0,0.0,0.0,3793,322.67,4.520000000000039
9,58,0,0.0,0.0,3794,322.76,4.610000000000014
10,58,0,0.0,0.0,3795,322.87,4.720000000000027
11,58,0,0.0,0.0,3788,322.99,4.840000000000032
12,58,2,1.6912800000000001,8.812087999639999e-07,3528,323.12,4.970000000000027
13,58,10,10.541340000000003,3.979975150683e-06,3467,323.28,5.1299999999999955
14,58,68,69.12378,3.002362114697912e-05,3208,323.46,5.310000000000002
15,58,262,239.7826800000003,0.00012347541447565386,2810,323.67,5.520000000000039
16,58,290,212.89716000000038,0.00014218677552386088,2733,323.86,5.710000000000036
17,58,22,8.58762,1.6547487289039e-05,3310,324.0,5.850000000000023
18,58,170,50.54885999999996,9.423231982106698e-05,2918,324.2,6.050000000000011
19,58,464,185.28263999999993,0.0002516089560128936,1703,324.41,6.260000000000048
20,58,467,169.11341999999985,0.0002477962511461722,1768,324.55,6.400000000000034
21,58,530,211.20587999999944,0.00023458803318972875,1972,324.66,6.510000000000048
22,58,445,202.74947999999972,0.0002194822532974669,2179,324.74,6.590000000000032
23,58,565,217.16909999999922,0.00022150879951170712,2153,324.8,6.650000000000034
24,58,591,222.1408799999997,0.00024178865962389958,1873,324.86,6.710000000000036
25,58,156,71.64612,9.05836901840947e-05,2931,324.83,6.680000000000007
26,58,23,28.985039999999998,1.6534527801358e-05,3311,324.82,6.670000000000016
27,58,5,4.3156799999999995,1.975300720923e-06,3494,324.83,6.680000000000007
28,58,8,9.27288,4.974123599975e-06,3452,324.85,6.7000000000000455
29,58,22,20.79108,1.3990571707020695e-05,3330,324.88,6.730000000000018
30,58,30,28.970459999999985,2.5307880933969713e-05,3241,324.91,6.760000000000048
31,58,20,23.619600000000002,2.3336699739397103e-05,3256,324.95,6.800000000000011
32,58,175,126.90431999999997,0.00011253711049548342,2844,325.03,6.8799999999999955
33,58,305,308.77524000000057,0.00024053222979420223,1896,325.1,6.9500000000000455
34,58,233,218.33550000000056,0.00018224758494091048,2514,325.09,6.939999999999998
35,58,461,211.65785999999974,0.00021086023038193374,2270,325.09,6.939999999999998
36,58,428,206.3215799999999,0.00020898291183787325,2281,325.06,6.910000000000025
37,58,410,157.17239999999978,0.00015583324296645265,2673,325.0,6.850000000000023
38,58,302,182.8623599999997,0.0001526775202417206,2685,324.94,6.7900000000000205
39,58,355,199.74599999999992,0.00013641897654391886,2752,324.86,6.710000000000036
40,58,584,258.75125999999995,0.0002734971322743609,1320,324.82,6.670000000000016
41,58,608,229.47461999999965,0.00023174656781710566,2014,324.71,6.560000000000002
42,58,601,269.26344000000006,0.0002973196333759178,1034,324.6,6.4500000000000455
43,58,328,125.41715999999983,0.00015638037009499067,2670,324.42,6.270000000000039
44,58,9,18.181259999999998,7.293418769698999e-06,3418,324.22,6.07000000000005
45,58,1,6.9984,1.59662340746e-06,3504,324.09,5.939999999999998
46,58,6,41.99040000000001,9.579740444760001e-06,3381,323.97,5.82000000000005
47,58,10,69.98400000000002,1.5966234074600004e-05,3314,323.87,5.720000000000027
48,58,7,32.19264,7.344467674305001e-06,3415,323.78,5.6299999999999955
49,58,5,16.79616,3.831896177892e-06,3470,323.72,5.57000000000005
50,58,114,40.546979999999984,5.917137280293406e-05,3057,323.7,5.550000000000011
51,58,167,46.247759999999985,9.703897016190596e-05,2909,323.67,5.520000000000039
52,58,18,19.741320000000005,2.1497710324666007e-05,3271,323.6,5.4500000000000455
53,58,124,87.71327999999988,0.00010861394239278172,2861,323.58,5.430000000000007
54,58,426,132.8237999999999,0.00018785576037101036,2472,323.56,5.410000000000025
55,58,544,185.98247999999975,0.00026872902857977656,1399,323.53,5.3799999999999955
56,58,441,147.82661999999996,0.00022459110083955104,2110,323.46,5.310000000000002
57,58,537,269.0447400000001,0.0002813900301265726,1221,323.42,5.270000000000039
58,58,452,136.3521599999998,0.00019586076644162735,2406,323.32,5.170000000000016
59,58,262,158.65955999999983,0.00017587696068773403,2562,323.25,5.100000000000023
60,58,35,22.890600000000017,2.835331217968901e-05,3222,323.13,4.980000000000018
61,58,0,0.0,0.0,3785,323.06,4.910000000000025
62,58,0,0.0,0.0,3786,323.02,4.8700000000000045
63,58,0,0.0,0.0,3787,322.99,4.840000000000032
0,59,0,0.0,0.0,3849,322.23,4.080000000000041
1,59,0,0.0,0.0,3850,322.24,4.090000000000032
2,59,0,0.0,0.0,3851,322.26,4.110000000000014
3,59,0,0.0,0.0,3852,322.29,4.140000000000043
4,59,0,0.0,0.0,3853,322.32,4.170000000000016
5,59,0,0.0,0.0,3854,322.37,4.220000000000027
6,59,0,0.0,0.0,3846,322.43,4.28000000000003
7,59,0,0.0,0.0,3847,322.5,4.350000000000023
8,59,0,0.0,0.0,3857,322.58,4.430000000000007
9,59,0,0.0,0.0,3858,322.67,4.520000000000039
10,59,0,0.0,0.0,3859,322.77,4.6200000000000045
11,59,0,0.0,0.0,3860,322.89,4.740000000000009
12,59,0,0.0,0.0,3861,323.02,4.8700000000000045
13,59,0,0.0,0.0,3848,323.17,5.020000000000039
14,59,53,53.683559999999964,2.542860757686573e-05,3240,323.35,5.2000000000000455
15,59,316,273.59370000000035,0.00014673036616423446,2710,323.56,5.410000000000025
16,59,268,174.46428000000043,0.00012487801706520372,2807,323.73,5.580000000000041
17,59,0,0.0,0.0,3856,323.86,5.710000000000036
18,59,218,85.19093999999991,0.00011937406907006687,2821,324.08,5.930000000000007
19,59,543,174.72672000000026,0.00027050111586263663,1371,324.29,6.140000000000043
20,59,489,173.34161999999986,0.0002297886609050108,2041,324.42,6.270000000000039
21,59,622,260.06345999999985,0.00027166645914750127,1349,324.54,6.390000000000043
22,59,526,239.75351999999955,0.0002206426348599102,2169,324.61,6.460000000000036
23,59,578,202.50161999999955,0.0002673516065695768,1424,324.69,6.5400000000000205
24,59,486,175.67441999999974,0.0002509277674631293,1713,324.73,6.580000000000041
25,59,391,113.19912000000004,0.00014639555566137697,2714,324.71,6.560000000000002
26,59,179,56.13299999999995,7.725234467276708e-05,2985,324.7,6.550000000000011
27,59,4,4.82598,9.29918216074e-06,3385,324.68,6.53000000000003
28,59,0,0.0,0.0,3866,324.69,6.5400000000000205
29,59,2,6.9984,5.91427475887e-07,3531,324.72,6.57000000000005
30,59,0,0.0,0.0,3855,324.75,6.600000000000023
31,59,3,8.86464,2.022389649448e-06,3493,324.8,6.650000000000034
32,59,64,31.4928,4.0952303087458706e-05,3138,324.87,6.720000000000027
33,59,307,271.0859400000005,0.00020280508819255926,2334,324.97,6.82000000000005
34,59,266,257.1766200000003,0.00019835245411163626,2379,324.98,6.830000000000041
35,59,289,303.8472000000008,0.0002026377852699869,2339,324.98,6.830000000000041
36,59,586,213.3928799999995,0.00023127272030220458,2023,324.97,6.82000000000005
37,59,514,220.2454799999997,0.0002841056485393549,1179,324.95,6.800000000000011
38,59,451,143.9045999999998,0.00020912853196748733,2279,324.87,6.720000000000027
39,59,498,209.84994000000023,0.0002391084293002593,1911,324.8,6.650000000000034
40,59,553,187.04681999999934,0.00021419084393318653,2235,324.71,6.560000000000002
41,59,554,224.19666000000004,0.00029766347606253237,1032,324.64,6.490000000000009
42,59,255,95.49899999999997,0.0001491438355213579,2701,324.48,6.330000000000041
43,59,29,27.8478,2.1164439122741996e-05,3273,324.3,6.150000000000034
44,59,3,6.531840000000001,1.490181846958e-06,3522,324.15,6.0
45,59,241,84.44735999999995,0.00013339643863462578,2765,324.07,5.920000000000016
46,59,15,4.607279999999999,8.877769071876997e-06,3390,323.9,5.75
47,59,0,0.0,0.0,3888,323.78,5.6299999999999955
48,59,11,51.78816,1.1815013215184e-05,3356,323.7,5.550000000000011
49,59,38,45.635400000000004,4.2062950100674985e-05,3129,323.65,5.5
50,59,465,169.50708000000012,0.00026504932061463744,1466,323.68,5.53000000000003
51,59,379,168.38442000000023,0.00022291562576360333,2137,323.62,5.470000000000027
52,59,451,180.50039999999973,0.00020270666882263912,2336,323.56,5.410000000000025
53,59,576,219.96846,0.00027188963559337,1346,323.53,5.3799999999999955
54,59,407,122.51573999999974,0.00018197309286379965,2516,323.44,5.2900000000000205
55,59,119,47.79323999999997,7.111680666833502e-05,3010,323.34,5.189999999999998
56,59,60,48.91589999999996,5.889844178529673e-05,3058,323.27,5.1200000000000045
57,59,50,26.054460000000013,3.242701371808771e-05,3192,323.2,5.050000000000011
58,59,0,0.0,0.0,3889,323.13,4.980000000000018
59,59,0,0.0,0.0,3890,323.06,4.910000000000025
60,59,0,0.0,0.0,3891,323.0,4.850000000000023
61,59,0,0.0,0.0,3892,322.95,4.800000000000011
62,59,0,0.0,0.0,3893,322.92,4.770000000000039
63,59,0,0.0,0.0,3887,322.9,4.75
0,60,0,0.0,0.0,3924,322.16,4.010000000000048
1,60,0,0.0,0.0,3911,322.17,4.020000000000039
2,60,0,0.0,0.0,3912,322.18,4.03000000000003
3,60,0,0.0,0.0,3913,322.21,4.060000000000002
4,60,0,0.0,0.0,3914,322.25,4.100000000000023
5,60,0,0.0,0.0,3915,322.3,4.150000000000034
6,60,0,0.0,0.0,3916,322.35,4.2000000000000455
7,60,0,0.0,0.0,3917,322.42,4.270000000000039
8,60,0,0.0,0.0,3919,322.5,4.350000000000023
9,60,0,0.0,0.0,3920,322.59,4.439999999999998
10,60,0,0.0,0.0,3921,322.7,4.550000000000011
11,60,0,0.0,0.0,3922,322.81,4.660000000000025
12,60,0,0.0,0.0,3923,322.94,4.7900000000000205
13,60,1,6.9984,1.59662340746e-06,3502,323.09,4.939999999999998
14,60,48,28.693439999999985,2.0527042670935028e-05,3279,323.25,5.100000000000023
15,60,162,200.85408000000015,9.118217344493472e-05,2926,323.44,5.2900000000000205
16,60,85,60.78401999999994,3.988113607592571e-05,3145,323.59,5.439999999999998
17,60,0,0.0,0.0,3886,323.75,5.600000000000023
18,60,454,155.1311999999999,0.0001693366607764777,2600,323.98,5.830000000000041
19,60,650,257.73066,0.00026360480756895796,1491,324.18,6.03000000000003
20,60,544,208.45026000000001,0.00025147027308373,1705,324.31,6.160000000000025
21,60,510,265.13729999999987,0.0002493440351320119,1741,324.41,6.260000000000048
22,60,354,196.88831999999982,0.0001439899671623437,2724,324.45,6.300000000000011
23,60,560,225.47970000000012,0.00028626573817533565,1148,324.57,6.420000000000016
24,60,596,223.52597999999992,0.00026466822142760495,1472,324.61,6.460000000000036
25,60,536,199.87722000000002,0.0002321768743988678,2008,324.62,6.470000000000027
26,60,537,175.68899999999977,0.00022955638988436127,2046,324.63,6.480000000000018
27,60,4,2.95974,5.7031238024999996e-06,3445,324.55,6.400000000000034
28,60,0,0.0,0.0,3884,324.57,6.420000000000016
29,60,0,0.0,0.0,3885,324.59,6.439999999999998
30,60,8,3.4554600000000004,6.658326803904e-06,3428,324.64,6.490000000000009
31,60,73,75.64104000000002,5.672560330993842e-05,3062,324.71,6.560000000000002
32,60,212,143.36514000000028,0.00014545466762553002,2715,324.8,6.650000000000034
33,60,316,301.58730000000054,0.0002467687114893122,1787,324.88,6.730000000000018
34,60,307,268.6948200000008,0.00023088258808262818,2026,324.9,6.75
35,60,303,203.5368,0.00018539807793665334,2491,324.89,6.740000000000009
36,60,581,200.60621999999958,0.0002351667307533446,1967,324.89,6.740000000000009
37,60,630,234.69425999999999,0.0002140642375206704,2238,324.84,6.689999999999998
38,60,514,147.22883999999996,0.00022425231423764711,2116,324.79,6.640000000000043
39,60,340,105.01973999999993,0.00015718590261173406,2667,324.7,6.550000000000011
40,60,224,115.69230000000002,0.00011513759205209591,2833,324.6,6.4500000000000455
41,60,338,219.38525999999953,0.00015127725408023473,2688,324.52,6.3700000000000045
42,60,498,188.1840599999995,0.0001961715797542439,2402,324.43,6.28000000000003
43,60,423,93.04956,0.00015393488527495086,2680,324.29,6.140000000000043
44,60,168,51.00083999999998,9.58958132337709e-05,2912,324.14,5.990000000000009
45,60,553,175.57235999999972,0.00024003137212928995,1903,324.05,5.900000000000034
46,60,9,1.93914,1.358810300667e-06,3524,323.84,5.689999999999998
47,60,0,0.0,0.0,3926,323.72,5.57000000000005
48,60,0,0.0,0.0,3935,323.63,5.480000000000018
49,60,44,53.56692,5.545211576108798e-05,3069,323.58,5.430000000000007
50,60,444,136.94993999999986,0.00019246391203875022,2434,323.57,5.420000000000016
51,60,261,168.48647999999983,0.00019398624693839727,2427,323.51,5.360000000000014
52,60,302,95.73227999999993,0.0001320046094274679,2772,323.43,5.28000000000003
53,60,195,80.08793999999992,0.00012289933609398965,2813,323.37,5.220000000000027
54,60,18,12.888720000000001,9.509077173103001e-06,3383,323.27,5.1200000000000045
55,60,0,0.0,0.0,3925,323.19,5.0400000000000205
56,60,0,0.0,0.0,3943,323.13,4.980000000000018
57,60,0,0.0,0.0,3928,323.07,4.920000000000016
58,60,0,0.0,0.0,3929,323.01,4.860000000000014
59,60,0,0.0,0.0,3930,322.96,4.810000000000002
60,60,0,0.0,0.0,3931,322.91,4.760000000000048
61,60,0,0.0,0.0,3932,322.87,4.720000000000027
62,60,0,0.0,0.0,3933,322.84,4.689999999999998
63,60,0,0.0,0.0,3934,322.82,4.670000000000016
0,61,0,0.0,0.0,3971,322.1,3.9500000000000455
1,61,0,0.0,0.0,3972,322.11,3.9600000000000364
2,61,0,0.0,0.0,3973,322.13,3.980000000000018
3,61,0,0.0,0.0,3974,322.16,4.010000000000048
4,61,0,0.0,0.0,3975,322.2,4.050000000000011
5,61,0,0.0,0.0,3976,322.24,4.090000000000032
6,61,0,0.0,0.0,4008,322.3,4.150000000000034
7,61,0,0.0,0.0,4009,322.37,4.220000000000027
8,61,0,0.0,0.0,3978,322.45,4.300000000000011
9,61,0,0.0,0.0,3979,322.54,4.390000000000043
10,61,0,0.0,0.0,3980,322.64,4.490000000000009
11,61,0,0.0,0.0,3981,322.75,4.600000000000023
12,61,1,6.9984,1.59662340746e-06,3507,322.88,4.730000000000018
13,61,1,6.9984,1.59662340746e-06,3506,323.02,4.8700000000000045
14,61,14,83.04768,1.8946597768511998e-05,3294,323.18,5.03000000000003
15,61,47,264.53952000000004,6.035236480194303e-05,3050,323.35,5.2000000000000455
16,61,13,68.58431999999999,1.5646909393092e-05,3318,323.49,5.340000000000032
17,61,0,0.0,0.0,3977,323.66,5.510000000000048
18,61,447,142.47575999999964,0.0002111307379612596,2268,323.9,5.75
19,61,531,199.1044799999999,0.0002802236958013072,1235,324.08,5.930000000000007
20,61,595,234.98585999999986,0.00028635398076916715,1146,324.21,6.060000000000002
21,61,585,226.1795399999995,0.00023292672105453625,1997,324.29,6.140000000000043
22,61,59,10.162260000000003,1.9581661528791992e-05,3287,324.29,6.140000000000043
23,61,375,97.56935999999989,0.00017928812272156598,2536,324.41,6.260000000000048
24,61,705,221.9076000000001,0.00026709777577351205,1429,324.5,6.350000000000023
25,61,492,174.28931999999966,0.00024350337972595283,1841,324.52,6.3700000000000045
26,61,286,82.42073999999997,0.0001330579226420409,2767,324.49,6.340000000000032
27,61,0,0.0,0.0,3985,324.45,6.300000000000011
28,61,0,0.0,0.0,3986,324.47,6.32000000000005
29,61,37,23.44464,2.2206996239255107e-05,3264,324.51,6.360000000000014
30,61,45,39.497220000000006,2.9527814127133703e-05,3211,324.56,6.410000000000025
31,61,177,180.4275000000002,0.00010977350518471819,2856,324.64,6.490000000000009
32,61,233,184.80150000000035,0.00017233707051338788,2584,324.72,6.57000000000005
33,61,323,198.8420400000005,0.00021037446529780974,2274,324.78,6.6299999999999955
34,61,330,242.6841000000009,0.00021894460347442223,2184,324.81,6.660000000000025
35,61,332,264.3062400000005,0.00019345677353224002,2429,324.81,6.660000000000025
36,61,492,173.85191999999947,0.00024076226499452732,1891,324.81,6.660000000000025
37,61,532,226.0483199999999,0.00027111366511052044,1357,324.78,6.6299999999999955
38,61,696,218.78747999999996,0.00026861505948196676,1402,324.73,6.580000000000041
39,61,448,137.13947999999976,0.0002028296911657821,2333,324.64,6.490000000000009
40,61,496,150.99047999999965,0.00020891228803770847,2283,324.56,6.410000000000025
41,61,525,195.67817999999943,0.00018723109724169999,2477,324.47,6.32000000000005
42,61,557,210.88512,0.000286279780577329,1147,324.41,6.260000000000048
43,61,519,195.31368,0.0002051542082764089,2309,324.27,6.1200000000000045
44,61,629,192.60179999999968,0.0002474830677182831,1776,324.15,6.0
45,61,407,139.93883999999986,0.00020069433492707478,2354,324.0,5.850000000000023
46,61,0,0.0,0.0,3996,323.79,5.640000000000043
47,61,0,0.0,0.0,3997,323.67,5.520000000000039
48,61,0,0.0,0.0,4002,323.57,5.420000000000016
49,61,0,0.0,0.0,4003,323.49,5.340000000000032
50,61,0,0.0,0.0,4004,323.42,5.270000000000039
51,61,0,0.0,0.0,4005,323.36,5.210000000000036
52,61,0,0.0,0.0,4006,323.3,5.150000000000034
53,61,0,0.0,0.0,4007,323.23,5.080000000000041
54,61,0,0.0,0.0,3994,323.17,5.020000000000039
55,61,0,0.0,0.0,3995,323.1,4.9500000000000455
56,61,0,0.0,0.0,4010,323.04,4.890000000000043
57,61,0,0.0,0.0,4011,322.98,4.830000000000041
58,61,0,0.0,0.0,4012,322.93,4.78000000000003
59,61,0,0.0,0.0,4013,322.88,4.730000000000018
60,61,0,0.0,0.0,4014,322.84,4.689999999999998
61,61,0,0.0,0.0,4015,322.8,4.650000000000034
62,61,0,0.0,0.0,4000,322.78,4.6299999999999955
63,61,0,0.0,0.0,4001,322.76,4.610000000000014
0,62,0,0.0,0.0,4032,322.07,3.920000000000016
1,62,0,0.0,0.0,4033,322.08,3.930000000000007
2,62,0,0.0,0.0,4034,322.09,3.9399999999999977
3,62,0,0.0,0.0,4035,322.12,3.9700000000000273
4,62,0,0.0,0.0,4036,322.16,4.010000000000048
5,62,0,0.0,0.0,4037,322.21,4.060000000000002
6,62,0,0.0,0.0,4024,322.26,4.110000000000014
7,62,0,0.0,0.0,4025,322.33,4.180000000000007
8,62,0,0.0,0.0,4039,322.41,4.260000000000048
9,62,0,0.0,0.0,4040,322.5,4.350000000000023
10,62,0,0.0,0.0,4041,322.6,4.4500000000000455
11,62,0,0.0,0.0,4042,322.71,4.560000000000002
12,62,1,1.86624,4.25766241988e-07,3537,322.84,4.689999999999998
13,62,2,6.06528,1.383740286461e-06,3523,322.97,4.82000000000005
14,62,8,29.39328,6.705818311310999e-06,3427,323.12,4.970000000000027
15,62,33,104.97600000000001,2.3949351111825006e-05,3252,323.28,5.1299999999999955
16,62,2,8.39808,1.915948088946e-06,3496,323.43,5.28000000000003
17,62,0,0.0,0.0,3993,323.59,5.439999999999998
18,62,147,31.040819999999997,4.118709822860193e-05,3136,323.76,5.610000000000014
19,62,414,136.5125399999997,0.00015803012371286507,2661,323.95,5.800000000000011
20,62,412,128.5664399999999,0.00014271878148451093,2731,324.07,5.920000000000016
21,62,150,79.05275999999999,5.484030194369793e-05,3074,324.13,5.980000000000018
22,62,0,0.0,0.0,4038,324.19,6.0400000000000205
23,62,24,7.785720000000001,1.5002305963238e-05,3322,324.26,6.110000000000014
24,62,139,46.83095999999999,6.804654461309997e-05,3018,324.33,6.180000000000007
25,62,2,2.3328,4.49507294779e-06,3460,324.34,6.189999999999998
26,62,0,0.0,0.0,3998,324.36,6.210000000000036
27,62,0,0.0,0.0,3999,324.38,6.230000000000018
28,62,0,0.0,0.0,3992,324.4,6.25
29,62,15,21.009780000000003,8.071400563390699e-06,3399,324.44,6.2900000000000205
30,62,31,12.59712,2.0310528772734004e-05,3281,324.49,6.340000000000032
31,62,17,23.2551,8.462757803289e-06,3395,324.54,6.390000000000043
32,62,146,134.12142,0.00010163364095136468,2891,324.63,6.480000000000018
33,62,303,231.7782600000009,0.00023442779516945851,1976,324.72,6.57000000000005
34,62,314,246.46032000000105,0.0002221079805823942,2147,324.75,6.600000000000023
35,62,285,242.1446400000009,0.00021555056620043737,2219,324.75,6.600000000000023
36,62,272,215.0112600000006,0.000182138844592968,2515,324.72,6.57000000000005
37,62,319,109.65617999999981,0.00017721588250226486,2552,324.68,6.53000000000003
38,62,219,67.91363999999997,0.00010867076637873488,2860,324.61,6.460000000000036
39,62,161,50.43221999999999,8.964841451389096e-05,2936,324.53,6.3799999999999955
40,62,157,55.14155999999995,8.088994987335696e-05,2971,324.46,6.310000000000002
41,62,511,159.21359999999942,0.0001843361956967144,2499,324.42,6.270000000000039
42,62,580,199.45440000000008,0.0002836719623452182,1186,324.36,6.210000000000036
43,62,560,203.05565999999973,0.00025653059095866166,1617,324.25,6.100000000000023
44,62,636,206.4236400000003,0.0002915529815731165,1086,324.13,5.980000000000018
45,62,150,54.09179999999998,8.045231310495002e-05,2974,323.92,5.770000000000039
46,62,0,0.0,0.0,4067,323.75,5.600000000000023
47,62,0,0.0,0.0,4068,323.63,5.480000000000018
48,62,0,0.0,0.0,4018,323.52,5.3700000000000045
49,62,0,0.0,0.0,4019,323.44,5.2900000000000205
50,62,0,0.0,0.0,4020,323.36,5.210000000000036
51,62,0,0.0,0.0,4021,323.29,5.140000000000043
52,62,0,0.0,0.0,4022,323.23,5.080000000000041
53,62,0,0.0,0.0,4023,323.16,5.010000000000048
54,62,0,0.0,0.0,4065,323.1,4.9500000000000455
55,62,0,0.0,0.0,4066,323.04,4.890000000000043
56,62,0,0.0,0.0,4026,322.98,4.830000000000041
57,62,0,0.0,0.0,4027,322.92,4.770000000000039
58,62,0,0.0,0.0,4028,322.87,4.720000000000027
59,62,0,0.0,0.0,4029,322.83,4.680000000000007
60,62,0,0.0,0.0,4030,322.79,4.640000000000043
61,62,0,0.0,0.0,4031,322.76,4.610000000000014
62,62,0,0.0,0.0,4016,322.73,4.580000000000041
63,62,0,0.0,0.0,4017,322.72,4.57000000000005
0,63,0,0.0,0.0,4047,322.05,3.900000000000034
1,63,0,0.0,0.0,4048,322.06,3.910000000000025
2,63,0,0.0,0.0,4049,322.08,3.930000000000007
3,63,0,0.0,0.0,4050,322.1,3.9500000000000455
4,63,0,0.0,0.0,3567,322.14,3.990000000000009
5,63,0,0.0,0.0,3568,322.19,4.0400000000000205
6,63,0,0.0,0.0,3569,322.25,4.100000000000023
7,63,0,0.0,0.0,3570,322.31,4.160000000000025
8,63,0,0.0,0.0,4055,322.39,4.240000000000009
9,63,0,0.0,0.0,4056,322.48,4.330000000000041
10,63,0,0.0,0.0,4057,322.58,4.430000000000007
11,63,0,0.0,0.0,4058,322.69,4.5400000000000205
12,63,0,0.0,0.0,4043,322.82,4.670000000000016
13,63,0,0.0,0.0,4044,322.95,4.800000000000011
14,63,0,0.0,0.0,4045,323.09,4.939999999999998
15,63,0,0.0,0.0,4046,323.24,5.090000000000032
16,63,0,0.0,0.0,4061,323.39,5.240000000000009
17,63,0,0.0,0.0,4062,323.55,5.400000000000034
18,63,0,0.0,0.0,4063,323.7,5.550000000000011
19,63,0,0.0,0.0,4064,323.84,5.689999999999998
20,63,0,0.0,0.0,4051,323.96,5.810000000000002
21,63,0,0.0,0.0,4052,324.06,5.910000000000025
22,63,0,0.0,0.0,4053,324.14,5.990000000000009
23,63,0,0.0,0.0,4054,324.2,6.050000000000011
24,63,0,0.0,0.0,4069,324.25,6.100000000000023
25,63,0,0.0,0.0,4070,324.29,6.140000000000043
26,63,0,0.0,0.0,4071,324.32,6.170000000000016
27,63,0,0.0,0.0,4072,324.34,6.189999999999998
28,63,0,0.0,0.0,4059,324.37,6.220000000000027
29,63,0,0.0,0.0,4060,324.4,6.25
30,63,1,4.19904,9.57974044473e-07,3526,324.45,6.300000000000011
31,63,3,6.9984,1.5966234074550002e-06,3517,324.5,6.350000000000023
32,63,66,46.364399999999954,3.0883173397453726e-05,3204,324.57,6.420000000000016
33,63,126,108.05238000000016,6.681377381431239e-05,3023,324.63,6.480000000000018
34,63,141,117.85014000000022,6.852452580412638e-05,3015,324.66,6.510000000000048
35,63,144,99.05652000000016,8.15060515161524e-05,2969,324.67,6.520000000000039
36,63,160,108.95634000000018,8.594713097368411e-05,2954,324.65,6.5
37,63,24,24.202799999999996,1.0941636235078998e-05,3366,324.58,6.430000000000007
38,63,0,0.0,0.0,3575,324.52,6.3700000000000045
39,63,0,0.0,0.0,3576,324.46,6.310000000000002
40,63,0,0.0,0.0,3579,324.39,6.240000000000009
41,63,37,7.319159999999998,7.762707141202002e-06,3408,324.32,6.170000000000016
42,63,235,67.11174000000001,9.602956264614698e-05,2911,324.27,6.1200000000000045
43,63,240,75.75768,0.00013052231991267897,2780,324.17,6.020000000000039
44,63,57,21.447179999999992,3.419341965215298e-05,3175,324.01,5.860000000000014
45,63,0,0.0,0.0,3580,323.86,5.710000000000036
46,63,0,0.0,0.0,3581,323.73,5.580000000000041
47,63,0,0.0,0.0,3582,323.61,5.460000000000036
48,63,0,0.0,0.0,3583,323.5,5.350000000000023
49,63,0,0.0,0.0,3584,323.41,5.260000000000048
50,63,0,0.0,0.0,3585,323.33,5.180000000000007
51,63,0,0.0,0.0,3586,323.26,5.110000000000014
52,63,0,0.0,0.0,3587,323.2,5.050000000000011
53,63,0,0.0,0.0,3588,323.13,4.980000000000018
54,63,0,0.0,0.0,3589,323.07,4.920000000000016
55,63,0,0.0,0.0,3590,323.01,4.860000000000014
56,63,0,0.0,0.0,4096,322.95,4.800000000000011
57,63,0,0.0,0.0,3592,322.9,4.75
58,63,0,0.0,0.0,3593,322.85,4.7000000000000455
59,63,0,0.0,0.0,3594,322.8,4.650000000000034
60,63,0,0.0,0.0,3595,322.76,4.610000000000014
61,63,0,0.0,0.0,3596,322.73,4.580000000000041
62,63,0,0.0,0.0,3597,322.71,4.560000000000002
63,63,0,0.0,0.0,3598,322.7,4.550000000000011
